"","region","district","year","pop"
"1","Greater Accra","Ledzokuku",2015,185180.9168634
"2","Northern East","Chereponi",2015,80403.3360536918
"3","Upper West","Wa Municipal",2015,183488.743678924
"4","Upper West","Jirapa",2015,82879.2896602824
"5","Upper West","Sissala West",2015,58570.5976691917
"6","Upper West","Lambussie",2015,44796.5271836184
"7","Upper East","Bolgatanga Municipal",2015,127760.258667272
"8","Upper East","Bongo",2015,111475.647795968
"9","Upper East","Kasena-Nankana West",2015,74698.3030446172
"10","Upper West","Wa West",2015,82855.6510142908
"11","Savannah","Sawla-Tuna-Kalba",2015,106856.304183047
"12","Upper West","Sissala East",2015,74238.0724588782
"13","Upper East","Kasena-Nankana",2015,98248.5053248666
"14","Northern East","Yunyoo-Nasuan",2015,53376.3634192497
"15","Upper East","Garu",2015,54861.2785673477
"16","Northern East","East Mamprusi",2015,172019.885404281
"17","Upper East","Bawku West",2015,131839.208025306
"18","Bono","Dormaa East",2015,60699.4098509885
"19","Bono","Berekum",2015,100083.457408153
"20","Bono","Jaman South",2015,100468.808329884
"21","Bono","Sunyani West",2015,126629.406549949
"22","Ahafo","Asunafo North",2015,138387.37261546
"23","Bono East","Nkoranza North",2015,51587.2756606601
"24","Bono East","Kintampo South",2015,90019.7773018368
"25","Ahafo","Tano North",2015,86346.7025468126
"26","Volta","Ketu North",2015,99534.9709294736
"27","Volta","Ketu South",2015,232826.96380543
"28","Volta","Anloga",2015,86210.0969706178
"29","Volta","South Tongu",2015,100530.711663626
"30","Oti","Jasikan",2015,54163.4872917011
"31","Oti","Krachi East",2015,109923.13792491
"32","Oti","Nkwanta South",2015,128447.681086022
"33","Ashanti","Afigya Kwabre North",2015,60217.8881537281
"34","Ashanti","Atwima Kwanwoma",2015,189030.295748442
"35","Ashanti","Sekyere South",2015,111391.346714329
"36","Ashanti","Sekyere East",2015,71654.9516874179
"37","Ashanti","Sekyere Central",2015,63818.0902268738
"38","Ashanti","Offinso North",2015,71415.6999980286
"39","Ashanti","Offinso",2015,127000.858010072
"40","Greater Accra","Adentan",2015,191624.016940851
"41","Bono","Dormaa Municipal",2015,103758.62586654
"42","Ashanti","Ahafo Ano South West",2015,66418.5798658207
"43","Ashanti","Bekwai",2015,128236.647541065
"44","Ashanti","Bosomtwe",2015,146849.904869907
"45","Central","Ajumako-Enyan-Essiam",2015,110941.28489304
"46","Central","Gomoa West",2015,118722.04496875
"47","Ashanti","Obuasi",2015,86615.4829297215
"48","Ashanti","Kwabre East",2015,265457.206718437
"49","Ashanti","Ejura-Sekyedumase",2015,126800.877958547
"50","Ashanti","Atwima Nwabiagya",2015,200592.948761657
"51","Ashanti","Atwima Mponua",2015,141590.9674921
"52","Ashanti","Adansi South",2015,78195.5494406894
"53","Ashanti","Adansi Asokwa",2015,66751.7792751305
"54","Ashanti","Bosome Freho",2015,56846.3786118478
"55","Ashanti","Asante Mampong",2015,106872.965755232
"56","Central","Agona West",2015,119061.394509498
"57","Central","Agona East",2015,99855.7459401675
"58","Central","Assin North",2015,84770.7561723329
"59","Central","Assin South",2015,96089.8868359886
"60","Central","Asikuma-Odoben-Brakwa",2015,119035.09666292
"61","Central","Efutu",2015,90850.5010344312
"62","Central","Gomoa East",2015,330762.610457212
"63","Central","Abura-Asebu-Kwamankese",2015,107141.206427865
"64","Western","Jomoro",2015,116447.620245963
"65","Western","Ellembelle",2015,111013.019387815
"66","Western","Prestea-Huni Valley",2015,212724.074909847
"67","Western","Ahanta West",2015,140644.816350318
"68","Western","Nzema East",2015,89745.0732770488
"69","Western","Tarkwa-Nsuaem",2015,198535.196882684
"70","Western North","Sefwi-Akontombra",2015,62140.5275665559
"71","Eastern","Akyemansa",2015,84027.3124647625
"72","Eastern","Kwahu South",2015,86950.0764004365
"73","Eastern","Asene Manso Akroso",2015,69894.9396672286
"74","Eastern","Upper Manya-Krobo",2015,65974.9258812778
"75","Eastern","Achiase",2015,43648.72822145
"76","Eastern","Okere",2015,47306.2445390932
"77","Eastern","Yilo-Krobo",2015,115721.80113934
"78","Eastern","Atiwa West",2015,55168.637209937
"79","Eastern","New Juaben North",2015,78103.7693456598
"80","Eastern","Fanteakwa North",2015,56250.7479706705
"81","Eastern","Birim North",2015,75730.003567066
"82","Eastern","Asuogyaman",2015,94386.3666846566
"83","Eastern","Kwahu East",2015,64993.8726594634
"84","Eastern","Kwahu West",2015,131080.441569991
"85","Western North","Bibiani-Anhwiaso-Bekwai",2015,153474.982749384
"86","Central","Upper Denkyira East",2015,94627.45227414
"87","Ashanti","Amansie Central",2015,84019.7524079978
"88","Ashanti","Amansie South",2015,104696.491731446
"89","Central","Upper Denkyira West",2015,90139.9934406728
"90","Central","Komenda-Edna-Eguafo-Abirem",2015,152657.377932407
"91","Western North","Sefwi-Wiawso",2015,139011.771301616
"92","Ahafo","Asunafo South",2015,85759.1144037917
"93","Bono East","Nkoranza South",2015,105612.876605377
"94","Savannah","Bole",2015,106347.338856619
"95","Eastern","Lower-Manya Krobo",2015,105813.120877083
"96","Bono East","Kintampo North",2015,121832.151797056
"97","Bono East","Atebubu-Amanten",2015,133598.578818813
"98","Northern","Kpandai",2015,81180.1031659991
"99","Oti","Nkwanta North",2015,113596.392941855
"100","Oti","Biakoye",2015,65264.5507770181
"101","Savannah","Central Gonja",2015,127721.917570606
"102","Bono East","Pru West",2015,43520.8469343632
"103","Northern","Savelugu",2015,110847.598429184
"104","Northern","Karaga",2015,116246.497288454
"105","Savannah","East Gonja",2015,147891.338212155
"106","Volta","South Dayi",2015,52106.1526155286
"107","Upper West","Wa East",2015,86581.8400634341
"108","Northern","Saboba",2015,88592.0939244479
"109","Northern","Gushiegu",2015,136151.881976176
"110","Northern","Nanumba North",2015,147525.764066722
"111","Northern","Nanumba South",2015,125271.229112029
"112","Bono","Wenchi",2015,113704.960312258
"113","Ahafo","Tano South",2015,80525.46488747
"114","Bono","Sunyani Municipal",2015,177712.945932757
"115","Ashanti","Asante Akim South",2015,111317.715092693
"116","Greater Accra","Ada East",2015,72468.8292361684
"117","Greater Accra","Shai-Osudoku",2015,97975.3069150709
"118","Greater Accra","Ada West",2015,67246.6059812196
"119","Greater Accra","Ningo Prampram",2015,197338.225009456
"120","Bono East","Techiman North",2015,85085.7991507165
"121","Bono","Banda",2015,26546.4098557532
"122","Bono","Jaman North",2015,109120.333932668
"123","Bono","Tain",2015,104985.916048959
"124","Ashanti","Sekyere Kumawu",2015,58505.7570445687
"125","Ashanti","Sekyere Afram Plains",2015,32379.8701243512
"126","Ashanti","Asante Akim North",2015,78601.2869186029
"127","Ashanti","Asante Akim Central",2015,84612.3819611967
"128","Ashanti","Juaben",2015,55546.0970522575
"129","Greater Accra","La-Dade-Kotopon",2015,130360.451846533
"130","Western North","Aowin",2015,120680.28297773
"131","Western North","Suaman",2015,36029.3238507882
"132","Western North","Bia East",2015,48468.2652271613
"133","Western North","Bia West",2015,100321.704139858
"134","Western North","Bodi",2015,60345.1014715359
"135","Western North","Juaboso",2015,90568.1548284702
"136","Western","Shama",2015,108836.351227634
"137","Western","Wassa East",2015,94293.8623102121
"138","Western","Mpohor",2015,46190.0982748345
"139","Western","Wassa Amenfi West",2015,121567.883686364
"140","Western","Wassa Amenfi Central",2015,124447.428526547
"141","Central","Mfantsiman",2015,144545.717073709
"142","Central","Ekumfi",2015,67648.5497587137
"143","Central","Twifo-Hemang Lower Denkyira",2015,61527.5057470202
"144","Central","Twifo-Ati-Mokwa",2015,92776.3937513307
"145","Central","Awutu Senya",2015,151900.49825016
"146","Greater Accra","La-Nkwantanang-Madina",2015,248730.730612729
"147","Greater Accra","Ga East",2015,292008.600937359
"148","Western","Wassa Amenfi East",2015,148726.022892609
"149","Central","Gomoa Central",2015,61458.5610162504
"150","Central","Assin Foso",2015,73994.5571501032
"151","Greater Accra","Ayawaso West",2015,88287.3219681531
"152","Greater Accra","Ga West",2015,306613.962009974
"153","Oti","Krachi West",2015,54229.3248503506
"154","Oti","Krachi Nchumuru",2015,73620.7294784486
"155","Volta","Agortime-Ziope",2015,36269.712527737
"156","Volta","Adaklu",2015,37957.5475431457
"157","Volta","Akatsi South",2015,85914.9341771007
"158","Volta","Akatsi North",2015,28961.2391384915
"159","Volta","Ho",2015,161547.148901101
"160","Volta","Hohoe",2015,105069.271950707
"161","Volta","Ho West",2015,77778.6690847911
"162","Volta","Afadjato South",2015,68539.2180166356
"163","Volta","North Dayi",2015,34606.1563971937
"164","Volta","Kpando",2015,54515.5151370242
"165","Volta","North Tongu",2015,102819.701251552
"166","Volta","Central Tongu",2015,73455.7573676929
"167","Eastern","Nsawam-Adoagyiri",2015,140351.984603021
"168","Greater Accra","Ga Central",2015,259306.70500949
"169","Eastern","Akwapim South",2015,53865.9063160941
"170","Eastern","Denkyembour",2015,71209.6059144959
"171","Eastern","Kwaebibirem",2015,111681.562634405
"172","Eastern","Afram Plains South",2015,66692.6571183205
"173","Eastern","Kwahu North",2015,61712.9181023724
"174","Eastern","Suhum",2015,118149.917790789
"175","Eastern","Ayensuano",2015,85362.0595261231
"176","Eastern","East Akim - Abuakwa South",2015,68643.3186533526
"177","Eastern","Upper West Akim",2015,81166.3817865029
"178","Eastern","West Akim",2015,115147.200598352
"179","Bono","Dormaa West",2015,43306.2390600294
"180","Upper West","Nadowli-Kaleo",2015,70557.9699376263
"181","Upper West","Daffiama-Bussie-Issa",2015,36028.499617815
"182","Upper West","Lawra",2015,53730.8896269202
"183","Upper West","Nandom",2015,49250.9427683502
"184","Upper East","Talensi",2015,80268.1441836394
"185","Upper East","Nabdam",2015,41355.7068962939
"186","Upper East","Builsa South",2015,34229.2576485127
"187","Upper East","Builsa North",2015,51682.4125359617
"188","Upper East","Binduri",2015,64716.2750294656
"189","Upper East","Pusiga",2015,73413.8530607969
"190","Upper East","Bawku Municipal",2015,114768.968989342
"191","Savannah","West Gonja",2015,60450.965499498
"192","Northern","Mion",2015,90575.313692376
"193","Northern","Yendi",2015,140148.083435588
"194","Northern","Tolon",2015,114810.065650117
"195","Northern","Kumbungu",2015,96785.2538067438
"196","Northern East","West Mamprusi",2015,162547.069981445
"197","Northern East","Mamprugu-Moagduri",2015,63106.4591459371
"198","Northern","Zabzugu",2015,76749.4266301654
"199","Northern","Tatale-Sangule",2015,68801.2484936379
"200","Bono East","Sene East",2015,66058.5888515487
"201","Bono East","Sene West",2015,65961.6509690098
"202","Ahafo","Asutifi North",2015,68619.804090675
"203","Ashanti","Ahafo Ano North",2015,83490.2694925442
"204","Ahafo","Asutifi South",2015,66144.1599376053
"205","Bono East","Techiman Municipal",2015,237090.031456918
"206","Savannah","North Gonja",2015,56326.9148797579
"207","Greater Accra","Tema West",2015,200215.202044245
"208","Greater Accra","Ashaiman",2015,196151.15329304
"209","Greater Accra","Kpone-Katamanso",2015,394008.065512527
"210","Upper East","Tempane",2015,89763.9422868304
"211","Upper East","Bolgatanga East",2015,39690.2555080056
"212","Northern East","Bunkpurugu -Nakpanduri",2015,76025.5842772722
"213","Savannah","North-East Gonja",2015,35949.7897405773
"214","Northern","Nanton",2015,43458.385620553
"215","Bono","Berekum West",2015,41257.6440669745
"216","Bono East","Pru",2015,106943.619871926
"217","Eastern","Fanteakwa South",2015,46445.3498145528
"218","Eastern","New Juaben South",2015,127721.501197435
"219","Eastern","Akwapim North",2015,91116.5143116042
"220","Volta","Keta",2015,73705.1327952594
"221","Ashanti","Adansi Akrofuom",2015,44562.5101041384
"222","Ashanti","Adansi North",2015,49341.7225813456
"223","Ashanti","Obuasi East",2015,98374.7923574522
"224","Ashanti","Amansie West",2015,99858.555853948
"225","Ashanti","Atwima Nwabiagya North",2015,122363.311969396
"226","Ashanti","Oforikrom",2015,198865.841550447
"227","Ashanti","Old Tafo",2015,106381.261248112
"228","Ashanti","Asokwa",2015,122009.305631906
"229","Greater Accra","Ayawaso East",2015,47810.7550134659
"230","Greater Accra","Ayawaso North",2015,58978.471446991
"231","Greater Accra","Ayawaso Central",2015,85956.6389551163
"232","Ashanti","Kwadaso",2015,139307.193026889
"233","Ashanti","Suame",2015,136160.154953003
"234","Ashanti","Asokore Mampong",2015,171161.471469902
"235","Ashanti","Afigya Kwabre South",2015,204404.146679591
"236","Ashanti","Ejisu",2015,168674.820616141
"237","Ashanti","Ahafo Ano South East",2015,53257.0264112763
"238","Greater Accra","Korle-Klottey",2015,63814.5147265196
"239","Greater Accra","Ablekuma West",2015,130976.507539272
"240","Greater Accra","Ablekuma Central",2015,159612.810889065
"241","Greater Accra","Krowor",2015,126987.966706455
"242","Greater Accra","Ga North",2015,253505.533141531
"243","Greater Accra","Weija-Gbawe",2015,187383.373414166
"244","Greater Accra","Ablekuma North",2015,139043.690639496
"245","Eastern","Birim south",2015,43903.4540666528
"246","Eastern","Birim Central",2015,66121.3621406183
"247","Eastern","Abuakwa North",2015,81850.5006156489
"248","Eastern","Atiwa East",2015,61929.2880064324
"249","Central","Awutu Senya East",2015,207258.388340056
"250","Oti","Kadjebi",2015,66020.3334527649
"251","Ashanti","Kumasi",2015,424442.891787767
"252","Greater Accra","Tema",2015,135386.921129875
"253","Greater Accra","Ga South",2015,299645.72685875
"254","Western","Sekondi-Takoradi",2015,221554.94871689
"255","Western","Effia-Kwesimintsim",2015,164586.54264893
"256","Northern","Sagnarigu",2015,263453.183414198
"257","Northern","Tamale",2015,398992.619876232
"258","Central","Cape Coast",2015,176104.417072043
"259","Greater Accra","Accra Metro",2015,263779.805941224
"260","Greater Accra","Okai Koi North",2015,146201.201062441
"261","Oti","Guan District",2015,25875.4751483649
"262","Greater Accra","Ledzokuku",2016,189472.127331406
"263","Northern East","Chereponi",2016,82258.6986579373
"264","Upper West","Wa Municipal",2016,187734.71003862
"265","Upper West","Jirapa",2016,84791.2256114036
"266","Upper West","Sissala West",2016,59921.3935012622
"267","Upper West","Lambussie",2016,45826.9531333232
"268","Upper East","Bolgatanga Municipal",2016,130712.312275184
"269","Upper East","Bongo",2016,114050.662517868
"270","Upper East","Kasena-Nankana West",2016,76429.1027990878
"271","Upper West","Wa West",2016,84759.2366094589
"272","Savannah","Sawla-Tuna-Kalba",2016,109307.775951912
"273","Upper West","Sissala East",2016,75953.4805214582
"274","Upper East","Kasena-Nankana",2016,100509.01884244
"275","Northern East","Yunyoo-Nasuan",2016,54578.2047875635
"276","Upper East","Garu",2016,56082.1569351144
"277","Northern East","East Mamprusi",2016,176013.696935898
"278","Upper East","Bawku West",2016,134880.93446767
"279","Bono","Dormaa East",2016,62113.5441483427
"280","Bono","Berekum",2016,102393.012860104
"281","Bono","Jaman South",2016,102775.755944258
"282","Bono","Sunyani West",2016,129538.247387951
"283","Ahafo","Asunafo North",2016,141573.059253291
"284","Bono East","Nkoranza North",2016,52777.1992549878
"285","Bono East","Kintampo South",2016,92115.8533234447
"286","Ahafo","Tano North",2016,88336.3172746105
"287","Volta","Ketu North",2016,101828.774782309
"288","Volta","Ketu South",2016,238206.169822752
"289","Volta","Anloga",2016,88196.5035834746
"290","Volta","South Tongu",2016,102853.968428986
"291","Oti","Jasikan",2016,55404.032550076
"292","Oti","Krachi East",2016,112459.588544935
"293","Oti","Nkwanta South",2016,131394.033289619
"294","Ashanti","Afigya Kwabre North",2016,61610.4323117882
"295","Ashanti","Atwima Kwanwoma",2016,193392.051501486
"296","Ashanti","Sekyere South",2016,113966.039387858
"297","Ashanti","Sekyere East",2016,73309.5957568185
"298","Ashanti","Sekyere Central",2016,65276.8793802001
"299","Ashanti","Offinso North",2016,73041.0864915205
"300","Ashanti","Offinso",2016,129926.501734618
"301","Greater Accra","Adentan",2016,196045.49974915
"302","Bono","Dormaa Municipal",2016,106150.044150243
"303","Ashanti","Ahafo Ano South West",2016,67982.5071644969
"304","Ashanti","Bekwai",2016,131192.589431798
"305","Ashanti","Bosomtwe",2016,150240.200966818
"306","Central","Ajumako-Enyan-Essiam",2016,113511.409326699
"307","Central","Gomoa West",2016,121462.914291266
"308","Ashanti","Obuasi",2016,88605.7505129036
"309","Ashanti","Kwabre East",2016,271608.722465078
"310","Ashanti","Ejura-Sekyedumase",2016,129726.028375695
"311","Ashanti","Atwima Nwabiagya",2016,205243.840379986
"312","Ashanti","Atwima Mponua",2016,144810.911608432
"313","Ashanti","Adansi South",2016,79998.7634092253
"314","Ashanti","Adansi Asokwa",2016,68287.5873698704
"315","Ashanti","Bosome Freho",2016,58163.7624000236
"316","Ashanti","Asante Mampong",2016,109330.968855686
"317","Central","Agona West",2016,121787.9400777
"318","Central","Agona East",2016,102171.874562493
"319","Central","Assin North",2016,86692.1139374943
"320","Central","Assin South",2016,98305.0972772036
"321","Central","Asikuma-Odoben-Brakwa",2016,121761.464155605
"322","Central","Efutu",2016,92944.6337030269
"323","Central","Gomoa East",2016,338384.278889189
"324","Central","Abura-Asebu-Kwamankese",2016,109628.573943241
"325","Western","Jomoro",2016,119138.979890208
"326","Western","Ellembelle",2016,113575.181298022
"327","Western","Prestea-Huni Valley",2016,217621.324602607
"328","Western","Ahanta West",2016,143889.366209712
"329","Western","Nzema East",2016,91794.1910695713
"330","Western","Tarkwa-Nsuaem",2016,203140.871956911
"331","Western North","Sefwi-Akontombra",2016,63582.7948226072
"332","Eastern","Akyemansa",2016,85965.4778011516
"333","Eastern","Kwahu South",2016,88917.5553261768
"334","Eastern","Asene Manso Akroso",2016,71511.4972856604
"335","Eastern","Upper Manya-Krobo",2016,67494.8606003728
"336","Eastern","Achiase",2016,44659.8838373367
"337","Eastern","Okere",2016,48387.0236588828
"338","Eastern","Yilo-Krobo",2016,118399.094279954
"339","Eastern","Atiwa West",2016,56452.9781561941
"340","Eastern","New Juaben North",2016,79904.2224903498
"341","Eastern","Fanteakwa North",2016,57503.7252931613
"342","Eastern","Birim North",2016,77484.6788215628
"343","Eastern","Asuogyaman",2016,96566.2817568374
"344","Eastern","Kwahu East",2016,66557.5123425499
"345","Eastern","Kwahu West",2016,134098.994235765
"346","Western North","Bibiani-Anhwiaso-Bekwai",2016,157033.24971329
"347","Central","Upper Denkyira East",2016,96848.5929456893
"348","Ashanti","Amansie Central",2016,85956.5839083456
"349","Ashanti","Amansie South",2016,107103.654290251
"350","Central","Upper Denkyira West",2016,92188.8343155049
"351","Central","Komenda-Edna-Eguafo-Abirem",2016,156185.878699763
"352","Western North","Sefwi-Wiawso",2016,142217.248432513
"353","Ahafo","Asunafo South",2016,87738.1757803578
"354","Bono East","Nkoranza South",2016,108049.005837438
"355","Savannah","Bole",2016,108797.902290368
"356","Eastern","Lower-Manya Krobo",2016,108252.76901654
"357","Bono East","Kintampo North",2016,124607.02382299
"358","Bono East","Atebubu-Amanten",2016,136679.276522333
"359","Northern","Kpandai",2016,83167.4666299075
"360","Oti","Nkwanta North",2016,116238.180069594
"361","Oti","Biakoye",2016,66771.3443362797
"362","Savannah","Central Gonja",2016,130720.805323162
"363","Bono East","Pru West",2016,44493.322049927
"364","Northern","Savelugu",2016,113466.864156948
"365","Northern","Karaga",2016,118856.979398109
"366","Savannah","East Gonja",2016,151128.88680192
"367","Volta","South Dayi",2016,53314.1233034953
"368","Upper West","Wa East",2016,88587.0899940487
"369","Northern","Saboba",2016,90635.208015373
"370","Northern","Gushiegu",2016,139295.848197592
"371","Northern","Nanumba North",2016,151091.840279855
"372","Northern","Nanumba South",2016,128003.791542685
"373","Bono","Wenchi",2016,116322.159790875
"374","Ahafo","Tano South",2016,82384.4460431896
"375","Bono","Sunyani Municipal",2016,181816.07495736
"376","Ashanti","Asante Akim South",2016,113863.394611386
"377","Greater Accra","Ada East",2016,74140.7209313326
"378","Greater Accra","Shai-Osudoku",2016,100237.969350015
"379","Greater Accra","Ada West",2016,68796.4769764096
"380","Greater Accra","Ningo Prampram",2016,201874.588952747
"381","Bono East","Techiman North",2016,87094.6129586026
"382","Bono","Banda",2016,27152.046290163
"383","Bono","Jaman North",2016,111637.196374878
"384","Bono","Tain",2016,107414.398893267
"385","Ashanti","Sekyere Kumawu",2016,59869.8938069791
"386","Ashanti","Sekyere Afram Plains",2016,33117.6340769194
"387","Ashanti","Asante Akim North",2016,80416.1321254624
"388","Ashanti","Asante Akim Central",2016,86561.5552368555
"389","Ashanti","Juaben",2016,56834.6986857075
"390","Greater Accra","La-Dade-Kotopon",2016,133363.342367217
"391","Western North","Aowin",2016,123462.637236954
"392","Western North","Suaman",2016,36855.982750522
"393","Western North","Bia East",2016,49587.5888497531
"394","Western North","Bia West",2016,102657.616340443
"395","Western North","Bodi",2016,61743.5230392087
"396","Western North","Juaboso",2016,92628.0906160353
"397","Western","Shama",2016,111353.484835651
"398","Western","Wassa East",2016,96457.0063955169
"399","Western","Mpohor",2016,47265.2776804753
"400","Western","Wassa Amenfi West",2016,124366.965803472
"401","Western","Wassa Amenfi Central",2016,127237.982992092
"402","Central","Mfantsiman",2016,147890.979672369
"403","Central","Ekumfi",2016,69201.5792626031
"404","Central","Twifo-Hemang Lower Denkyira",2016,62948.3308394682
"405","Central","Twifo-Ati-Mokwa",2016,94908.8578455364
"406","Central","Awutu Senya",2016,155404.30050976
"407","Greater Accra","La-Nkwantanang-Madina",2016,254457.010858081
"408","Greater Accra","Ga East",2016,298772.802766385
"409","Western","Wassa Amenfi East",2016,152221.381811948
"410","Central","Gomoa Central",2016,62880.9200120829
"411","Central","Assin Foso",2016,75737.9268999398
"412","Greater Accra","Ayawaso West",2016,90299.5996372104
"413","Greater Accra","Ga West",2016,313699.74728431
"414","Oti","Krachi West",2016,55483.6560556469
"415","Oti","Krachi Nchumuru",2016,75319.716346357
"416","Volta","Agortime-Ziope",2016,37112.9570290353
"417","Volta","Adaklu",2016,38826.0401817709
"418","Volta","Akatsi South",2016,87891.9900791124
"419","Volta","Akatsi North",2016,29628.904570993
"420","Volta","Ho",2016,165278.197041875
"421","Volta","Hohoe",2016,107493.777508179
"422","Volta","Ho West",2016,79565.8168406468
"423","Volta","Afadjato South",2016,70118.7018713932
"424","Volta","North Dayi",2016,35404.5632049814
"425","Volta","Kpando",2016,55775.4886623919
"426","Volta","North Tongu",2016,105188.206063676
"427","Volta","Central Tongu",2016,75151.3695096523
"428","Eastern","Nsawam-Adoagyiri",2016,143581.186473563
"429","Greater Accra","Ga Central",2016,265381.089650933
"430","Eastern","Akwapim South",2016,55074.2605785802
"431","Eastern","Denkyembour",2016,72854.4620395042
"432","Eastern","Kwaebibirem",2016,114260.411458392
"433","Eastern","Afram Plains South",2016,68235.5090907598
"434","Eastern","Kwahu North",2016,63137.2707099258
"435","Eastern","Suhum",2016,120860.587144636
"436","Eastern","Ayensuano",2016,87343.358174473
"437","Eastern","East Akim - Abuakwa South",2016,70228.2524991874
"438","Eastern","Upper West Akim",2016,83052.5552465096
"439","Eastern","West Akim",2016,117789.697909171
"440","Bono","Dormaa West",2016,44310.0156513099
"441","Upper West","Nadowli-Kaleo",2016,72185.3307438586
"442","Upper West","Daffiama-Bussie-Issa",2016,36859.289741314
"443","Upper West","Lawra",2016,54968.6767585473
"444","Upper West","Nandom",2016,50393.8069262779
"445","Upper East","Talensi",2016,82135.2338091973
"446","Upper East","Nabdam",2016,42284.4924525488
"447","Upper East","Builsa South",2016,35007.9275620021
"448","Upper East","Builsa North",2016,52884.0892708376
"449","Upper East","Binduri",2016,66198.3052285463
"450","Upper East","Pusiga",2016,75105.6273576971
"451","Upper East","Bawku Municipal",2016,117429.815729331
"452","Savannah","West Gonja",2016,61821.0799038438
"453","Northern","Mion",2016,92611.2993020397
"454","Northern","Yendi",2016,143440.524966373
"455","Northern","Tolon",2016,117366.283382628
"456","Northern","Kumbungu",2016,99059.0093925297
"457","Northern East","West Mamprusi",2016,166296.834327156
"458","Northern East","Mamprugu-Moagduri",2016,64565.432389617
"459","Northern","Zabzugu",2016,78487.6795582604
"460","Northern","Tatale-Sangule",2016,70412.0780236386
"461","Bono East","Sene East",2016,67569.7265868387
"462","Bono East","Sene West",2016,67478.3777624308
"463","Ahafo","Asutifi North",2016,70193.8849469423
"464","Ashanti","Ahafo Ano North",2016,85418.7066169512
"465","Ahafo","Asutifi South",2016,67664.9308383949
"466","Bono East","Techiman Municipal",2016,242550.744944394
"467","Savannah","North Gonja",2016,57630.0166880693
"468","Greater Accra","Tema West",2016,204806.499494473
"469","Greater Accra","Ashaiman",2016,200692.334328983
"470","Greater Accra","Kpone-Katamanso",2016,403118.594598599
"471","Upper East","Tempane",2016,91880.0058634207
"472","Upper East","Bolgatanga East",2016,40608.6468710564
"473","Northern East","Bunkpurugu -Nakpanduri",2016,77771.9674165994
"474","Savannah","North-East Gonja",2016,36776.3202995546
"475","Northern","Nanton",2016,44461.7399614342
"476","Bono","Berekum West",2016,42221.6960595222
"477","Bono East","Pru",2016,109511.357356254
"478","Eastern","Fanteakwa South",2016,47560.056602763
"479","Eastern","New Juaben South",2016,130661.209049875
"480","Eastern","Akwapim North",2016,93243.6661454812
"481","Volta","Keta",2016,75407.3677029954
"482","Ashanti","Adansi Akrofuom",2016,45598.461752722
"483","Ashanti","Adansi North",2016,50484.0128176734
"484","Ashanti","Obuasi East",2016,100644.355487971
"485","Ashanti","Amansie West",2016,102192.400738599
"486","Ashanti","Atwima Nwabiagya North",2016,125190.869981975
"487","Ashanti","Oforikrom",2016,203454.31797985
"488","Ashanti","Old Tafo",2016,108812.946893692
"489","Ashanti","Asokwa",2016,124796.568686401
"490","Greater Accra","Ayawaso East",2016,48912.2628040314
"491","Greater Accra","Ayawaso North",2016,60340.5181598663
"492","Greater Accra","Ayawaso Central",2016,87941.4362258911
"493","Ashanti","Kwadaso",2016,142536.03579516
"494","Ashanti","Suame",2016,139314.276245594
"495","Ashanti","Asokore Mampong",2016,175101.415829677
"496","Ashanti","Afigya Kwabre South",2016,209103.713862842
"497","Ashanti","Ejisu",2016,172580.645388585
"498","Ashanti","Ahafo Ano South East",2016,54463.3022927903
"499","Greater Accra","Korle-Klottey",2016,65285.5680510774
"500","Greater Accra","Ablekuma West",2016,133968.412099361
"501","Greater Accra","Ablekuma Central",2016,163286.423280895
"502","Greater Accra","Krowor",2016,129917.026544524
"503","Greater Accra","Ga North",2016,259300.484585099
"504","Greater Accra","Weija-Gbawe",2016,191681.435553294
"505","Greater Accra","Ablekuma North",2016,142241.591440201
"506","Eastern","Birim south",2016,44916.3143290617
"507","Eastern","Birim Central",2016,67644.411349494
"508","Eastern","Abuakwa North",2016,83746.5186439473
"509","Eastern","Atiwa East",2016,63337.2787029957
"510","Central","Awutu Senya East",2016,212072.523394831
"511","Oti","Kadjebi",2016,67552.7755815703
"512","Ashanti","Kumasi",2016,434204.158139914
"513","Greater Accra","Tema",2016,138518.05545494
"514","Greater Accra","Ga South",2016,306574.036760744
"515","Western","Sekondi-Takoradi",2016,226676.924289612
"516","Western","Effia-Kwesimintsim",2016,168369.282965996
"517","Northern","Sagnarigu",2016,269633.951624162
"518","Northern","Tamale",2016,408133.671180693
"519","Central","Cape Coast",2016,180149.330496691
"520","Greater Accra","Accra Metro",2016,269863.960885662
"521","Greater Accra","Okai Koi North",2016,149569.277510285
"522","Oti","Guan District",2016,26473.4891539998
"523","Greater Accra","Ledzokuku",2017,193832.809377104
"524","Northern East","Chereponi",2017,84149.7728122566
"525","Upper West","Wa Municipal",2017,192062.967838165
"526","Upper West","Jirapa",2017,86739.3278942169
"527","Upper West","Sissala West",2017,61298.5775242355
"528","Upper West","Lambussie",2017,46875.8525955603
"529","Upper East","Bolgatanga Municipal",2017,133718.781079879
"530","Upper East","Bongo",2017,116676.410309341
"531","Upper East","Kasena-Nankana West",2017,78190.1943407673
"532","Upper West","Wa West",2017,86697.5238500126
"533","Savannah","Sawla-Tuna-Kalba",2017,111808.223296292
"534","Upper West","Sissala East",2017,77700.9232601989
"535","Upper East","Kasena-Nankana",2017,102814.787665814
"536","Northern East","Yunyoo-Nasuan",2017,55809.2439091168
"537","Upper East","Garu",2017,57340.4785962515
"538","Northern East","East Mamprusi",2017,180082.450330742
"539","Upper East","Bawku West",2017,137980.850842049
"540","Bono","Dormaa East",2017,63553.2432785518
"541","Bono","Berekum",2017,104751.158952689
"542","Bono","Jaman South",2017,105129.732334074
"543","Bono","Sunyani West",2017,132505.002827329
"544","Ahafo","Asunafo North",2017,144823.081230764
"545","Bono East","Nkoranza North",2017,53988.8590721218
"546","Bono East","Kintampo South",2017,94260.3334631845
"547","Ahafo","Tano North",2017,90363.6514364909
"548","Volta","Ketu North",2017,104162.960045271
"549","Volta","Ketu South",2017,243687.830083142
"550","Volta","Anloga",2017,90220.125546759
"551","Volta","South Tongu",2017,105221.559371406
"552","Oti","Jasikan",2017,56664.3838822059
"553","Oti","Krachi East",2017,115041.737016386
"554","Oti","Nkwanta South",2017,134401.621558798
"555","Ashanti","Afigya Kwabre North",2017,63017.4785291348
"556","Ashanti","Atwima Kwanwoma",2017,197844.99149576
"557","Ashanti","Sekyere South",2017,116588.092928346
"558","Ashanti","Sekyere East",2017,74995.5178429391
"559","Ashanti","Sekyere Central",2017,66767.4734179378
"560","Ashanti","Offinso North",2017,74698.0432031406
"561","Ashanti","Offinso",2017,132906.8755762
"562","Greater Accra","Adentan",2017,200538.186668346
"563","Bono","Dormaa Municipal",2017,108586.53644008
"564","Ashanti","Ahafo Ano South West",2017,69565.80599612
"565","Ashanti","Bekwai",2017,134211.557417713
"566","Ashanti","Bosomtwe",2017,153694.683481754
"567","Central","Ajumako-Enyan-Essiam",2017,116129.319327004
"568","Central","Gomoa West",2017,124253.08210648
"569","Ashanti","Obuasi",2017,90636.8157086596
"570","Ashanti","Kwabre East",2017,277881.400422171
"571","Ashanti","Ejura-Sekyedumase",2017,132705.161163384
"572","Ashanti","Atwima Nwabiagya",2017,210029.190710925
"573","Ashanti","Atwima Mponua",2017,148099.76859504
"574","Ashanti","Adansi South",2017,81836.1624077093
"575","Ashanti","Adansi Asokwa",2017,69853.0207610633
"576","Ashanti","Bosome Freho",2017,59506.7154004909
"577","Ashanti","Asante Mampong",2017,111840.306127378
"578","Central","Agona West",2017,124557.321726969
"579","Central","Agona East",2017,104534.447073614
"580","Central","Assin North",2017,88639.7956597637
"581","Central","Assin South",2017,100563.58916878
"582","Central","Asikuma-Odoben-Brakwa",2017,124542.825882558
"583","Central","Efutu",2017,95069.6362269837
"584","Central","Gomoa East",2017,346162.748314852
"585","Central","Abura-Asebu-Kwamankese",2017,112154.491489377
"586","Western","Jomoro",2017,121880.703654019
"587","Western","Ellembelle",2017,116186.583817619
"588","Western","Prestea-Huni Valley",2017,222610.024661246
"589","Western","Ahanta West",2017,147197.523618747
"590","Western","Nzema East",2017,93884.980010231
"591","Western","Tarkwa-Nsuaem",2017,207833.338525786
"592","Western North","Sefwi-Akontombra",2017,65052.1824587956
"593","Eastern","Akyemansa",2017,87940.8953616004
"594","Eastern","Kwahu South",2017,90947.620617209
"595","Eastern","Asene Manso Akroso",2017,73155.6493608207
"596","Eastern","Upper Manya-Krobo",2017,69044.5127566382
"597","Eastern","Achiase",2017,45687.0546361357
"598","Eastern","Okere",2017,49494.0304316729
"599","Eastern","Yilo-Krobo",2017,121138.705851248
"600","Eastern","Atiwa West",2017,57762.3246466257
"601","Eastern","New Juaben North",2017,81741.4885500949
"602","Eastern","Fanteakwa North",2017,58785.5534990449
"603","Eastern","Birim North",2017,79271.9730677493
"604","Eastern","Asuogyaman",2017,98787.8052834822
"605","Eastern","Kwahu East",2017,68103.5118188113
"606","Eastern","Kwahu West",2017,137180.603436504
"607","Western North","Bibiani-Anhwiaso-Bekwai",2017,160651.972202096
"608","Central","Upper Denkyira East",2017,99104.4748927308
"609","Ashanti","Amansie Central",2017,87930.486011399
"610","Ashanti","Amansie South",2017,109557.265087941
"611","Central","Upper Denkyira West",2017,94284.7868135981
"612","Central","Komenda-Edna-Eguafo-Abirem",2017,159782.537702804
"613","Western North","Sefwi-Wiawso",2017,145483.757741209
"614","Ahafo","Asunafo South",2017,89754.2725814208
"615","Bono East","Nkoranza South",2017,110531.663870628
"616","Savannah","Bole",2017,111296.122898997
"617","Eastern","Lower-Manya Krobo",2017,110728.494487552
"618","Bono East","Kintampo North",2017,127427.638675872
"619","Bono East","Atebubu-Amanten",2017,139817.757468504
"620","Northern","Kpandai",2017,85190.1022884138
"621","Oti","Nkwanta North",2017,118925.84521091
"622","Oti","Biakoye",2017,68315.9636042211
"623","Savannah","Central Gonja",2017,133777.112783752
"624","Bono East","Pru West",2017,45501.9008470792
"625","Northern","Savelugu",2017,116136.305028981
"626","Northern","Karaga",2017,121515.516178176
"627","Savannah","East Gonja",2017,154431.779470906
"628","Volta","South Dayi",2017,54543.2232264653
"629","Upper West","Wa East",2017,90627.2331439648
"630","Northern","Saboba",2017,92719.2057086844
"631","Northern","Gushiegu",2017,142500.886447486
"632","Northern","Nanumba North",2017,154677.948761655
"633","Northern","Nanumba South",2017,130835.598555813
"634","Bono","Wenchi",2017,118983.314673553
"635","Ahafo","Tano South",2017,84280.4569589067
"636","Bono","Sunyani Municipal",2017,186002.174523659
"637","Ashanti","Asante Akim South",2017,116474.198064931
"638","Greater Accra","Ada East",2017,75844.9088184284
"639","Greater Accra","Shai-Osudoku",2017,102542.664515862
"640","Greater Accra","Ada West",2017,70372.6456344929
"641","Greater Accra","Ningo Prampram",2017,206512.13651773
"642","Bono East","Techiman North",2017,89113.6662692651
"643","Bono","Banda",2017,27769.0339911506
"644","Bono","Jaman North",2017,114201.530680191
"645","Bono","Tain",2017,109889.267548591
"646","Ashanti","Sekyere Kumawu",2017,61255.1960676266
"647","Ashanti","Sekyere Afram Plains",2017,33871.234338087
"648","Ashanti","Asante Akim North",2017,82265.0115506453
"649","Ashanti","Asante Akim Central",2017,88549.5197872464
"650","Ashanti","Juaben",2017,58134.9464202318
"651","Greater Accra","La-Dade-Kotopon",2017,136427.81049582
"652","Western North","Aowin",2017,126297.503248489
"653","Western North","Suaman",2017,37697.1646538507
"654","Western North","Bia East",2017,50728.4760259632
"655","Western North","Bia West",2017,105034.367220819
"656","Western North","Bodi",2017,63169.3341773544
"657","Western North","Juaboso",2017,94733.0996337235
"658","Western","Shama",2017,113919.462958321
"659","Western","Wassa East",2017,98660.2682272727
"660","Western","Mpohor",2017,48357.1810550336
"661","Western","Wassa Amenfi West",2017,127217.588214172
"662","Western","Wassa Amenfi Central",2017,130112.545011576
"663","Central","Mfantsiman",2017,151288.907322932
"664","Central","Ekumfi",2017,70799.528870929
"665","Central","Twifo-Hemang Lower Denkyira",2017,64395.8660832681
"666","Central","Twifo-Ati-Mokwa",2017,97083.179813588
"667","Central","Awutu Senya",2017,158975.350159889
"668","Greater Accra","La-Nkwantanang-Madina",2017,260286.051909789
"669","Greater Accra","Ga East",2017,305689.925740141
"670","Western","Wassa Amenfi East",2017,155760.179620517
"671","Central","Gomoa Central",2017,64328.8092885427
"672","Central","Assin Foso",2017,77521.9510220904
"673","Greater Accra","Ayawaso West",2017,92377.6790378913
"674","Greater Accra","Ga West",2017,320953.823756298
"675","Oti","Krachi West",2017,56763.5654701348
"676","Oti","Krachi Nchumuru",2017,77050.9623516314
"677","Volta","Agortime-Ziope",2017,37973.2226305455
"678","Volta","Adaklu",2017,39711.0210787579
"679","Volta","Akatsi South",2017,89907.20757965
"680","Volta","Akatsi North",2017,30307.5376979094
"681","Volta","Ho",2017,169074.071110744
"682","Volta","Hohoe",2017,109964.470854115
"683","Volta","Ho West",2017,81392.0417251494
"684","Volta","Afadjato South",2017,71732.2076404896
"685","Volta","North Dayi",2017,36215.2247203551
"686","Volta","Kpando",2017,57059.0086963996
"687","Volta","North Tongu",2017,107609.812544398
"688","Volta","Central Tongu",2017,76874.6556108855
"689","Eastern","Nsawam-Adoagyiri",2017,146874.603238568
"690","Greater Accra","Ga Central",2017,271619.679241925
"691","Eastern","Akwapim South",2017,56293.4780561961
"692","Eastern","Denkyembour",2017,74531.0913948659
"693","Eastern","Kwaebibirem",2017,116887.595297616
"694","Eastern","Afram Plains South",2017,69807.5562358722
"695","Eastern","Kwahu North",2017,64588.9039300899
"696","Eastern","Suhum",2017,123630.364365982
"697","Eastern","Ayensuano",2017,89356.2550354656
"698","Eastern","East Akim - Abuakwa South",2017,71846.0669396147
"699","Eastern","Upper West Akim",2017,84970.1884451751
"700","Eastern","West Akim",2017,120488.41111573
"701","Bono","Dormaa West",2017,45332.9866811763
"702","Upper West","Nadowli-Kaleo",2017,73844.2403799398
"703","Upper West","Daffiama-Bussie-Issa",2017,37707.8981527425
"704","Upper West","Lawra",2017,56230.5083864955
"705","Upper West","Nandom",2017,51559.131535911
"706","Upper East","Talensi",2017,84029.6345074773
"707","Upper East","Nabdam",2017,43239.3035692126
"708","Upper East","Builsa South",2017,35800.8866653759
"709","Upper East","Builsa North",2017,54110.2229651143
"710","Upper East","Binduri",2017,67718.3787241206
"711","Upper East","Pusiga",2017,76831.4998255074
"712","Upper East","Bawku Municipal",2017,120129.796738857
"713","Savannah","West Gonja",2017,63216.8752209358
"714","Northern","Mion",2017,94686.3815469649
"715","Northern","Yendi",2017,146795.280412441
"716","Northern","Tolon",2017,119971.019602139
"717","Northern","Kumbungu",2017,101373.008800844
"718","Northern East","West Mamprusi",2017,170117.902453599
"719","Northern East","Mamprugu-Moagduri",2017,66052.0309164152
"720","Northern","Zabzugu",2017,80262.9879459124
"721","Northern","Tatale-Sangule",2017,72051.8794426285
"722","Bono East","Sene East",2017,69106.1846815827
"723","Bono East","Sene West",2017,69024.4454390975
"724","Ahafo","Asutifi North",2017,71798.8232448176
"725","Ashanti","Ahafo Ano North",2017,87379.9588038903
"726","Ahafo","Asutifi South",2017,69216.9225921333
"727","Bono East","Techiman Municipal",2017,248144.751239967
"728","Savannah","North Gonja",2017,58958.5782762654
"729","Greater Accra","Tema West",2017,209521.687732192
"730","Greater Accra","Ashaiman",2017,205306.627369821
"731","Greater Accra","Kpone-Katamanso",2017,412407.136128882
"732","Upper East","Tempane",2017,94022.7637566924
"733","Upper East","Bolgatanga East",2017,41545.2273223531
"734","Northern East","Bunkpurugu -Nakpanduri",2017,79549.7277572863
"735","Savannah","North-East Gonja",2017,37616.3266650103
"736","Northern","Nanton",2017,45474.4469026802
"737","Bono","Berekum West",2017,43197.4030056633
"738","Bono East","Pru",2017,112111.713877554
"739","Eastern","Fanteakwa South",2017,48689.6707102619
"740","Eastern","New Juaben South",2017,133678.345282353
"741","Eastern","Akwapim North",2017,95379.8869193792
"742","Volta","Keta",2017,77145.3897034507
"743","Ashanti","Adansi Akrofuom",2017,46653.7490545139
"744","Ashanti","Adansi North",2017,51645.5362047795
"745","Ashanti","Obuasi East",2017,102955.370096877
"746","Ashanti","Amansie West",2017,104553.875114967
"747","Ashanti","Atwima Nwabiagya North",2017,128053.644777748
"748","Ashanti","Oforikrom",2017,208124.380328342
"749","Ashanti","Old Tafo",2017,111285.873082638
"750","Ashanti","Asokwa",2017,127646.784809105
"751","Greater Accra","Ayawaso East",2017,50035.9139204025
"752","Greater Accra","Ayawaso North",2017,61727.3476448059
"753","Greater Accra","Ayawaso Central",2017,89965.1634540558
"754","Ashanti","Kwadaso",2017,145802.617163666
"755","Ashanti","Suame",2017,142524.473527431
"756","Ashanti","Asokore Mampong",2017,179118.107437156
"757","Ashanti","Afigya Kwabre South",2017,213897.063477404
"758","Ashanti","Ejisu",2017,176580.181979173
"759","Ashanti","Ahafo Ano South East",2017,55697.5882536527
"760","Greater Accra","Korle-Klottey",2017,66785.5090771392
"761","Greater Accra","Ablekuma West",2017,137018.909073353
"762","Greater Accra","Ablekuma Central",2017,167034.89072001
"763","Greater Accra","Krowor",2017,132887.43294622
"764","Greater Accra","Ga North",2017,265157.385625277
"765","Greater Accra","Weija-Gbawe",2017,196047.163083146
"766","Greater Accra","Ablekuma North",2017,145509.636693954
"767","Eastern","Birim south",2017,45957.2318671662
"768","Eastern","Birim Central",2017,69196.7280057836
"769","Eastern","Abuakwa North",2017,85673.9830343947
"770","Eastern","Atiwa East",2017,64773.4628587961
"771","Central","Awutu Senya East",2017,216983.010577768
"772","Oti","Kadjebi",2017,69114.7513810117
"773","Ashanti","Kumasi",2017,444159.400555421
"774","Greater Accra","Tema",2017,141684.135492645
"775","Greater Accra","Ga South",2017,313629.13363155
"776","Western","Sekondi-Takoradi",2017,231885.988851831
"777","Western","Effia-Kwesimintsim",2017,172236.068140376
"778","Northern","Sagnarigu",2017,275961.70214803
"779","Northern","Tamale",2017,417431.689993402
"780","Central","Cape Coast",2017,184278.490979802
"781","Greater Accra","Accra Metro",2017,276062.346165929
"782","Greater Accra","Okai Koi North",2017,152969.459201932
"783","Oti","Guan District",2017,27082.7421656493
"784","Greater Accra","Ledzokuku",2018,198006.305484273
"785","Northern East","Chereponi",2018,85953.9808518216
"786","Upper West","Wa Municipal",2018,196194.778260245
"787","Upper West","Jirapa",2018,88597.9475739696
"788","Upper West","Sissala West",2018,62611.1980314739
"789","Upper West","Lambussie",2018,47879.1270752233
"790","Upper East","Bolgatanga Municipal",2018,136585.882295476
"791","Upper East","Bongo",2018,119183.661044739
"792","Upper East","Kasena-Nankana West",2018,79860.7750110282
"793","Upper West","Wa West",2018,88544.645231057
"794","Savannah","Sawla-Tuna-Kalba",2018,114194.767566238
"795","Upper West","Sissala East",2018,79368.1642542584
"796","Upper East","Kasena-Nankana",2018,105023.688803958
"797","Northern East","Yunyoo-Nasuan",2018,56984.9244428575
"798","Upper East","Garu",2018,58537.1671938952
"799","Northern East","East Mamprusi",2018,183963.051053576
"800","Upper East","Bawku West",2018,140938.211320915
"801","Bono","Dormaa East",2018,64928.7376398295
"802","Bono","Berekum",2018,107000.007759901
"803","Bono","Jaman South",2018,107374.872673651
"804","Bono","Sunyani West",2018,135333.767507409
"805","Ahafo","Asunafo North",2018,147923.081602659
"806","Bono East","Nkoranza North",2018,55140.2461819025
"807","Bono East","Kintampo South",2018,96304.6015778156
"808","Ahafo","Tano North",2018,92297.614129385
"809","Volta","Ketu North",2018,106398.372108813
"810","Volta","Ketu South",2018,248912.596230721
"811","Volta","Anloga",2018,92151.798931431
"812","Volta","South Tongu",2018,107484.251618382
"813","Oti","Jasikan",2018,57867.9188539907
"814","Oti","Krachi East",2018,117508.432490811
"815","Oti","Nkwanta South",2018,137268.811893765
"816","Ashanti","Afigya Kwabre North",2018,64363.6954396963
"817","Ashanti","Atwima Kwanwoma",2018,202099.18735381
"818","Ashanti","Sekyere South",2018,119092.831590641
"819","Ashanti","Sekyere East",2018,76607.0489990562
"820","Ashanti","Sekyere Central",2018,68187.3440064564
"821","Ashanti","Offinso North",2018,76280.1633851165
"822","Ashanti","Offinso",2018,135750.671992138
"823","Greater Accra","Adentan",2018,204834.10478675
"824","Bono","Dormaa Municipal",2018,110909.727103467
"825","Ashanti","Ahafo Ano South West",2018,71077.9913214184
"826","Ashanti","Bekwai",2018,137087.720125049
"827","Ashanti","Bosomtwe",2018,156995.433096995
"828","Central","Ajumako-Enyan-Essiam",2018,118626.26996926
"829","Central","Gomoa West",2018,126915.944602743
"830","Ashanti","Obuasi",2018,92572.8057008144
"831","Ashanti","Kwabre East",2018,283856.750480849
"832","Ashanti","Ejura-Sekyedumase",2018,135547.824867313
"833","Ashanti","Atwima Nwabiagya",2018,214570.498788593
"834","Ashanti","Atwima Mponua",2018,151237.000906259
"835","Ashanti","Adansi South",2018,83589.3322935738
"836","Ashanti","Adansi Asokwa",2018,71346.5390083399
"837","Ashanti","Bosome Freho",2018,60788.794752555
"838","Ashanti","Asante Mampong",2018,114231.81407135
"839","Central","Agona West",2018,127198.948957697
"840","Central","Agona East",2018,106786.43209305
"841","Central","Assin North",2018,90499.8386568408
"842","Central","Assin South",2018,102718.724178348
"843","Central","Asikuma-Odoben-Brakwa",2018,127194.794112002
"844","Central","Efutu",2018,97100.5327138994
"845","Central","Gomoa East",2018,353547.381718317
"846","Central","Abura-Asebu-Kwamankese",2018,114574.072095362
"847","Western","Jomoro",2018,124496.467205753
"848","Western","Ellembelle",2018,118679.148518666
"849","Western","Prestea-Huni Valley",2018,227368.969016775
"850","Western","Ahanta West",2018,150353.565806583
"851","Western","Nzema East",2018,95879.2755595613
"852","Western","Tarkwa-Nsuaem",2018,212309.818860141
"853","Western North","Sefwi-Akontombra",2018,66455.8652718849
"854","Eastern","Akyemansa",2018,89825.2704777066
"855","Eastern","Kwahu South",2018,92883.3605756005
"856","Eastern","Asene Manso Akroso",2018,74726.6249533501
"857","Eastern","Upper Manya-Krobo",2018,70522.621953655
"858","Eastern","Achiase",2018,46662.2868719362
"859","Eastern","Okere",2018,50552.5096510407
"860","Eastern","Yilo-Krobo",2018,123745.929557025
"861","Eastern","Atiwa West",2018,59011.9612847771
"862","Eastern","New Juaben North",2018,83495.0749929603
"863","Eastern","Fanteakwa North",2018,60008.4333310295
"864","Eastern","Birim North",2018,80978.2360571269
"865","Eastern","Asuogyaman",2018,100908.227352318
"866","Eastern","Kwahu East",2018,69587.7388521591
"867","Eastern","Kwahu West",2018,140118.733373558
"868","Western North","Bibiani-Anhwiaso-Bekwai",2018,164102.832626944
"869","Central","Upper Denkyira East",2018,101257.391033829
"870","Ashanti","Amansie Central",2018,89812.7959111836
"871","Ashanti","Amansie South",2018,111901.87624173
"872","Central","Upper Denkyira West",2018,96283.3712758385
"873","Central","Komenda-Edna-Eguafo-Abirem",2018,163213.422030939
"874","Western North","Sefwi-Wiawso",2018,148603.313591936
"875","Ahafo","Asunafo South",2018,91677.6728409883
"876","Bono East","Nkoranza South",2018,112900.022876495
"877","Savannah","Bole",2018,113678.896250568
"878","Eastern","Lower-Manya Krobo",2018,113099.688508458
"879","Bono East","Kintampo North",2018,130120.541651887
"880","Bono East","Atebubu-Amanten",2018,142812.5559077
"881","Northern","Kpandai",2018,87136.2205114588
"882","Oti","Nkwanta North",2018,121492.197477132
"883","Oti","Biakoye",2018,69789.2791164918
"884","Savannah","Central Gonja",2018,136691.258440513
"885","Bono East","Pru West",2018,46466.3606757093
"886","Northern","Savelugu",2018,118677.649762308
"887","Northern","Karaga",2018,124044.88944277
"888","Savannah","East Gonja",2018,157560.620795948
"889","Volta","South Dayi",2018,55716.4474308752
"890","Upper West","Wa East",2018,92571.8898947602
"891","Northern","Saboba",2018,94707.4312131498
"892","Northern","Gushiegu",2018,145563.844817165
"893","Northern","Nanumba North",2018,158069.630841359
"894","Northern","Nanumba South",2018,133566.805904564
"895","Bono","Wenchi",2018,121522.825433557
"896","Ahafo","Tano South",2018,86089.3959458489
"897","Bono","Sunyani Municipal",2018,189997.374497651
"898","Ashanti","Asante Akim South",2018,118958.424328925
"899","Greater Accra","Ada East",2018,77467.4617539113
"900","Greater Accra","Shai-Osudoku",2018,104743.522906359
"901","Greater Accra","Ada West",2018,71874.7195774596
"902","Greater Accra","Ningo Prampram",2018,210925.373784752
"903","Bono East","Techiman North",2018,91044.3009185009
"904","Bono","Banda",2018,28356.4923382602
"905","Bono","Jaman North",2018,116646.520394012
"906","Bono","Tain",2018,112253.154763874
"907","Ashanti","Sekyere Kumawu",2018,62574.6923636794
"908","Ashanti","Sekyere Afram Plains",2018,34592.0553234704
"909","Ashanti","Asante Akim North",2018,84029.1361137563
"910","Ashanti","Asante Akim Central",2018,90445.9339706348
"911","Ashanti","Juaben",2018,59374.144781135
"912","Greater Accra","La-Dade-Kotopon",2018,139350.755675077
"913","Western North","Aowin",2018,129000.654270699
"914","Western North","Suaman",2018,38502.037230609
"915","Western North","Bia East",2018,51815.1713911304
"916","Western North","Bia West",2018,107315.8659532
"917","Western North","Bodi",2018,64529.9102080967
"918","Western North","Juaboso",2018,96724.8093937254
"919","Western","Shama",2018,116370.118683998
"920","Western","Wassa East",2018,100765.292652178
"921","Western","Mpohor",2018,49396.9643599968
"922","Western","Wassa Amenfi West",2018,129935.884004623
"923","Western","Wassa Amenfi Central",2018,132847.258613313
"924","Central","Mfantsiman",2018,154527.520345015
"925","Central","Ekumfi",2018,72321.7161926599
"926","Central","Twifo-Hemang Lower Denkyira",2018,65777.8317673467
"927","Central","Twifo-Ati-Mokwa",2018,99154.2928982489
"928","Central","Awutu Senya",2018,162381.318689067
"929","Greater Accra","La-Nkwantanang-Madina",2018,265847.52316935
"930","Greater Accra","Ga East",2018,312278.185397848
"931","Western","Wassa Amenfi East",2018,159146.16336651
"932","Central","Gomoa Central",2018,65726.3784873709
"933","Central","Assin Foso",2018,79224.9268845096
"934","Greater Accra","Ayawaso West",2018,94349.1088463515
"935","Greater Accra","Ga West",2018,327875.327882715
"936","Oti","Krachi West",2018,57980.3814391955
"937","Oti","Krachi Nchumuru",2018,78702.7933219131
"938","Volta","Agortime-Ziope",2018,38792.1301200911
"939","Volta","Adaklu",2018,40556.5873974003
"940","Volta","Akatsi South",2018,91829.296813868
"941","Volta","Akatsi North",2018,30956.7819009591
"942","Volta","Ho",2018,172697.598971339
"943","Volta","Hohoe",2018,112321.67455125
"944","Volta","Ho West",2018,83132.3683379889
"945","Volta","Afadjato South",2018,73270.1652905717
"946","Volta","North Dayi",2018,36990.0197475124
"947","Volta","Kpando",2018,58281.8042239528
"948","Volta","North Tongu",2018,109912.941662675
"949","Volta","Central Tongu",2018,78519.7826989619
"950","Eastern","Nsawam-Adoagyiri",2018,150018.37827044
"951","Greater Accra","Ga Central",2018,277581.045658244
"952","Eastern","Akwapim South",2018,57463.4005490821
"953","Eastern","Denkyembour",2018,76129.9585754592
"954","Eastern","Kwaebibirem",2018,119394.823681436
"955","Eastern","Afram Plains South",2018,71306.1494578738
"956","Eastern","Kwahu North",2018,65974.0764926318
"957","Eastern","Suhum",2018,126270.605115294
"958","Eastern","Ayensuano",2018,91277.921521876
"959","Eastern","East Akim - Abuakwa South",2018,73390.9745993223
"960","Eastern","Upper West Akim",2018,86799.5317653306
"961","Eastern","West Akim",2018,123064.602052633
"962","Bono","Dormaa West",2018,46310.2639876325
"963","Upper West","Nadowli-Kaleo",2018,75426.5766896931
"964","Upper West","Daffiama-Bussie-Issa",2018,38518.5194595112
"965","Upper West","Lawra",2018,57434.5132296877
"966","Upper West","Nandom",2018,52669.420337243
"967","Upper East","Talensi",2018,85837.3823474478
"968","Upper East","Nabdam",2018,44148.0232064016
"969","Upper East","Builsa South",2018,36556.5239022188
"970","Upper East","Builsa North",2018,55281.1545448191
"971","Upper East","Binduri",2018,69176.0773326941
"972","Upper East","Pusiga",2018,78477.8716262542
"973","Upper East","Bawku Municipal",2018,122698.382571679
"974","Savannah","West Gonja",2018,64549.2015468441
"975","Northern","Mion",2018,96665.2076492906
"976","Northern","Yendi",2018,149995.294220783
"977","Northern","Tolon",2018,122454.498363541
"978","Northern","Kumbungu",2018,103583.376921648
"979","Northern East","West Mamprusi",2018,173763.837299272
"980","Northern East","Mamprugu-Moagduri",2018,67470.4736970849
"981","Northern","Zabzugu",2018,81962.275476031
"982","Northern","Tatale-Sangule",2018,73611.1846037842
"983","Bono East","Sene East",2018,70572.2182154041
"984","Bono East","Sene West",2018,70500.3567667585
"985","Ahafo","Asutifi North",2018,73327.6932463041
"986","Ashanti","Ahafo Ano North",2018,89254.2284915186
"987","Ahafo","Asutifi South",2018,70696.0291356007
"988","Bono East","Techiman Municipal",2018,253480.421780224
"989","Savannah","North Gonja",2018,60225.6839501224
"990","Greater Accra","Tema West",2018,214003.609189738
"991","Greater Accra","Ashaiman",2018,209714.413909659
"992","Greater Accra","Kpone-Katamanso",2018,421276.904157991
"993","Upper East","Tempane",2018,96070.8771024235
"994","Upper East","Bolgatanga East",2018,42439.6308868676
"995","Northern East","Bunkpurugu -Nakpanduri",2018,81244.9152177013
"996","Savannah","North-East Gonja",2018,38420.1310772952
"997","Northern","Nanton",2018,46452.4672342818
"998","Bono","Berekum West",2018,44130.0298497472
"999","Bono East","Pru",2018,114592.366165711
"1000","Eastern","Fanteakwa South",2018,49766.8681527171
"1001","Eastern","New Juaben South",2018,136552.816046232
"1002","Eastern","Akwapim North",2018,97419.2119691875
"1003","Volta","Keta",2018,78794.5526244706
"1004","Ashanti","Adansi Akrofuom",2018,47660.7724388111
"1005","Ashanti","Adansi North",2018,52753.7205318566
"1006","Ashanti","Obuasi East",2018,105162.375441447
"1007","Ashanti","Amansie West",2018,106807.459115194
"1008","Ashanti","Atwima Nwabiagya North",2018,130798.502679456
"1009","Ashanti","Oforikrom",2018,212584.293759909
"1010","Ashanti","Old Tafo",2018,113646.499455929
"1011","Ashanti","Asokwa",2018,130361.316914953
"1012","Greater Accra","Ayawaso East",2018,51107.1537532806
"1013","Greater Accra","Ayawaso North",2018,63051.2546405792
"1014","Greater Accra","Ayawaso Central",2018,91894.8850193024
"1015","Ashanti","Kwadaso",2018,148924.940960988
"1016","Ashanti","Suame",2018,145591.351543903
"1017","Ashanti","Asokore Mampong",2018,182950.077493362
"1018","Ashanti","Afigya Kwabre South",2018,218473.993831292
"1019","Ashanti","Ejisu",2018,180393.068201178
"1020","Ashanti","Ahafo Ano South East",2018,56872.6813921966
"1021","Greater Accra","Korle-Klottey",2018,68217.6516955793
"1022","Greater Accra","Ablekuma West",2018,139919.11065197
"1023","Greater Accra","Ablekuma Central",2018,170608.574492574
"1024","Greater Accra","Krowor",2018,135714.425879605
"1025","Greater Accra","Ga North",2018,270747.019232709
"1026","Greater Accra","Weija-Gbawe",2018,200201.118810702
"1027","Greater Accra","Ablekuma North",2018,148619.681427002
"1028","Eastern","Birim south",2018,46953.5106130484
"1029","Eastern","Birim Central",2018,70677.5951274093
"1030","Eastern","Abuakwa North",2018,87512.2195767015
"1031","Eastern","Atiwa East",2018,66142.2702518366
"1032","Central","Awutu Senya East",2018,221692.294708017
"1033","Oti","Kadjebi",2018,70607.0158897191
"1034","Ashanti","Kumasi",2018,453651.123813607
"1035","Greater Accra","Tema",2018,144715.5560904
"1036","Greater Accra","Ga South",2018,320355.713289745
"1037","Western","Sekondi-Takoradi",2018,236854.67891566
"1038","Western","Effia-Kwesimintsim",2018,175925.833439929
"1039","Northern","Sagnarigu",2018,281987.921988003
"1040","Northern","Tamale",2018,426310.708355607
"1041","Central","Cape Coast",2018,188211.770061517
"1042","Greater Accra","Accra Metro",2018,281978.157889908
"1043","Greater Accra","Okai Koi North",2018,156235.801807046
"1044","Oti","Guan District",2018,27663.9488898795
"1045","Greater Accra","Ledzokuku",2019,202030.718724392
"1046","Northern East","Chereponi",2019,87717.4165604711
"1047","Upper West","Wa Municipal",2019,200235.595829585
"1048","Upper West","Jirapa",2019,90415.1691586003
"1049","Upper West","Sissala West",2019,63895.9509286862
"1050","Upper West","Lambussie",2019,48855.005293021
"1051","Upper East","Bolgatanga Municipal",2019,139376.016091904
"1052","Upper East","Bongo",2019,121645.425845038
"1053","Upper East","Kasena-Nankana West",2019,81483.710517196
"1054","Upper West","Wa West",2019,90352.9585107658
"1055","Savannah","Sawla-Tuna-Kalba",2019,116531.992637275
"1056","Upper West","Sissala East",2019,80998.1873774836
"1057","Upper East","Kasena-Nankana",2019,107194.056086618
"1058","Northern East","Yunyoo-Nasuan",2019,58135.799870681
"1059","Upper East","Garu",2019,59733.157152202
"1060","Northern East","East Mamprusi",2019,187755.120244106
"1061","Upper East","Bawku West",2019,143829.856737593
"1062","Bono","Dormaa East",2019,66272.8465546183
"1063","Bono","Berekum",2019,109189.899450012
"1064","Bono","Jaman South",2019,109570.07650294
"1065","Bono","Sunyani West",2019,138103.589220835
"1066","Ahafo","Asunafo North",2019,150959.037411403
"1067","Bono East","Nkoranza North",2019,56269.1164021753
"1068","Bono East","Kintampo South",2019,98316.1854458163
"1069","Ahafo","Tano North",2019,94188.9547834825
"1070","Volta","Ketu North",2019,108578.627155095
"1071","Volta","Ketu South",2019,254020.173855092
"1072","Volta","Anloga",2019,94041.7686750847
"1073","Volta","South Tongu",2019,109693.657810197
"1074","Oti","Jasikan",2019,59044.5047372617
"1075","Oti","Krachi East",2019,119925.936199029
"1076","Oti","Nkwanta South",2019,140079.451098211
"1077","Ashanti","Afigya Kwabre North",2019,65671.5845825654
"1078","Ashanti","Atwima Kwanwoma",2019,206298.085543116
"1079","Ashanti","Sekyere South",2019,121542.305881374
"1080","Ashanti","Sekyere East",2019,78187.3165746927
"1081","Ashanti","Sekyere Central",2019,69580.7009585313
"1082","Ashanti","Offinso North",2019,77822.3704432081
"1083","Ashanti","Offinso",2019,138531.134436818
"1084","Greater Accra","Adentan",2019,209016.356020331
"1085","Bono","Dormaa Municipal",2019,113181.177566948
"1086","Ashanti","Ahafo Ano South West",2019,72533.3171577696
"1087","Ashanti","Bekwai",2019,139914.601885643
"1088","Ashanti","Bosomtwe",2019,160221.482434792
"1089","Central","Ajumako-Enyan-Essiam",2019,121068.126703065
"1090","Central","Gomoa West",2019,129517.198783834
"1091","Ashanti","Obuasi",2019,94469.6216375083
"1092","Ashanti","Kwabre East",2019,289720.570028357
"1093","Ashanti","Ejura-Sekyedumase",2019,138327.085144918
"1094","Ashanti","Atwima Nwabiagya",2019,218984.755822585
"1095","Ashanti","Atwima Mponua",2019,154322.912587203
"1096","Ashanti","Adansi South",2019,85303.5806416832
"1097","Ashanti","Adansi Asokwa",2019,72807.1933539864
"1098","Ashanti","Bosome Freho",2019,62039.6166418828
"1099","Ashanti","Asante Mampong",2019,116576.416126147
"1100","Central","Agona West",2019,129768.646902259
"1101","Central","Agona East",2019,109001.875665957
"1102","Central","Assin North",2019,92323.1513826177
"1103","Central","Assin South",2019,104821.542921148
"1104","Central","Asikuma-Odoben-Brakwa",2019,129793.299999701
"1105","Central","Efutu",2019,99069.2659003269
"1106","Central","Gomoa East",2019,360809.945346395
"1107","Central","Abura-Asebu-Kwamankese",2019,116921.659861546
"1108","Western","Jomoro",2019,127053.028954314
"1109","Western","Ellembelle",2019,121116.414676414
"1110","Western","Prestea-Huni Valley",2019,232018.407048828
"1111","Western","Ahanta West",2019,153440.577273494
"1112","Western","Nzema East",2019,97831.6151454924
"1113","Western","Tarkwa-Nsuaem",2019,216687.173867662
"1114","Western North","Sefwi-Akontombra",2019,67826.2290677642
"1115","Eastern","Akyemansa",2019,91668.3416248076
"1116","Eastern","Kwahu South",2019,94804.6576354103
"1117","Eastern","Asene Manso Akroso",2019,76261.0572042968
"1118","Eastern","Upper Manya-Krobo",2019,71969.0593295172
"1119","Eastern","Achiase",2019,47607.0612966176
"1120","Eastern","Okere",2019,51608.8525425941
"1121","Eastern","Yilo-Krobo",2019,126304.870130427
"1122","Eastern","Atiwa West",2019,60231.9460556265
"1123","Eastern","New Juaben North",2019,85224.2992825471
"1124","Eastern","Fanteakwa North",2019,61205.5320348199
"1125","Eastern","Birim North",2019,82645.7426714431
"1126","Eastern","Asuogyaman",2019,102983.80449261
"1127","Eastern","Kwahu East",2019,71002.0310010565
"1128","Eastern","Kwahu West",2019,142989.552461376
"1129","Western North","Bibiani-Anhwiaso-Bekwai",2019,167480.981508056
"1130","Central","Upper Denkyira East",2019,103353.192984063
"1131","Ashanti","Amansie Central",2019,91659.2643283419
"1132","Ashanti","Amansie South",2019,114199.984465461
"1133","Central","Upper Denkyira West",2019,98246.5136699378
"1134","Central","Komenda-Edna-Eguafo-Abirem",2019,166567.440034173
"1135","Western North","Sefwi-Wiawso",2019,151650.713904443
"1136","Ahafo","Asunafo South",2019,93555.311513463
"1137","Bono East","Nkoranza South",2019,115216.00197424
"1138","Savannah","Bole",2019,116009.931433848
"1139","Eastern","Lower-Manya Krobo",2019,115404.017562
"1140","Bono East","Kintampo North",2019,132745.842163919
"1141","Bono East","Atebubu-Amanten",2019,145740.849273987
"1142","Northern","Kpandai",2019,89037.742003886
"1143","Oti","Nkwanta North",2019,123994.892331995
"1144","Oti","Biakoye",2019,71236.4993150057
"1145","Savannah","Central Gonja",2019,139537.22661113
"1146","Bono East","Pru West",2019,47395.5176274488
"1147","Northern","Savelugu",2019,121152.780537784
"1148","Northern","Karaga",2019,126512.918904727
"1149","Savannah","East Gonja",2019,160628.052012472
"1150","Volta","South Dayi",2019,56859.8467723252
"1151","Upper West","Wa East",2019,94463.263072392
"1152","Northern","Saboba",2019,96654.180696331
"1153","Northern","Gushiegu",2019,148559.714228723
"1154","Northern","Nanumba North",2019,161324.624817035
"1155","Northern","Nanumba South",2019,136297.953606742
"1156","Bono","Wenchi",2019,123998.669079962
"1157","Ahafo","Tano South",2019,87859.6246194243
"1158","Bono","Sunyani Municipal",2019,193907.649335592
"1159","Ashanti","Asante Akim South",2019,121397.198750483
"1160","Greater Accra","Ada East",2019,79057.3306072736
"1161","Greater Accra","Shai-Osudoku",2019,106893.493685241
"1162","Greater Accra","Ada West",2019,73341.0964777041
"1163","Greater Accra","Ningo Prampram",2019,215259.542147051
"1164","Bono East","Techiman North",2019,92872.2449683081
"1165","Bono","Banda",2019,28931.7249354431
"1166","Bono","Jaman North",2019,119038.994680014
"1167","Bono","Tain",2019,114562.40660095
"1168","Ashanti","Sekyere Kumawu",2019,63850.4134563189
"1169","Ashanti","Sekyere Afram Plains",2019,35297.3954649195
"1170","Ashanti","Asante Akim North",2019,85753.4389035059
"1171","Ashanti","Asante Akim Central",2019,92302.3432566226
"1172","Ashanti","Juaben",2019,60575.2445070893
"1173","Greater Accra","La-Dade-Kotopon",2019,142215.85489282
"1174","Western North","Aowin",2019,131644.377213886
"1175","Western North","Suaman",2019,39291.304699583
"1176","Western North","Bia East",2019,52881.0887863953
"1177","Western North","Bia West",2019,109527.448384978
"1178","Western North","Bodi",2019,65857.1998254899
"1179","Western North","Juaboso",2019,98691.8156711413
"1180","Western","Shama",2019,118759.787071118
"1181","Western","Wassa East",2019,102818.977793034
"1182","Western","Mpohor",2019,50415.9711414967
"1183","Western","Wassa Amenfi West",2019,132597.558150439
"1184","Western","Wassa Amenfi Central",2019,135535.984180493
"1185","Central","Mfantsiman",2019,157678.820155773
"1186","Central","Ekumfi",2019,73840.5470881425
"1187","Central","Twifo-Hemang Lower Denkyira",2019,67128.5674439222
"1188","Central","Twifo-Ati-Mokwa",2019,101186.876313914
"1189","Central","Awutu Senya",2019,165734.41256704
"1190","Greater Accra","La-Nkwantanang-Madina",2019,271294.357023917
"1191","Greater Accra","Ga East",2019,318715.906720106
"1192","Western","Wassa Amenfi East",2019,162436.446605543
"1193","Central","Gomoa Central",2019,67058.179794047
"1194","Central","Assin Foso",2019,80885.6955594979
"1195","Greater Accra","Ayawaso West",2019,96332.1537271813
"1196","Greater Accra","Ga West",2019,334719.937449509
"1197","Oti","Krachi West",2019,59164.4154520081
"1198","Oti","Krachi Nchumuru",2019,80317.7470851205
"1199","Volta","Agortime-Ziope",2019,39593.6823781189
"1200","Volta","Adaklu",2019,41390.3428022768
"1201","Volta","Akatsi South",2019,93709.8290815149
"1202","Volta","Akatsi North",2019,31590.1147958692
"1203","Volta","Ho",2019,176224.454450103
"1204","Volta","Hohoe",2019,114626.784410603
"1205","Volta","Ho West",2019,84844.8720975053
"1206","Volta","Afadjato South",2019,74777.4823384658
"1207","Volta","North Dayi",2019,37744.8116904516
"1208","Volta","Kpando",2019,59477.285739257
"1209","Volta","North Tongu",2019,112166.923413659
"1210","Volta","Central Tongu",2019,80126.0231465548
"1211","Eastern","Nsawam-Adoagyiri",2019,153095.419045525
"1212","Greater Accra","Ga Central",2019,283441.298988216
"1213","Eastern","Akwapim South",2019,58604.0277700499
"1214","Eastern","Denkyembour",2019,77695.9852319621
"1215","Eastern","Kwaebibirem",2019,121841.391858457
"1216","Eastern","Afram Plains South",2019,72771.2382158302
"1217","Eastern","Kwahu North",2019,67329.3029613728
"1218","Eastern","Suhum",2019,128856.652801378
"1219","Eastern","Ayensuano",2019,93151.8095648661
"1220","Eastern","East Akim - Abuakwa South",2019,74904.779200105
"1221","Eastern","Upper West Akim",2019,88578.8745956477
"1222","Eastern","West Akim",2019,125591.98099957
"1223","Bono","Dormaa West",2019,47266.2036684249
"1224","Upper West","Nadowli-Kaleo",2019,76975.1736841341
"1225","Upper West","Daffiama-Bussie-Issa",2019,39313.1798730474
"1226","Upper West","Lawra",2019,58612.7577945283
"1227","Upper West","Nandom",2019,53757.7850449644
"1228","Upper East","Talensi",2019,87602.0428181887
"1229","Upper East","Nabdam",2019,45041.0892265029
"1230","Upper East","Builsa South",2019,37295.4453482255
"1231","Upper East","Builsa North",2019,56426.0395664964
"1232","Upper East","Binduri",2019,70599.7479172423
"1233","Upper East","Pusiga",2019,80094.5931686293
"1234","Upper East","Bawku Municipal",2019,125204.540590964
"1235","Savannah","West Gonja",2019,65853.1720221071
"1236","Northern","Mion",2019,98602.3869630005
"1237","Northern","Yendi",2019,153118.454195501
"1238","Northern","Tolon",2019,124893.362182891
"1239","Northern","Kumbungu",2019,105733.186210163
"1240","Northern East","West Mamprusi",2019,177328.931314051
"1241","Northern East","Mamprugu-Moagduri",2019,68857.1031735437
"1242","Northern","Zabzugu",2019,83634.013791237
"1243","Northern","Tatale-Sangule",2019,75127.3455162495
"1244","Bono East","Sene East",2019,72010.6346976762
"1245","Bono East","Sene West",2019,71941.946678319
"1246","Ahafo","Asutifi North",2019,74822.6490082201
"1247","Ashanti","Ahafo Ano North",2019,91081.3609833345
"1248","Ahafo","Asutifi South",2019,72145.1026894525
"1249","Bono East","Techiman Municipal",2019,258757.169871327
"1250","Savannah","North Gonja",2019,61464.6381729171
"1251","Greater Accra","Tema West",2019,218428.695801578
"1252","Greater Accra","Ashaiman",2019,213995.993727334
"1253","Greater Accra","Kpone-Katamanso",2019,429959.249351677
"1254","Upper East","Tempane",2019,98047.6390906796
"1255","Upper East","Bolgatanga East",2019,43315.5804386586
"1256","Northern East","Bunkpurugu -Nakpanduri",2019,82906.3990477789
"1257","Savannah","North-East Gonja",2019,39205.6302893851
"1258","Northern","Nanton",2019,47413.319877563
"1259","Bono","Berekum West",2019,45049.8530407138
"1260","Bono East","Pru",2019,117023.03281599
"1261","Eastern","Fanteakwa South",2019,50814.2066002451
"1262","Eastern","New Juaben South",2019,139347.252826855
"1263","Eastern","Akwapim North",2019,99395.9571996201
"1264","Volta","Keta",2019,80407.9228992425
"1265","Ashanti","Adansi Akrofuom",2019,48643.1517037824
"1266","Ashanti","Adansi North",2019,53832.6226127539
"1267","Ashanti","Obuasi East",2019,107316.44463573
"1268","Ashanti","Amansie West",2019,108980.517744467
"1269","Ashanti","Atwima Nwabiagya North",2019,133514.521212107
"1270","Ashanti","Oforikrom",2019,216942.530651692
"1271","Ashanti","Old Tafo",2019,115929.292021751
"1272","Ashanti","Asokwa",2019,133020.071832515
"1273","Greater Accra","Ayawaso East",2019,52156.7552661896
"1274","Greater Accra","Ayawaso North",2019,64343.5747947693
"1275","Greater Accra","Ayawaso Central",2019,93779.1281070709
"1276","Ashanti","Kwadaso",2019,151957.896501742
"1277","Ashanti","Suame",2019,148559.256006718
"1278","Ashanti","Asokore Mampong",2019,186694.854433991
"1279","Ashanti","Afigya Kwabre South",2019,222977.473954104
"1280","Ashanti","Ejisu",2019,184146.842953647
"1281","Ashanti","Ahafo Ano South East",2019,58040.9294798486
"1282","Greater Accra","Korle-Klottey",2019,69618.9250271171
"1283","Greater Accra","Ablekuma West",2019,142777.302669048
"1284","Greater Accra","Ablekuma Central",2019,174108.830667734
"1285","Greater Accra","Krowor",2019,138486.606098995
"1286","Greater Accra","Ga North",2019,276171.304530725
"1287","Greater Accra","Weija-Gbawe",2019,204230.146861069
"1288","Greater Accra","Ablekuma North",2019,151675.296669006
"1289","Eastern","Birim south",2019,47944.3588335998
"1290","Eastern","Birim Central",2019,72119.8394659944
"1291","Eastern","Abuakwa North",2019,89300.638802262
"1292","Eastern","Atiwa East",2019,67488.7197146937
"1293","Central","Awutu Senya East",2019,226272.369750626
"1294","Oti","Kadjebi",2019,72059.0046358462
"1295","Ashanti","Kumasi",2019,462910.905750997
"1296","Greater Accra","Tema",2019,147656.382543482
"1297","Greater Accra","Ga South",2019,326912.87836914
"1298","Western","Sekondi-Takoradi",2019,241704.579461534
"1299","Western","Effia-Kwesimintsim",2019,179545.633785438
"1300","Northern","Sagnarigu",2019,287889.289074367
"1301","Northern","Tamale",2019,434991.402446998
"1302","Central","Cape Coast",2019,192063.053937692
"1303","Greater Accra","Accra Metro",2019,287762.151348298
"1304","Greater Accra","Okai Koi North",2019,159372.667979002
"1305","Oti","Guan District",2019,28231.7743465975
"1306","Greater Accra","Ledzokuku",2020,206115.425379924
"1307","Northern East","Chereponi",2020,89475.7687222566
"1308","Upper West","Wa Municipal",2020,204265.666446018
"1309","Upper West","Jirapa",2020,92226.5134744365
"1310","Upper West","Sissala West",2020,65178.4883397641
"1311","Upper West","Lambussie",2020,49833.6466195565
"1312","Upper East","Bolgatanga Municipal",2020,142169.944598691
"1313","Upper East","Bongo",2020,124093.646550113
"1314","Upper East","Kasena-Nankana West",2020,83113.6248711403
"1315","Upper West","Wa West",2020,92149.4967652885
"1316","Savannah","Sawla-Tuna-Kalba",2020,118858.821649694
"1317","Upper West","Sissala East",2020,82624.7468675151
"1318","Upper East","Kasena-Nankana",2020,109347.636738855
"1319","Northern East","Yunyoo-Nasuan",2020,59275.9606243744
"1320","Upper East","Garu",2020,60891.0084734131
"1321","Northern East","East Mamprusi",2020,191543.660149298
"1322","Upper East","Bawku West",2020,146714.077593572
"1323","Bono","Dormaa East",2020,67616.2587796729
"1324","Bono","Berekum",2020,111388.095166847
"1325","Bono","Jaman South",2020,111756.749359271
"1326","Bono","Sunyani West",2020,140860.096535236
"1327","Ahafo","Asunafo North",2020,153983.227673334
"1328","Bono East","Nkoranza North",2020,57396.2226617038
"1329","Bono East","Kintampo South",2020,100300.102807025
"1330","Ahafo","Tano North",2020,96075.1909490759
"1331","Volta","Ketu North",2020,110759.395306218
"1332","Volta","Ketu South",2020,259105.081673858
"1333","Volta","Anloga",2020,95925.3364491928
"1334","Volta","South Tongu",2020,111901.082132158
"1335","Oti","Jasikan",2020,60216.9129372519
"1336","Oti","Krachi East",2020,122337.68683296
"1337","Oti","Nkwanta South",2020,142874.98334871
"1338","Ashanti","Afigya Kwabre North",2020,66980.9810816068
"1339","Ashanti","Atwima Kwanwoma",2020,210474.760909934
"1340","Ashanti","Sekyere South",2020,123982.769795028
"1341","Ashanti","Sekyere East",2020,79758.6438627942
"1342","Ashanti","Sekyere Central",2020,70970.1177720129
"1343","Ashanti","Offinso North",2020,79372.3126439396
"1344","Ashanti","Offinso",2020,141304.227443727
"1345","Greater Accra","Adentan",2020,213198.097075412
"1346","Bono","Dormaa Municipal",2020,115447.790447773
"1347","Ashanti","Ahafo Ano South West",2020,73992.468992224
"1348","Ashanti","Bekwai",2020,142717.044015463
"1349","Ashanti","Bosomtwe",2020,163463.492286434
"1350","Central","Ajumako-Enyan-Essiam",2020,123502.136789391
"1351","Central","Gomoa West",2020,132114.604120636
"1352","Ashanti","Obuasi",2020,96358.3381888624
"1353","Ashanti","Kwabre East",2020,295535.777458787
"1354","Ashanti","Ejura-Sekyedumase",2020,141099.698909862
"1355","Ashanti","Atwima Nwabiagya",2020,223406.807414308
"1356","Ashanti","Atwima Mponua",2020,157389.586226244
"1357","Ashanti","Adansi South",2020,87013.0230519585
"1358","Ashanti","Adansi Asokwa",2020,74263.9418103397
"1359","Ashanti","Bosome Freho",2020,63289.8114546165
"1360","Ashanti","Asante Mampong",2020,118911.892737311
"1361","Central","Agona West",2020,132337.774991971
"1362","Central","Agona East",2020,111204.518783333
"1363","Central","Assin North",2020,94131.4346556515
"1364","Central","Assin South",2020,106922.910710327
"1365","Central","Asikuma-Odoben-Brakwa",2020,132379.037423288
"1366","Central","Efutu",2020,101057.736542897
"1367","Central","Gomoa East",2020,368038.547419663
"1368","Central","Abura-Asebu-Kwamankese",2020,119287.506255567
"1369","Western","Jomoro",2020,129605.014508951
"1370","Western","Ellembelle",2020,123546.865580075
"1371","Western","Prestea-Huni Valley",2020,236660.310757127
"1372","Western","Ahanta West",2020,156522.065421768
"1373","Western","Nzema East",2020,99776.8181233089
"1374","Western","Tarkwa-Nsuaem",2020,221049.54372984
"1375","Western North","Sefwi-Akontombra",2020,69196.7648817627
"1376","Eastern","Akyemansa",2020,93506.0171319414
"1377","Eastern","Kwahu South",2020,96677.3305913135
"1378","Eastern","Asene Manso Akroso",2020,77790.0458988696
"1379","Eastern","Upper Manya-Krobo",2020,73409.6513049062
"1380","Eastern","Achiase",2020,48558.5652518962
"1381","Eastern","Okere",2020,52641.5453656539
"1382","Eastern","Yilo-Krobo",2020,128842.618391087
"1383","Eastern","Atiwa West",2020,61450.4972329196
"1384","Eastern","New Juaben North",2020,86943.8653239608
"1385","Eastern","Fanteakwa North",2020,62393.5288914759
"1386","Eastern","Birim North",2020,84309.4491866045
"1387","Eastern","Asuogyaman",2020,105051.641994444
"1388","Eastern","Kwahu East",2020,72457.7696106853
"1389","Eastern","Kwahu West",2020,145857.856399994
"1390","Western North","Bibiani-Anhwiaso-Bekwai",2020,170844.693184149
"1391","Central","Upper Denkyira East",2020,105452.330170964
"1392","Ashanti","Amansie Central",2020,93497.3926370535
"1393","Ashanti","Amansie South",2020,116485.368123376
"1394","Central","Upper Denkyira West",2020,100195.592695385
"1395","Central","Komenda-Edna-Eguafo-Abirem",2020,169914.334720219
"1396","Western North","Sefwi-Wiawso",2020,154692.878844367
"1397","Ahafo","Asunafo South",2020,95429.6066581961
"1398","Bono East","Nkoranza South",2020,117525.452614211
"1399","Savannah","Bole",2020,118333.932227327
"1400","Eastern","Lower-Manya Krobo",2020,117720.957047024
"1401","Bono East","Kintampo North",2020,135382.7780561
"1402","Bono East","Atebubu-Amanten",2020,148661.081899544
"1403","Northern","Kpandai",2020,90924.7584951762
"1404","Oti","Nkwanta North",2020,126498.118658522
"1405","Oti","Biakoye",2020,72672.6132607129
"1406","Savannah","Central Gonja",2020,142381.631700438
"1407","Bono East","Pru West",2020,48336.2832777193
"1408","Northern","Savelugu",2020,123637.308329804
"1409","Northern","Karaga",2020,128988.88032946
"1410","Savannah","East Gonja",2020,163696.59675157
"1411","Volta","South Dayi",2020,58003.7302807402
"1412","Upper West","Wa East",2020,96364.4408168001
"1413","Northern","Saboba",2020,98595.529737846
"1414","Northern","Gushiegu",2020,151534.596424436
"1415","Northern","Nanumba North",2020,164598.987990735
"1416","Northern","Nanumba South",2020,138991.496160404
"1417","Bono","Wenchi",2020,126476.222141982
"1418","Ahafo","Tano South",2020,89625.2892151698
"1419","Bono","Sunyani Municipal",2020,197804.977450398
"1420","Ashanti","Asante Akim South",2020,123823.425433164
"1421","Greater Accra","Ada East",2020,80639.6791571965
"1422","Greater Accra","Shai-Osudoku",2020,109034.980301997
"1423","Greater Accra","Ada West",2020,74805.3978371657
"1424","Greater Accra","Ningo Prampram",2020,219548.176045504
"1425","Bono East","Techiman North",2020,94766.5196654657
"1426","Bono","Banda",2020,29505.5892625852
"1427","Bono","Jaman North",2020,121426.129918352
"1428","Bono","Tain",2020,116865.996565863
"1429","Ashanti","Sekyere Kumawu",2020,65131.8254596908
"1430","Ashanti","Sekyere Afram Plains",2020,36004.209361014
"1431","Ashanti","Asante Akim North",2020,87474.2375726765
"1432","Ashanti","Asante Akim Central",2020,94152.6684834836
"1433","Ashanti","Juaben",2020,61781.8069063528
"1434","Greater Accra","La-Dade-Kotopon",2020,145065.08598418
"1435","Western North","Aowin",2020,134279.650114858
"1436","Western North","Suaman",2020,40076.8354486469
"1437","Western North","Bia East",2020,53940.3721417096
"1438","Western North","Bia West",2020,111752.541969219
"1439","Western North","Bodi",2020,67180.058338291
"1440","Western North","Juaboso",2020,100636.721897075
"1441","Western","Shama",2020,121149.642116649
"1442","Western","Wassa East",2020,104873.602257737
"1443","Western","Mpohor",2020,51424.6305836048
"1444","Western","Wassa Amenfi West",2020,135245.264422631
"1445","Western","Wassa Amenfi Central",2020,138207.150402024
"1446","Central","Mfantsiman",2020,160827.288572952
"1447","Central","Ekumfi",2020,75333.9608483287
"1448","Central","Twifo-Hemang Lower Denkyira",2020,68476.6173318345
"1449","Central","Twifo-Ati-Mokwa",2020,103207.125644503
"1450","Central","Awutu Senya",2020,169064.68914343
"1451","Greater Accra","La-Nkwantanang-Madina",2020,276712.727689479
"1452","Greater Accra","Ga East",2020,325147.256813815
"1453","Western","Wassa Amenfi East",2020,165740.97795859
"1454","Central","Gomoa Central",2020,68413.2614366524
"1455","Central","Assin Foso",2020,82555.6673683757
"1456","Greater Accra","Ayawaso West",2020,98228.4928154144
"1457","Greater Accra","Ga West",2020,341531.09834384
"1458","Oti","Krachi West",2020,60353.3455990814
"1459","Oti","Krachi Nchumuru",2020,81928.7387036122
"1460","Volta","Agortime-Ziope",2020,40390.2499738149
"1461","Volta","Adaklu",2020,42223.0314722005
"1462","Volta","Akatsi South",2020,95585.6487225583
"1463","Volta","Akatsi North",2020,32222.6839764472
"1464","Volta","Ho",2020,179751.671201812
"1465","Volta","Hohoe",2020,116926.28967364
"1466","Volta","Ho West",2020,86542.7432606826
"1467","Volta","Afadjato South",2020,76276.4164725672
"1468","Volta","North Dayi",2020,38501.5055145884
"1469","Volta","Kpando",2020,60670.3015143434
"1470","Volta","North Tongu",2020,114411.84156092
"1471","Volta","Central Tongu",2020,81729.4362043291
"1472","Eastern","Nsawam-Adoagyiri",2020,156165.495695207
"1473","Greater Accra","Ga Central",2020,289330.935843386
"1474","Eastern","Akwapim South",2020,59742.5474851765
"1475","Eastern","Denkyembour",2020,79256.230208518
"1476","Eastern","Kwaebibirem",2020,124285.016009388
"1477","Eastern","Afram Plains South",2020,74229.6117231036
"1478","Eastern","Kwahu North",2020,68680.6510784922
"1479","Eastern","Suhum",2020,131432.039782308
"1480","Eastern","Ayensuano",2020,95024.9431430306
"1481","Eastern","East Akim - Abuakwa South",2020,76412.5896063372
"1482","Eastern","Upper West Akim",2020,90355.8375750054
"1483","Eastern","West Akim",2020,128113.406179118
"1484","Bono","Dormaa West",2020,48218.9302928913
"1485","Upper West","Nadowli-Kaleo",2020,78517.4767259909
"1486","Upper West","Daffiama-Bussie-Issa",2020,40104.3075585067
"1487","Upper West","Lawra",2020,59787.7413471909
"1488","Upper West","Nandom",2020,54838.6801291257
"1489","Upper East","Talensi",2020,89371.0920197023
"1490","Upper East","Nabdam",2020,45921.8280385174
"1491","Upper East","Builsa South",2020,38033.0862347577
"1492","Upper East","Builsa North",2020,57566.6907143637
"1493","Upper East","Binduri",2020,72032.2397380937
"1494","Upper East","Pusiga",2020,81704.0603456199
"1495","Upper East","Bawku Municipal",2020,127694.8647881
"1496","Savannah","West Gonja",2020,67151.2400019118
"1497","Northern","Mion",2020,100536.797240465
"1498","Northern","Yendi",2020,156236.894384793
"1499","Northern","Tolon",2020,127322.102517116
"1500","Northern","Kumbungu",2020,107875.377385292
"1501","Northern East","West Mamprusi",2020,180884.963460403
"1502","Northern East","Mamprugu-Moagduri",2020,70240.5998765491
"1503","Northern","Zabzugu",2020,85292.2800717633
"1504","Northern","Tatale-Sangule",2020,76645.9118336253
"1505","Bono East","Sene East",2020,73435.9195474507
"1506","Bono East","Sene West",2020,73379.8912458559
"1507","Ahafo","Asutifi North",2020,76311.2878040168
"1508","Ashanti","Ahafo Ano North",2020,92903.6435756143
"1509","Ahafo","Asutifi South",2020,73592.7711936533
"1510","Bono East","Techiman Municipal",2020,263937.670137688
"1511","Savannah","North Gonja",2020,62700.542224667
"1512","Greater Accra","Tema West",2020,222764.58681725
"1513","Greater Accra","Ashaiman",2020,218304.357267708
"1514","Greater Accra","Kpone-Katamanso",2020,438672.337794688
"1515","Upper East","Tempane",2020,100054.058596315
"1516","Upper East","Bolgatanga East",2020,44186.5837943032
"1517","Northern East","Bunkpurugu -Nakpanduri",2020,84561.9480860513
"1518","Savannah","North-East Gonja",2020,39988.9523196369
"1519","Northern","Nanton",2020,48358.8016190995
"1520","Bono","Berekum West",2020,45955.74002699
"1521","Bono East","Pru",2020,119440.69080955
"1522","Eastern","Fanteakwa South",2020,51871.0684485137
"1523","Eastern","New Juaben South",2020,142126.929626184
"1524","Eastern","Akwapim North",2020,101399.3193886
"1525","Volta","Keta",2020,82026.1473343335
"1526","Ashanti","Adansi Akrofuom",2020,49624.03420767
"1527","Ashanti","Adansi North",2020,54912.8275959305
"1528","Ashanti","Obuasi East",2020,109470.117528183
"1529","Ashanti","Amansie West",2020,111173.603962425
"1530","Ashanti","Atwima Nwabiagya North",2020,136203.386160867
"1531","Ashanti","Oforikrom",2020,221294.215428665
"1532","Ashanti","Old Tafo",2020,118230.596699715
"1533","Ashanti","Asokwa",2020,135637.036468364
"1534","Greater Accra","Ayawaso East",2020,53200.1226329803
"1535","Greater Accra","Ayawaso North",2020,65636.5158519745
"1536","Greater Accra","Ayawaso Central",2020,95664.1603889465
"1537","Ashanti","Kwadaso",2020,154991.257350016
"1538","Ashanti","Suame",2020,151545.460134983
"1539","Ashanti","Asokore Mampong",2020,190421.758539811
"1540","Ashanti","Afigya Kwabre South",2020,227460.563315
"1541","Ashanti","Ejisu",2020,187885.600449705
"1542","Ashanti","Ahafo Ano South East",2020,59200.0878455844
"1543","Greater Accra","Korle-Klottey",2020,71012.0839672387
"1544","Greater Accra","Ablekuma West",2020,145592.184969902
"1545","Greater Accra","Ablekuma Central",2020,177589.838000059
"1546","Greater Accra","Krowor",2020,141252.297285795
"1547","Greater Accra","Ga North",2020,281550.954485809
"1548","Greater Accra","Weija-Gbawe",2020,208231.500158667
"1549","Greater Accra","Ablekuma North",2020,154709.003013611
"1550","Eastern","Birim south",2020,48914.5951783219
"1551","Eastern","Birim Central",2020,73566.2187981233
"1552","Eastern","Abuakwa North",2020,91090.5259481501
"1553","Eastern","Atiwa East",2020,68824.8134817351
"1554","Central","Awutu Senya East",2020,230845.286560703
"1555","Oti","Kadjebi",2020,73512.6215823162
"1556","Ashanti","Kumasi",2020,472147.76365589
"1557","Greater Accra","Tema",2020,150614.115419257
"1558","Greater Accra","Ga South",2020,333451.569407812
"1559","Western","Sekondi-Takoradi",2020,246533.516519229
"1560","Western","Effia-Kwesimintsim",2020,183164.384652764
"1561","Northern","Sagnarigu",2020,293814.282508552
"1562","Northern","Tamale",2020,443612.840221643
"1563","Central","Cape Coast",2020,195889.660385795
"1564","Greater Accra","Accra Metro",2020,293540.708349505
"1565","Greater Accra","Okai Koi North",2020,162555.483348727
"1566","Oti","Guan District",2020,28798.4302814398
"1567","Greater Accra","Ledzokuku",2021,210276.599988952
"1568","Northern East","Chereponi",2021,91281.4336847868
"1569","Upper West","Wa Municipal",2021,208404.894879117
"1570","Upper West","Jirapa",2021,94087.0704324264
"1571","Upper West","Sissala West",2021,66495.511667477
"1572","Upper West","Lambussie",2021,50834.3438615575
"1573","Upper East","Bolgatanga Municipal",2021,145022.809472981
"1574","Upper East","Bongo",2021,126617.310282884
"1575","Upper East","Kasena-Nankana West",2021,84780.3983495329
"1576","Upper West","Wa West",2021,93997.2855645688
"1577","Savannah","Sawla-Tuna-Kalba",2021,121252.008292371
"1578","Upper West","Sissala East",2021,84293.1717362236
"1579","Upper East","Kasena-Nankana",2021,111566.725126361
"1580","Northern East","Yunyoo-Nasuan",2021,60452.1985907741
"1581","Upper East","Garu",2021,62120.1412667679
"1582","Northern East","East Mamprusi",2021,195427.43780805
"1583","Upper East","Bawku West",2021,149675.432731816
"1584","Bono","Dormaa East",2021,68995.1056391392
"1585","Bono","Berekum",2021,113647.153445078
"1586","Bono","Jaman South",2021,114004.760926267
"1587","Bono","Sunyani West",2021,143696.331735469
"1588","Ahafo","Asunafo North",2021,157091.965153796
"1589","Bono East","Nkoranza North",2021,58551.3042451059
"1590","Bono East","Kintampo South",2021,102358.855558051
"1591","Ahafo","Tano North",2021,98011.9184769867
"1592","Volta","Ketu North",2021,112997.041666441
"1593","Volta","Ketu South",2021,264336.222305092
"1594","Volta","Anloga",2021,97862.1652115588
"1595","Volta","South Tongu",2021,114161.511660262
"1596","Oti","Jasikan",2021,61423.8139160629
"1597","Oti","Krachi East",2021,124803.299948821
"1598","Oti","Nkwanta South",2021,145747.428594319
"1599","Ashanti","Afigya Kwabre North",2021,68312.699087888
"1600","Ashanti","Atwima Kwanwoma",2021,214774.239872532
"1601","Ashanti","Sekyere South",2021,126490.045830723
"1602","Ashanti","Sekyere East",2021,81377.3791814316
"1603","Ashanti","Sekyere Central",2021,72400.4270194918
"1604","Ashanti","Offinso North",2021,80966.4087462788
"1605","Ashanti","Offinso",2021,144151.427380596
"1606","Greater Accra","Adentan",2021,217490.798394681
"1607","Bono","Dormaa Municipal",2021,117774.731474822
"1608","Ashanti","Ahafo Ano South West",2021,75470.7818453591
"1609","Ashanti","Bekwai",2021,145604.258218268
"1610","Ashanti","Bosomtwe",2021,166780.283791509
"1611","Central","Ajumako-Enyan-Essiam",2021,126003.947750675
"1612","Central","Gomoa West",2021,134777.864900718
"1613","Ashanti","Obuasi",2021,98300.6236547288
"1614","Ashanti","Kwabre East",2021,301541.947332138
"1615","Ashanti","Ejura-Sekyedumase",2021,143946.140222264
"1616","Ashanti","Atwima Nwabiagya",2021,227969.329968131
"1617","Ashanti","Atwima Mponua",2021,160551.591845734
"1618","Ashanti","Adansi South",2021,88769.3629576601
"1619","Ashanti","Adansi Asokwa",2021,75760.1372409575
"1620","Ashanti","Bosome Freho",2021,64570.5781281497
"1621","Ashanti","Asante Mampong",2021,121313.904266232
"1622","Central","Agona West",2021,134962.075189078
"1623","Central","Agona East",2021,113475.359015238
"1624","Central","Assin North",2021,96001.9506945871
"1625","Central","Assin South",2021,109076.88597266
"1626","Central","Asikuma-Odoben-Brakwa",2021,135037.44573932
"1627","Central","Efutu",2021,103087.511756953
"1628","Central","Gomoa East",2021,375489.612188743
"1629","Central","Abura-Asebu-Kwamankese",2021,121694.792164089
"1630","Western","Jomoro",2021,132223.289674126
"1631","Western","Ellembelle",2021,126043.487707153
"1632","Western","Prestea-Huni Valley",2021,241423.958408502
"1633","Western","Ahanta West",2021,159685.344998888
"1634","Western","Nzema East",2021,101776.061616665
"1635","Western","Tarkwa-Nsuaem",2021,225529.850062151
"1636","Western North","Sefwi-Akontombra",2021,70605.1374239083
"1637","Eastern","Akyemansa",2021,95393.1480100974
"1638","Eastern","Kwahu South",2021,98634.5533317178
"1639","Eastern","Asene Manso Akroso",2021,79360.6789876781
"1640","Eastern","Upper Manya-Krobo",2021,74891.4344168371
"1641","Eastern","Achiase",2021,49516.7134869043
"1642","Eastern","Okere",2021,53720.5066110827
"1643","Eastern","Yilo-Krobo",2021,131459.555108596
"1644","Eastern","Atiwa West",2021,62700.2017915938
"1645","Eastern","New Juaben North",2021,88716.505828239
"1646","Eastern","Fanteakwa North",2021,63617.2777366731
"1647","Eastern","Birim North",2021,86015.7994917873
"1648","Eastern","Asuogyaman",2021,107173.172777752
"1649","Eastern","Kwahu East",2021,73912.1746807098
"1650","Eastern","Kwahu West",2021,148801.551031725
"1651","Western North","Bibiani-Anhwiaso-Bekwai",2021,174298.774056375
"1652","Central","Upper Denkyira East",2021,107598.509994622
"1653","Ashanti","Amansie Central",2021,95386.5567965172
"1654","Ashanti","Amansie South",2021,118830.448253991
"1655","Central","Upper Denkyira West",2021,102203.431810575
"1656","Central","Komenda-Edna-Eguafo-Abirem",2021,173349.012501944
"1657","Western North","Sefwi-Wiawso",2021,157817.171379592
"1658","Ahafo","Asunafo South",2021,97352.8381270654
"1659","Bono East","Nkoranza South",2021,119897.421442624
"1660","Savannah","Bole",2021,120719.152931808
"1661","Eastern","Lower-Manya Krobo",2021,120084.828831683
"1662","Bono East","Kintampo North",2021,138071.31086331
"1663","Bono East","Atebubu-Amanten",2021,151659.413878919
"1664","Northern","Kpandai",2021,92865.0450433809
"1665","Oti","Nkwanta North",2021,129065.994986169
"1666","Oti","Biakoye",2021,74148.5799974287
"1667","Savannah","Central Gonja",2021,145294.769831831
"1668","Bono East","Pru West",2021,49322.8683223166
"1669","Northern","Savelugu",2021,126178.956358504
"1670","Northern","Karaga",2021,131537.359085789
"1671","Savannah","East Gonja",2021,166846.834246283
"1672","Volta","South Dayi",2021,59174.3540117647
"1673","Upper West","Wa East",2021,98309.8415769003
"1674","Northern","Saboba",2021,100591.029187607
"1675","Northern","Gushiegu",2021,154580.588972636
"1676","Northern","Nanumba North",2021,167934.839041049
"1677","Northern","Nanumba South",2021,141787.366795229
"1678","Bono","Wenchi",2021,129015.662754559
"1679","Ahafo","Tano South",2021,91439.9090157896
"1680","Bono","Sunyani Municipal",2021,201806.12097792
"1681","Ashanti","Asante Akim South",2021,126320.097262494
"1682","Greater Accra","Ada East",2021,82268.1447390183
"1683","Greater Accra","Shai-Osudoku",2021,111237.391024422
"1684","Greater Accra","Ada West",2021,76309.7195044644
"1685","Greater Accra","Ningo Prampram",2021,223970.49898226
"1686","Bono East","Techiman North",2021,96635.5589245269
"1687","Bono","Banda",2021,30094.8015185501
"1688","Bono","Jaman North",2021,123875.945617037
"1689","Bono","Tain",2021,119230.790840527
"1690","Ashanti","Sekyere Kumawu",2021,66436.3960126117
"1691","Ashanti","Sekyere Afram Plains",2021,36726.528908385
"1692","Ashanti","Asante Akim North",2021,89240.5242606308
"1693","Ashanti","Asante Akim Central",2021,96055.462597806
"1694","Ashanti","Juaben",2021,63016.0550363958
"1695","Greater Accra","La-Dade-Kotopon",2021,147995.805509165
"1696","Western North","Aowin",2021,136986.09664649
"1697","Western North","Suaman",2021,40878.9513534792
"1698","Western North","Bia East",2021,55029.1242552092
"1699","Western North","Bia West",2021,114032.447355293
"1700","Western North","Bodi",2021,68542.4361613467
"1701","Western North","Juaboso",2021,102637.203636397
"1702","Western","Shama",2021,123598.638940196
"1703","Western","Wassa East",2021,106982.347409902
"1704","Western","Mpohor",2021,52466.0625908989
"1705","Western","Wassa Amenfi West",2021,137968.386547502
"1706","Western","Wassa Amenfi Central",2021,140951.209792156
"1707","Central","Mfantsiman",2021,164042.716396309
"1708","Central","Ekumfi",2021,76895.7130940491
"1709","Central","Twifo-Hemang Lower Denkyira",2021,69862.8462040611
"1710","Central","Twifo-Ati-Mokwa",2021,105282.525441309
"1711","Central","Awutu Senya",2021,172495.749135802
"1712","Greater Accra","La-Nkwantanang-Madina",2021,282282.255856348
"1713","Greater Accra","Ga East",2021,331759.48717453
"1714","Western","Wassa Amenfi East",2021,169128.142702926
"1715","Central","Gomoa Central",2021,69779.4046201669
"1716","Central","Assin Foso",2021,84263.7314210609
"1717","Greater Accra","Ayawaso West",2021,100216.620870093
"1718","Greater Accra","Ga West",2021,348569.262727913
"1719","Oti","Krachi West",2021,61571.9647629755
"1720","Oti","Krachi Nchumuru",2021,83582.6700025685
"1721","Volta","Agortime-Ziope",2021,41209.8310039397
"1722","Volta","Adaklu",2021,43078.1551403981
"1723","Volta","Akatsi South",2021,97513.675154727
"1724","Volta","Akatsi North",2021,32870.2515602876
"1725","Volta","Ho",2021,183367.119679496
"1726","Volta","Hohoe",2021,119287.363428786
"1727","Volta","Ho West",2021,88293.3639002796
"1728","Volta","Afadjato South",2021,77819.5811342988
"1729","Volta","North Dayi",2021,39275.5016576252
"1730","Volta","Kpando",2021,61896.592930926
"1731","Volta","North Tongu",2021,116720.082655162
"1732","Volta","Central Tongu",2021,83375.5607211888
"1733","Eastern","Nsawam-Adoagyiri",2021,159315.962835908
"1734","Greater Accra","Ga Central",2021,295371.471180561
"1735","Eastern","Akwapim South",2021,60897.825456759
"1736","Eastern","Denkyembour",2021,80858.2038709186
"1737","Eastern","Kwaebibirem",2021,126792.522852637
"1738","Eastern","Afram Plains South",2021,75729.8369843615
"1739","Eastern","Kwahu North",2021,70068.456061143
"1740","Eastern","Suhum",2021,134081.640892211
"1741","Eastern","Ayensuano",2021,96945.5391108748
"1742","Eastern","East Akim - Abuakwa South",2021,77963.0651128311
"1743","Eastern","Upper West Akim",2021,92176.547954414
"1744","Eastern","West Akim",2021,130705.577557003
"1745","Bono","Dormaa West",2021,49197.2671357431
"1746","Upper West","Nadowli-Kaleo",2021,80103.3496208163
"1747","Upper West","Daffiama-Bussie-Issa",2021,40915.7254773127
"1748","Upper West","Lawra",2021,60995.7686318262
"1749","Upper West","Nandom",2021,55950.3060769793
"1750","Upper East","Talensi",2021,91195.3225833196
"1751","Upper East","Nabdam",2021,46826.362482246
"1752","Upper East","Builsa South",2021,38789.7069479758
"1753","Upper East","Builsa North",2021,58738.4979152349
"1754","Upper East","Binduri",2021,73508.3570493739
"1755","Upper East","Pusiga",2021,83354.1764633339
"1756","Upper East","Bawku Municipal",2021,130248.551259683
"1757","Savannah","West Gonja",2021,68488.5455838321
"1758","Northern","Mion",2021,102519.623127891
"1759","Northern","Yendi",2021,159436.38970618
"1760","Northern","Tolon",2021,129819.100701649
"1761","Northern","Kumbungu",2021,110068.810208603
"1762","Northern East","West Mamprusi",2021,184537.551365728
"1763","Northern East","Mamprugu-Moagduri",2021,71661.2485509589
"1764","Northern","Zabzugu",2021,86997.5933829788
"1765","Northern","Tatale-Sangule",2021,78202.6585437171
"1766","Bono East","Sene East",2021,74909.1612208402
"1767","Bono East","Sene West",2021,74854.0052649393
"1768","Ahafo","Asutifi North",2021,77840.3004701771
"1769","Ashanti","Ahafo Ano North",2021,94771.5578212105
"1770","Ahafo","Asutifi South",2021,75079.6855252823
"1771","Bono East","Techiman Municipal",2021,269329.97009316
"1772","Savannah","North Gonja",2021,63969.4834919013
"1773","Greater Accra","Tema West",2021,227266.664702551
"1774","Greater Accra","Ashaiman",2021,222693.244188614
"1775","Greater Accra","Kpone-Katamanso",2021,447595.627048319
"1776","Upper East","Tempane",2021,102074.122916525
"1777","Upper East","Bolgatanga East",2021,45078.2711305227
"1778","Northern East","Bunkpurugu -Nakpanduri",2021,86262.4380101897
"1779","Savannah","North-East Gonja",2021,40791.7397759035
"1780","Northern","Nanton",2021,49336.4140493274
"1781","Bono","Berekum West",2021,46882.037998395
"1782","Bono East","Pru",2021,121904.948887217
"1783","Eastern","Fanteakwa South",2021,52948.6505692918
"1784","Eastern","New Juaben South",2021,144993.445732158
"1785","Eastern","Akwapim North",2021,103420.578483433
"1786","Volta","Keta",2021,83672.7470912943
"1787","Ashanti","Adansi Akrofuom",2021,50627.6283066329
"1788","Ashanti","Adansi North",2021,56018.0199025273
"1789","Ashanti","Obuasi East",2021,111681.906875532
"1790","Ashanti","Amansie West",2021,113414.412576681
"1791","Ashanti","Atwima Nwabiagya North",2021,138944.146373283
"1792","Ashanti","Oforikrom",2021,225755.214935098
"1793","Ashanti","Old Tafo",2021,120563.676093578
"1794","Ashanti","Asokwa",2021,138345.664374974
"1795","Greater Accra","Ayawaso East",2021,54273.8873338699
"1796","Greater Accra","Ayawaso North",2021,66961.477230072
"1797","Greater Accra","Ayawaso Central",2021,97593.8635034561
"1798","Ashanti","Kwadaso",2021,158089.480752327
"1799","Ashanti","Suame",2021,154603.15177536
"1800","Ashanti","Asokore Mampong",2021,194255.483611852
"1801","Ashanti","Afigya Kwabre South",2021,232072.977856999
"1802","Ashanti","Ejisu",2021,191735.861466997
"1803","Ashanti","Ahafo Ano South East",2021,60408.6168669239
"1804","Greater Accra","Korle-Klottey",2021,72446.8368372917
"1805","Greater Accra","Ablekuma West",2021,148508.426645756
"1806","Greater Accra","Ablekuma Central",2021,181174.011816859
"1807","Greater Accra","Krowor",2021,144086.041472271
"1808","Greater Accra","Ga North",2021,287063.719608475
"1809","Greater Accra","Weija-Gbawe",2021,212329.383484276
"1810","Greater Accra","Ablekuma North",2021,157835.786216736
"1811","Eastern","Birim south",2021,49931.4923513643
"1812","Eastern","Birim Central",2021,75044.7055123597
"1813","Eastern","Abuakwa North",2021,92919.4803475738
"1814","Eastern","Atiwa East",2021,70201.7620469946
"1815","Central","Awutu Senya East",2021,235517.639770329
"1816","Oti","Kadjebi",2021,75001.9320379533
"1817","Ashanti","Kumasi",2021,481621.3874029
"1818","Greater Accra","Tema",2021,153636.698290184
"1819","Greater Accra","Ga South",2021,340165.254920641
"1820","Western","Sekondi-Takoradi",2021,251487.157053512
"1821","Western","Effia-Kwesimintsim",2021,186884.061077915
"1822","Northern","Sagnarigu",2021,299902.802350122
"1823","Northern","Tamale",2021,452469.370623653
"1824","Central","Cape Coast",2021,199830.804293893
"1825","Greater Accra","Accra Metro",2021,299466.338589478
"1826","Greater Accra","Okai Koi North",2021,165787.366220593
"1827","Oti","Guan District",2021,29379.9671467189
"1828","Greater Accra","Ledzokuku",2022,214347.451731689
"1829","Northern East","Chereponi",2022,93050.8572085667
"1830","Upper West","Wa Municipal",2022,212462.436121753
"1831","Upper West","Jirapa",2022,95911.1455215765
"1832","Upper West","Sissala West",2022,67786.4633786418
"1833","Upper West","Lambussie",2022,51816.5281176688
"1834","Upper East","Bolgatanga Municipal",2022,147828.848055213
"1835","Upper East","Bongo",2022,129084.442787232
"1836","Upper East","Kasena-Nankana West",2022,86429.8339634668
"1837","Upper West","Wa West",2022,95801.8567622434
"1838","Savannah","Sawla-Tuna-Kalba",2022,123595.420778506
"1839","Upper West","Sissala East",2022,85928.7368985601
"1840","Upper East","Kasena-Nankana",2022,113727.883351036
"1841","Northern East","Yunyoo-Nasuan",2022,61601.4210895225
"1842","Upper East","Garu",2022,63312.8632912268
"1843","Northern East","East Mamprusi",2022,199236.654828475
"1844","Upper East","Bawku West",2022,152578.211052794
"1845","Bono","Dormaa East",2022,70349.0007611467
"1846","Bono","Berekum",2022,115861.060184099
"1847","Bono","Jaman South",2022,116206.487035993
"1848","Bono","Sunyani West",2022,146462.438519144
"1849","Ahafo","Asunafo North",2022,160140.510597101
"1850","Bono East","Nkoranza North",2022,59682.8256082041
"1851","Bono East","Kintampo South",2022,104392.483017658
"1852","Ahafo","Tano North",2022,99910.0630632611
"1853","Volta","Ketu North",2022,115192.017145603
"1854","Volta","Ketu South",2022,269461.40060306
"1855","Volta","Anloga",2022,99758.5517464522
"1856","Volta","South Tongu",2022,116380.984406787
"1857","Oti","Jasikan",2022,62603.5479575191
"1858","Oti","Krachi East",2022,127204.845172792
"1859","Oti","Nkwanta South",2022,148564.379395204
"1860","Ashanti","Afigya Kwabre North",2022,69604.1882312186
"1861","Ashanti","Atwima Kwanwoma",2022,218999.712003147
"1862","Ashanti","Sekyere South",2022,128948.036791146
"1863","Ashanti","Sekyere East",2022,82972.0211846028
"1864","Ashanti","Sekyere Central",2022,73796.2602129523
"1865","Ashanti","Offinso North",2022,82529.6076083938
"1866","Ashanti","Offinso",2022,146942.30532377
"1867","Greater Accra","Adentan",2022,221710.63867561
"1868","Bono","Dormaa Municipal",2022,120057.08317193
"1869","Ashanti","Ahafo Ano South West",2022,76925.602336593
"1870","Ashanti","Bekwai",2022,148440.440957089
"1871","Ashanti","Bosomtwe",2022,170020.360319556
"1872","Central","Ajumako-Enyan-Essiam",2022,128454.585529348
"1873","Central","Gomoa West",2022,137387.294780411
"1874","Ashanti","Obuasi",2022,100206.856834733
"1875","Ashanti","Kwabre East",2022,307444.90096304
"1876","Ashanti","Ejura-Sekyedumase",2022,146736.211396661
"1877","Ashanti","Atwima Nwabiagya",2022,232446.881416476
"1878","Ashanti","Atwima Mponua",2022,163638.493470976
"1879","Ashanti","Adansi South",2022,90491.6185402516
"1880","Ashanti","Adansi Asokwa",2022,77226.4891017843
"1881","Ashanti","Bosome Freho",2022,65824.5899653696
"1882","Ashanti","Asante Mampong",2022,123665.767158819
"1883","Central","Agona West",2022,137526.08241425
"1884","Central","Agona East",2022,115707.910086922
"1885","Central","Assin North",2022,97814.0056507718
"1886","Central","Assin South",2022,111187.704421205
"1887","Central","Asikuma-Odoben-Brakwa",2022,137638.425852755
"1888","Central","Efutu",2022,105079.020285764
"1889","Central","Gomoa East",2022,382761.167658152
"1890","Central","Abura-Asebu-Kwamankese",2022,124042.980510261
"1891","Western","Jomoro",2022,134789.608702426
"1892","Western","Ellembelle",2022,128490.185856354
"1893","Western","Prestea-Huni Valley",2022,246089.383080039
"1894","Western","Ahanta West",2022,162785.6040841
"1895","Western","Nzema East",2022,103728.763985847
"1896","Western","Tarkwa-Nsuaem",2022,229934.723758188
"1897","Western North","Sefwi-Akontombra",2022,71986.0052693868
"1898","Eastern","Akyemansa",2022,97244.3582698219
"1899","Eastern","Kwahu South",2022,100563.149607158
"1900","Eastern","Asene Manso Akroso",2022,80890.9022553656
"1901","Eastern","Upper Manya-Krobo",2022,76339.3468291666
"1902","Eastern","Achiase",2022,50457.9919479992
"1903","Eastern","Okere",2022,54769.037247248
"1904","Eastern","Yilo-Krobo",2022,134028.40560974
"1905","Eastern","Atiwa West",2022,63924.8997432496
"1906","Eastern","New Juaben North",2022,90449.6019254178
"1907","Eastern","Fanteakwa North",2022,64814.4749659672
"1908","Eastern","Birim North",2022,87690.4926789198
"1909","Eastern","Asuogyaman",2022,109255.835451636
"1910","Eastern","Kwahu East",2022,75326.9094142988
"1911","Eastern","Kwahu West",2022,151682.952943895
"1912","Western North","Bibiani-Anhwiaso-Bekwai",2022,177685.743304245
"1913","Central","Upper Denkyira East",2022,109712.367130592
"1914","Ashanti","Amansie Central",2022,97233.036674913
"1915","Ashanti","Amansie South",2022,121126.506768845
"1916","Central","Upper Denkyira West",2022,104162.799118249
"1917","Central","Komenda-Edna-Eguafo-Abirem",2022,176715.295293634
"1918","Western North","Sefwi-Wiawso",2022,160879.111867511
"1919","Ahafo","Asunafo South",2022,99238.3464224171
"1920","Bono East","Nkoranza South",2022,122222.322715708
"1921","Savannah","Bole",2022,123056.12383868
"1922","Eastern","Lower-Manya Krobo",2022,122401.986988646
"1923","Bono East","Kintampo North",2022,140688.64291458
"1924","Bono East","Atebubu-Amanten",2022,154597.792692239
"1925","Northern","Kpandai",2022,94777.6360931322
"1926","Oti","Nkwanta North",2022,131581.426472001
"1927","Oti","Biakoye",2022,75598.3189333775
"1928","Savannah","Central Gonja",2022,148151.672761763
"1929","Bono East","Pru West",2022,50273.0448171087
"1930","Northern","Savelugu",2022,128673.524356503
"1931","Northern","Karaga",2022,134033.292077523
"1932","Savannah","East Gonja",2022,169922.515533703
"1933","Volta","South Dayi",2022,60323.6782129882
"1934","Upper West","Wa East",2022,100226.473249991
"1935","Northern","Saboba",2022,102546.829803115
"1936","Northern","Gushiegu",2022,157566.699512916
"1937","Northern","Nanumba North",2022,171200.690367317
"1938","Northern","Nanumba South",2022,144532.910998527
"1939","Bono","Wenchi",2022,131503.289791782
"1940","Ahafo","Tano South",2022,93218.669817565
"1941","Bono","Sunyani Municipal",2022,205740.842351808
"1942","Ashanti","Asante Akim South",2022,128769.322493162
"1943","Greater Accra","Ada East",2022,83863.0808163914
"1944","Greater Accra","Shai-Osudoku",2022,113394.791362421
"1945","Greater Accra","Ada West",2022,77784.6259891475
"1946","Greater Accra","Ningo Prampram",2022,228305.808095232
"1947","Bono East","Techiman North",2022,98422.6047088895
"1948","Bono","Banda",2022,30672.3254015502
"1949","Bono","Jaman North",2022,126275.475093141
"1950","Bono","Tain",2022,121549.592459347
"1951","Ashanti","Sekyere Kumawu",2022,67715.3992807996
"1952","Ashanti","Sekyere Afram Plains",2022,37432.2138140872
"1953","Ashanti","Asante Akim North",2022,90972.5766692087
"1954","Ashanti","Asante Akim Central",2022,97921.269968763
"1955","Ashanti","Juaben",2022,64224.8632956771
"1956","Greater Accra","La-Dade-Kotopon",2022,150868.422543116
"1957","Western North","Aowin",2022,139637.811810043
"1958","Western North","Suaman",2022,41666.1884254701
"1959","Western North","Bia East",2022,56095.0160599733
"1960","Western North","Bia West",2022,116271.922159634
"1961","Western North","Bodi",2022,69873.8314316636
"1962","Western North","Juaboso",2022,104597.779540981
"1963","Western","Shama",2022,126001.214949556
"1964","Western","Wassa East",2022,109049.518919894
"1965","Western","Mpohor",2022,53480.027046822
"1966","Western","Wassa Amenfi West",2022,140635.376557196
"1967","Western","Wassa Amenfi Central",2022,143623.006788736
"1968","Central","Mfantsiman",2022,167189.014529493
"1969","Central","Ekumfi",2022,78435.8788223546
"1970","Central","Twifo-Hemang Lower Denkyira",2022,71217.1017580722
"1971","Central","Twifo-Ati-Mokwa",2022,107317.402500773
"1972","Central","Awutu Senya",2022,175854.824115746
"1973","Greater Accra","La-Nkwantanang-Madina",2022,287732.469780754
"1974","Greater Accra","Ga East",2022,338280.40229921
"1975","Western","Wassa Amenfi East",2022,172464.445751518
"1976","Central","Gomoa Central",2022,71131.0631711297
"1977","Central","Assin Foso",2022,85954.9122375883
"1978","Greater Accra","Ayawaso West",2022,102161.925171766
"1979","Greater Accra","Ga West",2022,355443.570810623
"1980","Oti","Krachi West",2022,62775.7376412638
"1981","Oti","Krachi Nchumuru",2022,85203.982600145
"1982","Volta","Agortime-Ziope",2022,42013.9748895708
"1983","Volta","Adaklu",2022,43916.2559893131
"1984","Volta","Akatsi South",2022,99401.8504259167
"1985","Volta","Akatsi North",2022,33505.8581620734
"1986","Volta","Ho",2022,186912.875227033
"1987","Volta","Hohoe",2022,121601.877984818
"1988","Volta","Ho West",2022,90006.969592629
"1989","Volta","Afadjato South",2022,79330.6962010413
"1990","Volta","North Dayi",2022,40034.592823978
"1991","Volta","Kpando",2022,63100.3176798588
"1992","Volta","North Tongu",2022,118974.951097208
"1993","Volta","Central Tongu",2022,84989.4969342668
"1994","Eastern","Nsawam-Adoagyiri",2022,162397.709832372
"1995","Greater Accra","Ga Central",2022,301254.667537665
"1996","Eastern","Akwapim South",2022,62004.0340177324
"1997","Eastern","Denkyembour",2022,82428.7471597753
"1998","Eastern","Kwaebibirem",2022,129248.941500748
"1999","Eastern","Afram Plains South",2022,77201.4713319214
"2000","Eastern","Kwahu North",2022,71428.1492707406
"2001","Eastern","Suhum",2022,136680.474492179
"2002","Eastern","Ayensuano",2022,98828.472910922
"2003","Eastern","East Akim - Abuakwa South",2022,79482.9071758147
"2004","Eastern","Upper West Akim",2022,93957.9169576736
"2005","Eastern","West Akim",2022,133244.954697786
"2006","Bono","Dormaa West",2022,50155.9059321601
"2007","Upper West","Nadowli-Kaleo",2022,81657.1731714038
"2008","Upper West","Daffiama-Bussie-Issa",2022,41710.5724474415
"2009","Upper West","Lawra",2022,62179.02456119
"2010","Upper West","Nandom",2022,57038.9252704787
"2011","Upper East","Talensi",2022,92966.694318003
"2012","Upper East","Nabdam",2022,47718.2581924517
"2013","Upper East","Builsa South",2022,39530.7908905074
"2014","Upper East","Builsa North",2022,59885.6301448941
"2015","Upper East","Binduri",2022,74945.9688614374
"2016","Upper East","Pusiga",2022,84971.7077051308
"2017","Upper East","Bawku Municipal",2022,132760.622866307
"2018","Savannah","West Gonja",2022,69796.2729646321
"2019","Northern","Mion",2022,104460.876543863
"2020","Northern","Yendi",2022,162573.935501624
"2021","Northern","Tolon",2022,132259.28794881
"2022","Northern","Kumbungu",2022,112223.912612662
"2023","Northern East","West Mamprusi",2022,188118.145664377
"2024","Northern East","Mamprugu-Moagduri",2022,73053.5168014597
"2025","Northern","Zabzugu",2022,88665.454455955
"2026","Northern","Tatale-Sangule",2022,79732.1099840682
"2027","Bono East","Sene East",2022,76351.5969837434
"2028","Bono East","Sene West",2022,76295.9470312505
"2029","Ahafo","Asutifi North",2022,79336.6266820952
"2030","Ashanti","Ahafo Ano North",2022,96601.3644966967
"2031","Ahafo","Asutifi South",2022,76535.9280749662
"2032","Bono East","Techiman Municipal",2022,274663.667625274
"2033","Savannah","North Gonja",2022,65213.5421688911
"2034","Greater Accra","Tema West",2022,231679.656113675
"2035","Greater Accra","Ashaiman",2022,226998.141051218
"2036","Greater Accra","Kpone-Katamanso",2022,456330.956227773
"2037","Upper East","Tempane",2022,104066.234234236
"2038","Upper East","Bolgatanga East",2022,45960.6458613984
"2039","Northern East","Bunkpurugu -Nakpanduri",2022,87928.6692083124
"2040","Savannah","North-East Gonja",2022,41579.46983256
"2041","Northern","Nanton",2022,50293.5971788587
"2042","Bono","Berekum West",2022,47793.0074790809
"2043","Bono East","Pru",2022,124347.320285746
"2044","Eastern","Fanteakwa South",2022,54007.3572031446
"2045","Eastern","New Juaben South",2022,147826.552235518
"2046","Eastern","Akwapim North",2022,105391.312080748
"2047","Volta","Keta",2022,85287.7123644128
"2048","Ashanti","Adansi Akrofuom",2022,51609.9463409074
"2049","Ashanti","Adansi North",2022,57100.0322510451
"2050","Ashanti","Obuasi East",2022,113852.711089404
"2051","Ashanti","Amansie West",2022,115600.819925696
"2052","Ashanti","Atwima Nwabiagya North",2022,141653.737144393
"2053","Ashanti","Oforikrom",2022,230130.076364316
"2054","Ashanti","Old Tafo",2022,122850.242240906
"2055","Ashanti","Asokwa",2022,141006.116742089
"2056","Greater Accra","Ayawaso East",2022,55326.3198232651
"2057","Greater Accra","Ayawaso North",2022,68259.745059967
"2058","Greater Accra","Ayawaso Central",2022,99487.1353988647
"2059","Ashanti","Kwadaso",2022,161134.883072138
"2060","Ashanti","Suame",2022,157596.774347305
"2061","Ashanti","Asokore Mampong",2022,198007.731040578
"2062","Ashanti","Afigya Kwabre South",2022,236604.222548446
"2063","Ashanti","Ejisu",2022,195519.136322091
"2064","Ashanti","Ahafo Ano South East",2022,61582.7129143104
"2065","Greater Accra","Korle-Klottey",2022,73851.512322396
"2066","Greater Accra","Ablekuma West",2022,151374.577209473
"2067","Greater Accra","Ablekuma Central",2022,184686.099569142
"2068","Greater Accra","Krowor",2022,146868.645902127
"2069","Greater Accra","Ga North",2022,292482.009167176
"2070","Greater Accra","Weija-Gbawe",2022,216341.574734823
"2071","Greater Accra","Ablekuma North",2022,160897.416137695
"2072","Eastern","Birim south",2022,50945.3451418001
"2073","Eastern","Birim Central",2022,76490.2587941885
"2074","Eastern","Abuakwa North",2022,94714.2851287387
"2075","Eastern","Atiwa East",2022,71551.9822034705
"2076","Central","Awutu Senya East",2022,240149.766643502
"2077","Oti","Kadjebi",2022,76464.7936304603
"2078","Ashanti","Kumasi",2022,490874.793191016
"2079","Greater Accra","Tema",2022,156606.683811054
"2080","Greater Accra","Ga South",2022,346745.235606162
"2081","Western","Sekondi-Takoradi",2022,256344.142951871
"2082","Western","Effia-Kwesimintsim",2022,190532.509224437
"2083","Northern","Sagnarigu",2022,305862.05106081
"2084","Northern","Tamale",2022,461162.026341474
"2085","Central","Cape Coast",2022,203704.169430139
"2086","Greater Accra","Accra Metro",2022,305274.119642716
"2087","Greater Accra","Okai Koi North",2022,168974.263473988
"2088","Oti","Guan District",2022,29950.0368660241
"2089","Greater Accra","Ledzokuku",2023,218496.237503126
"2090","Northern East","Chereponi",2023,94854.2093606908
"2091","Upper West","Wa Municipal",2023,216598.295958967
"2092","Upper West","Jirapa",2023,97770.0972141409
"2093","Upper West","Sissala West",2023,69099.4477065038
"2094","Upper West","Lambussie",2023,52818.4114873242
"2095","Upper East","Bolgatanga Municipal",2023,150679.943027493
"2096","Upper East","Bongo",2023,131602.506768117
"2097","Upper East","Kasena-Nankana West",2023,88096.5063155647
"2098","Upper West","Wa West",2023,97647.1065535732
"2099","Savannah","Sawla-Tuna-Kalba",2023,125985.950124745
"2100","Upper West","Sissala East",2023,87595.6867559869
"2101","Upper East","Kasena-Nankana",2023,115941.645831131
"2102","Northern East","Yunyoo-Nasuan",2023,62770.4372730106
"2103","Upper East","Garu",2023,64527.9867654145
"2104","Northern East","East Mamprusi",2023,203122.801035048
"2105","Upper East","Bawku West",2023,155536.211370333
"2106","Bono","Dormaa East",2023,71726.3971963935
"2107","Bono","Berekum",2023,118119.487490689
"2108","Bono","Jaman South",2023,118449.834085642
"2109","Bono","Sunyani West",2023,149287.591086482
"2110","Ahafo","Asunafo North",2023,163245.784310589
"2111","Bono East","Nkoranza North",2023,60836.8467796976
"2112","Bono East","Kintampo South",2023,106461.877109967
"2113","Ahafo","Tano North",2023,101844.340075877
"2114","Volta","Ketu North",2023,117427.954941892
"2115","Volta","Ketu South",2023,274683.04180541
"2116","Volta","Anloga",2023,101690.617166447
"2117","Volta","South Tongu",2023,118640.6455377
"2118","Oti","Jasikan",2023,63807.3154382687
"2119","Oti","Krachi East",2023,129665.611957395
"2120","Oti","Nkwanta South",2023,151432.690558569
"2121","Ashanti","Afigya Kwabre North",2023,70929.1309547015
"2122","Ashanti","Atwima Kwanwoma",2023,223305.13745941
"2123","Ashanti","Sekyere South",2023,131456.077853717
"2124","Ashanti","Sekyere East",2023,84596.286955744
"2125","Ashanti","Sekyere Central",2023,75223.9493512753
"2126","Ashanti","Offinso North",2023,84131.5132031143
"2127","Ashanti","Offinso",2023,149786.293590538
"2128","Greater Accra","Adentan",2023,225985.064142179
"2129","Bono","Dormaa Municipal",2023,122383.260522921
"2130","Ashanti","Ahafo Ano South West",2023,78409.115163967
"2131","Ashanti","Bekwai",2023,151322.512876798
"2132","Ashanti","Bosomtwe",2023,173344.99206556
"2133","Central","Ajumako-Enyan-Essiam",2023,130952.915821021
"2134","Central","Gomoa West",2023,140048.975522701
"2135","Ashanti","Obuasi",2023,102148.048568934
"2136","Ashanti","Kwabre East",2023,313447.071724726
"2137","Ashanti","Ejura-Sekyedumase",2023,149580.313112334
"2138","Ashanti","Atwima Nwabiagya",2023,236997.190640336
"2139","Ashanti","Atwima Mponua",2023,166782.845605308
"2140","Ashanti","Adansi South",2023,92245.6209297888
"2141","Ashanti","Adansi Asokwa",2023,78720.8607535772
"2142","Ashanti","Bosome Freho",2023,67103.4365718737
"2143","Ashanti","Asante Mampong",2023,126061.87565054
"2144","Central","Agona West",2023,140138.42540322
"2145","Central","Agona East",2023,117979.395476026
"2146","Central","Assin North",2023,99661.9749440569
"2147","Central","Assin South",2023,113340.334480861
"2148","Central","Asikuma-Odoben-Brakwa",2023,140287.217356093
"2149","Central","Efutu",2023,107109.570596803
"2150","Central","Gomoa East",2023,390180.908226371
"2151","Central","Abura-Asebu-Kwamankese",2023,126452.204262847
"2152","Western","Jomoro",2023,137405.909698885
"2153","Western","Ellembelle",2023,130983.473084878
"2154","Western","Prestea-Huni Valley",2023,250846.919974948
"2155","Western","Ahanta West",2023,165944.832183633
"2156","Western","Nzema East",2023,105722.118344901
"2157","Western","Tarkwa-Nsuaem",2023,234415.284829893
"2158","Western North","Sefwi-Akontombra",2023,73391.6363734687
"2159","Eastern","Akyemansa",2023,99130.2544234935
"2160","Eastern","Kwahu South",2023,102519.217750097
"2161","Eastern","Asene Manso Akroso",2023,82455.5192233175
"2162","Eastern","Upper Manya-Krobo",2023,77816.918017786
"2163","Eastern","Achiase",2023,51416.7476355415
"2164","Eastern","Okere",2023,55834.1227839235
"2165","Eastern","Yilo-Krobo",2023,136640.130968463
"2166","Eastern","Atiwa West",2023,65174.23348061
"2167","Eastern","New Juaben North",2023,92220.5703244042
"2168","Eastern","Fanteakwa North",2023,66031.5863139331
"2169","Eastern","Birim North",2023,89396.0106123425
"2170","Eastern","Asuogyaman",2023,111379.445751563
"2171","Eastern","Kwahu East",2023,76784.423879602
"2172","Eastern","Kwahu West",2023,154621.780358246
"2173","Western North","Bibiani-Anhwiaso-Bekwai",2023,181142.473641597
"2174","Central","Upper Denkyira East",2023,111861.704990186
"2175","Ashanti","Amansie Central",2023,99116.2393075787
"2176","Ashanti","Amansie South",2023,123471.802523145
"2177","Central","Upper Denkyira West",2023,106164.632705797
"2178","Central","Komenda-Edna-Eguafo-Abirem",2023,180147.882851856
"2179","Western North","Sefwi-Wiawso",2023,163995.692002056
"2180","Ahafo","Asunafo South",2023,101160.515454248
"2181","Bono East","Nkoranza South",2023,124591.205294874
"2182","Savannah","Bole",2023,125437.894344884
"2183","Eastern","Lower-Manya Krobo",2023,124770.658032499
"2184","Bono East","Kintampo North",2023,143359.885219839
"2185","Bono East","Atebubu-Amanten",2023,157592.576535349
"2186","Northern","Kpandai",2023,96732.8932880908
"2187","Oti","Nkwanta North",2023,134145.892284175
"2188","Oti","Biakoye",2023,77071.5498744091
"2189","Savannah","Central Gonja",2023,151061.644507828
"2190","Bono East","Pru West",2023,51237.7441065405
"2191","Northern","Savelugu",2023,131215.120726559
"2192","Northern","Karaga",2023,136572.145082004
"2193","Savannah","East Gonja",2023,173047.145671888
"2194","Volta","South Dayi",2023,61494.8451023716
"2195","Upper West","Wa East",2023,102167.852476431
"2196","Northern","Saboba",2023,104538.883658148
"2197","Northern","Gushiegu",2023,160611.723640671
"2198","Northern","Nanumba North",2023,174531.016216945
"2199","Northern","Nanumba South",2023,147328.204032594
"2200","Bono","Wenchi",2023,134043.002846939
"2201","Ahafo","Tano South",2023,95030.6973189861
"2202","Bono","Sunyani Municipal",2023,209740.898752326
"2203","Ashanti","Asante Akim South",2023,131257.409827694
"2204","Greater Accra","Ada East",2023,85490.475812776
"2205","Greater Accra","Shai-Osudoku",2023,115594.917027159
"2206","Greater Accra","Ada West",2023,79283.9704773929
"2207","Greater Accra","Ningo Prampram",2023,232711.148414868
"2208","Bono East","Techiman North",2023,100238.167610208
"2209","Bono","Banda",2023,31260.3871834595
"2210","Bono","Jaman North",2023,128721.611893376
"2211","Bono","Tain",2023,123912.81883733
"2212","Ashanti","Sekyere Kumawu",2023,69010.3553173412
"2213","Ashanti","Sekyere Afram Plains",2023,38158.0137152746
"2214","Ashanti","Asante Akim North",2023,92737.9626327092
"2215","Ashanti","Asante Akim Central",2023,99821.4160678135
"2216","Ashanti","Juaben",2023,65460.8474656809
"2217","Greater Accra","La-Dade-Kotopon",2023,153796.779376335
"2218","Western North","Aowin",2023,142341.198788004
"2219","Western North","Suaman",2023,42468.0873028301
"2220","Western North","Bia East",2023,57182.2166883126
"2221","Western North","Bia West",2023,118553.231698691
"2222","Western North","Bodi",2023,71230.3147335351
"2223","Western North","Juaboso",2023,106598.051211012
"2224","Western","Shama",2023,128450.544109764
"2225","Western","Wassa East",2023,111158.617670891
"2226","Western","Mpohor",2023,54514.1161983293
"2227","Western","Wassa Amenfi West",2023,143356.005978304
"2228","Western","Wassa Amenfi Central",2023,146349.507600952
"2229","Central","Mfantsiman",2023,170399.416155729
"2230","Central","Ekumfi",2023,79996.6214267965
"2231","Central","Twifo-Hemang Lower Denkyira",2023,72599.014265066
"2232","Central","Twifo-Ati-Mokwa",2023,109388.64717097
"2233","Central","Awutu Senya",2023,179277.525895212
"2234","Greater Accra","La-Nkwantanang-Madina",2023,293288.721920926
"2235","Greater Accra","Ga East",2023,344930.40080687
"2236","Western","Wassa Amenfi East",2023,175858.419258419
"2237","Central","Gomoa Central",2023,72508.1621315628
"2238","Central","Assin Foso",2023,87676.5064239241
"2239","Greater Accra","Ayawaso West",2023,104143.149078965
"2240","Greater Accra","Ga West",2023,362480.510659736
"2241","Oti","Krachi West",2023,63998.0272068549
"2242","Oti","Krachi Nchumuru",2023,86855.6464544404
"2243","Volta","Agortime-Ziope",2023,42833.9308683332
"2244","Volta","Adaklu",2023,44775.5056047905
"2245","Volta","Akatsi South",2023,101326.010661199
"2246","Volta","Akatsi North",2023,34154.3412182406
"2247","Volta","Ho",2023,190518.306404238
"2248","Volta","Hohoe",2023,123960.286650511
"2249","Volta","Ho West",2023,91754.1816117521
"2250","Volta","Afadjato South",2023,80869.9325353131
"2251","Volta","North Dayi",2023,40809.7537880493
"2252","Volta","Kpando",2023,64325.9655817021
"2253","Volta","North Tongu",2023,121277.778028989
"2254","Volta","Central Tongu",2023,86629.0746044563
"2255","Eastern","Nsawam-Adoagyiri",2023,165542.615200974
"2256","Greater Accra","Ga Central",2023,307283.206739824
"2257","Eastern","Akwapim South",2023,63136.7207318451
"2258","Eastern","Denkyembour",2023,84030.1347049549
"2259","Eastern","Kwaebibirem",2023,131752.095617315
"2260","Eastern","Afram Plains South",2023,78696.2015594202
"2261","Eastern","Kwahu North",2023,72813.8349925508
"2262","Eastern","Suhum",2023,139327.576908549
"2263","Eastern","Ayensuano",2023,100748.085976122
"2264","Eastern","East Akim - Abuakwa South",2023,81030.1629155036
"2265","Eastern","Upper West Akim",2023,95777.952640662
"2266","Eastern","West Akim",2023,135831.717742253
"2267","Bono","Dormaa West",2023,51132.9903495163
"2268","Upper West","Nadowli-Kaleo",2023,83240.3930690661
"2269","Upper West","Daffiama-Bussie-Issa",2023,42522.337912539
"2270","Upper West","Lawra",2023,63384.4391653677
"2271","Upper West","Nandom",2023,58150.2535566073
"2272","Upper East","Talensi",2023,94782.6127085537
"2273","Upper East","Nabdam",2023,48629.2347106393
"2274","Upper East","Builsa South",2023,40285.4942486938
"2275","Upper East","Builsa North",2023,61057.9496464955
"2276","Upper East","Binduri",2023,76431.7219955558
"2277","Upper East","Pusiga",2023,86618.7431591293
"2278","Upper East","Bawku Municipal",2023,135300.533068212
"2279","Savannah","West Gonja",2023,71130.1024490166
"2280","Northern","Mion",2023,106441.235741071
"2281","Northern","Yendi",2023,165771.111852882
"2282","Northern","Tolon",2023,134752.720672084
"2283","Northern","Kumbungu",2023,114417.002748747
"2284","Northern East","West Mamprusi",2023,191765.109511817
"2285","Northern East","Mamprugu-Moagduri",2023,74472.1356672905
"2286","Northern","Zabzugu",2023,90363.262685094
"2287","Northern","Tatale-Sangule",2023,81292.1710400907
"2288","Bono East","Sene East",2023,77819.1641637248
"2289","Bono East","Sene West",2023,77767.3489083988
"2290","Ahafo","Asutifi North",2023,80863.8401866928
"2291","Ashanti","Ahafo Ano North",2023,98456.313065419
"2292","Ahafo","Asutifi South",2023,78029.5045260731
"2293","Bono East","Techiman Municipal",2023,280093.035320154
"2294","Savannah","North Gonja",2023,66481.1329278611
"2295","Greater Accra","Tema West",2023,236153.568834912
"2296","Greater Accra","Ashaiman",2023,231385.273490474
"2297","Greater Accra","Kpone-Katamanso",2023,465280.306702048
"2298","Upper East","Tempane",2023,106097.202179782
"2299","Upper East","Bolgatanga East",2023,46851.473143924
"2300","Northern East","Bunkpurugu -Nakpanduri",2023,89626.7206509262
"2301","Savannah","North-East Gonja",2023,42383.8216487058
"2302","Northern","Nanton",2023,51274.7639995832
"2303","Bono","Berekum West",2023,48718.7048855312
"2304","Bono East","Pru",2023,126838.332890497
"2305","Eastern","Fanteakwa South",2023,55089.2646955214
"2306","Eastern","New Juaben South",2023,150693.562617114
"2307","Eastern","Akwapim North",2023,107414.146294521
"2308","Volta","Keta",2023,86934.3731495123
"2309","Ashanti","Adansi Akrofuom",2023,52611.7643736284
"2310","Ashanti","Adansi North",2023,58203.6877812129
"2311","Ashanti","Obuasi East",2023,116064.512765947
"2312","Ashanti","Amansie West",2023,117831.779451063
"2313","Ashanti","Atwima Nwabiagya North",2023,144434.27611516
"2314","Ashanti","Oforikrom",2023,234587.883845374
"2315","Ashanti","Old Tafo",2023,125190.031594276
"2316","Ashanti","Asokwa",2023,143693.48777806
"2317","Greater Accra","Ayawaso East",2023,56397.7021274567
"2318","Greater Accra","Ayawaso North",2023,69584.0457077026
"2319","Greater Accra","Ayawaso Central",2023,101417.022961617
"2320","Ashanti","Kwadaso",2023,164229.544974543
"2321","Ashanti","Suame",2023,160637.083899975
"2322","Ashanti","Asokore Mampong",2023,201835.467381865
"2323","Ashanti","Afigya Kwabre South",2023,241220.59914189
"2324","Ashanti","Ejisu",2023,199377.467181645
"2325","Ashanti","Ahafo Ano South East",2023,62781.3290468045
"2326","Greater Accra","Korle-Klottey",2023,75282.6732505262
"2327","Greater Accra","Ablekuma West",2023,154281.213236809
"2328","Greater Accra","Ablekuma Central",2023,188263.11982286
"2329","Greater Accra","Krowor",2023,149708.381697148
"2330","Greater Accra","Ga North",2023,297995.024557002
"2331","Greater Accra","Weija-Gbawe",2023,220394.935155805
"2332","Greater Accra","Ablekuma North",2023,164024.882802963
"2333","Eastern","Birim south",2023,51963.8199733617
"2334","Eastern","Birim Central",2023,77972.0044951737
"2335","Eastern","Abuakwa North",2023,96544.2553426325
"2336","Eastern","Atiwa East",2023,72926.60987176
"2337","Central","Awutu Senya East",2023,244834.754984379
"2338","Oti","Kadjebi",2023,77954.7224513963
"2339","Ashanti","Kumasi",2023,500299.758149356
"2340","Greater Accra","Tema",2023,159632.259242862
"2341","Greater Accra","Ga South",2023,353479.923916133
"2342","Western","Sekondi-Takoradi",2023,261288.811237942
"2343","Western","Effia-Kwesimintsim",2023,194251.75490132
"2344","Northern","Sagnarigu",2023,311936.940354714
"2345","Northern","Tamale",2023,470010.625531762
"2346","Central","Cape Coast",2023,207637.374248834
"2347","Greater Accra","Accra Metro",2023,311196.319283776
"2348","Greater Accra","Okai Koi North",2023,172200.283308625
"2349","Oti","Guan District",2023,30530.9811144602
"2350","Greater Accra","Ledzokuku",2024,222691.255341202
"2351","Northern East","Chereponi",2024,96670.4608230777
"2352","Upper West","Wa Municipal",2024,220763.80564948
"2353","Upper West","Jirapa",2024,99642.7888178341
"2354","Upper West","Sissala West",2024,70422.404776155
"2355","Upper West","Lambussie",2024,53828.416952475
"2356","Upper East","Bolgatanga Municipal",2024,153552.309610823
"2357","Upper East","Bongo",2024,134138.399543673
"2358","Upper East","Kasena-Nankana West",2024,89778.5366908237
"2359","Upper West","Wa West",2024,99507.5341434544
"2360","Savannah","Sawla-Tuna-Kalba",2024,128391.415220907
"2361","Upper West","Sissala East",2024,89274.9076427715
"2362","Upper East","Kasena-Nankana",2024,118168.345713238
"2363","Northern East","Yunyoo-Nasuan",2024,63946.3411565144
"2364","Upper East","Garu",2024,65741.1312978272
"2365","Northern East","East Mamprusi",2024,207038.040139267
"2366","Upper East","Bawku West",2024,158515.702943478
"2367","Bono","Dormaa East",2024,73114.3511509364
"2368","Bono","Berekum",2024,120394.074797634
"2369","Bono","Jaman South",2024,120709.023567656
"2370","Bono","Sunyani West",2024,152133.300593091
"2371","Ahafo","Asunafo North",2024,166371.882679424
"2372","Bono East","Nkoranza North",2024,61999.9169923533
"2373","Bono East","Kintampo South",2024,108541.00308678
"2374","Ahafo","Tano North",2024,103792.515985158
"2375","Volta","Ketu North",2024,119679.599521143
"2376","Volta","Ketu South",2024,279939.873747689
"2377","Volta","Anloga",2024,103635.371698693
"2378","Volta","South Tongu",2024,120917.082896588
"2379","Oti","Jasikan",2024,65019.4202134963
"2380","Oti","Krachi East",2024,132145.160437333
"2381","Oti","Nkwanta South",2024,154319.542747127
"2382","Ashanti","Afigya Kwabre North",2024,72264.5217213593
"2383","Ashanti","Atwima Kwanwoma",2024,227632.19932464
"2384","Ashanti","Sekyere South",2024,133984.030545961
"2385","Ashanti","Sekyere East",2024,86231.6772180088
"2386","Ashanti","Sekyere Central",2024,76662.6542649288
"2387","Ashanti","Offinso North",2024,85749.5414060708
"2388","Ashanti","Offinso",2024,152651.341636757
"2389","Greater Accra","Adentan",2024,230282.689784337
"2390","Bono","Dormaa Municipal",2024,124727.436272445
"2391","Ashanti","Ahafo Ano South West",2024,79906.9578006268
"2392","Ashanti","Bekwai",2024,154222.194278025
"2393","Ashanti","Bosomtwe",2024,176696.046689973
"2394","Central","Ajumako-Enyan-Essiam",2024,133469.315563619
"2395","Central","Gomoa West",2024,142731.469259232
"2396","Ashanti","Obuasi",2024,104102.503966924
"2397","Ashanti","Kwabre East",2024,319491.451673163
"2398","Ashanti","Ejura-Sekyedumase",2024,152445.620701392
"2399","Ashanti","Atwima Nwabiagya",2024,241564.201409549
"2400","Ashanti","Atwima Mponua",2024,169950.61845113
"2401","Ashanti","Adansi South",2024,94012.5051445412
"2402","Ashanti","Adansi Asokwa",2024,80226.1741428636
"2403","Ashanti","Bosome Freho",2024,68391.7443783395
"2404","Ashanti","Asante Mampong",2024,128473.855674068
"2405","Central","Agona West",2024,142770.047623161
"2406","Central","Agona East",2024,120267.111256063
"2407","Central","Assin North",2024,101524.530811461
"2408","Central","Assin South",2024,115510.179931428
"2409","Central","Asikuma-Odoben-Brakwa",2024,142953.690921437
"2410","Central","Efutu",2024,109158.35560357
"2411","Central","Gomoa East",2024,397645.2317753
"2412","Central","Abura-Asebu-Kwamankese",2024,128882.538704751
"2413","Western","Jomoro",2024,140041.681626108
"2414","Western","Ellembelle",2024,133495.129828591
"2415","Western","Prestea-Huni Valley",2024,255640.095111812
"2416","Western","Ahanta West",2024,169126.898192035
"2417","Western","Nzema East",2024,107729.160510436
"2418","Western","Tarkwa-Nsuaem",2024,238928.68330586
"2419","Western North","Sefwi-Akontombra",2024,74808.8271982148
"2420","Eastern","Akyemansa",2024,101030.170084361
"2421","Eastern","Kwahu South",2024,104481.496216089
"2422","Eastern","Asene Manso Akroso",2024,84031.7601995431
"2423","Eastern","Upper Manya-Krobo",2024,79304.4860646548
"2424","Eastern","Achiase",2024,52382.7444548495
"2425","Eastern","Okere",2024,56899.4996599406
"2426","Eastern","Yilo-Krobo",2024,139265.890797284
"2427","Eastern","Atiwa West",2024,66433.1278087292
"2428","Eastern","New Juaben North",2024,94000.3640494682
"2429","Eastern","Fanteakwa North",2024,67256.0693497662
"2430","Eastern","Birim North",2024,91114.6802219935
"2431","Eastern","Asuogyaman",2024,113518.189827933
"2432","Eastern","Kwahu East",2024,78264.6299807448
"2433","Eastern","Kwahu West",2024,157581.157842848
"2434","Western North","Bibiani-Anhwiaso-Bekwai",2024,184623.49548395
"2435","Central","Upper Denkyira East",2024,114027.181745613
"2436","Ashanti","Amansie Central",2024,101013.11282691
"2437","Ashanti","Amansie South",2024,125832.739073336
"2438","Central","Upper Denkyira West",2024,108179.940872384
"2439","Central","Komenda-Edna-Eguafo-Abirem",2024,183605.446316494
"2440","Western North","Sefwi-Wiawso",2024,167134.918790003
"2441","Ahafo","Asunafo South",2024,103098.319553828
"2442","Bono East","Nkoranza South",2024,126977.098068984
"2443","Savannah","Bole",2024,127836.970700745
"2444","Eastern","Lower-Manya Krobo",2024,127163.103019566
"2445","Bono East","Kintampo North",2024,146055.647839115
"2446","Bono East","Atebubu-Amanten",2024,160608.863854829
"2447","Northern","Kpandai",2024,98686.7106728218
"2448","Oti","Nkwanta North",2024,136730.7223072
"2449","Oti","Biakoye",2024,78552.7888997691
"2450","Savannah","Central Gonja",2024,153994.026308587
"2451","Bono East","Pru West",2024,52212.4373502182
"2452","Northern","Savelugu",2024,133779.301873202
"2453","Northern","Karaga",2024,139136.06967576
"2454","Savannah","East Gonja",2024,176208.224747166
"2455","Volta","South Dayi",2024,62676.1950538903
"2456","Upper West","Wa East",2024,104125.08703103
"2457","Northern","Saboba",2024,106545.110512938
"2458","Northern","Gushiegu",2024,163671.947589504
"2459","Northern","Nanumba North",2024,177897.984769451
"2460","Northern","Nanumba South",2024,150130.567615522
"2461","Bono","Wenchi",2024,136601.84383061
"2462","Ahafo","Tano South",2024,96855.7267749254
"2463","Bono","Sunyani Municipal",2024,213769.256818096
"2464","Ashanti","Asante Akim South",2024,133761.018496959
"2465","Greater Accra","Ada East",2024,87128.5448545422
"2466","Greater Accra","Shai-Osudoku",2024,117810.761576504
"2467","Greater Accra","Ada West",2024,80795.8148285253
"2468","Greater Accra","Ningo Prampram",2024,237140.601433104
"2469","Bono East","Techiman North",2024,102069.568847529
"2470","Bono","Banda",2024,31852.5795903858
"2471","Bono","Jaman North",2024,131185.055331897
"2472","Bono","Tain",2024,126294.24795277
"2473","Ashanti","Sekyere Kumawu",2024,70314.2125462275
"2474","Ashanti","Sekyere Afram Plains",2024,38889.789989233
"2475","Ashanti","Asante Akim North",2024,94516.7529113051
"2476","Ashanti","Asante Akim Central",2024,101734.568905264
"2477","Ashanti","Juaben",2024,66707.7844135482
"2478","Greater Accra","La-Dade-Kotopon",2024,156744.785066543
"2479","Western North","Aowin",2024,145063.844408583
"2480","Western North","Suaman",2024,43273.9657544456
"2481","Western North","Bia East",2024,58276.958775783
"2482","Western North","Bia West",2024,120853.80536076
"2483","Western North","Bodi",2024,72598.367281748
"2484","Western North","Juaboso",2024,108610.073077645
"2485","Western","Shama",2024,130919.16647099
"2486","Western","Wassa East",2024,113283.325203406
"2487","Western","Mpohor",2024,55555.8227580655
"2488","Western","Wassa Amenfi West",2024,146093.339266894
"2489","Western","Wassa Amenfi Central",2024,149092.759675657
"2490","Central","Mfantsiman",2024,173635.885875247
"2491","Central","Ekumfi",2024,81564.3296169043
"2492","Central","Twifo-Hemang Lower Denkyira",2024,73991.5552480314
"2493","Central","Twifo-Ati-Mokwa",2024,111473.756773666
"2494","Central","Awutu Senya",2024,182722.768942848
"2495","Greater Accra","La-Nkwantanang-Madina",2024,298890.807659775
"2496","Greater Accra","Ga East",2024,351631.539678935
"2497","Western","Wassa Amenfi East",2024,179285.762290554
"2498","Central","Gomoa Central",2024,73897.0924096741
"2499","Central","Assin Foso",2024,89409.5166357234
"2500","Greater Accra","Ayawaso West",2024,106119.687517572
"2501","Greater Accra","Ga West",2024,369570.748920685
"2502","Oti","Krachi West",2024,65230.5062584747
"2503","Oti","Krachi Nchumuru",2024,88520.004381679
"2504","Volta","Agortime-Ziope",2024,43659.6335317008
"2505","Volta","Adaklu",2024,45639.6771340389
"2506","Volta","Akatsi South",2024,103263.461061451
"2507","Volta","Akatsi North",2024,34808.1407007817
"2508","Volta","Ho",2024,194152.54233331
"2509","Volta","Hohoe",2024,126335.860775203
"2510","Volta","Ho West",2024,93512.0029622037
"2511","Volta","Afadjato South",2024,82418.1385628395
"2512","Volta","North Dayi",2024,41592.4868954485
"2513","Volta","Kpando",2024,65561.0032598311
"2514","Volta","North Tongu",2024,123598.172769379
"2515","Volta","Central Tongu",2024,88281.8333955044
"2516","Eastern","Nsawam-Adoagyiri",2024,168709.430734124
"2517","Greater Accra","Ga Central",2024,313373.030212581
"2518","Eastern","Akwapim South",2024,64271.7036054619
"2519","Eastern","Denkyembour",2024,85642.0923245661
"2520","Eastern","Kwaebibirem",2024,134274.38325027
"2521","Eastern","Afram Plains South",2024,80201.614497683
"2522","Eastern","Kwahu North",2024,74209.6347275954
"2523","Eastern","Suhum",2024,141990.994977176
"2524","Eastern","Ayensuano",2024,102685.0927827
"2525","Eastern","East Akim - Abuakwa South",2024,82588.2139781099
"2526","Eastern","Upper West Akim",2024,97611.9088768773
"2527","Eastern","West Akim",2024,138436.418899795
"2528","Bono","Dormaa West",2024,52116.3515472542
"2529","Upper West","Nadowli-Kaleo",2024,84834.9457099475
"2530","Upper West","Daffiama-Bussie-Issa",2024,43339.6621868005
"2531","Upper West","Lawra",2024,64598.7326824283
"2532","Upper West","Nandom",2024,59268.3815812757
"2533","Upper East","Talensi",2024,96616.0259723924
"2534","Upper East","Nabdam",2024,49544.4435989298
"2535","Upper East","Builsa South",2024,41045.5415396672
"2536","Upper East","Builsa North",2024,62238.9183255108
"2537","Upper East","Binduri",2024,77931.1161058904
"2538","Upper East","Pusiga",2024,88277.6155671692
"2539","Upper East","Bawku Municipal",2024,137856.505231796
"2540","Savannah","West Gonja",2024,72473.2547661252
"2541","Northern","Mion",2024,108437.72220815
"2542","Northern","Yendi",2024,168992.12590929
"2543","Northern","Tolon",2024,137264.710811134
"2544","Northern","Kumbungu",2024,116626.089043221
"2545","Northern East","West Mamprusi",2024,195439.770932819
"2546","Northern East","Mamprugu-Moagduri",2024,75900.9519467596
"2547","Northern","Zabzugu",2024,92069.6109308172
"2548","Northern","Tatale-Sangule",2024,82866.5436272547
"2549","Bono East","Sene East",2024,79296.0074648752
"2550","Bono East","Sene West",2024,79250.8395252251
"2551","Ahafo","Asutifi North",2024,82401.3128566248
"2552","Ashanti","Ahafo Ano North",2024,100323.028450053
"2553","Ahafo","Asutifi South",2024,79536.8661403973
"2554","Bono East","Techiman Municipal",2024,285554.623713304
"2555","Savannah","North Gonja",2024,67758.1759183183
"2556","Greater Accra","Tema West",2024,240640.602554422
"2557","Greater Accra","Ashaiman",2024,235810.818710715
"2558","Greater Accra","Kpone-Katamanso",2024,474310.949808462
"2559","Upper East","Tempane",2024,108153.881547553
"2560","Upper East","Bolgatanga East",2024,47747.2538691591
"2561","Northern East","Bunkpurugu -Nakpanduri",2024,91336.7028078623
"2562","Savannah","North-East Gonja",2024,43195.2985260468
"2563","Northern","Nanton",2024,52263.0493885987
"2564","Bono","Berekum West",2024,49652.0205060747
"2565","Bono East","Pru",2024,129345.866545209
"2566","Eastern","Fanteakwa South",2024,56181.1139928624
"2567","Eastern","New Juaben South",2024,153579.265442496
"2568","Eastern","Akwapim North",2024,109465.684564129
"2569","Volta","Keta",2024,88597.755509723
"2570","Ashanti","Adansi Akrofuom",2024,53621.3680861443
"2571","Ashanti","Adansi North",2024,59315.6460327189
"2572","Ashanti","Obuasi East",2024,118294.03545817
"2573","Ashanti","Amansie West",2024,120084.821399501
"2574","Ashanti","Atwima Nwabiagya North",2024,147244.548362648
"2575","Ashanti","Oforikrom",2024,239081.179623809
"2576","Ashanti","Old Tafo",2024,127548.765944958
"2577","Ashanti","Asokwa",2024,146396.34943682
"2578","Greater Accra","Ayawaso East",2024,57476.1709136963
"2579","Greater Accra","Ayawaso North",2024,70918.8502159119
"2580","Greater Accra","Ayawaso Central",2024,103362.134054184
"2581","Ashanti","Kwadaso",2024,167359.403053194
"2582","Ashanti","Suame",2024,163695.576958656
"2583","Ashanti","Asokore Mampong",2024,205690.082251847
"2584","Ashanti","Afigya Kwabre South",2024,245874.61354728
"2585","Ashanti","Ejisu",2024,203261.717538832
"2586","Ashanti","Ahafo Ano South East",2024,63986.7902911697
"2587","Greater Accra","Korle-Klottey",2024,76722.6150142252
"2588","Greater Accra","Ablekuma West",2024,157205.455971718
"2589","Greater Accra","Ablekuma Central",2024,191864.540563107
"2590","Greater Accra","Krowor",2024,152571.590752661
"2591","Greater Accra","Ga North",2024,303542.153852634
"2592","Greater Accra","Weija-Gbawe",2024,224463.012291867
"2593","Greater Accra","Ablekuma North",2024,167175.142946243
"2594","Eastern","Birim south",2024,52988.6466729809
"2595","Eastern","Birim Central",2024,79464.0143610276
"2596","Eastern","Abuakwa North",2024,98388.7689271681
"2597","Eastern","Atiwa East",2024,74310.3985374905
"2598","Central","Awutu Senya East",2024,249575.153087758
"2599","Oti","Kadjebi",2024,79457.4746418595
"2600","Ashanti","Kumasi",2024,509792.602067858
"2601","Greater Accra","Tema",2024,162690.145466059
"2602","Greater Accra","Ga South",2024,360257.185922689
"2603","Western","Sekondi-Takoradi",2024,266273.313717334
"2604","Western","Effia-Kwesimintsim",2024,197993.610899851
"2605","Northern","Sagnarigu",2024,318054.75193383
"2606","Northern","Tamale",2024,478920.793533513
"2607","Central","Cape Coast",2024,211595.800619245
"2608","Greater Accra","Accra Metro",2024,317164.053289212
"2609","Greater Accra","Okai Koi North",2024,175451.215925574
"2610","Oti","Guan District",2024,31116.2395706624
"2611","Greater Accra","Ledzokuku",2025,226881.319344729
"2612","Northern East","Chereponi",2025,98477.5772406673
"2613","Upper West","Wa Municipal",2025,224908.886778946
"2614","Upper West","Jirapa",2025,101505.985687796
"2615","Upper West","Sissala West",2025,71738.5152912056
"2616","Upper West","Lambussie",2025,54835.4729978954
"2617","Upper East","Bolgatanga Municipal",2025,156411.190214427
"2618","Upper East","Bongo",2025,136660.197724498
"2619","Upper East","Kasena-Nankana West",2025,91453.5067825913
"2620","Upper West","Wa West",2025,101359.655102183
"2621","Savannah","Sawla-Tuna-Kalba",2025,130787.024205278
"2622","Upper West","Sissala East",2025,90945.8843313595
"2623","Upper East","Kasena-Nankana",2025,120382.481080093
"2624","Northern East","Yunyoo-Nasuan",2025,65114.654006077
"2625","Upper East","Garu",2025,66948.0390388956
"2626","Northern East","East Mamprusi",2025,210934.546091448
"2627","Upper East","Bawku West",2025,161480.411066686
"2628","Bono","Dormaa East",2025,74495.9276920184
"2629","Bono","Berekum",2025,122660.344746947
"2630","Bono","Jaman South",2025,122956.219650971
"2631","Bono","Sunyani West",2025,154958.498372952
"2632","Ahafo","Asunafo North",2025,169481.741741807
"2633","Bono East","Nkoranza North",2025,63157.365304024
"2634","Bono East","Kintampo South",2025,110602.778141038
"2635","Ahafo","Tano North",2025,105731.172411895
"2636","Volta","Ketu North",2025,121922.120294106
"2637","Volta","Ketu South",2025,285167.72850588
"2638","Volta","Anloga",2025,105570.291748469
"2639","Volta","South Tongu",2025,123185.517986127
"2640","Oti","Jasikan",2025,66225.6779765654
"2641","Oti","Krachi East",2025,134614.062861291
"2642","Oti","Nkwanta South",2025,157190.858714387
"2643","Ashanti","Afigya Kwabre North",2025,73597.2357370872
"2644","Ashanti","Atwima Kwanwoma",2025,231945.081707086
"2645","Ashanti","Sekyere South",2025,136500.612256806
"2646","Ashanti","Sekyere East",2025,87858.884466473
"2647","Ashanti","Sekyere Central",2025,78092.3271293081
"2648","Ashanti","Offinso North",2025,87364.7997616762
"2649","Ashanti","Offinso",2025,155501.914312957
"2650","Greater Accra","Adentan",2025,234562.930126601
"2651","Bono","Dormaa Municipal",2025,127060.690570556
"2652","Ashanti","Ahafo Ano South West",2025,81402.3261467516
"2653","Ashanti","Bekwai",2025,157105.851273807
"2654","Ashanti","Bosomtwe",2025,180036.296732199
"2655","Central","Ajumako-Enyan-Essiam",2025,135974.131600235
"2656","Central","Gomoa West",2025,145400.112044489
"2657","Ashanti","Obuasi",2025,106046.541237677
"2658","Ashanti","Kwabre East",2025,325493.322979888
"2659","Ashanti","Ejura-Sekyedumase",2025,155297.350033672
"2660","Ashanti","Atwima Nwabiagya",2025,246117.151164577
"2661","Ashanti","Atwima Mponua",2025,173095.208037495
"2662","Ashanti","Adansi South",2025,95771.1836988647
"2663","Ashanti","Adansi Asokwa",2025,81724.1358048227
"2664","Ashanti","Bosome Freho",2025,69673.3904535528
"2665","Ashanti","Asante Mampong",2025,130872.399364924
"2666","Central","Agona West",2025,145393.207378779
"2667","Central","Agona East",2025,122538.504069768
"2668","Central","Assin North",2025,103371.977610672
"2669","Central","Assin South",2025,117668.85360036
"2670","Central","Asikuma-Odoben-Brakwa",2025,145604.375136675
"2671","Central","Efutu",2025,111201.22318233
"2672","Central","Gomoa East",2025,405069.725334213
"2673","Central","Abura-Asebu-Kwamankese",2025,131311.221301265
"2674","Western","Jomoro",2025,142664.290591186
"2675","Western","Ellembelle",2025,135994.713069298
"2676","Western","Prestea-Huni Valley",2025,260410.893269479
"2677","Western","Ahanta West",2025,172293.928883215
"2678","Western","Nzema East",2025,109725.780080109
"2679","Western","Tarkwa-Nsuaem",2025,243418.438404686
"2680","Western North","Sefwi-Akontombra",2025,76220.1096289959
"2681","Eastern","Akyemansa",2025,102920.566051638
"2682","Eastern","Kwahu South",2025,106429.947451273
"2683","Eastern","Asene Manso Akroso",2025,85601.85027688
"2684","Eastern","Upper Manya-Krobo",2025,80783.9212907725
"2685","Eastern","Achiase",2025,53347.7481123703
"2686","Eastern","Okere",2025,57951.1538858879
"2687","Eastern","Yilo-Krobo",2025,141874.282443423
"2688","Eastern","Atiwa West",2025,67685.5335746352
"2689","Eastern","New Juaben North",2025,95771.9058355242
"2690","Eastern","Fanteakwa North",2025,68473.1694794376
"2691","Eastern","Birim North",2025,92824.9687138125
"2692","Eastern","Asuogyaman",2025,115645.733668633
"2693","Eastern","Kwahu East",2025,79744.2733907681
"2694","Eastern","Kwahu West",2025,160525.615458012
"2695","Western North","Bibiani-Anhwiaso-Bekwai",2025,188088.672739653
"2696","Central","Upper Denkyira East",2025,116184.778368646
"2697","Ashanti","Amansie Central",2025,102899.038839171
"2698","Ashanti","Amansie South",2025,128179.826651969
"2699","Central","Upper Denkyira West",2025,110183.00766165
"2700","Central","Komenda-Edna-Eguafo-Abirem",2025,187046.817241741
"2701","Western North","Sefwi-Wiawso",2025,170259.023935994
"2702","Ahafo","Asunafo South",2025,105025.769365873
"2703","Bono East","Nkoranza South",2025,129351.011865722
"2704","Savannah","Bole",2025,130223.894491669
"2705","Eastern","Lower-Manya Krobo",2025,129549.954913074
"2706","Bono East","Kintampo North",2025,148751.171195941
"2707","Bono East","Atebubu-Amanten",2025,163610.263783394
"2708","Northern","Kpandai",2025,100635.460668995
"2709","Oti","Nkwanta North",2025,139303.964135537
"2710","Oti","Biakoye",2025,80026.1715948558
"2711","Savannah","Central Gonja",2025,156910.647501849
"2712","Bono East","Pru West",2025,53174.8914576313
"2713","Northern","Savelugu",2025,136335.534551821
"2714","Northern","Karaga",2025,141679.720874324
"2715","Savannah","East Gonja",2025,179343.451844159
"2716","Volta","South Dayi",2025,63852.9421239644
"2717","Upper West","Wa East",2025,106070.17722861
"2718","Northern","Saboba",2025,108541.18560343
"2719","Northern","Gushiegu",2025,166724.528904364
"2720","Northern","Nanumba North",2025,181263.776566843
"2721","Northern","Nanumba South",2025,152903.320100718
"2722","Bono","Wenchi",2025,139150.103636866
"2723","Ahafo","Tano South",2025,98671.2512913141
"2724","Bono","Sunyani Municipal",2025,217781.583938866
"2725","Ashanti","Asante Akim South",2025,136248.929822765
"2726","Greater Accra","Ada East",2025,88756.510494275
"2727","Greater Accra","Shai-Osudoku",2025,120015.373373298
"2728","Greater Accra","Ada West",2025,82300.6560770627
"2729","Greater Accra","Ningo Prampram",2025,241541.447219353
"2730","Bono East","Techiman North",2025,103916.743101569
"2731","Bono","Banda",2025,32441.8213252877
"2732","Bono","Jaman North",2025,133635.929972926
"2733","Bono","Tain",2025,128664.343774274
"2734","Ashanti","Sekyere Kumawu",2025,71613.8977203332
"2735","Ashanti","Sekyere Afram Plains",2025,39617.5746237198
"2736","Ashanti","Asante Akim North",2025,96287.2036996828
"2737","Ashanti","Asante Akim Central",2025,103638.213465445
"2738","Ashanti","Juaben",2025,67951.9200884718
"2739","Greater Accra","La-Dade-Kotopon",2025,159675.830525896
"2740","Western North","Aowin",2025,147772.581744296
"2741","Western North","Suaman",2025,44075.542297543
"2742","Western North","Bia East",2025,59365.9082405651
"2743","Western North","Bia West",2025,123144.968960764
"2744","Western North","Bodi",2025,73959.2329400256
"2745","Western North","Juaboso",2025,110610.714370353
"2746","Western","Shama",2025,133374.411569834
"2747","Western","Wassa East",2025,115398.435345341
"2748","Western","Mpohor",2025,56592.7763899397
"2749","Western","Wassa Amenfi West",2025,148817.679470045
"2750","Western","Wassa Amenfi Central",2025,151813.787411029
"2751","Central","Mfantsiman",2025,176855.575002417
"2752","Central","Ekumfi",2025,83118.4172368553
"2753","Central","Twifo-Hemang Lower Denkyira",2025,75376.8402542733
"2754","Central","Twifo-Ati-Mokwa",2025,113547.150136041
"2755","Central","Awutu Senya",2025,186153.925379634
"2756","Greater Accra","La-Nkwantanang-Madina",2025,304465.253879311
"2757","Greater Accra","Ga East",2025,358286.703909823
"2758","Western","Wassa Amenfi East",2025,182702.855521265
"2759","Central","Gomoa Central",2025,75284.4347556792
"2760","Central","Assin Foso",2025,91137.5137357898
"2761","Greater Accra","Ayawaso West",2025,108064.058551093
"2762","Greater Accra","Ga West",2025,376616.467876747
"2763","Oti","Krachi West",2025,66455.7957127104
"2764","Oti","Krachi Nchumuru",2025,90176.1250439128
"2765","Volta","Agortime-Ziope",2025,44480.8587900568
"2766","Volta","Adaklu",2025,46502.4765016176
"2767","Volta","Akatsi South",2025,105191.585791043
"2768","Volta","Akatsi North",2025,35458.5677560009
"2769","Volta","Ho",2025,197768.577072833
"2770","Volta","Hohoe",2025,128699.78186621
"2771","Volta","Ho West",2025,95258.8689770922
"2772","Volta","Afadjato South",2025,83957.296504572
"2773","Volta","North Dayi",2025,42372.5597186196
"2774","Volta","Kpando",2025,66788.870923711
"2775","Volta","North Tongu",2025,125906.131470552
"2776","Volta","Central Tongu",2025,89924.8022128735
"2777","Eastern","Nsawam-Adoagyiri",2025,171864.106276633
"2778","Greater Accra","Ga Central",2025,319412.127911797
"2779","Eastern","Akwapim South",2025,65410.8677714765
"2780","Eastern","Denkyembour",2025,87244.9310955703
"2781","Eastern","Kwaebibirem",2025,136785.762984527
"2782","Eastern","Afram Plains South",2025,81700.4026844134
"2783","Eastern","Kwahu North",2025,75598.3076482555
"2784","Eastern","Suhum",2025,144641.218258969
"2785","Eastern","Ayensuano",2025,104612.48139984
"2786","Eastern","East Akim - Abuakwa South",2025,84137.5028054975
"2787","Eastern","Upper West Akim",2025,99439.0749079082
"2788","Eastern","West Akim",2025,141026.146945441
"2789","Bono","Dormaa West",2025,53094.8111833446
"2790","Upper West","Nadowli-Kaleo",2025,86421.3409447046
"2791","Upper West","Daffiama-Bussie-Issa",2025,44152.6844680281
"2792","Upper West","Lawra",2025,65806.9605858307
"2793","Upper West","Nandom",2025,60379.5032061012
"2794","Upper East","Talensi",2025,98442.7607918377
"2795","Upper East","Nabdam",2025,50453.6809644699
"2796","Upper East","Builsa South",2025,41801.8610963607
"2797","Upper East","Builsa North",2025,63414.3192590121
"2798","Upper East","Binduri",2025,79426.5542414915
"2799","Upper East","Pusiga",2025,89927.6928011104
"2800","Upper East","Bawku Municipal",2025,140397.039147615
"2801","Savannah","West Gonja",2025,73811.7195129087
"2802","Northern","Mion",2025,110422.963471745
"2803","Northern","Yendi",2025,172197.636485309
"2804","Northern","Tolon",2025,139767.263775874
"2805","Northern","Kumbungu",2025,118820.525985716
"2806","Northern East","West Mamprusi",2025,199096.608328449
"2807","Northern East","Mamprugu-Moagduri",2025,77323.2788319066
"2808","Northern","Zabzugu",2025,93767.2578058597
"2809","Northern","Tatale-Sangule",2025,84434.2539764373
"2810","Bono East","Sene East",2025,80766.0613403572
"2811","Bono East","Sene West",2025,80727.7480839742
"2812","Ahafo","Asutifi North",2025,83930.9121013843
"2813","Ashanti","Ahafo Ano North",2025,102179.571723212
"2814","Ahafo","Asutifi South",2025,81037.8748188727
"2815","Bono East","Techiman Municipal",2025,290959.222786066
"2816","Savannah","North Gonja",2025,69028.8765115682
"2817","Greater Accra","Tema West",2025,245083.717790208
"2818","Greater Accra","Ashaiman",2025,240216.873257145
"2819","Greater Accra","Kpone-Katamanso",2025,483310.017465817
"2820","Upper East","Tempane",2025,110200.538964008
"2821","Upper East","Bolgatanga East",2025,48638.3975637574
"2822","Northern East","Bunkpurugu -Nakpanduri",2025,93037.9279734083
"2823","Savannah","North-East Gonja",2025,44002.4863937125
"2824","Northern","Nanton",2025,53243.1441076696
"2825","Bono","Berekum West",2025,50578.5502587836
"2826","Bono East","Pru",2025,131846.678200275
"2827","Eastern","Fanteakwa South",2025,57268.8236459475
"2828","Eastern","New Juaben South",2025,156441.986456359
"2829","Eastern","Akwapim North",2025,111522.735267357
"2830","Volta","Keta",2025,90255.0574022317
"2831","Ashanti","Adansi Akrofuom",2025,54626.3138234466
"2832","Ashanti","Adansi North",2025,60422.9004552457
"2833","Ashanti","Obuasi East",2025,120513.175197167
"2834","Ashanti","Amansie West",2025,122330.965403872
"2835","Ashanti","Atwima Nwabiagya North",2025,150034.897568258
"2836","Ashanti","Oforikrom",2025,243549.563325912
"2837","Ashanti","Old Tafo",2025,129906.831482887
"2838","Ashanti","Asokwa",2025,149076.995983992
"2839","Greater Accra","Ayawaso East",2025,58548.0698900223
"2840","Greater Accra","Ayawaso North",2025,72248.3601455688
"2841","Greater Accra","Ayawaso Central",2025,105299.48862648
"2842","Ashanti","Kwadaso",2025,170468.583095524
"2843","Ashanti","Suame",2025,166742.389568329
"2844","Ashanti","Asokore Mampong",2025,209526.26957259
"2845","Ashanti","Afigya Kwabre South",2025,250503.103644967
"2846","Ashanti","Ejisu",2025,207126.212815749
"2847","Ashanti","Ahafo Ano South East",2025,65180.401949469
"2848","Greater Accra","Korle-Klottey",2025,78154.0253502131
"2849","Greater Accra","Ablekuma West",2025,160098.57945919
"2850","Greater Accra","Ablekuma Central",2025,195444.159406543
"2851","Greater Accra","Krowor",2025,155425.449928641
"2852","Greater Accra","Ga North",2025,309093.19113935
"2853","Greater Accra","Weija-Gbawe",2025,228507.59184626
"2854","Greater Accra","Ablekuma North",2025,170301.763957977
"2855","Eastern","Birim south",2025,54002.5473701227
"2856","Eastern","Birim Central",2025,80951.4540989436
"2857","Eastern","Abuakwa North",2025,100225.837510055
"2858","Eastern","Atiwa East",2025,75687.5161208976
"2859","Central","Awutu Senya East",2025,254283.59584151
"2860","Oti","Kadjebi",2025,80954.238759473
"2861","Ashanti","Kumasi",2025,519240.511278531
"2862","Greater Accra","Tema",2025,165743.091708273
"2863","Greater Accra","Ga South",2025,367008.456023486
"2864","Western","Sekondi-Takoradi",2025,271235.609614896
"2865","Western","Effia-Kwesimintsim",2025,201714.896746036
"2866","Northern","Sagnarigu",2025,324153.188337442
"2867","Northern","Tamale",2025,487775.962679869
"2868","Central","Cape Coast",2025,215531.522780284
"2869","Greater Accra","Accra Metro",2025,323104.79639785
"2870","Greater Accra","Okai Koi North",2025,178710.438390732
"2871","Oti","Guan District",2025,31698.595433359
"2872","Greater Accra","Ledzokuku",2000,110343.699783325
"2873","Northern East","Chereponi",2000,40404.1056746691
"2874","Upper West","Wa Municipal",2000,62210.8426784277
"2875","Upper West","Jirapa",2000,55260.9264069125
"2876","Upper West","Sissala West",2000,25167.3419857025
"2877","Upper West","Lambussie",2000,39353.156836547
"2878","Upper East","Bolgatanga Municipal",2000,94709.8473856747
"2879","Upper East","Bongo",2000,78284.0667139292
"2880","Upper East","Kasena-Nankana West",2000,67731.6873979308
"2881","Upper West","Wa West",2000,62080.6201683804
"2882","Savannah","Sawla-Tuna-Kalba",2000,67216.8853711598
"2883","Upper West","Sissala East",2000,59013.4337341636
"2884","Upper East","Kasena-Nankana",2000,79485.0924777836
"2885","Northern East","Yunyoo-Nasuan",2000,42026.1806159839
"2886","Upper East","Garu",2000,69195.1690927446
"2887","Northern East","East Mamprusi",2000,83471.0228829011
"2888","Upper East","Bawku West",2000,80509.065979436
"2889","Bono","Dormaa East",2000,44419.9040221274
"2890","Bono","Berekum",2000,53155.1400263906
"2891","Bono","Jaman South",2000,71403.8467212915
"2892","Bono","Sunyani West",2000,92592.2004400492
"2893","Ahafo","Asunafo North",2000,94628.8324401528
"2894","Bono East","Nkoranza North",2000,53829.1252626777
"2895","Bono East","Kintampo South",2000,62942.9320516437
"2896","Ahafo","Tano North",2000,72271.3613341451
"2897","Volta","Ketu North",2000,93310.9202198386
"2898","Volta","Ketu South",2000,138499.066260815
"2899","Volta","Anloga",2000,83901.2945458293
"2900","Volta","South Tongu",2000,65551.3788976371
"2901","Oti","Jasikan",2000,32922.76674968
"2902","Oti","Krachi East",2000,92060.0481949821
"2903","Oti","Nkwanta South",2000,79528.8795869499
"2904","Ashanti","Afigya Kwabre North",2000,47807.8205224872
"2905","Ashanti","Atwima Kwanwoma",2000,76110.5595880151
"2906","Ashanti","Sekyere South",2000,57669.4228340089
"2907","Ashanti","Sekyere East",2000,31554.7103548646
"2908","Ashanti","Sekyere Central",2000,64121.7411963642
"2909","Ashanti","Offinso North",2000,52831.7631525397
"2910","Ashanti","Offinso",2000,84489.1237604022
"2911","Greater Accra","Adentan",2000,52236.713049531
"2912","Bono","Dormaa Municipal",2000,78980.5154542103
"2913","Ashanti","Ahafo Ano South West",2000,80731.2915043086
"2914","Ashanti","Bekwai",2000,114449.740193188
"2915","Ashanti","Bosomtwe",2000,76215.1903948188
"2916","Central","Ajumako-Enyan-Essiam",2000,92581.0429286957
"2917","Central","Gomoa West",2000,71754.3756880164
"2918","Ashanti","Obuasi",2000,54000.7647736669
"2919","Ashanti","Kwabre East",2000,85483.9083856344
"2920","Ashanti","Ejura-Sekyedumase",2000,81655.511159353
"2921","Ashanti","Atwima Nwabiagya",2000,77698.9126479328
"2922","Ashanti","Atwima Mponua",2000,122086.16321446
"2923","Ashanti","Adansi South",2000,60727.7914962322
"2924","Ashanti","Adansi Asokwa",2000,57008.1360705942
"2925","Ashanti","Bosome Freho",2000,42158.7919067442
"2926","Ashanti","Asante Mampong",2000,79429.0854973048
"2927","Central","Agona West",2000,96578.9271814227
"2928","Central","Agona East",2000,73543.400728941
"2929","Central","Assin North",2000,71231.7403044403
"2930","Central","Assin South",2000,81202.8678860962
"2931","Central","Asikuma-Odoben-Brakwa",2000,87364.0850772262
"2932","Central","Efutu",2000,47574.2874804139
"2933","Central","Gomoa East",2000,133429.30804953
"2934","Central","Abura-Asebu-Kwamankese",2000,89231.6141123176
"2935","Western","Jomoro",2000,109773.501622722
"2936","Western","Ellembelle",2000,85100.1370470077
"2937","Western","Prestea-Huni Valley",2000,154158.594057634
"2938","Western","Ahanta West",2000,99443.4040188193
"2939","Western","Nzema East",2000,56080.6643981189
"2940","Western","Tarkwa-Nsuaem",2000,78610.0127921179
"2941","Western North","Sefwi-Akontombra",2000,77052.0295707285
"2942","Eastern","Akyemansa",2000,62190.7856698632
"2943","Eastern","Kwahu South",2000,73111.3741644919
"2944","Eastern","Asene Manso Akroso",2000,45068.7967079282
"2945","Eastern","Upper Manya-Krobo",2000,70812.1523263752
"2946","Eastern","Achiase",2000,52012.2222555876
"2947","Eastern","Okere",2000,49251.8716543317
"2948","Eastern","Yilo-Krobo",2000,83436.2639714479
"2949","Eastern","Atiwa West",2000,45820.3331811875
"2950","Eastern","New Juaben North",2000,70035.3326482773
"2951","Eastern","Fanteakwa North",2000,55464.3252396882
"2952","Eastern","Birim North",2000,60002.4901697189
"2953","Eastern","Asuogyaman",2000,74571.9438720345
"2954","Eastern","Kwahu East",2000,61110.2745784223
"2955","Eastern","Kwahu West",2000,77366.8069087565
"2956","Western North","Bibiani-Anhwiaso-Bekwai",2000,105523.538312316
"2957","Central","Upper Denkyira East",2000,56685.911223188
"2958","Ashanti","Amansie Central",2000,66731.5982546061
"2959","Ashanti","Amansie South",2000,67046.3066613525
"2960","Central","Upper Denkyira West",2000,54277.6005251408
"2961","Central","Komenda-Edna-Eguafo-Abirem",2000,111635.790697932
"2962","Western North","Sefwi-Wiawso",2000,124571.423793331
"2963","Ahafo","Asunafo South",2000,78197.3219632059
"2964","Bono East","Nkoranza South",2000,78757.7862687558
"2965","Savannah","Bole",2000,62643.9165394474
"2966","Eastern","Lower-Manya Krobo",2000,79925.5863308311
"2967","Bono East","Kintampo North",2000,83153.0626358464
"2968","Bono East","Atebubu-Amanten",2000,79935.1847192459
"2969","Northern","Kpandai",2000,44383.0194682926
"2970","Oti","Nkwanta North",2000,50864.8730536252
"2971","Oti","Biakoye",2000,80293.9767615646
"2972","Savannah","Central Gonja",2000,66012.1291695852
"2973","Bono East","Pru West",2000,36708.3494935445
"2974","Northern","Savelugu",2000,62794.8532221913
"2975","Northern","Karaga",2000,64223.6092268676
"2976","Savannah","East Gonja",2000,90188.0746859647
"2977","Volta","South Dayi",2000,35981.3936346769
"2978","Upper West","Wa East",2000,95562.7524832673
"2979","Northern","Saboba",2000,50988.1476205885
"2980","Northern","Gushiegu",2000,60530.1533236094
"2981","Northern","Nanumba North",2000,60023.6224480197
"2982","Northern","Nanumba South",2000,84138.2004590034
"2983","Bono","Wenchi",2000,70997.1199224219
"2984","Ahafo","Tano South",2000,45888.7662697732
"2985","Bono","Sunyani Municipal",2000,85561.0232384503
"2986","Ashanti","Asante Akim South",2000,97135.7510486543
"2987","Greater Accra","Ada East",2000,48321.6174225509
"2988","Greater Accra","Shai-Osudoku",2000,44828.9969587326
"2989","Greater Accra","Ada West",2000,46394.6611384302
"2990","Greater Accra","Ningo Prampram",2000,55068.4536845759
"2991","Bono East","Techiman North",2000,61817.1057063043
"2992","Bono","Banda",2000,31197.9583443701
"2993","Bono","Jaman North",2000,77292.376972951
"2994","Bono","Tain",2000,61975.071897909
"2995","Ashanti","Sekyere Kumawu",2000,48377.2206718624
"2996","Ashanti","Sekyere Afram Plains",2000,59337.8664480932
"2997","Ashanti","Asante Akim North",2000,75436.5667452589
"2998","Ashanti","Asante Akim Central",2000,48819.2425502837
"2999","Ashanti","Juaben",2000,49164.463698864
"3000","Greater Accra","La-Dade-Kotopon",2000,236055.320322037
"3001","Western North","Aowin",2000,93782.224186793
"3002","Western North","Suaman",2000,20457.8513227105
"3003","Western North","Bia East",2000,42658.4757219702
"3004","Western North","Bia West",2000,58793.8311091661
"3005","Western North","Bodi",2000,35986.945380196
"3006","Western North","Juaboso",2000,61064.1477206349
"3007","Western","Shama",2000,88006.0421147346
"3008","Western","Wassa East",2000,81067.5360430107
"3009","Western","Mpohor",2000,37821.0477319956
"3010","Western","Wassa Amenfi West",2000,63588.5756717771
"3011","Western","Wassa Amenfi Central",2000,85460.2298474386
"3012","Central","Mfantsiman",2000,92752.1488682926
"3013","Central","Ekumfi",2000,62017.7175379097
"3014","Central","Twifo-Hemang Lower Denkyira",2000,42699.3194631934
"3015","Central","Twifo-Ati-Mokwa",2000,67137.8590921611
"3016","Central","Awutu Senya",2000,82845.16559273
"3017","Greater Accra","La-Nkwantanang-Madina",2000,70450.7077746391
"3018","Greater Accra","Ga East",2000,118341.397386551
"3019","Western","Wassa Amenfi East",2000,85735.1130401343
"3020","Central","Gomoa Central",2000,39357.6731472313
"3021","Central","Assin Foso",2000,41826.356698364
"3022","Greater Accra","Ayawaso West",2000,243427.566784859
"3023","Greater Accra","Ga West",2000,108617.762909293
"3024","Oti","Krachi West",2000,36484.0563563108
"3025","Oti","Krachi Nchumuru",2000,57841.8331418261
"3026","Volta","Agortime-Ziope",2000,12530.8666024953
"3027","Volta","Adaklu",2000,24609.0905461758
"3028","Volta","Akatsi South",2000,70397.21859622
"3029","Volta","Akatsi North",2000,21336.9821971059
"3030","Volta","Ho",2000,122400.611446336
"3031","Volta","Hohoe",2000,54636.4867656827
"3032","Volta","Ho West",2000,78852.500331983
"3033","Volta","Afadjato South",2000,64647.6676928997
"3034","Volta","North Dayi",2000,34238.058588475
"3035","Volta","Kpando",2000,40912.1703170836
"3036","Volta","North Tongu",2000,70420.7393584773
"3037","Volta","Central Tongu",2000,57893.6057416052
"3038","Eastern","Nsawam-Adoagyiri",2000,60905.0389886498
"3039","Greater Accra","Ga Central",2000,63550.0540063381
"3040","Eastern","Akwapim South",2000,50541.383558929
"3041","Eastern","Denkyembour",2000,84131.9183755517
"3042","Eastern","Kwaebibirem",2000,97025.9078519642
"3043","Eastern","Afram Plains South",2000,81504.5523619615
"3044","Eastern","Kwahu North",2000,56808.0352902114
"3045","Eastern","Suhum",2000,86174.2702893019
"3046","Eastern","Ayensuano",2000,81927.2348844111
"3047","Eastern","East Akim - Abuakwa South",2000,50914.3636327684
"3048","Eastern","Upper West Akim",2000,68034.2774906158
"3049","Eastern","West Akim",2000,89007.3468506634
"3050","Bono","Dormaa West",2000,25712.6575354934
"3051","Upper West","Nadowli-Kaleo",2000,44022.4989823848
"3052","Upper West","Daffiama-Bussie-Issa",2000,38085.6820485368
"3053","Upper West","Lawra",2000,46530.8280447274
"3054","Upper West","Nandom",2000,40725.141064465
"3055","Upper East","Talensi",2000,73468.2138602436
"3056","Upper East","Nabdam",2000,25003.0504248589
"3057","Upper East","Builsa South",2000,39440.4927513972
"3058","Upper East","Builsa North",2000,36788.035831064
"3059","Upper East","Binduri",2000,63277.3957786262
"3060","Upper East","Pusiga",2000,39076.1094344854
"3061","Upper East","Bawku Municipal",2000,62961.5590265393
"3062","Savannah","West Gonja",2000,40061.5666042753
"3063","Northern","Mion",2000,65902.7585010007
"3064","Northern","Yendi",2000,65127.3539972901
"3065","Northern","Tolon",2000,67064.8725862801
"3066","Northern","Kumbungu",2000,64928.0063605756
"3067","Northern East","West Mamprusi",2000,91888.2340785041
"3068","Northern East","Mamprugu-Moagduri",2000,30207.2001238838
"3069","Northern","Zabzugu",2000,50174.1887256876
"3070","Northern","Tatale-Sangule",2000,28294.0278665647
"3071","Bono East","Sene East",2000,44733.9315049909
"3072","Bono East","Sene West",2000,39074.5862380415
"3073","Ahafo","Asutifi North",2000,47989.4904811829
"3074","Ashanti","Ahafo Ano North",2000,77144.2382385135
"3075","Ahafo","Asutifi South",2000,36620.1898949146
"3076","Bono East","Techiman Municipal",2000,110412.664063707
"3077","Savannah","North Gonja",2000,35776.4555710815
"3078","Greater Accra","Tema West",2000,120078.23035574
"3079","Greater Accra","Ashaiman",2000,56761.2772283554
"3080","Greater Accra","Kpone-Katamanso",2000,132085.993315876
"3081","Upper East","Tempane",2000,69758.0143844485
"3082","Upper East","Bolgatanga East",2000,25767.5031125546
"3083","Northern East","Bunkpurugu -Nakpanduri",2000,51453.1318546012
"3084","Savannah","North-East Gonja",2000,38038.3864829373
"3085","Northern","Nanton",2000,27714.6119924262
"3086","Bono","Berekum West",2000,39926.4263460785
"3087","Bono East","Pru",2000,48366.3356336281
"3088","Eastern","Fanteakwa South",2000,29369.5685618222
"3089","Eastern","New Juaben South",2000,64303.2111405134
"3090","Eastern","Akwapim North",2000,62386.8174507618
"3091","Volta","Keta",2000,53564.0013343692
"3092","Ashanti","Adansi Akrofuom",2000,71470.8483140171
"3093","Ashanti","Adansi North",2000,49319.7359327376
"3094","Ashanti","Obuasi East",2000,80850.486497283
"3095","Ashanti","Amansie West",2000,45085.0506404638
"3096","Ashanti","Atwima Nwabiagya North",2000,54849.8118354976
"3097","Ashanti","Oforikrom",2000,135408.885210991
"3098","Ashanti","Old Tafo",2000,61627.3787403107
"3099","Ashanti","Asokwa",2000,147069.646383286
"3100","Greater Accra","Ayawaso East",2000,33957.15650177
"3101","Greater Accra","Ayawaso North",2000,19146.3616981506
"3102","Greater Accra","Ayawaso Central",2000,56941.104473114
"3103","Ashanti","Kwadaso",2000,161245.057182312
"3104","Ashanti","Suame",2000,96603.4665985107
"3105","Ashanti","Asokore Mampong",2000,105666.257082462
"3106","Ashanti","Afigya Kwabre South",2000,85241.3553825319
"3107","Ashanti","Ejisu",2000,94716.3657773733
"3108","Ashanti","Ahafo Ano South East",2000,48838.7660445273
"3109","Greater Accra","Korle-Klottey",2000,119085.824611664
"3110","Greater Accra","Ablekuma West",2000,74617.8833332062
"3111","Greater Accra","Ablekuma Central",2000,108105.214160919
"3112","Greater Accra","Krowor",2000,61577.0743312836
"3113","Greater Accra","Ga North",2000,85422.2055106163
"3114","Greater Accra","Weija-Gbawe",2000,121452.303995609
"3115","Greater Accra","Ablekuma North",2000,91690.8876800537
"3116","Eastern","Birim south",2000,51429.0713270009
"3117","Eastern","Birim Central",2000,33329.9166280627
"3118","Eastern","Abuakwa North",2000,50017.8753449023
"3119","Eastern","Atiwa East",2000,42743.6664227694
"3120","Central","Awutu Senya East",2000,42702.8170313835
"3121","Oti","Kadjebi",2000,46295.5661105663
"3122","Ashanti","Kumasi",2000,436651.691878915
"3123","Greater Accra","Tema",2000,70321.2739505768
"3124","Greater Accra","Ga South",2000,157205.950327396
"3125","Western","Sekondi-Takoradi",2000,182353.165462583
"3126","Western","Effia-Kwesimintsim",2000,95087.2605482936
"3127","Northern","Sagnarigu",2000,134152.509260178
"3128","Northern","Tamale",2000,160123.824755304
"3129","Central","Cape Coast",2000,120937.391683638
"3130","Greater Accra","Accra Metro",2000,226236.35610199
"3131","Greater Accra","Okai Koi North",2000,100675.150193214
"3132","Oti","Guan District",2000,32500.3753257096
"3133","Greater Accra","Ledzokuku",2001,120440.379198074
"3134","Northern East","Chereponi",2001,41297.1693261787
"3135","Upper West","Wa Municipal",2001,62840.1950799525
"3136","Upper West","Jirapa",2001,57535.0336284824
"3137","Upper West","Sissala West",2001,25628.7329800352
"3138","Upper West","Lambussie",2001,40732.1959310584
"3139","Upper East","Bolgatanga Municipal",2001,95369.8555448949
"3140","Upper East","Bongo",2001,78367.3606119156
"3141","Upper East","Kasena-Nankana West",2001,69537.9436747991
"3142","Upper West","Wa West",2001,63033.857978031
"3143","Savannah","Sawla-Tuna-Kalba",2001,68598.8641521074
"3144","Upper West","Sissala East",2001,60221.463406235
"3145","Upper East","Kasena-Nankana",2001,80533.6132998094
"3146","Northern East","Yunyoo-Nasuan",2001,42435.8002725691
"3147","Upper East","Garu",2001,69551.517140165
"3148","Northern East","East Mamprusi",2001,86486.0414337218
"3149","Upper East","Bawku West",2001,81854.2312283665
"3150","Bono","Dormaa East",2001,45945.3811306059
"3151","Bono","Berekum",2001,55841.4872486293
"3152","Bono","Jaman South",2001,72392.3992536366
"3153","Bono","Sunyani West",2001,93945.5303994566
"3154","Ahafo","Asunafo North",2001,96115.7093292922
"3155","Bono East","Nkoranza North",2001,55405.4902131632
"3156","Bono East","Kintampo South",2001,64928.0688511133
"3157","Ahafo","Tano North",2001,74247.1379336715
"3158","Volta","Ketu North",2001,95884.1752234995
"3159","Volta","Ketu South",2001,138252.968833566
"3160","Volta","Anloga",2001,84993.884765923
"3161","Volta","South Tongu",2001,68056.0663206875
"3162","Oti","Jasikan",2001,32821.3288901299
"3163","Oti","Krachi East",2001,94103.8066251501
"3164","Oti","Nkwanta South",2001,83114.7199510336
"3165","Ashanti","Afigya Kwabre North",2001,48633.0977099836
"3166","Ashanti","Atwima Kwanwoma",2001,78270.157068938
"3167","Ashanti","Sekyere South",2001,60782.0191482604
"3168","Ashanti","Sekyere East",2001,31526.0738665611
"3169","Ashanti","Sekyere Central",2001,65043.9450044632
"3170","Ashanti","Offinso North",2001,53180.7575764209
"3171","Ashanti","Offinso",2001,83909.394141838
"3172","Greater Accra","Adentan",2001,54128.2778409719
"3173","Bono","Dormaa Municipal",2001,81335.9519588277
"3174","Ashanti","Ahafo Ano South West",2001,81024.6122889966
"3175","Ashanti","Bekwai",2001,115060.803673327
"3176","Ashanti","Bosomtwe",2001,78964.0073193312
"3177","Central","Ajumako-Enyan-Essiam",2001,96355.3112442195
"3178","Central","Gomoa West",2001,75507.5115813315
"3179","Ashanti","Obuasi",2001,54538.9325940609
"3180","Ashanti","Kwabre East",2001,81209.0999183059
"3181","Ashanti","Ejura-Sekyedumase",2001,82157.7041154355
"3182","Ashanti","Atwima Nwabiagya",2001,79238.3171076179
"3183","Ashanti","Atwima Mponua",2001,123461.846139878
"3184","Ashanti","Adansi South",2001,61165.559324652
"3185","Ashanti","Adansi Asokwa",2001,57428.7066091895
"3186","Ashanti","Bosome Freho",2001,43119.0407957286
"3187","Ashanti","Asante Mampong",2001,80084.9535469115
"3188","Central","Agona West",2001,98744.7988322377
"3189","Central","Agona East",2001,74979.1074198484
"3190","Central","Assin North",2001,76277.9920242429
"3191","Central","Assin South",2001,83201.1448168606
"3192","Central","Asikuma-Odoben-Brakwa",2001,89782.5328963697
"3193","Central","Efutu",2001,49270.8429740667
"3194","Central","Gomoa East",2001,139274.823970616
"3195","Central","Abura-Asebu-Kwamankese",2001,91865.9276189208
"3196","Western","Jomoro",2001,113217.287348799
"3197","Western","Ellembelle",2001,85135.2222776338
"3198","Western","Prestea-Huni Valley",2001,155046.146639928
"3199","Western","Ahanta West",2001,100661.671627134
"3200","Western","Nzema East",2001,56394.4873166382
"3201","Western","Tarkwa-Nsuaem",2001,79444.3915398493
"3202","Western North","Sefwi-Akontombra",2001,77558.1392232627
"3203","Eastern","Akyemansa",2001,64250.9566038251
"3204","Eastern","Kwahu South",2001,73712.5679134429
"3205","Eastern","Asene Manso Akroso",2001,49781.8560049236
"3206","Eastern","Upper Manya-Krobo",2001,70974.8799293339
"3207","Eastern","Achiase",2001,53069.8378882408
"3208","Eastern","Okere",2001,51995.3292321563
"3209","Eastern","Yilo-Krobo",2001,83593.175391674
"3210","Eastern","Atiwa West",2001,48059.1482551396
"3211","Eastern","New Juaben North",2001,70080.4037247896
"3212","Eastern","Fanteakwa North",2001,56188.9178524762
"3213","Eastern","Birim North",2001,62696.7006220222
"3214","Eastern","Asuogyaman",2001,76242.8446689397
"3215","Eastern","Kwahu East",2001,61611.4312963486
"3216","Eastern","Kwahu West",2001,78238.3543073833
"3217","Western North","Bibiani-Anhwiaso-Bekwai",2001,107542.522583634
"3218","Central","Upper Denkyira East",2001,57722.7429417223
"3219","Ashanti","Amansie Central",2001,68424.8273525685
"3220","Ashanti","Amansie South",2001,67340.6875457466
"3221","Central","Upper Denkyira West",2001,55331.2015092969
"3222","Central","Komenda-Edna-Eguafo-Abirem",2001,114559.913044125
"3223","Western North","Sefwi-Wiawso",2001,126196.762145475
"3224","Ahafo","Asunafo South",2001,80805.1990376562
"3225","Bono East","Nkoranza South",2001,80538.3351247311
"3226","Savannah","Bole",2001,64739.5409381557
"3227","Eastern","Lower-Manya Krobo",2001,80313.6811066866
"3228","Bono East","Kintampo North",2001,83953.1955954358
"3229","Bono East","Atebubu-Amanten",2001,83399.2265646309
"3230","Northern","Kpandai",2001,45245.7605084628
"3231","Oti","Nkwanta North",2001,52054.3658189923
"3232","Oti","Biakoye",2001,81555.9768273979
"3233","Savannah","Central Gonja",2001,67394.8157353066
"3234","Bono East","Pru West",2001,38048.9266049974
"3235","Northern","Savelugu",2001,64749.6180926599
"3236","Northern","Karaga",2001,67378.3832366131
"3237","Savannah","East Gonja",2001,96462.1304400191
"3238","Volta","South Dayi",2001,37116.6649786234
"3239","Upper West","Wa East",2001,97063.1296720766
"3240","Northern","Saboba",2001,52280.6023389697
"3241","Northern","Gushiegu",2001,62687.1243262328
"3242","Northern","Nanumba North",2001,63232.2313589752
"3243","Northern","Nanumba South",2001,88311.5510043874
"3244","Bono","Wenchi",2001,72470.7541785762
"3245","Ahafo","Tano South",2001,46695.9260326326
"3246","Bono","Sunyani Municipal",2001,87010.0616680831
"3247","Ashanti","Asante Akim South",2001,99039.4200951159
"3248","Greater Accra","Ada East",2001,51909.3181223273
"3249","Greater Accra","Shai-Osudoku",2001,45107.4685244262
"3250","Greater Accra","Ada West",2001,45734.8719056845
"3251","Greater Accra","Ningo Prampram",2001,57257.4944542944
"3252","Bono East","Techiman North",2001,64759.4593619406
"3253","Bono","Banda",2001,31266.0130670182
"3254","Bono","Jaman North",2001,78743.4969239533
"3255","Bono","Tain",2001,63163.2726122886
"3256","Ashanti","Sekyere Kumawu",2001,50775.5090692341
"3257","Ashanti","Sekyere Afram Plains",2001,57600.9311728403
"3258","Ashanti","Asante Akim North",2001,78836.7555630729
"3259","Ashanti","Asante Akim Central",2001,46406.3035330474
"3260","Ashanti","Juaben",2001,48038.8940017074
"3261","Greater Accra","La-Dade-Kotopon",2001,241648.641860008
"3262","Western North","Aowin",2001,96375.4649725631
"3263","Western North","Suaman",2001,20095.5808053911
"3264","Western North","Bia East",2001,42977.9597744495
"3265","Western North","Bia West",2001,59885.9783367962
"3266","Western North","Bodi",2001,36796.7536333054
"3267","Western North","Juaboso",2001,61601.710791029
"3268","Western","Shama",2001,89594.9751253128
"3269","Western","Wassa East",2001,79789.3734507188
"3270","Western","Mpohor",2001,39211.4303297997
"3271","Western","Wassa Amenfi West",2001,64495.0961174294
"3272","Western","Wassa Amenfi Central",2001,84742.1306632459
"3273","Central","Mfantsiman",2001,93368.5485541821
"3274","Central","Ekumfi",2001,65314.5938212276
"3275","Central","Twifo-Hemang Lower Denkyira",2001,43602.82802625
"3276","Central","Twifo-Ati-Mokwa",2001,67393.0733545274
"3277","Central","Awutu Senya",2001,87733.4434962273
"3278","Greater Accra","La-Nkwantanang-Madina",2001,72881.3472403288
"3279","Greater Accra","Ga East",2001,125053.787000656
"3280","Western","Wassa Amenfi East",2001,86578.5839880109
"3281","Central","Gomoa Central",2001,39245.9509229958
"3282","Central","Assin Foso",2001,40408.6602632105
"3283","Greater Accra","Ayawaso West",2001,261810.560808182
"3284","Greater Accra","Ga West",2001,107346.309083641
"3285","Oti","Krachi West",2001,38202.3131159991
"3286","Oti","Krachi Nchumuru",2001,58744.823430039
"3287","Volta","Agortime-Ziope",2001,13126.739621006
"3288","Volta","Adaklu",2001,25465.5140146092
"3289","Volta","Akatsi South",2001,72988.3373717368
"3290","Volta","Akatsi North",2001,21523.7308418155
"3291","Volta","Ho",2001,129246.667665064
"3292","Volta","Hohoe",2001,59041.6197829247
"3293","Volta","Ho West",2001,78925.5653445944
"3294","Volta","Afadjato South",2001,66573.6299530566
"3295","Volta","North Dayi",2001,34846.4551948309
"3296","Volta","Kpando",2001,42344.4320351928
"3297","Volta","North Tongu",2001,70243.2061698288
"3298","Volta","Central Tongu",2001,59513.751047112
"3299","Eastern","Nsawam-Adoagyiri",2001,61188.046472013
"3300","Greater Accra","Ga Central",2001,73215.4113838673
"3301","Eastern","Akwapim South",2001,50577.5746583343
"3302","Eastern","Denkyembour",2001,82805.6331516206
"3303","Eastern","Kwaebibirem",2001,99449.354294017
"3304","Eastern","Afram Plains South",2001,85894.2386198081
"3305","Eastern","Kwahu North",2001,58966.5701915994
"3306","Eastern","Suhum",2001,82045.7853937745
"3307","Eastern","Ayensuano",2001,85862.4040644467
"3308","Eastern","East Akim - Abuakwa South",2001,54752.706478864
"3309","Eastern","Upper West Akim",2001,73896.9738463759
"3310","Eastern","West Akim",2001,87849.9230645895
"3311","Bono","Dormaa West",2001,26854.5088519156
"3312","Upper West","Nadowli-Kaleo",2001,43697.4604296759
"3313","Upper West","Daffiama-Bussie-Issa",2001,39574.9040801525
"3314","Upper West","Lawra",2001,48530.1839961857
"3315","Upper West","Nandom",2001,39871.7070451975
"3316","Upper East","Talensi",2001,73485.2204032391
"3317","Upper East","Nabdam",2001,22835.3838281035
"3318","Upper East","Builsa South",2001,38999.9034955576
"3319","Upper East","Builsa North",2001,38797.3269290552
"3320","Upper East","Binduri",2001,65801.6732763052
"3321","Upper East","Pusiga",2001,39316.7335004807
"3322","Upper East","Bawku Municipal",2001,63043.1796749234
"3323","Savannah","West Gonja",2001,40681.5399258342
"3324","Northern","Mion",2001,69362.6995444
"3325","Northern","Yendi",2001,67213.1654936224
"3326","Northern","Tolon",2001,66977.3319778666
"3327","Northern","Kumbungu",2001,63519.9408316948
"3328","Northern East","West Mamprusi",2001,94534.9659280665
"3329","Northern East","Mamprugu-Moagduri",2001,31805.5989884287
"3330","Northern","Zabzugu",2001,52872.8740579858
"3331","Northern","Tatale-Sangule",2001,29132.0363368914
"3332","Bono East","Sene East",2001,43366.4246641062
"3333","Bono East","Sene West",2001,43829.0469221249
"3334","Ahafo","Asutifi North",2001,49142.5655545741
"3335","Ashanti","Ahafo Ano North",2001,79255.7730802
"3336","Ahafo","Asutifi South",2001,37340.6270993054
"3337","Bono East","Techiman Municipal",2001,110822.811509445
"3338","Savannah","North Gonja",2001,36373.7550329864
"3339","Greater Accra","Tema West",2001,121023.396725178
"3340","Greater Accra","Ashaiman",2001,57927.5098052025
"3341","Greater Accra","Kpone-Katamanso",2001,138190.835937023
"3342","Upper East","Tempane",2001,70308.4882554412
"3343","Upper East","Bolgatanga East",2001,29433.5671392679
"3344","Northern East","Bunkpurugu -Nakpanduri",2001,54133.1852733195
"3345","Savannah","North-East Gonja",2001,36933.1458426192
"3346","Northern","Nanton",2001,29556.7347112596
"3347","Bono","Berekum West",2001,40321.6521294713
"3348","Bono East","Pru",2001,49434.308378797
"3349","Eastern","Fanteakwa South",2001,30559.7794402242
"3350","Eastern","New Juaben South",2001,68143.4288947582
"3351","Eastern","Akwapim North",2001,63102.9327613711
"3352","Volta","Keta",2001,53923.3764230013
"3353","Ashanti","Adansi Akrofuom",2001,72203.6332470328
"3354","Ashanti","Adansi North",2001,48341.6398452222
"3355","Ashanti","Obuasi East",2001,82553.2300989926
"3356","Ashanti","Amansie West",2001,46776.9386310279
"3357","Ashanti","Atwima Nwabiagya North",2001,53920.5198030472
"3358","Ashanti","Oforikrom",2001,147755.62820673
"3359","Ashanti","Old Tafo",2001,67181.7055397034
"3360","Ashanti","Asokwa",2001,163098.383458138
"3361","Greater Accra","Ayawaso East",2001,35943.7547531128
"3362","Greater Accra","Ayawaso North",2001,20852.9875297546
"3363","Greater Accra","Ayawaso Central",2001,61095.3370742798
"3364","Ashanti","Kwadaso",2001,157147.054224014
"3365","Ashanti","Suame",2001,105038.014512539
"3366","Ashanti","Asokore Mampong",2001,109271.820804119
"3367","Ashanti","Afigya Kwabre South",2001,87702.588742733
"3368","Ashanti","Ejisu",2001,97295.1831911802
"3369","Ashanti","Ahafo Ano South East",2001,47402.7282839417
"3370","Greater Accra","Korle-Klottey",2001,121088.063716888
"3371","Greater Accra","Ablekuma West",2001,73525.36743927
"3372","Greater Accra","Ablekuma Central",2001,104976.621845245
"3373","Greater Accra","Krowor",2001,62758.5066480637
"3374","Greater Accra","Ga North",2001,96021.096159935
"3375","Greater Accra","Weija-Gbawe",2001,122458.442295551
"3376","Greater Accra","Ablekuma North",2001,97044.2366847992
"3377","Eastern","Birim south",2001,52680.5674571991
"3378","Eastern","Birim Central",2001,32955.4454618394
"3379","Eastern","Abuakwa North",2001,49416.0457682908
"3380","Eastern","Atiwa East",2001,44808.8340099901
"3381","Central","Awutu Senya East",2001,42008.9533803463
"3382","Oti","Kadjebi",2001,47029.4187336266
"3383","Ashanti","Kumasi",2001,461186.049122334
"3384","Greater Accra","Tema",2001,69896.5070052147
"3385","Greater Accra","Ga South",2001,151032.216380358
"3386","Western","Sekondi-Takoradi",2001,188864.027267933
"3387","Western","Effia-Kwesimintsim",2001,108132.970685631
"3388","Northern","Sagnarigu",2001,139531.11634481
"3389","Northern","Tamale",2001,161361.922628783
"3390","Central","Cape Coast",2001,125027.662140667
"3391","Greater Accra","Accra Metro",2001,223742.84368515
"3392","Greater Accra","Okai Koi North",2001,118448.444766998
"3393","Oti","Guan District",2001,34323.3441818058
"3394","Greater Accra","Ledzokuku",2002,123211.843360901
"3395","Northern East","Chereponi",2002,42366.0009937286
"3396","Upper West","Wa Municipal",2002,63497.1283553541
"3397","Upper West","Jirapa",2002,59680.0182610154
"3398","Upper West","Sissala West",2002,26082.2869989835
"3399","Upper West","Lambussie",2002,42202.7519465983
"3400","Upper East","Bolgatanga Municipal",2002,93947.8092433363
"3401","Upper East","Bongo",2002,79136.0962572992
"3402","Upper East","Kasena-Nankana West",2002,70668.7351915091
"3403","Upper West","Wa West",2002,63716.8401304781
"3404","Savannah","Sawla-Tuna-Kalba",2002,70401.0831875913
"3405","Upper West","Sissala East",2002,61654.9242087379
"3406","Upper East","Kasena-Nankana",2002,82200.9534628242
"3407","Northern East","Yunyoo-Nasuan",2002,43460.1545557007
"3408","Upper East","Garu",2002,70694.7840349525
"3409","Northern East","East Mamprusi",2002,89325.3368112445
"3410","Upper East","Bawku West",2002,83204.4119376838
"3411","Bono","Dormaa East",2002,46755.5451335758
"3412","Bono","Berekum",2002,58788.1716461629
"3413","Bono","Jaman South",2002,73500.4192085266
"3414","Bono","Sunyani West",2002,93247.9794000685
"3415","Ahafo","Asunafo North",2002,98741.6878064275
"3416","Bono East","Nkoranza North",2002,56682.762335971
"3417","Bono East","Kintampo South",2002,66243.6044176742
"3418","Ahafo","Tano North",2002,76110.4301412255
"3419","Volta","Ketu North",2002,95722.6888972819
"3420","Volta","Ketu South",2002,139594.909400165
"3421","Volta","Anloga",2002,83685.9887215495
"3422","Volta","South Tongu",2002,69872.5970368683
"3423","Oti","Jasikan",2002,32736.4404435754
"3424","Oti","Krachi East",2002,97001.3324266076
"3425","Oti","Nkwanta South",2002,85750.8216183186
"3426","Ashanti","Afigya Kwabre North",2002,53766.4863202572
"3427","Ashanti","Atwima Kwanwoma",2002,81777.1956176758
"3428","Ashanti","Sekyere South",2002,63783.7976518571
"3429","Ashanti","Sekyere East",2002,31908.8122257441
"3430","Ashanti","Sekyere Central",2002,65731.9181366935
"3431","Ashanti","Offinso North",2002,52985.7988636196
"3432","Ashanti","Offinso",2002,83400.1694910228
"3433","Greater Accra","Adentan",2002,55588.3100247383
"3434","Bono","Dormaa Municipal",2002,84364.7954051048
"3435","Ashanti","Ahafo Ano South West",2002,80856.141573146
"3436","Ashanti","Bekwai",2002,122061.730443716
"3437","Ashanti","Bosomtwe",2002,81285.1415521502
"3438","Central","Ajumako-Enyan-Essiam",2002,100324.326606065
"3439","Central","Gomoa West",2002,79242.9569088817
"3440","Ashanti","Obuasi",2002,56435.1143122613
"3441","Ashanti","Kwabre East",2002,80435.8529233932
"3442","Ashanti","Ejura-Sekyedumase",2002,82489.700804323
"3443","Ashanti","Atwima Nwabiagya",2002,82847.536259681
"3444","Ashanti","Atwima Mponua",2002,125314.891648322
"3445","Ashanti","Adansi South",2002,60921.2440950274
"3446","Ashanti","Adansi Asokwa",2002,58712.2456351221
"3447","Ashanti","Bosome Freho",2002,44118.5303141028
"3448","Ashanti","Asante Mampong",2002,81226.216343984
"3449","Central","Agona West",2002,101446.988390028
"3450","Central","Agona East",2002,76374.7190220952
"3451","Central","Assin North",2002,78729.3288902938
"3452","Central","Assin South",2002,86058.4315218478
"3453","Central","Asikuma-Odoben-Brakwa",2002,91985.2016122937
"3454","Central","Efutu",2002,50778.4399315119
"3455","Central","Gomoa East",2002,144679.32371664
"3456","Central","Abura-Asebu-Kwamankese",2002,94665.9285504818
"3457","Western","Jomoro",2002,116422.304059409
"3458","Western","Ellembelle",2002,85930.4847423881
"3459","Western","Prestea-Huni Valley",2002,156361.22755155
"3460","Western","Ahanta West",2002,101799.403239831
"3461","Western","Nzema East",2002,56246.3810554147
"3462","Western","Tarkwa-Nsuaem",2002,79594.5810875148
"3463","Western North","Sefwi-Akontombra",2002,79073.2822462544
"3464","Eastern","Akyemansa",2002,67066.3260162473
"3465","Eastern","Kwahu South",2002,74271.9568794519
"3466","Eastern","Asene Manso Akroso",2002,52366.3289502561
"3467","Eastern","Upper Manya-Krobo",2002,71356.4741400182
"3468","Eastern","Achiase",2002,56337.4088497758
"3469","Eastern","Okere",2002,52441.0826810896
"3470","Eastern","Yilo-Krobo",2002,83968.8246319592
"3471","Eastern","Atiwa West",2002,50104.4598639607
"3472","Eastern","New Juaben North",2002,70038.162072897
"3473","Eastern","Fanteakwa North",2002,57344.1700934172
"3474","Eastern","Birim North",2002,64576.3265316486
"3475","Eastern","Asuogyaman",2002,78508.6872765422
"3476","Eastern","Kwahu East",2002,61272.8471205831
"3477","Eastern","Kwahu West",2002,79760.5950265229
"3478","Western North","Bibiani-Anhwiaso-Bekwai",2002,109653.405658826
"3479","Central","Upper Denkyira East",2002,58883.0774995238
"3480","Ashanti","Amansie Central",2002,67053.4899077415
"3481","Ashanti","Amansie South",2002,65392.4977862686
"3482","Central","Upper Denkyira West",2002,56292.8130391538
"3483","Central","Komenda-Edna-Eguafo-Abirem",2002,117765.277911872
"3484","Western North","Sefwi-Wiawso",2002,128129.090630546
"3485","Ahafo","Asunafo South",2002,82347.1484060585
"3486","Bono East","Nkoranza South",2002,82990.5597233921
"3487","Savannah","Bole",2002,66194.4877355658
"3488","Eastern","Lower-Manya Krobo",2002,79757.4537684321
"3489","Bono East","Kintampo North",2002,85497.6900800169
"3490","Bono East","Atebubu-Amanten",2002,85873.6611423828
"3491","Northern","Kpandai",2002,47442.515879333
"3492","Oti","Nkwanta North",2002,53688.6478885114
"3493","Oti","Biakoye",2002,83294.3570057303
"3494","Savannah","Central Gonja",2002,68990.5649721324
"3495","Bono East","Pru West",2002,39781.9732403159
"3496","Northern","Savelugu",2002,67837.3609222397
"3497","Northern","Karaga",2002,70163.8801117316
"3498","Savannah","East Gonja",2002,98534.9894886799
"3499","Volta","South Dayi",2002,37816.9004747272
"3500","Upper West","Wa East",2002,99231.0316653363
"3501","Northern","Saboba",2002,53515.1079607978
"3502","Northern","Gushiegu",2002,65153.4864269905
"3503","Northern","Nanumba North",2002,66090.8390220106
"3504","Northern","Nanumba South",2002,92999.5595510677
"3505","Bono","Wenchi",2002,73564.3046153709
"3506","Ahafo","Tano South",2002,47824.0980642736
"3507","Bono","Sunyani Municipal",2002,90676.3301281035
"3508","Ashanti","Asante Akim South",2002,100938.635184601
"3509","Greater Accra","Ada East",2002,49977.1547718942
"3510","Greater Accra","Shai-Osudoku",2002,46206.0587626249
"3511","Greater Accra","Ada West",2002,51175.5789765418
"3512","Greater Accra","Ningo Prampram",2002,58755.623629719
"3513","Bono East","Techiman North",2002,60770.9693990946
"3514","Bono","Banda",2002,31302.0730139129
"3515","Bono","Jaman North",2002,80274.096336782
"3516","Bono","Tain",2002,65103.7873332873
"3517","Ashanti","Sekyere Kumawu",2002,48642.2091609538
"3518","Ashanti","Sekyere Afram Plains",2002,59010.8634592183
"3519","Ashanti","Asante Akim North",2002,78213.2750027627
"3520","Ashanti","Asante Akim Central",2002,48648.1749494076
"3521","Ashanti","Juaben",2002,48834.4670493007
"3522","Greater Accra","La-Dade-Kotopon",2002,241245.01750946
"3523","Western North","Aowin",2002,97113.5240205377
"3524","Western North","Suaman",2002,20660.2513199598
"3525","Western North","Bia East",2002,44108.6797958314
"3526","Western North","Bia West",2002,60271.5623640791
"3527","Western North","Bodi",2002,37994.547824502
"3528","Western North","Juaboso",2002,61369.7094832212
"3529","Western","Shama",2002,96533.5560569465
"3530","Western","Wassa East",2002,81625.1179044694
"3531","Western","Mpohor",2002,37809.2886464
"3532","Western","Wassa Amenfi West",2002,63564.2839280143
"3533","Western","Wassa Amenfi Central",2002,85969.6724405512
"3534","Central","Mfantsiman",2002,96548.2997906804
"3535","Central","Ekumfi",2002,65653.6046544313
"3536","Central","Twifo-Hemang Lower Denkyira",2002,42587.849199757
"3537","Central","Twifo-Ati-Mokwa",2002,69117.7648346275
"3538","Central","Awutu Senya",2002,91481.8404642344
"3539","Greater Accra","La-Nkwantanang-Madina",2002,75450.3540930748
"3540","Greater Accra","Ga East",2002,130340.904846907
"3541","Western","Wassa Amenfi East",2002,87131.4618574753
"3542","Central","Gomoa Central",2002,40751.5876739025
"3543","Central","Assin Foso",2002,41488.4720848501
"3544","Greater Accra","Ayawaso West",2002,264776.337209702
"3545","Greater Accra","Ga West",2002,109580.250087678
"3546","Oti","Krachi West",2002,39038.4442651868
"3547","Oti","Krachi Nchumuru",2002,60797.1240091845
"3548","Volta","Agortime-Ziope",2002,13657.4872293919
"3549","Volta","Adaklu",2002,26360.572650604
"3550","Volta","Akatsi South",2002,75213.0060683191
"3551","Volta","Akatsi North",2002,22462.6553006172
"3552","Volta","Ho",2002,130195.060605913
"3553","Volta","Hohoe",2002,62983.6855306625
"3554","Volta","Ho West",2002,86353.2532982007
"3555","Volta","Afadjato South",2002,70612.8892209232
"3556","Volta","North Dayi",2002,35973.2372775376
"3557","Volta","Kpando",2002,43073.253297165
"3558","Volta","North Tongu",2002,68242.7115039229
"3559","Volta","Central Tongu",2002,63201.5498830304
"3560","Eastern","Nsawam-Adoagyiri",2002,60932.8560012579
"3561","Greater Accra","Ga Central",2002,72436.0912320614
"3562","Eastern","Akwapim South",2002,51863.3574671745
"3563","Eastern","Denkyembour",2002,85221.0928504169
"3564","Eastern","Kwaebibirem",2002,98325.6929069608
"3565","Eastern","Afram Plains South",2002,90375.5383462869
"3566","Eastern","Kwahu North",2002,61741.6074641198
"3567","Eastern","Suhum",2002,78072.4085518718
"3568","Eastern","Ayensuano",2002,90621.6191845834
"3569","Eastern","East Akim - Abuakwa South",2002,58253.5504439175
"3570","Eastern","Upper West Akim",2002,79331.9320497513
"3571","Eastern","West Akim",2002,87501.0489752293
"3572","Bono","Dormaa West",2002,28348.3200132549
"3573","Upper West","Nadowli-Kaleo",2002,44410.4451939166
"3574","Upper West","Daffiama-Bussie-Issa",2002,39886.3031978086
"3575","Upper West","Lawra",2002,50832.1624945849
"3576","Upper West","Nandom",2002,38874.8909325004
"3577","Upper East","Talensi",2002,77472.3246064037
"3578","Upper East","Nabdam",2002,23212.6336551607
"3579","Upper East","Builsa South",2002,39934.3884492703
"3580","Upper East","Builsa North",2002,39536.2718652636
"3581","Upper East","Binduri",2002,66402.9912379384
"3582","Upper East","Pusiga",2002,40634.4783027172
"3583","Upper East","Bawku Municipal",2002,62657.4156335592
"3584","Savannah","West Gonja",2002,40861.6599524952
"3585","Northern","Mion",2002,74287.5517907403
"3586","Northern","Yendi",2002,68143.5856954977
"3587","Northern","Tolon",2002,66016.4540077262
"3588","Northern","Kumbungu",2002,62132.944059886
"3589","Northern East","West Mamprusi",2002,97745.7850574777
"3590","Northern East","Mamprugu-Moagduri",2002,32912.3850844689
"3591","Northern","Zabzugu",2002,55170.5551359728
"3592","Northern","Tatale-Sangule",2002,30623.8735241964
"3593","Bono East","Sene East",2002,45087.1081590019
"3594","Bono East","Sene West",2002,45344.9635655582
"3595","Ahafo","Asutifi North",2002,50952.3731434196
"3596","Ashanti","Ahafo Ano North",2002,81164.796274513
"3597","Ahafo","Asutifi South",2002,37483.4961969107
"3598","Bono East","Techiman Municipal",2002,117386.030242488
"3599","Savannah","North Gonja",2002,37735.714652665
"3600","Greater Accra","Tema West",2002,123955.864789009
"3601","Greater Accra","Ashaiman",2002,59145.4096198082
"3602","Greater Accra","Kpone-Katamanso",2002,145556.892998606
"3603","Upper East","Tempane",2002,70375.8218958378
"3604","Upper East","Bolgatanga East",2002,28263.7502384186
"3605","Northern East","Bunkpurugu -Nakpanduri",2002,56459.398888275
"3606","Savannah","North-East Gonja",2002,38782.3054161407
"3607","Northern","Nanton",2002,30696.3087722659
"3608","Bono","Berekum West",2002,40558.3860153109
"3609","Bono East","Pru",2002,51577.9131689183
"3610","Eastern","Fanteakwa South",2002,31509.2272596657
"3611","Eastern","New Juaben South",2002,71945.534453094
"3612","Eastern","Akwapim North",2002,65836.6725373864
"3613","Volta","Keta",2002,57464.7563991547
"3614","Ashanti","Adansi Akrofuom",2002,72536.6013722271
"3615","Ashanti","Adansi North",2002,49415.2631259859
"3616","Ashanti","Obuasi East",2002,79335.7626838684
"3617","Ashanti","Amansie West",2002,51295.1778209805
"3618","Ashanti","Atwima Nwabiagya North",2002,52751.1823303998
"3619","Ashanti","Oforikrom",2002,157890.762422562
"3620","Ashanti","Old Tafo",2002,68949.406375885
"3621","Ashanti","Asokwa",2002,172919.008640289
"3622","Greater Accra","Ayawaso East",2002,38323.3324241638
"3623","Greater Accra","Ayawaso North",2002,22730.9543380737
"3624","Greater Accra","Ayawaso Central",2002,65803.1295852661
"3625","Ashanti","Kwadaso",2002,170334.052474022
"3626","Ashanti","Suame",2002,110394.295786381
"3627","Ashanti","Asokore Mampong",2002,112126.437697411
"3628","Ashanti","Afigya Kwabre South",2002,84950.6017864943
"3629","Ashanti","Ejisu",2002,98685.5456849039
"3630","Ashanti","Ahafo Ano South East",2002,46567.3202636838
"3631","Greater Accra","Korle-Klottey",2002,128496.490531921
"3632","Greater Accra","Ablekuma West",2002,74950.446975708
"3633","Greater Accra","Ablekuma Central",2002,111150.454059601
"3634","Greater Accra","Krowor",2002,66486.519865036
"3635","Greater Accra","Ga North",2002,99828.0627102852
"3636","Greater Accra","Weija-Gbawe",2002,123805.104433537
"3637","Greater Accra","Ablekuma North",2002,104278.993082047
"3638","Eastern","Birim south",2002,54336.0931043029
"3639","Eastern","Birim Central",2002,32933.8555869162
"3640","Eastern","Abuakwa North",2002,49590.9470875263
"3641","Eastern","Atiwa East",2002,46145.4685091674
"3642","Central","Awutu Senya East",2002,41394.0029571056
"3643","Oti","Kadjebi",2002,47431.8729248643
"3644","Ashanti","Kumasi",2002,481431.305567503
"3645","Greater Accra","Tema",2002,73410.5710101128
"3646","Greater Accra","Ga South",2002,161874.349325716
"3647","Western","Sekondi-Takoradi",2002,200006.659832776
"3648","Western","Effia-Kwesimintsim",2002,111117.136045396
"3649","Northern","Sagnarigu",2002,134440.165925145
"3650","Northern","Tamale",2002,173789.203474194
"3651","Central","Cape Coast",2002,129369.246614099
"3652","Greater Accra","Accra Metro",2002,233535.97568512
"3653","Greater Accra","Okai Koi North",2002,122186.539187431
"3654","Oti","Guan District",2002,34264.1926713586
"3655","Greater Accra","Ledzokuku",2003,129470.08820343
"3656","Northern East","Chereponi",2003,43434.4740061238
"3657","Upper West","Wa Municipal",2003,65501.4708401784
"3658","Upper West","Jirapa",2003,62284.165536277
"3659","Upper West","Sissala West",2003,26902.9308924936
"3660","Upper West","Lambussie",2003,43423.320076108
"3661","Upper East","Bolgatanga Municipal",2003,94870.5629174113
"3662","Upper East","Bongo",2003,80349.7912615836
"3663","Upper East","Kasena-Nankana West",2003,72468.3307527788
"3664","Upper West","Wa West",2003,64262.586853601
"3665","Savannah","Sawla-Tuna-Kalba",2003,71971.3688785471
"3666","Upper West","Sissala East",2003,62853.7341960035
"3667","Upper East","Kasena-Nankana",2003,83076.5809445605
"3668","Northern East","Yunyoo-Nasuan",2003,45869.4223166779
"3669","Upper East","Garu",2003,70816.9573195726
"3670","Northern East","East Mamprusi",2003,91860.8219545409
"3671","Upper East","Bawku West",2003,84486.9502813667
"3672","Bono","Dormaa East",2003,48240.4763173312
"3673","Bono","Berekum",2003,59583.2091903239
"3674","Bono","Jaman South",2003,75328.2256701887
"3675","Bono","Sunyani West",2003,96495.7937776446
"3676","Ahafo","Asunafo North",2003,101206.334740736
"3677","Bono East","Nkoranza North",2003,58278.6734318808
"3678","Bono East","Kintampo South",2003,67444.4797767848
"3679","Ahafo","Tano North",2003,77602.1404060572
"3680","Volta","Ketu North",2003,97930.3065760434
"3681","Volta","Ketu South",2003,139859.516033173
"3682","Volta","Anloga",2003,85439.2778194547
"3683","Volta","South Tongu",2003,71895.0927406251
"3684","Oti","Jasikan",2003,34159.4291561693
"3685","Oti","Krachi East",2003,100052.477488294
"3686","Oti","Nkwanta South",2003,87846.5414846465
"3687","Ashanti","Afigya Kwabre North",2003,57391.7813543677
"3688","Ashanti","Atwima Kwanwoma",2003,83310.5932454467
"3689","Ashanti","Sekyere South",2003,67294.0706184506
"3690","Ashanti","Sekyere East",2003,31175.5502537787
"3691","Ashanti","Sekyere Central",2003,66473.9947485849
"3692","Ashanti","Offinso North",2003,52815.6956325173
"3693","Ashanti","Offinso",2003,83347.5625769794
"3694","Greater Accra","Adentan",2003,57352.0553966761
"3695","Bono","Dormaa Municipal",2003,88382.2618845999
"3696","Ashanti","Ahafo Ano South West",2003,80496.5603477359
"3697","Ashanti","Bekwai",2003,123998.712607533
"3698","Ashanti","Bosomtwe",2003,82857.1173552871
"3699","Central","Ajumako-Enyan-Essiam",2003,104164.029426396
"3700","Central","Gomoa West",2003,81954.2753071487
"3701","Ashanti","Obuasi",2003,56277.879442811
"3702","Ashanti","Kwabre East",2003,77002.2630915046
"3703","Ashanti","Ejura-Sekyedumase",2003,82702.5561165661
"3704","Ashanti","Atwima Nwabiagya",2003,81760.0068717003
"3705","Ashanti","Atwima Mponua",2003,126707.243599892
"3706","Ashanti","Adansi South",2003,59056.6037456989
"3707","Ashanti","Adansi Asokwa",2003,61807.7975415438
"3708","Ashanti","Bosome Freho",2003,44812.6721642315
"3709","Ashanti","Asante Mampong",2003,82160.86988087
"3710","Central","Agona West",2003,102516.084131628
"3711","Central","Agona East",2003,78010.3975862265
"3712","Central","Assin North",2003,79716.3030418754
"3713","Central","Assin South",2003,88136.0944494978
"3714","Central","Asikuma-Odoben-Brakwa",2003,94108.6339868903
"3715","Central","Efutu",2003,52622.2742973566
"3716","Central","Gomoa East",2003,148023.836474717
"3717","Central","Abura-Asebu-Kwamankese",2003,97341.7760941386
"3718","Western","Jomoro",2003,119982.914875709
"3719","Western","Ellembelle",2003,86046.178604044
"3720","Western","Prestea-Huni Valley",2003,156763.249440446
"3721","Western","Ahanta West",2003,103030.404525563
"3722","Western","Nzema East",2003,56564.8161979467
"3723","Western","Tarkwa-Nsuaem",2003,80990.3246918097
"3724","Western North","Sefwi-Akontombra",2003,79814.0895068124
"3725","Eastern","Akyemansa",2003,69814.7596394122
"3726","Eastern","Kwahu South",2003,74499.9295636564
"3727","Eastern","Asene Manso Akroso",2003,54802.3905391097
"3728","Eastern","Upper Manya-Krobo",2003,71488.5672878921
"3729","Eastern","Achiase",2003,59333.5074731112
"3730","Eastern","Okere",2003,54758.8325599134
"3731","Eastern","Yilo-Krobo",2003,84257.602488786
"3732","Eastern","Atiwa West",2003,50585.6017643064
"3733","Eastern","New Juaben North",2003,74783.4873861074
"3734","Eastern","Fanteakwa North",2003,58213.3230666667
"3735","Eastern","Birim North",2003,66301.4715210497
"3736","Eastern","Asuogyaman",2003,81229.3747868091
"3737","Eastern","Kwahu East",2003,62407.2290090919
"3738","Eastern","Kwahu West",2003,80974.7846702635
"3739","Western North","Bibiani-Anhwiaso-Bekwai",2003,111497.176356554
"3740","Central","Upper Denkyira East",2003,59894.7551651597
"3741","Ashanti","Amansie Central",2003,68841.3885518014
"3742","Ashanti","Amansie South",2003,63098.6877395362
"3743","Central","Upper Denkyira West",2003,57698.6088210642
"3744","Central","Komenda-Edna-Eguafo-Abirem",2003,120947.713569999
"3745","Western North","Sefwi-Wiawso",2003,129825.319080368
"3746","Ahafo","Asunafo South",2003,84437.8218277246
"3747","Bono East","Nkoranza South",2003,85072.2443775386
"3748","Savannah","Bole",2003,67936.8096003346
"3749","Eastern","Lower-Manya Krobo",2003,80157.8008855283
"3750","Bono East","Kintampo North",2003,87020.3263943866
"3751","Bono East","Atebubu-Amanten",2003,89146.924031578
"3752","Northern","Kpandai",2003,50114.2235770375
"3753","Oti","Nkwanta North",2003,55459.747018531
"3754","Oti","Biakoye",2003,83463.6284592152
"3755","Savannah","Central Gonja",2003,70596.3522345759
"3756","Bono East","Pru West",2003,44487.7352152057
"3757","Northern","Savelugu",2003,70414.2580757849
"3758","Northern","Karaga",2003,73017.6286353059
"3759","Savannah","East Gonja",2003,100990.72003885
"3760","Volta","South Dayi",2003,38446.7009193301
"3761","Upper West","Wa East",2003,100111.843426913
"3762","Northern","Saboba",2003,54943.0436358899
"3763","Northern","Gushiegu",2003,67830.5581259951
"3764","Northern","Nanumba North",2003,68943.9915196225
"3765","Northern","Nanumba South",2003,98061.804344207
"3766","Bono","Wenchi",2003,75014.6029301658
"3767","Ahafo","Tano South",2003,49386.8978692293
"3768","Bono","Sunyani Municipal",2003,90085.5922032297
"3769","Ashanti","Asante Akim South",2003,102894.623442739
"3770","Greater Accra","Ada East",2003,52653.2000849545
"3771","Greater Accra","Shai-Osudoku",2003,44931.3433521241
"3772","Greater Accra","Ada West",2003,52000.9938680977
"3773","Greater Accra","Ningo Prampram",2003,61781.8733776808
"3774","Bono East","Techiman North",2003,62259.00513798
"3775","Bono","Banda",2003,31888.5935073979
"3776","Bono","Jaman North",2003,81011.1642905697
"3777","Bono","Tain",2003,66067.7834210917
"3778","Ashanti","Sekyere Kumawu",2003,47276.3015014082
"3779","Ashanti","Sekyere Afram Plains",2003,60480.1587924808
"3780","Ashanti","Asante Akim North",2003,76602.4479906932
"3781","Ashanti","Asante Akim Central",2003,51768.7420251966
"3782","Ashanti","Juaben",2003,48958.318143934
"3783","Greater Accra","La-Dade-Kotopon",2003,255931.761834145
"3784","Western North","Aowin",2003,98921.8561071828
"3785","Western North","Suaman",2003,20958.5318601131
"3786","Western North","Bia East",2003,43455.8454063237
"3787","Western North","Bia West",2003,62343.6560858265
"3788","Western North","Bodi",2003,38116.2090076208
"3789","Western North","Juaboso",2003,62455.4432100728
"3790","Western","Shama",2003,101115.961943537
"3791","Western","Wassa East",2003,80419.5582165867
"3792","Western","Mpohor",2003,38994.2322667092
"3793","Western","Wassa Amenfi West",2003,63559.0907589719
"3794","Western","Wassa Amenfi Central",2003,86306.8751476929
"3795","Central","Mfantsiman",2003,103769.608910561
"3796","Central","Ekumfi",2003,62480.1549033523
"3797","Central","Twifo-Hemang Lower Denkyira",2003,42815.5963517725
"3798","Central","Twifo-Ati-Mokwa",2003,69135.6749467403
"3799","Central","Awutu Senya",2003,93668.9333375096
"3800","Greater Accra","La-Nkwantanang-Madina",2003,78221.4916627407
"3801","Greater Accra","Ga East",2003,134726.280035019
"3802","Western","Wassa Amenfi East",2003,87776.6074041277
"3803","Central","Gomoa Central",2003,42558.9645675421
"3804","Central","Assin Foso",2003,44713.7501574457
"3805","Greater Accra","Ayawaso West",2003,271759.478063583
"3806","Greater Accra","Ga West",2003,115157.475718141
"3807","Oti","Krachi West",2003,38047.3025368899
"3808","Oti","Krachi Nchumuru",2003,65116.7669475526
"3809","Volta","Agortime-Ziope",2003,14446.7741203755
"3810","Volta","Adaklu",2003,26829.6619587317
"3811","Volta","Akatsi South",2003,76539.8147715181
"3812","Volta","Akatsi North",2003,24113.192119807
"3813","Volta","Ho",2003,132236.082477406
"3814","Volta","Hohoe",2003,61629.3967540264
"3815","Volta","Ho West",2003,92548.9344166368
"3816","Volta","Afadjato South",2003,78314.7759488225
"3817","Volta","North Dayi",2003,38770.9296553135
"3818","Volta","Kpando",2003,41723.3243972063
"3819","Volta","North Tongu",2003,70877.8530783281
"3820","Volta","Central Tongu",2003,62566.2095910534
"3821","Eastern","Nsawam-Adoagyiri",2003,61419.833987236
"3822","Greater Accra","Ga Central",2003,77068.6389555931
"3823","Eastern","Akwapim South",2003,52101.7977527082
"3824","Eastern","Denkyembour",2003,85190.7315305769
"3825","Eastern","Kwaebibirem",2003,99850.428281486
"3826","Eastern","Afram Plains South",2003,94138.9785449617
"3827","Eastern","Kwahu North",2003,64609.6478761956
"3828","Eastern","Suhum",2003,86274.7085543871
"3829","Eastern","Ayensuano",2003,82401.2717065811
"3830","Eastern","East Akim - Abuakwa South",2003,62756.3429055512
"3831","Eastern","Upper West Akim",2003,77725.258538723
"3832","Eastern","West Akim",2003,93366.1615633667
"3833","Bono","Dormaa West",2003,28280.9861826003
"3834","Upper West","Nadowli-Kaleo",2003,45093.179384023
"3835","Upper West","Daffiama-Bussie-Issa",2003,40351.4960693941
"3836","Upper West","Lawra",2003,52566.4723659754
"3837","Upper West","Nandom",2003,38807.7526541948
"3838","Upper East","Talensi",2003,76770.5416790843
"3839","Upper East","Nabdam",2003,24012.6271518171
"3840","Upper East","Builsa South",2003,39869.0156078599
"3841","Upper East","Builsa North",2003,41315.253139846
"3842","Upper East","Binduri",2003,67386.0461731553
"3843","Upper East","Pusiga",2003,39533.6776230931
"3844","Upper East","Bawku Municipal",2003,65023.7472393513
"3845","Savannah","West Gonja",2003,42286.9383141287
"3846","Northern","Mion",2003,77099.24734433
"3847","Northern","Yendi",2003,71454.6231265441
"3848","Northern","Tolon",2003,65074.3587608337
"3849","Northern","Kumbungu",2003,61136.8839840516
"3850","Northern East","West Mamprusi",2003,101508.190241925
"3851","Northern East","Mamprugu-Moagduri",2003,33926.027343113
"3852","Northern","Zabzugu",2003,56497.5095914975
"3853","Northern","Tatale-Sangule",2003,33274.2056736127
"3854","Bono East","Sene East",2003,47407.8656573966
"3855","Bono East","Sene West",2003,46243.2880612463
"3856","Ahafo","Asutifi North",2003,52177.7188971713
"3857","Ashanti","Ahafo Ano North",2003,83707.5399232507
"3858","Ahafo","Asutifi South",2003,38217.4243051708
"3859","Bono East","Techiman Municipal",2003,118654.624343649
"3860","Savannah","North Gonja",2003,37863.8029915616
"3861","Greater Accra","Tema West",2003,128678.935346603
"3862","Greater Accra","Ashaiman",2003,61941.8134064674
"3863","Greater Accra","Kpone-Katamanso",2003,148736.208528757
"3864","Upper East","Tempane",2003,71693.9814431071
"3865","Upper East","Bolgatanga East",2003,28398.8567303419
"3866","Northern East","Bunkpurugu -Nakpanduri",2003,57915.5714726001
"3867","Savannah","North-East Gonja",2003,39876.2063110434
"3868","Northern","Nanton",2003,32309.3917922676
"3869","Bono","Berekum West",2003,43127.0335570723
"3870","Bono East","Pru",2003,50421.2800657265
"3871","Eastern","Fanteakwa South",2003,32868.7608249784
"3872","Eastern","New Juaben South",2003,71407.8999994993
"3873","Eastern","Akwapim North",2003,66862.7658549249
"3874","Volta","Keta",2003,57020.0038683414
"3875","Ashanti","Adansi Akrofuom",2003,74145.8807097077
"3876","Ashanti","Adansi North",2003,50881.6277166605
"3877","Ashanti","Obuasi East",2003,76984.0227480531
"3878","Ashanti","Amansie West",2003,55959.0221639872
"3879","Ashanti","Atwima Nwabiagya North",2003,56186.756419152
"3880","Ashanti","Oforikrom",2003,158949.858547449
"3881","Ashanti","Old Tafo",2003,76467.6900644302
"3882","Ashanti","Asokwa",2003,178919.635157585
"3883","Greater Accra","Ayawaso East",2003,38942.9380607605
"3884","Greater Accra","Ayawaso North",2003,23018.1170272827
"3885","Greater Accra","Ayawaso Central",2003,67600.9320526123
"3886","Ashanti","Kwadaso",2003,175285.558851242
"3887","Ashanti","Suame",2003,120017.605929375
"3888","Ashanti","Asokore Mampong",2003,118196.533360004
"3889","Ashanti","Afigya Kwabre South",2003,85399.2706673741
"3890","Ashanti","Ejisu",2003,100760.797741681
"3891","Ashanti","Ahafo Ano South East",2003,45704.7633916438
"3892","Greater Accra","Korle-Klottey",2003,130487.078655243
"3893","Greater Accra","Ablekuma West",2003,78332.9958343506
"3894","Greater Accra","Ablekuma Central",2003,114868.298084259
"3895","Greater Accra","Krowor",2003,68049.5961771011
"3896","Greater Accra","Ga North",2003,103139.059375763
"3897","Greater Accra","Weija-Gbawe",2003,126430.24037075
"3898","Greater Accra","Ablekuma North",2003,107643.867940903
"3899","Eastern","Birim south",2003,55755.9138412476
"3900","Eastern","Birim Central",2003,33878.1276547611
"3901","Eastern","Abuakwa North",2003,50531.7327519655
"3902","Eastern","Atiwa East",2003,48475.7019720674
"3903","Central","Awutu Senya East",2003,47367.3779079914
"3904","Oti","Kadjebi",2003,48045.866676718
"3905","Ashanti","Kumasi",2003,520317.69630909
"3906","Greater Accra","Tema",2003,77063.5614805222
"3907","Greater Accra","Ga South",2003,165064.372833729
"3908","Western","Sekondi-Takoradi",2003,207621.544643402
"3909","Western","Effia-Kwesimintsim",2003,122182.361408532
"3910","Northern","Sagnarigu",2003,143278.651811481
"3911","Northern","Tamale",2003,172240.839012921
"3912","Central","Cape Coast",2003,134389.367502153
"3913","Greater Accra","Accra Metro",2003,241487.152015686
"3914","Greater Accra","Okai Koi North",2003,126693.702629089
"3915","Oti","Guan District",2003,37102.700252071
"3916","Greater Accra","Ledzokuku",2004,132925.15239048
"3917","Northern East","Chereponi",2004,44401.7598377168
"3918","Upper West","Wa Municipal",2004,67880.3769402355
"3919","Upper West","Jirapa",2004,64492.9522146545
"3920","Upper West","Sissala West",2004,27405.5861776881
"3921","Upper West","Lambussie",2004,45190.1727886871
"3922","Upper East","Bolgatanga Municipal",2004,96134.6599856615
"3923","Upper East","Bongo",2004,81002.1121813655
"3924","Upper East","Kasena-Nankana West",2004,72566.6484763585
"3925","Upper West","Wa West",2004,64517.7694304585
"3926","Savannah","Sawla-Tuna-Kalba",2004,73794.1794625036
"3927","Upper West","Sissala East",2004,64249.3192074671
"3928","Upper East","Kasena-Nankana",2004,85876.1117732152
"3929","Northern East","Yunyoo-Nasuan",2004,46354.8518796414
"3930","Upper East","Garu",2004,73347.7250988334
"3931","Northern East","East Mamprusi",2004,94804.6303592771
"3932","Upper East","Bawku West",2004,85839.3560108691
"3933","Bono","Dormaa East",2004,49880.3890579045
"3934","Bono","Berekum",2004,63644.7317803055
"3935","Bono","Jaman South",2004,76591.1536355615
"3936","Bono","Sunyani West",2004,96776.5164398253
"3937","Ahafo","Asunafo North",2004,103550.805479072
"3938","Bono East","Nkoranza North",2004,59593.1867660955
"3939","Bono East","Kintampo South",2004,68804.4384692162
"3940","Ahafo","Tano North",2004,79243.5389973074
"3941","Volta","Ketu North",2004,98305.1675614715
"3942","Volta","Ketu South",2004,141978.507291853
"3943","Volta","Anloga",2004,90046.5165057778
"3944","Volta","South Tongu",2004,74383.6819387525
"3945","Oti","Jasikan",2004,34273.9145681113
"3946","Oti","Krachi East",2004,102904.419210523
"3947","Oti","Nkwanta South",2004,90791.0355574787
"3948","Ashanti","Afigya Kwabre North",2004,61181.3653801382
"3949","Ashanti","Atwima Kwanwoma",2004,86574.9729174674
"3950","Ashanti","Sekyere South",2004,71840.1445116699
"3951","Ashanti","Sekyere East",2004,30981.7228671759
"3952","Ashanti","Sekyere Central",2004,67326.0580829307
"3953","Ashanti","Offinso North",2004,52575.879506737
"3954","Ashanti","Offinso",2004,83100.372442916
"3955","Greater Accra","Adentan",2004,59694.6934764385
"3956","Bono","Dormaa Municipal",2004,91055.459760718
"3957","Ashanti","Ahafo Ano South West",2004,79691.4871166497
"3958","Ashanti","Bekwai",2004,127286.639057845
"3959","Ashanti","Bosomtwe",2004,85152.6710431278
"3960","Central","Ajumako-Enyan-Essiam",2004,108475.06358701
"3961","Central","Gomoa West",2004,84557.9960876703
"3962","Ashanti","Obuasi",2004,58509.7461283207
"3963","Ashanti","Kwabre East",2004,76527.1801741719
"3964","Ashanti","Ejura-Sekyedumase",2004,83214.1338269413
"3965","Ashanti","Atwima Nwabiagya",2004,84428.3937875628
"3966","Ashanti","Atwima Mponua",2004,127329.55280745
"3967","Ashanti","Adansi South",2004,60918.0938168168
"3968","Ashanti","Adansi Asokwa",2004,60328.374678269
"3969","Ashanti","Bosome Freho",2004,45887.1822255999
"3970","Ashanti","Asante Mampong",2004,83225.713793695
"3971","Central","Agona West",2004,106056.274521202
"3972","Central","Agona East",2004,79758.7574943304
"3973","Central","Assin North",2004,80702.9815705717
"3974","Central","Assin South",2004,91418.4533384144
"3975","Central","Asikuma-Odoben-Brakwa",2004,96092.6731683612
"3976","Central","Efutu",2004,54532.2692918777
"3977","Central","Gomoa East",2004,156232.927199721
"3978","Central","Abura-Asebu-Kwamankese",2004,99770.9232542217
"3979","Western","Jomoro",2004,123444.424552768
"3980","Western","Ellembelle",2004,86999.7467926294
"3981","Western","Prestea-Huni Valley",2004,157849.658275828
"3982","Western","Ahanta West",2004,104600.84218426
"3983","Western","Nzema East",2004,56236.4603434131
"3984","Western","Tarkwa-Nsuaem",2004,81577.933281146
"3985","Western North","Sefwi-Akontombra",2004,81250.4562321752
"3986","Eastern","Akyemansa",2004,72040.0845508277
"3987","Eastern","Kwahu South",2004,75751.0803732872
"3988","Eastern","Asene Manso Akroso",2004,57387.4774055183
"3989","Eastern","Upper Manya-Krobo",2004,71992.5224239528
"3990","Eastern","Achiase",2004,61135.6291497946
"3991","Eastern","Okere",2004,52883.4559122324
"3992","Eastern","Yilo-Krobo",2004,83780.9472875297
"3993","Eastern","Atiwa West",2004,53463.936656639
"3994","Eastern","New Juaben North",2004,71436.4382199049
"3995","Eastern","Fanteakwa North",2004,61253.1625836492
"3996","Eastern","Birim North",2004,69172.2238287628
"3997","Eastern","Asuogyaman",2004,83251.5071744472
"3998","Eastern","Kwahu East",2004,63491.4704289436
"3999","Eastern","Kwahu West",2004,80789.0574217141
"4000","Western North","Bibiani-Anhwiaso-Bekwai",2004,113710.284612849
"4001","Central","Upper Denkyira East",2004,61352.0677984804
"4002","Ashanti","Amansie Central",2004,68602.8305850476
"4003","Ashanti","Amansie South",2004,66125.8863272518
"4004","Central","Upper Denkyira West",2004,58377.4306205213
"4005","Central","Komenda-Edna-Eguafo-Abirem",2004,123890.29610768
"4006","Western North","Sefwi-Wiawso",2004,131272.79166121
"4007","Ahafo","Asunafo South",2004,86468.8220543414
"4008","Bono East","Nkoranza South",2004,87342.8292372227
"4009","Savannah","Bole",2004,69344.7216409203
"4010","Eastern","Lower-Manya Krobo",2004,80610.5143077374
"4011","Bono East","Kintampo North",2004,88406.2018041499
"4012","Bono East","Atebubu-Amanten",2004,92207.0936248153
"4013","Northern","Kpandai",2004,51765.2190996259
"4014","Oti","Nkwanta North",2004,57084.1645445526
"4015","Oti","Biakoye",2004,84401.6820352823
"4016","Savannah","Central Gonja",2004,71861.1250629164
"4017","Bono East","Pru West",2004,45255.2807677202
"4018","Northern","Savelugu",2004,74130.0318427086
"4019","Northern","Karaga",2004,75719.7987434454
"4020","Savannah","East Gonja",2004,104689.539182257
"4021","Volta","South Dayi",2004,39169.1485344172
"4022","Upper West","Wa East",2004,101255.360040151
"4023","Northern","Saboba",2004,56258.1329699308
"4024","Northern","Gushiegu",2004,71091.5877375193
"4025","Northern","Nanumba North",2004,72872.635321483
"4026","Northern","Nanumba South",2004,102452.384703755
"4027","Bono","Wenchi",2004,75908.2100461349
"4028","Ahafo","Tano South",2004,50828.6753991246
"4029","Bono","Sunyani Municipal",2004,92705.0763131976
"4030","Ashanti","Asante Akim South",2004,104759.17715688
"4031","Greater Accra","Ada East",2004,57883.8586078882
"4032","Greater Accra","Shai-Osudoku",2004,46637.0540917888
"4033","Greater Accra","Ada West",2004,50047.2926122844
"4034","Greater Accra","Ningo Prampram",2004,63555.5074042231
"4035","Bono East","Techiman North",2004,62399.1953035295
"4036","Bono","Banda",2004,31764.3819933534
"4037","Bono","Jaman North",2004,82432.1653124616
"4038","Bono","Tain",2004,68288.4598863348
"4039","Ashanti","Sekyere Kumawu",2004,46992.3777453899
"4040","Ashanti","Sekyere Afram Plains",2004,60013.1164330095
"4041","Ashanti","Asante Akim North",2004,77643.5505311862
"4042","Ashanti","Asante Akim Central",2004,52009.54178527
"4043","Ashanti","Juaben",2004,49860.934413597
"4044","Greater Accra","La-Dade-Kotopon",2004,273915.865584373
"4045","Western North","Aowin",2004,99743.7569292709
"4046","Western North","Suaman",2004,21725.1056018099
"4047","Western North","Bia East",2004,44954.9084706903
"4048","Western North","Bia West",2004,62230.3538007811
"4049","Western North","Bodi",2004,39026.862406373
"4050","Western North","Juaboso",2004,63080.3083734065
"4051","Western","Shama",2004,107314.130497932
"4052","Western","Wassa East",2004,78638.8682127669
"4053","Western","Mpohor",2004,41183.433285147
"4054","Western","Wassa Amenfi West",2004,63675.7519175336
"4055","Western","Wassa Amenfi Central",2004,87402.7809875384
"4056","Central","Mfantsiman",2004,108479.06785506
"4057","Central","Ekumfi",2004,61892.772420764
"4058","Central","Twifo-Hemang Lower Denkyira",2004,44016.1463213712
"4059","Central","Twifo-Ati-Mokwa",2004,68804.1585248858
"4060","Central","Awutu Senya",2004,92200.6290106177
"4061","Greater Accra","La-Nkwantanang-Madina",2004,82232.6344327927
"4062","Greater Accra","Ga East",2004,136933.468768835
"4063","Western","Wassa Amenfi East",2004,87834.1357301474
"4064","Central","Gomoa Central",2004,43362.2801251411
"4065","Central","Assin Foso",2004,46944.3849832416
"4066","Greater Accra","Ayawaso West",2004,282700.281887054
"4067","Greater Accra","Ga West",2004,119959.981784046
"4068","Oti","Krachi West",2004,38794.8645654023
"4069","Oti","Krachi Nchumuru",2004,67594.8703756779
"4070","Volta","Agortime-Ziope",2004,15501.0498130172
"4071","Volta","Adaklu",2004,29224.5902771056
"4072","Volta","Akatsi South",2004,79633.2958671451
"4073","Volta","Akatsi North",2004,24305.4756707847
"4074","Volta","Ho",2004,141297.726430804
"4075","Volta","Hohoe",2004,69182.3721774518
"4076","Volta","Ho West",2004,89501.3885339722
"4077","Volta","Afadjato South",2004,81131.0360335112
"4078","Volta","North Dayi",2004,37917.3523070216
"4079","Volta","Kpando",2004,44827.4862241298
"4080","Volta","North Tongu",2004,74752.6621544436
"4081","Volta","Central Tongu",2004,60343.2381123602
"4082","Eastern","Nsawam-Adoagyiri",2004,62646.5782428384
"4083","Greater Accra","Ga Central",2004,78471.964195013
"4084","Eastern","Akwapim South",2004,51242.7611768842
"4085","Eastern","Denkyembour",2004,84760.7438159585
"4086","Eastern","Kwaebibirem",2004,101760.805811629
"4087","Eastern","Afram Plains South",2004,97113.3445633464
"4088","Eastern","Kwahu North",2004,69204.2863927335
"4089","Eastern","Suhum",2004,83173.7785010934
"4090","Eastern","Ayensuano",2004,85838.1382482946
"4091","Eastern","East Akim - Abuakwa South",2004,64820.0133708715
"4092","Eastern","Upper West Akim",2004,79753.6134319901
"4093","Eastern","West Akim",2004,94684.8403677642
"4094","Bono","Dormaa West",2004,29696.5676077306
"4095","Upper West","Nadowli-Kaleo",2004,45415.5800337195
"4096","Upper West","Daffiama-Bussie-Issa",2004,41028.072003141
"4097","Upper West","Lawra",2004,51934.6851837635
"4098","Upper West","Nandom",2004,40789.3440701962
"4099","Upper East","Talensi",2004,76021.8352458179
"4100","Upper East","Nabdam",2004,24048.4521890134
"4101","Upper East","Builsa South",2004,41411.4413736612
"4102","Upper East","Builsa North",2004,41425.3034343496
"4103","Upper East","Binduri",2004,67617.7046643496
"4104","Upper East","Pusiga",2004,38819.4623824358
"4105","Upper East","Bawku Municipal",2004,67160.134144187
"4106","Savannah","West Gonja",2004,42926.2876224741
"4107","Northern","Mion",2004,78620.0293245167
"4108","Northern","Yendi",2004,76394.6435606927
"4109","Northern","Tolon",2004,64055.874695491
"4110","Northern","Kumbungu",2004,60154.4365520924
"4111","Northern East","West Mamprusi",2004,106035.173059098
"4112","Northern East","Mamprugu-Moagduri",2004,34725.9979694448
"4113","Northern","Zabzugu",2004,58098.2647242919
"4114","Northern","Tatale-Sangule",2004,35804.7950130105
"4115","Bono East","Sene East",2004,48756.5676507987
"4116","Bono East","Sene West",2004,48296.2505703196
"4117","Ahafo","Asutifi North",2004,52512.2436865568
"4118","Ashanti","Ahafo Ano North",2004,85991.5305206478
"4119","Ahafo","Asutifi South",2004,39934.8449514955
"4120","Bono East","Techiman Municipal",2004,121940.503100112
"4121","Savannah","North Gonja",2004,39093.3438486792
"4122","Greater Accra","Tema West",2004,134630.621537209
"4123","Greater Accra","Ashaiman",2004,63967.3966302872
"4124","Greater Accra","Kpone-Katamanso",2004,154203.68940118
"4125","Upper East","Tempane",2004,71616.3419871926
"4126","Upper East","Bolgatanga East",2004,29190.6122916937
"4127","Northern East","Bunkpurugu -Nakpanduri",2004,61087.3831076026
"4128","Savannah","North-East Gonja",2004,40873.1602232493
"4129","Northern","Nanton",2004,33279.510948509
"4130","Bono","Berekum West",2004,42459.4214047492
"4131","Bono East","Pru",2004,53512.8230872415
"4132","Eastern","Fanteakwa South",2004,31925.8535296917
"4133","Eastern","New Juaben South",2004,78545.262282908
"4134","Eastern","Akwapim North",2004,71914.6199631989
"4135","Volta","Keta",2004,53484.6671800017
"4136","Ashanti","Adansi Akrofuom",2004,72794.5935529172
"4137","Ashanti","Adansi North",2004,49509.2576944232
"4138","Ashanti","Obuasi East",2004,80237.6468380392
"4139","Ashanti","Amansie West",2004,54947.6700691581
"4140","Ashanti","Atwima Nwabiagya North",2004,56664.1513715386
"4141","Ashanti","Oforikrom",2004,178095.624414444
"4142","Ashanti","Old Tafo",2004,75587.4605073929
"4143","Ashanti","Asokwa",2004,195139.571100235
"4144","Greater Accra","Ayawaso East",2004,41667.131187439
"4145","Greater Accra","Ayawaso North",2004,24165.0068435669
"4146","Greater Accra","Ayawaso Central",2004,68697.3465957642
"4147","Ashanti","Kwadaso",2004,183001.599934578
"4148","Ashanti","Suame",2004,120081.111361504
"4149","Ashanti","Asokore Mampong",2004,125892.019849777
"4150","Ashanti","Afigya Kwabre South",2004,84142.2841461897
"4151","Ashanti","Ejisu",2004,103365.632687271
"4152","Ashanti","Ahafo Ano South East",2004,45263.9708018005
"4153","Greater Accra","Korle-Klottey",2004,138596.151779175
"4154","Greater Accra","Ablekuma West",2004,79983.377532959
"4155","Greater Accra","Ablekuma Central",2004,117509.047489166
"4156","Greater Accra","Krowor",2004,70558.8347320557
"4157","Greater Accra","Ga North",2004,103047.747865677
"4158","Greater Accra","Weija-Gbawe",2004,134552.558945656
"4159","Greater Accra","Ablekuma North",2004,106129.336954117
"4160","Eastern","Birim south",2004,58733.8191538751
"4161","Eastern","Birim Central",2004,34186.8109101355
"4162","Eastern","Abuakwa North",2004,52322.8412710726
"4163","Eastern","Atiwa East",2004,49963.5902732611
"4164","Central","Awutu Senya East",2004,51205.202876091
"4165","Oti","Kadjebi",2004,48983.7964134216
"4166","Ashanti","Kumasi",2004,543227.217483759
"4167","Greater Accra","Tema",2004,78503.9063282013
"4168","Greater Accra","Ga South",2004,174740.553774536
"4169","Western","Sekondi-Takoradi",2004,222431.702676654
"4170","Western","Effia-Kwesimintsim",2004,124590.102811366
"4171","Northern","Sagnarigu",2004,141092.54403466
"4172","Northern","Tamale",2004,181906.66710899
"4173","Central","Cape Coast",2004,139346.453361034
"4174","Greater Accra","Accra Metro",2004,244179.172771454
"4175","Greater Accra","Okai Koi North",2004,129504.872739792
"4176","Oti","Guan District",2004,36633.6606014967
"4177","Greater Accra","Ledzokuku",2005,137193.934734344
"4178","Northern East","Chereponi",2005,45671.7055759206
"4179","Upper West","Wa Municipal",2005,69046.4444143847
"4180","Upper West","Jirapa",2005,66975.5878574774
"4181","Upper West","Sissala West",2005,27775.0252681747
"4182","Upper West","Lambussie",2005,46373.4740286693
"4183","Upper East","Bolgatanga Municipal",2005,97487.7943856269
"4184","Upper East","Bongo",2005,80986.079396069
"4185","Upper East","Kasena-Nankana West",2005,73605.5005098619
"4186","Upper West","Wa West",2005,65790.0770790353
"4187","Savannah","Sawla-Tuna-Kalba",2005,75304.6211549789
"4188","Upper West","Sissala East",2005,65874.1934223287
"4189","Upper East","Kasena-Nankana",2005,87989.0376361981
"4190","Northern East","Yunyoo-Nasuan",2005,48527.105932951
"4191","Upper East","Garu",2005,72513.0496260077
"4192","Northern East","East Mamprusi",2005,98542.9510044232
"4193","Upper East","Bawku West",2005,87185.188005656
"4194","Bono","Dormaa East",2005,51365.2641714066
"4195","Bono","Berekum",2005,65818.4580885172
"4196","Bono","Jaman South",2005,78106.9332462549
"4197","Bono","Sunyani West",2005,99995.6173535287
"4198","Ahafo","Asunafo North",2005,105990.06568782
"4199","Bono East","Nkoranza North",2005,60977.2476299107
"4200","Bono East","Kintampo South",2005,70090.1204822809
"4201","Ahafo","Tano North",2005,81344.2344987094
"4202","Volta","Ketu North",2005,101619.183449805
"4203","Volta","Ketu South",2005,141223.181127906
"4204","Volta","Anloga",2005,88708.18181777
"4205","Volta","South Tongu",2005,76813.3250353783
"4206","Oti","Jasikan",2005,35627.8932626098
"4207","Oti","Krachi East",2005,105902.984517984
"4208","Oti","Nkwanta South",2005,93783.5956695899
"4209","Ashanti","Afigya Kwabre North",2005,65475.8181394637
"4210","Ashanti","Atwima Kwanwoma",2005,88067.3962092996
"4211","Ashanti","Sekyere South",2005,76565.7720938623
"4212","Ashanti","Sekyere East",2005,31205.6648345888
"4213","Ashanti","Sekyere Central",2005,68150.1783016622
"4214","Ashanti","Offinso North",2005,52351.179947719
"4215","Ashanti","Offinso",2005,83367.1517323554
"4216","Greater Accra","Adentan",2005,61762.1187497377
"4217","Bono","Dormaa Municipal",2005,94602.3250049502
"4218","Ashanti","Ahafo Ano South West",2005,78501.5623865575
"4219","Ashanti","Bekwai",2005,128801.963569164
"4220","Ashanti","Bosomtwe",2005,86718.3295328319
"4221","Central","Ajumako-Enyan-Essiam",2005,112990.995229423
"4222","Central","Gomoa West",2005,86735.0828245282
"4223","Ashanti","Obuasi",2005,59055.3490715325
"4224","Ashanti","Kwabre East",2005,72785.851816237
"4225","Ashanti","Ejura-Sekyedumase",2005,83703.2702822387
"4226","Ashanti","Atwima Nwabiagya",2005,86223.4418891966
"4227","Ashanti","Atwima Mponua",2005,128422.833273843
"4228","Ashanti","Adansi South",2005,60955.0788870156
"4229","Ashanti","Adansi Asokwa",2005,60945.6579680294
"4230","Ashanti","Bosome Freho",2005,46698.5139571279
"4231","Ashanti","Asante Mampong",2005,83582.9302487224
"4232","Central","Agona West",2005,107661.856412709
"4233","Central","Agona East",2005,82009.7477245331
"4234","Central","Assin North",2005,81735.1889025271
"4235","Central","Assin South",2005,93442.1676247641
"4236","Central","Asikuma-Odoben-Brakwa",2005,98494.0044819117
"4237","Central","Efutu",2005,56892.789511025
"4238","Central","Gomoa East",2005,162966.123756111
"4239","Central","Abura-Asebu-Kwamankese",2005,102430.728938073
"4240","Western","Jomoro",2005,127243.856118642
"4241","Western","Ellembelle",2005,87629.5806910917
"4242","Western","Prestea-Huni Valley",2005,159142.978836194
"4243","Western","Ahanta West",2005,105639.951706693
"4244","Western","Nzema East",2005,56287.9165414572
"4245","Western","Tarkwa-Nsuaem",2005,82334.4970341548
"4246","Western North","Sefwi-Akontombra",2005,82323.0678750351
"4247","Eastern","Akyemansa",2005,74542.8898071647
"4248","Eastern","Kwahu South",2005,76607.3593459129
"4249","Eastern","Asene Manso Akroso",2005,59175.4185272455
"4250","Eastern","Upper Manya-Krobo",2005,72218.8265434802
"4251","Eastern","Achiase",2005,62665.8208642304
"4252","Eastern","Okere",2005,57073.8481262326
"4253","Eastern","Yilo-Krobo",2005,84385.592171222
"4254","Eastern","Atiwa West",2005,53533.9175639749
"4255","Eastern","New Juaben North",2005,76775.9975804687
"4256","Eastern","Fanteakwa North",2005,60507.4870636314
"4257","Eastern","Birim North",2005,71733.0926521122
"4258","Eastern","Asuogyaman",2005,85878.5079115331
"4259","Eastern","Kwahu East",2005,64029.08077842
"4260","Eastern","Kwahu West",2005,81671.5299387276
"4261","Western North","Bibiani-Anhwiaso-Bekwai",2005,115413.400031939
"4262","Central","Upper Denkyira East",2005,61946.9300216138
"4263","Ashanti","Amansie Central",2005,70755.9701470435
"4264","Ashanti","Amansie South",2005,69141.6274619251
"4265","Central","Upper Denkyira West",2005,60071.8257418871
"4266","Central","Komenda-Edna-Eguafo-Abirem",2005,127137.674719274
"4267","Western North","Sefwi-Wiawso",2005,133730.123581141
"4268","Ahafo","Asunafo South",2005,88416.6219532937
"4269","Bono East","Nkoranza South",2005,89380.3767749071
"4270","Savannah","Bole",2005,71122.0750503018
"4271","Eastern","Lower-Manya Krobo",2005,80825.934938997
"4272","Bono East","Kintampo North",2005,90141.8471400179
"4273","Bono East","Atebubu-Amanten",2005,95530.4124504775
"4274","Northern","Kpandai",2005,53693.4806590229
"4275","Oti","Nkwanta North",2005,58790.5823669732
"4276","Oti","Biakoye",2005,84917.6569588184
"4277","Savannah","Central Gonja",2005,73471.0908806063
"4278","Bono East","Pru West",2005,48111.7944695018
"4279","Northern","Savelugu",2005,77329.0738207549
"4280","Northern","Karaga",2005,78383.3119500503
"4281","Savannah","East Gonja",2005,107997.989713553
"4282","Volta","South Dayi",2005,40176.2855594754
"4283","Upper West","Wa East",2005,102543.542472132
"4284","Northern","Saboba",2005,57515.2483730763
"4285","Northern","Gushiegu",2005,74230.7001932003
"4286","Northern","Nanumba North",2005,77030.5200737789
"4287","Northern","Nanumba South",2005,107064.599103227
"4288","Bono","Wenchi",2005,77852.3602219224
"4289","Ahafo","Tano South",2005,51547.0822705925
"4290","Bono","Sunyani Municipal",2005,92343.6780102849
"4291","Ashanti","Asante Akim South",2005,106756.674554959
"4292","Greater Accra","Ada East",2005,59952.9236159921
"4293","Greater Accra","Shai-Osudoku",2005,48050.8660748601
"4294","Greater Accra","Ada West",2005,51272.131093055
"4295","Greater Accra","Ningo Prampram",2005,64919.0245029777
"4296","Bono East","Techiman North",2005,65441.7889155447
"4297","Bono","Banda",2005,32729.875866957
"4298","Bono","Jaman North",2005,83738.4430204779
"4299","Bono","Tain",2005,68404.4962681755
"4300","Ashanti","Sekyere Kumawu",2005,48120.2542559505
"4301","Ashanti","Sekyere Afram Plains",2005,59717.1138155647
"4302","Ashanti","Asante Akim North",2005,78996.0271619484
"4303","Ashanti","Asante Akim Central",2005,51894.5523270667
"4304","Ashanti","Juaben",2005,49027.7456282675
"4305","Greater Accra","La-Dade-Kotopon",2005,271491.506269455
"4306","Western North","Aowin",2005,101852.314871259
"4307","Western North","Suaman",2005,21344.5440791547
"4308","Western North","Bia East",2005,46016.5184364766
"4309","Western North","Bia West",2005,62756.6938768476
"4310","Western North","Bodi",2005,39206.5946617424
"4311","Western North","Juaboso",2005,63787.5091213286
"4312","Western","Shama",2005,112138.549350291
"4313","Western","Wassa East",2005,82150.5579813868
"4314","Western","Mpohor",2005,37296.1294095069
"4315","Western","Wassa Amenfi West",2005,66141.747670196
"4316","Western","Wassa Amenfi Central",2005,85697.0909435526
"4317","Central","Mfantsiman",2005,110930.476237953
"4318","Central","Ekumfi",2005,64412.4611114264
"4319","Central","Twifo-Hemang Lower Denkyira",2005,45162.1197120547
"4320","Central","Twifo-Ati-Mokwa",2005,67797.6852812767
"4321","Central","Awutu Senya",2005,96228.0117157102
"4322","Greater Accra","La-Nkwantanang-Madina",2005,84510.1954883337
"4323","Greater Accra","Ga East",2005,143943.209106445
"4324","Western","Wassa Amenfi East",2005,88197.3284283355
"4325","Central","Gomoa Central",2005,43214.0810521841
"4326","Central","Assin Foso",2005,50628.7642960548
"4327","Greater Accra","Ayawaso West",2005,282009.191766739
"4328","Greater Accra","Ga West",2005,124415.74173528
"4329","Oti","Krachi West",2005,41308.4667846411
"4330","Oti","Krachi Nchumuru",2005,68392.5722718984
"4331","Volta","Agortime-Ziope",2005,16383.7932022959
"4332","Volta","Adaklu",2005,28972.354994975
"4333","Volta","Akatsi South",2005,84412.1580989659
"4334","Volta","Akatsi North",2005,23034.0788012147
"4335","Volta","Ho",2005,149870.407760307
"4336","Volta","Hohoe",2005,71852.7014681399
"4337","Volta","Ho West",2005,89457.9500667527
"4338","Volta","Afadjato South",2005,84079.0213130116
"4339","Volta","North Dayi",2005,39587.5459171236
"4340","Volta","Kpando",2005,45039.4083160609
"4341","Volta","North Tongu",2005,76167.0715826452
"4342","Volta","Central Tongu",2005,60827.258323364
"4343","Eastern","Nsawam-Adoagyiri",2005,63106.2016052008
"4344","Greater Accra","Ga Central",2005,82101.1110413074
"4345","Eastern","Akwapim South",2005,51505.2551807761
"4346","Eastern","Denkyembour",2005,86272.2542645633
"4347","Eastern","Kwaebibirem",2005,101807.383618101
"4348","Eastern","Afram Plains South",2005,104940.861205544
"4349","Eastern","Kwahu North",2005,69407.3194853589
"4350","Eastern","Suhum",2005,84872.0198606849
"4351","Eastern","Ayensuano",2005,84104.7100839019
"4352","Eastern","East Akim - Abuakwa South",2005,64444.2086691558
"4353","Eastern","Upper West Akim",2005,80904.7865198851
"4354","Eastern","West Akim",2005,96934.0380378366
"4355","Bono","Dormaa West",2005,30481.2655896246
"4356","Upper West","Nadowli-Kaleo",2005,46013.3526040316
"4357","Upper West","Daffiama-Bussie-Issa",2005,41713.013082359
"4358","Upper West","Lawra",2005,49383.761796698
"4359","Upper West","Nandom",2005,45335.2299612612
"4360","Upper East","Talensi",2005,76337.7159029543
"4361","Upper East","Nabdam",2005,23554.2606107742
"4362","Upper East","Builsa South",2005,42351.5529972576
"4363","Upper East","Builsa North",2005,42290.6961760074
"4364","Upper East","Binduri",2005,69973.0033413768
"4365","Upper East","Pusiga",2005,39726.3228039145
"4366","Upper East","Bawku Municipal",2005,67713.5555627942
"4367","Savannah","West Gonja",2005,44088.0558508355
"4368","Northern","Mion",2005,82353.7774107605
"4369","Northern","Yendi",2005,79359.4548559487
"4370","Northern","Tolon",2005,62465.448608797
"4371","Northern","Kumbungu",2005,59828.4112034217
"4372","Northern East","West Mamprusi",2005,109980.371033438
"4373","Northern East","Mamprugu-Moagduri",2005,35996.3147713915
"4374","Northern","Zabzugu",2005,62509.1280797422
"4375","Northern","Tatale-Sangule",2005,35675.7533659637
"4376","Bono East","Sene East",2005,50339.4107315876
"4377","Bono East","Sene West",2005,50351.3487407863
"4378","Ahafo","Asutifi North",2005,56411.3515168801
"4379","Ashanti","Ahafo Ano North",2005,88365.0632685125
"4380","Ahafo","Asutifi South",2005,38297.9634254873
"4381","Bono East","Techiman Municipal",2005,122139.95027861
"4382","Savannah","North Gonja",2005,39602.5847852379
"4383","Greater Accra","Tema West",2005,138342.843531609
"4384","Greater Accra","Ashaiman",2005,66458.9437756538
"4385","Greater Accra","Kpone-Katamanso",2005,159471.385458916
"4386","Upper East","Tempane",2005,73164.5785164833
"4387","Upper East","Bolgatanga East",2005,30408.50097996
"4388","Northern East","Bunkpurugu -Nakpanduri",2005,62045.4307119697
"4389","Savannah","North-East Gonja",2005,42338.466301579
"4390","Northern","Nanton",2005,34559.8967385739
"4391","Bono","Berekum West",2005,43855.3687480688
"4392","Bono East","Pru",2005,54248.9839877076
"4393","Eastern","Fanteakwa South",2005,34518.4797768593
"4394","Eastern","New Juaben South",2005,78097.0924762487
"4395","Eastern","Akwapim North",2005,70633.2524805069
"4396","Volta","Keta",2005,56359.4793145657
"4397","Ashanti","Adansi Akrofuom",2005,74470.4165306985
"4398","Ashanti","Adansi North",2005,49930.6878277659
"4399","Ashanti","Obuasi East",2005,79905.736802429
"4400","Ashanti","Amansie West",2005,54538.7031587958
"4401","Ashanti","Atwima Nwabiagya North",2005,58160.7445517778
"4402","Ashanti","Oforikrom",2005,181192.520074844
"4403","Ashanti","Old Tafo",2005,83904.7213191986
"4404","Ashanti","Asokwa",2005,200119.441867828
"4405","Greater Accra","Ayawaso East",2005,42520.271736145
"4406","Greater Accra","Ayawaso North",2005,24889.9065933228
"4407","Greater Accra","Ayawaso Central",2005,71750.0669326782
"4408","Ashanti","Kwadaso",2005,193371.704419613
"4409","Ashanti","Suame",2005,138773.424787521
"4410","Ashanti","Asokore Mampong",2005,128087.413475037
"4411","Ashanti","Afigya Kwabre South",2005,85376.217249155
"4412","Ashanti","Ejisu",2005,105702.578725934
"4413","Ashanti","Ahafo Ano South East",2005,45504.3634895384
"4414","Greater Accra","Korle-Klottey",2005,141925.702503204
"4415","Greater Accra","Ablekuma West",2005,82700.1047229767
"4416","Greater Accra","Ablekuma Central",2005,129011.710578918
"4417","Greater Accra","Krowor",2005,75768.2391815186
"4418","Greater Accra","Ga North",2005,105704.446786404
"4419","Greater Accra","Weija-Gbawe",2005,135782.139653206
"4420","Greater Accra","Ablekuma North",2005,120387.754980087
"4421","Eastern","Birim south",2005,61916.3146514893
"4422","Eastern","Birim Central",2005,35937.7445437312
"4423","Eastern","Abuakwa North",2005,57963.3909933269
"4424","Eastern","Atiwa East",2005,53482.7636601478
"4425","Central","Awutu Senya East",2005,53954.5081822872
"4426","Oti","Kadjebi",2005,49419.4175765514
"4427","Ashanti","Kumasi",2005,575769.240740061
"4428","Greater Accra","Tema",2005,82991.3028936386
"4429","Greater Accra","Ga South",2005,182242.585542917
"4430","Western","Sekondi-Takoradi",2005,232803.80268991
"4431","Western","Effia-Kwesimintsim",2005,135826.842940122
"4432","Northern","Sagnarigu",2005,150377.236358821
"4433","Northern","Tamale",2005,180650.059656419
"4434","Central","Cape Coast",2005,144509.06325984
"4435","Greater Accra","Accra Metro",2005,259481.929859161
"4436","Greater Accra","Okai Koi North",2005,133580.429494858
"4437","Oti","Guan District",2005,40993.3746714592
"4438","Greater Accra","Ledzokuku",2006,142944.77645874
"4439","Northern East","Chereponi",2006,46874.3876120523
"4440","Upper West","Wa Municipal",2006,67810.6756240129
"4441","Upper West","Jirapa",2006,69829.2374508828
"4442","Upper West","Sissala West",2006,28285.8055529296
"4443","Upper West","Lambussie",2006,48213.0717926621
"4444","Upper East","Bolgatanga Municipal",2006,97354.3191348016
"4445","Upper East","Bongo",2006,82149.9772045016
"4446","Upper East","Kasena-Nankana West",2006,75720.0056190714
"4447","Upper West","Wa West",2006,66875.4440387934
"4448","Savannah","Sawla-Tuna-Kalba",2006,77009.7818553075
"4449","Upper West","Sissala East",2006,67446.9549618587
"4450","Upper East","Kasena-Nankana",2006,88838.8778809533
"4451","Northern East","Yunyoo-Nasuan",2006,51215.2058399022
"4452","Upper East","Garu",2006,77368.1957907677
"4453","Northern East","East Mamprusi",2006,101459.825167805
"4454","Upper East","Bawku West",2006,88515.1243662536
"4455","Bono","Dormaa East",2006,53279.0808827728
"4456","Bono","Berekum",2006,66284.405350253
"4457","Bono","Jaman South",2006,78763.253595233
"4458","Bono","Sunyani West",2006,101474.916643158
"4459","Ahafo","Asunafo North",2006,108063.607852995
"4460","Bono East","Nkoranza North",2006,62970.5231747851
"4461","Bono East","Kintampo South",2006,71336.3491367549
"4462","Ahafo","Tano North",2006,83729.099159956
"4463","Volta","Ketu North",2006,101368.083946705
"4464","Volta","Ketu South",2006,143651.917673111
"4465","Volta","Anloga",2006,93019.2971687317
"4466","Volta","South Tongu",2006,79230.2426837683
"4467","Oti","Jasikan",2006,34774.6143366396
"4468","Oti","Krachi East",2006,109224.546759896
"4469","Oti","Nkwanta South",2006,96402.0108806491
"4470","Ashanti","Afigya Kwabre North",2006,69998.1422024667
"4471","Ashanti","Atwima Kwanwoma",2006,90424.264629215
"4472","Ashanti","Sekyere South",2006,81553.7812206149
"4473","Ashanti","Sekyere East",2006,31172.8342429698
"4474","Ashanti","Sekyere Central",2006,68925.2287459299
"4475","Ashanti","Offinso North",2006,52291.2124289423
"4476","Ashanti","Offinso",2006,82687.7847141176
"4477","Greater Accra","Adentan",2006,64106.2118246555
"4478","Bono","Dormaa Municipal",2006,96047.6284198388
"4479","Ashanti","Ahafo Ano South West",2006,77825.0011733174
"4480","Ashanti","Bekwai",2006,131025.850349694
"4481","Ashanti","Bosomtwe",2006,88943.184066236
"4482","Central","Ajumako-Enyan-Essiam",2006,117550.438463002
"4483","Central","Gomoa West",2006,89182.4328073263
"4484","Ashanti","Obuasi",2006,56912.5046347976
"4485","Ashanti","Kwabre East",2006,69590.9021506906
"4486","Ashanti","Ejura-Sekyedumase",2006,84169.6919792145
"4487","Ashanti","Atwima Nwabiagya",2006,86384.4919669926
"4488","Ashanti","Atwima Mponua",2006,131018.373970166
"4489","Ashanti","Adansi South",2006,61861.4316861629
"4490","Ashanti","Adansi Asokwa",2006,61393.1557324827
"4491","Ashanti","Bosome Freho",2006,47286.3696869463
"4492","Ashanti","Asante Mampong",2006,84480.1610724032
"4493","Central","Agona West",2006,110217.764135838
"4494","Central","Agona East",2006,83672.0128419399
"4495","Central","Assin North",2006,86144.1997897923
"4496","Central","Assin South",2006,97344.2446111441
"4497","Central","Asikuma-Odoben-Brakwa",2006,100855.728751928
"4498","Central","Efutu",2006,58513.0676635504
"4499","Central","Gomoa East",2006,169246.198204815
"4500","Central","Abura-Asebu-Kwamankese",2006,105016.880636752
"4501","Western","Jomoro",2006,131113.044992901
"4502","Western","Ellembelle",2006,87620.0277080983
"4503","Western","Prestea-Huni Valley",2006,160885.860154413
"4504","Western","Ahanta West",2006,106996.937901512
"4505","Western","Nzema East",2006,56987.9035876766
"4506","Western","Tarkwa-Nsuaem",2006,82010.2261276841
"4507","Western North","Sefwi-Akontombra",2006,83709.287703611
"4508","Eastern","Akyemansa",2006,77286.1490148902
"4509","Eastern","Kwahu South",2006,77235.9529947191
"4510","Eastern","Asene Manso Akroso",2006,61145.2249907851
"4511","Eastern","Upper Manya-Krobo",2006,72878.5142972171
"4512","Eastern","Achiase",2006,65400.7245433927
"4513","Eastern","Okere",2006,57206.3470318913
"4514","Eastern","Yilo-Krobo",2006,84403.858694762
"4515","Eastern","Atiwa West",2006,59548.6426851302
"4516","Eastern","New Juaben North",2006,79898.5466384292
"4517","Eastern","Fanteakwa North",2006,63720.1202382147
"4518","Eastern","Birim North",2006,74440.2525307536
"4519","Eastern","Asuogyaman",2006,87037.295021534
"4520","Eastern","Kwahu East",2006,64357.2307518721
"4521","Eastern","Kwahu West",2006,82611.7962950766
"4522","Western North","Bibiani-Anhwiaso-Bekwai",2006,116852.758191839
"4523","Central","Upper Denkyira East",2006,63081.5086121708
"4524","Ashanti","Amansie Central",2006,72261.50277403
"4525","Ashanti","Amansie South",2006,68993.1886838078
"4526","Central","Upper Denkyira West",2006,61703.8242684901
"4527","Central","Komenda-Edna-Eguafo-Abirem",2006,130417.218329161
"4528","Western North","Sefwi-Wiawso",2006,135647.182846472
"4529","Ahafo","Asunafo South",2006,90816.7001407444
"4530","Bono East","Nkoranza South",2006,91603.4512028098
"4531","Savannah","Bole",2006,72992.3827170637
"4532","Eastern","Lower-Manya Krobo",2006,81807.3739777505
"4533","Bono East","Kintampo North",2006,92000.6351907998
"4534","Bono East","Atebubu-Amanten",2006,98972.6365055777
"4535","Northern","Kpandai",2006,55279.9269511998
"4536","Oti","Nkwanta North",2006,60731.3342779875
"4537","Oti","Biakoye",2006,86919.9387477636
"4538","Savannah","Central Gonja",2006,75240.2631675787
"4539","Bono East","Pru West",2006,50577.4661523513
"4540","Northern","Savelugu",2006,80808.9015161991
"4541","Northern","Karaga",2006,81308.1921838149
"4542","Savannah","East Gonja",2006,111907.749000251
"4543","Volta","South Dayi",2006,40916.3664773703
"4544","Upper West","Wa East",2006,106063.202683557
"4545","Northern","Saboba",2006,58870.3182748035
"4546","Northern","Gushiegu",2006,77434.4389054403
"4547","Northern","Nanumba North",2006,81156.6544892415
"4548","Northern","Nanumba South",2006,111973.469321355
"4549","Bono","Wenchi",2006,78954.7616276145
"4550","Ahafo","Tano South",2006,53082.5909507275
"4551","Bono","Sunyani Municipal",2006,93759.3748251498
"4552","Ashanti","Asante Akim South",2006,108848.051148027
"4553","Greater Accra","Ada East",2006,63297.3826417923
"4554","Greater Accra","Shai-Osudoku",2006,48001.1339119598
"4555","Greater Accra","Ada West",2006,52025.7168855965
"4556","Greater Accra","Ningo Prampram",2006,67572.9748076573
"4557","Bono East","Techiman North",2006,63837.5548617244
"4558","Bono","Banda",2006,34081.0864433721
"4559","Bono","Jaman North",2006,85878.2708303779
"4560","Bono","Tain",2006,69047.3605530709
"4561","Ashanti","Sekyere Kumawu",2006,46708.1331928372
"4562","Ashanti","Sekyere Afram Plains",2006,60588.961558044
"4563","Ashanti","Asante Akim North",2006,81697.6018248722
"4564","Ashanti","Asante Akim Central",2006,50721.2644050419
"4565","Ashanti","Juaben",2006,53518.3372751772
"4566","Greater Accra","La-Dade-Kotopon",2006,282627.257305145
"4567","Western North","Aowin",2006,102679.272684015
"4568","Western North","Suaman",2006,22094.1735845059
"4569","Western North","Bia East",2006,46462.4189373702
"4570","Western North","Bia West",2006,64001.8902195394
"4571","Western North","Bodi",2006,39941.6595865339
"4572","Western North","Juaboso",2006,64378.798337765
"4573","Western","Shama",2006,118977.962279946
"4574","Western","Wassa East",2006,83085.6032719463
"4575","Western","Mpohor",2006,36656.9878793508
"4576","Western","Wassa Amenfi West",2006,65735.2548167109
"4577","Western","Wassa Amenfi Central",2006,86685.1209086627
"4578","Central","Mfantsiman",2006,114700.342357039
"4579","Central","Ekumfi",2006,65005.4867944419
"4580","Central","Twifo-Hemang Lower Denkyira",2006,43449.53547059
"4581","Central","Twifo-Ati-Mokwa",2006,71066.6783823222
"4582","Central","Awutu Senya",2006,99341.1868633032
"4583","Greater Accra","La-Nkwantanang-Madina",2006,87064.5947457552
"4584","Greater Accra","Ga East",2006,148782.396595955
"4585","Western","Wassa Amenfi East",2006,88635.5475624129
"4586","Central","Gomoa Central",2006,45496.8150130212
"4587","Central","Assin Foso",2006,49211.4434646666
"4588","Greater Accra","Ayawaso West",2006,297772.403277397
"4589","Greater Accra","Ga West",2006,129299.553930044
"4590","Oti","Krachi West",2006,40898.5782746971
"4591","Oti","Krachi Nchumuru",2006,72006.2699849606
"4592","Volta","Agortime-Ziope",2006,17046.2808868289
"4593","Volta","Adaklu",2006,30619.096016176
"4594","Volta","Akatsi South",2006,83660.3095467389
"4595","Volta","Akatsi North",2006,27080.4493368566
"4596","Volta","Ho",2006,155010.694479033
"4597","Volta","Hohoe",2006,77004.9637145102
"4598","Volta","Ho West",2006,93070.0624728128
"4599","Volta","Afadjato South",2006,86191.5212965012
"4600","Volta","North Dayi",2006,40505.0222422183
"4601","Volta","Kpando",2006,46363.9128342271
"4602","Volta","North Tongu",2006,77668.1207290664
"4603","Volta","Central Tongu",2006,61210.6958083212
"4604","Eastern","Nsawam-Adoagyiri",2006,61066.9203096628
"4605","Greater Accra","Ga Central",2006,88824.6297330856
"4606","Eastern","Akwapim South",2006,54380.1388936043
"4607","Eastern","Denkyembour",2006,86780.4914474785
"4608","Eastern","Kwaebibirem",2006,102874.908429682
"4609","Eastern","Afram Plains South",2006,109234.573786266
"4610","Eastern","Kwahu North",2006,73696.2187342793
"4611","Eastern","Suhum",2006,82877.2158287168
"4612","Eastern","Ayensuano",2006,86276.8231526017
"4613","Eastern","East Akim - Abuakwa South",2006,67852.5118332207
"4614","Eastern","Upper West Akim",2006,79640.608631134
"4615","Eastern","West Akim",2006,102534.036954552
"4616","Bono","Dormaa West",2006,33113.0508768857
"4617","Upper West","Nadowli-Kaleo",2006,46433.336255163
"4618","Upper West","Daffiama-Bussie-Issa",2006,42565.105734136
"4619","Upper West","Lawra",2006,52124.299831599
"4620","Upper West","Nandom",2006,43341.8243356645
"4621","Upper East","Talensi",2006,80564.5393487811
"4622","Upper East","Nabdam",2006,24585.2015077323
"4623","Upper East","Builsa South",2006,42941.8779540285
"4624","Upper East","Builsa North",2006,43613.1278883144
"4625","Upper East","Binduri",2006,69623.1287887692
"4626","Upper East","Pusiga",2006,40178.1040711999
"4627","Upper East","Bawku Municipal",2006,64363.3818206787
"4628","Savannah","West Gonja",2006,45261.4299377333
"4629","Northern","Mion",2006,86787.2062163763
"4630","Northern","Yendi",2006,82010.6598575637
"4631","Northern","Tolon",2006,61806.377004616
"4632","Northern","Kumbungu",2006,58562.6738943383
"4633","Northern East","West Mamprusi",2006,113215.900871448
"4634","Northern East","Mamprugu-Moagduri",2006,38142.276139684
"4635","Northern","Zabzugu",2006,65412.3870013133
"4636","Northern","Tatale-Sangule",2006,37258.3955424279
"4637","Bono East","Sene East",2006,53207.0060424954
"4638","Bono East","Sene West",2006,51228.2906111926
"4639","Ahafo","Asutifi North",2006,61274.5858335495
"4640","Ashanti","Ahafo Ano North",2006,89980.0020329356
"4641","Ahafo","Asutifi South",2006,35985.2184796929
"4642","Bono East","Techiman Municipal",2006,126635.944875747
"4643","Savannah","North Gonja",2006,40170.7968953624
"4644","Greater Accra","Tema West",2006,142466.285713673
"4645","Greater Accra","Ashaiman",2006,66991.7192196846
"4646","Greater Accra","Kpone-Katamanso",2006,170154.843209028
"4647","Upper East","Tempane",2006,75109.5588864684
"4648","Upper East","Bolgatanga East",2006,26391.7916356325
"4649","Northern East","Bunkpurugu -Nakpanduri",2006,63302.686511457
"4650","Savannah","North-East Gonja",2006,44303.8334862962
"4651","Northern","Nanton",2006,36286.4176290631
"4652","Bono","Berekum West",2006,46986.9998746067
"4653","Bono East","Pru",2006,55379.4951857403
"4654","Eastern","Fanteakwa South",2006,33889.643887192
"4655","Eastern","New Juaben South",2006,79315.4951627254
"4656","Eastern","Akwapim North",2006,74106.8039460778
"4657","Volta","Keta",2006,53122.5538209677
"4658","Ashanti","Adansi Akrofuom",2006,77913.7627203017
"4659","Ashanti","Adansi North",2006,50334.5693393648
"4660","Ashanti","Obuasi East",2006,79008.5536017418
"4661","Ashanti","Amansie West",2006,57896.3248677552
"4662","Ashanti","Atwima Nwabiagya North",2006,60657.2712623775
"4663","Ashanti","Oforikrom",2006,189468.332221508
"4664","Ashanti","Old Tafo",2006,88138.4955244064
"4665","Ashanti","Asokwa",2006,208188.311788559
"4666","Greater Accra","Ayawaso East",2006,43873.8235015869
"4667","Greater Accra","Ayawaso North",2006,25625.1913833618
"4668","Greater Accra","Ayawaso Central",2006,73632.7880859375
"4669","Ashanti","Kwadaso",2006,210872.645687103
"4670","Ashanti","Suame",2006,143880.269258499
"4671","Ashanti","Asokore Mampong",2006,138001.579407692
"4672","Ashanti","Afigya Kwabre South",2006,86201.9632388949
"4673","Ashanti","Ejisu",2006,103930.116888344
"4674","Ashanti","Ahafo Ano South East",2006,45244.1591370404
"4675","Greater Accra","Korle-Klottey",2006,145149.1720047
"4676","Greater Accra","Ablekuma West",2006,90537.7510356903
"4677","Greater Accra","Ablekuma Central",2006,131102.788894653
"4678","Greater Accra","Krowor",2006,75921.9045562744
"4679","Greater Accra","Ga North",2006,111326.45337677
"4680","Greater Accra","Weija-Gbawe",2006,139587.399737835
"4681","Greater Accra","Ablekuma North",2006,120276.642032623
"4682","Eastern","Birim south",2006,63417.1773280501
"4683","Eastern","Birim Central",2006,38273.1732885242
"4684","Eastern","Abuakwa North",2006,57607.6526062191
"4685","Eastern","Atiwa East",2006,52515.4893562347
"4686","Central","Awutu Senya East",2006,56986.4059584141
"4687","Oti","Kadjebi",2006,50460.4624676704
"4688","Ashanti","Kumasi",2006,606477.050328732
"4689","Greater Accra","Tema",2006,83426.05626297
"4690","Greater Accra","Ga South",2006,185914.721714377
"4691","Western","Sekondi-Takoradi",2006,244631.19949019
"4692","Western","Effia-Kwesimintsim",2006,144443.527514011
"4693","Northern","Sagnarigu",2006,157922.473001897
"4694","Northern","Tamale",2006,180694.74014958
"4695","Central","Cape Coast",2006,148913.466324508
"4696","Greater Accra","Accra Metro",2006,265064.97693634
"4697","Greater Accra","Okai Koi North",2006,138250.384412766
"4698","Oti","Guan District",2006,44338.4386118352
"4699","Greater Accra","Ledzokuku",2007,146574.13054657
"4700","Northern East","Chereponi",2007,48152.6347581446
"4701","Upper West","Wa Municipal",2007,70644.0095967352
"4702","Upper West","Jirapa",2007,72501.6127096638
"4703","Upper West","Sissala West",2007,28540.5977431051
"4704","Upper West","Lambussie",2007,49949.0252434462
"4705","Upper East","Bolgatanga Municipal",2007,95942.3044460416
"4706","Upper East","Bongo",2007,82804.4215994179
"4707","Upper East","Kasena-Nankana West",2007,76292.8185316287
"4708","Upper West","Wa West",2007,67768.8501986042
"4709","Savannah","Sawla-Tuna-Kalba",2007,79097.5074362084
"4710","Upper West","Sissala East",2007,69325.3440754749
"4711","Upper East","Kasena-Nankana",2007,91355.2210312337
"4712","Northern East","Yunyoo-Nasuan",2007,53218.0796757936
"4713","Upper East","Garu",2007,80999.6434737444
"4714","Northern East","East Mamprusi",2007,104966.594347
"4715","Upper East","Bawku West",2007,89903.4033150822
"4716","Bono","Dormaa East",2007,54553.7295529395
"4717","Bono","Berekum",2007,68239.39444004
"4718","Bono","Jaman South",2007,80082.6300530136
"4719","Bono","Sunyani West",2007,102225.924003869
"4720","Ahafo","Asunafo North",2007,110497.423818693
"4721","Bono East","Nkoranza North",2007,64369.6506234854
"4722","Bono East","Kintampo South",2007,72920.9419103712
"4723","Ahafo","Tano North",2007,85656.8125221729
"4724","Volta","Ketu North",2007,102283.298925847
"4725","Volta","Ketu South",2007,145047.981905341
"4726","Volta","Anloga",2007,93195.0258413553
"4727","Volta","South Tongu",2007,81384.6095016599
"4728","Oti","Jasikan",2007,36151.2346821427
"4729","Oti","Krachi East",2007,112467.835618965
"4730","Oti","Nkwanta South",2007,99420.9085471779
"4731","Ashanti","Afigya Kwabre North",2007,75626.0497487783
"4732","Ashanti","Atwima Kwanwoma",2007,92357.1891369522
"4733","Ashanti","Sekyere South",2007,86731.5936748087
"4734","Ashanti","Sekyere East",2007,31570.5910661221
"4735","Ashanti","Sekyere Central",2007,69510.4497161061
"4736","Ashanti","Offinso North",2007,52487.6339594126
"4737","Ashanti","Offinso",2007,82343.8934686035
"4738","Greater Accra","Adentan",2007,66519.1308894157
"4739","Bono","Dormaa Municipal",2007,99714.9434367493
"4740","Ashanti","Ahafo Ano South West",2007,76911.3059211224
"4741","Ashanti","Bekwai",2007,132269.111152798
"4742","Ashanti","Bosomtwe",2007,92701.1770461798
"4743","Central","Ajumako-Enyan-Essiam",2007,122472.592123151
"4744","Central","Gomoa West",2007,92491.3584850729
"4745","Ashanti","Obuasi",2007,55952.2264904678
"4746","Ashanti","Kwabre East",2007,69026.8576490283
"4747","Ashanti","Ejura-Sekyedumase",2007,84679.6685644016
"4748","Ashanti","Atwima Nwabiagya",2007,89021.3959160447
"4749","Ashanti","Atwima Mponua",2007,132410.669995472
"4750","Ashanti","Adansi South",2007,61928.8337700516
"4751","Ashanti","Adansi Asokwa",2007,62237.1084673852
"4752","Ashanti","Bosome Freho",2007,48241.9886167645
"4753","Ashanti","Asante Mampong",2007,85344.3607553095
"4754","Central","Agona West",2007,112663.238220066
"4755","Central","Agona East",2007,85688.4051334858
"4756","Central","Assin North",2007,89534.5544932187
"4757","Central","Assin South",2007,99482.7979534715
"4758","Central","Asikuma-Odoben-Brakwa",2007,103085.273915768
"4759","Central","Efutu",2007,60944.7134716511
"4760","Central","Gomoa East",2007,173481.255879581
"4761","Central","Abura-Asebu-Kwamankese",2007,107648.846074939
"4762","Western","Jomoro",2007,135124.525111467
"4763","Western","Ellembelle",2007,87859.3506899998
"4764","Western","Prestea-Huni Valley",2007,161546.073304959
"4765","Western","Ahanta West",2007,108578.621140882
"4766","Western","Nzema East",2007,57021.5371523798
"4767","Western","Tarkwa-Nsuaem",2007,83155.4931508526
"4768","Western North","Sefwi-Akontombra",2007,84908.1773120239
"4769","Eastern","Akyemansa",2007,80085.6365419328
"4770","Eastern","Kwahu South",2007,78370.5440850407
"4771","Eastern","Asene Manso Akroso",2007,63688.2592291236
"4772","Eastern","Upper Manya-Krobo",2007,73014.2762847841
"4773","Eastern","Achiase",2007,67815.0643114448
"4774","Eastern","Okere",2007,58694.2538759112
"4775","Eastern","Yilo-Krobo",2007,84413.4783076644
"4776","Eastern","Atiwa West",2007,60213.7879705429
"4777","Eastern","New Juaben North",2007,79998.1781182289
"4778","Eastern","Fanteakwa North",2007,67783.7054190338
"4779","Eastern","Birim North",2007,76851.7123565674
"4780","Eastern","Asuogyaman",2007,89649.7119348794
"4781","Eastern","Kwahu East",2007,64418.8019022048
"4782","Eastern","Kwahu West",2007,84024.8582088649
"4783","Western North","Bibiani-Anhwiaso-Bekwai",2007,119175.99516508
"4784","Central","Upper Denkyira East",2007,64830.0264625698
"4785","Ashanti","Amansie Central",2007,72847.9741584212
"4786","Ashanti","Amansie South",2007,69373.3954847306
"4787","Central","Upper Denkyira West",2007,62523.7654036283
"4788","Central","Komenda-Edna-Eguafo-Abirem",2007,133751.773387671
"4789","Western North","Sefwi-Wiawso",2007,137500.521508917
"4790","Ahafo","Asunafo South",2007,93002.9004503787
"4791","Bono East","Nkoranza South",2007,94263.4348742515
"4792","Savannah","Bole",2007,74471.2862152383
"4793","Eastern","Lower-Manya Krobo",2007,82200.8856657147
"4794","Bono East","Kintampo North",2007,93323.5689610317
"4795","Bono East","Atebubu-Amanten",2007,102688.447962191
"4796","Northern","Kpandai",2007,57144.7760087997
"4797","Oti","Nkwanta North",2007,62563.3153839558
"4798","Oti","Biakoye",2007,87104.2929363996
"4799","Savannah","Central Gonja",2007,76703.0584491361
"4800","Bono East","Pru West",2007,52846.755617775
"4801","Northern","Savelugu",2007,84636.1489341557
"4802","Northern","Karaga",2007,85379.8600490168
"4803","Savannah","East Gonja",2007,115745.289360348
"4804","Volta","South Dayi",2007,42135.6758838296
"4805","Upper West","Wa East",2007,106081.258453835
"4806","Northern","Saboba",2007,60111.8926155567
"4807","Northern","Gushiegu",2007,80251.2241323218
"4808","Northern","Nanumba North",2007,85698.4835676998
"4809","Northern","Nanumba South",2007,117183.460569382
"4810","Bono","Wenchi",2007,80471.0189454481
"4811","Ahafo","Tano South",2007,54437.5204241872
"4812","Bono","Sunyani Municipal",2007,96084.0008175224
"4813","Ashanti","Asante Akim South",2007,110865.899094164
"4814","Greater Accra","Ada East",2007,63337.2874245346
"4815","Greater Accra","Shai-Osudoku",2007,49321.307311222
"4816","Greater Accra","Ada West",2007,55732.3014728725
"4817","Greater Accra","Ningo Prampram",2007,68823.0088795424
"4818","Bono East","Techiman North",2007,66519.7379633188
"4819","Bono","Banda",2007,34171.406957984
"4820","Bono","Jaman North",2007,87370.9885009155
"4821","Bono","Tain",2007,70686.3575285003
"4822","Ashanti","Sekyere Kumawu",2007,45444.5170539618
"4823","Ashanti","Sekyere Afram Plains",2007,61233.1954660527
"4824","Ashanti","Asante Akim North",2007,82801.8627543822
"4825","Ashanti","Asante Akim Central",2007,51047.0246912837
"4826","Ashanti","Juaben",2007,53398.6316586137
"4827","Greater Accra","La-Dade-Kotopon",2007,294663.852601051
"4828","Western North","Aowin",2007,104714.333415136
"4829","Western North","Suaman",2007,21802.7818422914
"4830","Western North","Bia East",2007,47631.9179353565
"4831","Western North","Bia West",2007,64133.5811645687
"4832","Western North","Bodi",2007,40201.426870808
"4833","Western North","Juaboso",2007,65731.6343864352
"4834","Western","Shama",2007,125368.253637582
"4835","Western","Wassa East",2007,83289.345458284
"4836","Western","Mpohor",2007,36585.0950827748
"4837","Western","Wassa Amenfi West",2007,67187.4002959952
"4838","Western","Wassa Amenfi Central",2007,85606.2569643259
"4839","Central","Mfantsiman",2007,120683.962229788
"4840","Central","Ekumfi",2007,63739.2527182698
"4841","Central","Twifo-Hemang Lower Denkyira",2007,42722.8236930817
"4842","Central","Twifo-Ati-Mokwa",2007,72466.3310795873
"4843","Central","Awutu Senya",2007,100566.66768378
"4844","Greater Accra","La-Nkwantanang-Madina",2007,91649.876331687
"4845","Greater Accra","Ga East",2007,152612.326063871
"4846","Western","Wassa Amenfi East",2007,89349.6170069054
"4847","Central","Gomoa Central",2007,48884.4164541066
"4848","Central","Assin Foso",2007,50331.5179006457
"4849","Greater Accra","Ayawaso West",2007,308354.832489967
"4850","Greater Accra","Ga West",2007,133724.087922931
"4851","Oti","Krachi West",2007,42959.7049724162
"4852","Oti","Krachi Nchumuru",2007,73553.2193192393
"4853","Volta","Agortime-Ziope",2007,18622.7231986523
"4854","Volta","Adaklu",2007,31162.9239583835
"4855","Volta","Akatsi South",2007,88036.593609482
"4856","Volta","Akatsi North",2007,26445.1007955968
"4857","Volta","Ho",2007,165256.961729929
"4858","Volta","Hohoe",2007,80519.3422034383
"4859","Volta","Ho West",2007,90970.2434981167
"4860","Volta","Afadjato South",2007,92230.296528399
"4861","Volta","North Dayi",2007,41687.2888420224
"4862","Volta","Kpando",2007,46942.2914109975
"4863","Volta","North Tongu",2007,77241.2146580741
"4864","Volta","Central Tongu",2007,63720.4880192354
"4865","Eastern","Nsawam-Adoagyiri",2007,61439.6388527751
"4866","Greater Accra","Ga Central",2007,88825.5181596279
"4867","Eastern","Akwapim South",2007,54676.969107151
"4868","Eastern","Denkyembour",2007,83403.997196734
"4869","Eastern","Kwaebibirem",2007,107830.284712464
"4870","Eastern","Afram Plains South",2007,113947.327711485
"4871","Eastern","Kwahu North",2007,77396.2313795239
"4872","Eastern","Suhum",2007,82996.6941318512
"4873","Eastern","Ayensuano",2007,86348.1194292307
"4874","Eastern","East Akim - Abuakwa South",2007,71790.2934088707
"4875","Eastern","Upper West Akim",2007,84324.7865487933
"4876","Eastern","West Akim",2007,102526.295254499
"4877","Bono","Dormaa West",2007,34544.6544920504
"4878","Upper West","Nadowli-Kaleo",2007,47831.436054647
"4879","Upper West","Daffiama-Bussie-Issa",2007,42364.7782740816
"4880","Upper West","Lawra",2007,52121.8382827044
"4881","Upper West","Nandom",2007,44729.4606613219
"4882","Upper East","Talensi",2007,81692.3606367409
"4883","Upper East","Nabdam",2007,24961.1064562351
"4884","Upper East","Builsa South",2007,44475.4501416832
"4885","Upper East","Builsa North",2007,43889.3197709769
"4886","Upper East","Binduri",2007,69455.3288473487
"4887","Upper East","Pusiga",2007,41048.9352443218
"4888","Upper East","Bawku Municipal",2007,64032.4575045109
"4889","Savannah","West Gonja",2007,46124.2493744474
"4890","Northern","Mion",2007,89791.9021176957
"4891","Northern","Yendi",2007,86322.2455085665
"4892","Northern","Tolon",2007,60251.5544759259
"4893","Northern","Kumbungu",2007,58193.7009851299
"4894","Northern East","West Mamprusi",2007,117536.522880502
"4895","Northern East","Mamprugu-Moagduri",2007,39158.501446452
"4896","Northern","Zabzugu",2007,67182.9213391095
"4897","Northern","Tatale-Sangule",2007,40106.1712617427
"4898","Bono East","Sene East",2007,54710.7124194801
"4899","Bono East","Sene West",2007,53637.0116655342
"4900","Ahafo","Asutifi North",2007,63384.2057577223
"4901","Ashanti","Ahafo Ano North",2007,92320.090959996
"4902","Ahafo","Asutifi South",2007,36230.5383934677
"4903","Bono East","Techiman Municipal",2007,127069.179325685
"4904","Savannah","North Gonja",2007,41202.9223804884
"4905","Greater Accra","Tema West",2007,149211.479507446
"4906","Greater Accra","Ashaiman",2007,69820.6784682274
"4907","Greater Accra","Kpone-Katamanso",2007,175401.809686899
"4908","Upper East","Tempane",2007,75212.9658332467
"4909","Upper East","Bolgatanga East",2007,28099.792027235
"4910","Northern East","Bunkpurugu -Nakpanduri",2007,65140.9586706012
"4911","Savannah","North-East Gonja",2007,45665.341042649
"4912","Northern","Nanton",2007,37432.0052073002
"4913","Bono","Berekum West",2007,48829.3079711795
"4914","Bono East","Pru",2007,56885.0609012991
"4915","Eastern","Fanteakwa South",2007,32240.3238883615
"4916","Eastern","New Juaben South",2007,83931.6565981507
"4917","Eastern","Akwapim North",2007,76269.0182368159
"4918","Volta","Keta",2007,54459.2126941085
"4919","Ashanti","Adansi Akrofuom",2007,76114.9821058065
"4920","Ashanti","Adansi North",2007,52806.1526108384
"4921","Ashanti","Obuasi East",2007,81336.0593376756
"4922","Ashanti","Amansie West",2007,60290.5685594678
"4923","Ashanti","Atwima Nwabiagya North",2007,59658.2669733763
"4924","Ashanti","Oforikrom",2007,199454.779864311
"4925","Ashanti","Old Tafo",2007,95116.6750106812
"4926","Ashanti","Asokwa",2007,218930.148860931
"4927","Greater Accra","Ayawaso East",2007,45307.571434021
"4928","Greater Accra","Ayawaso North",2007,26314.7824249268
"4929","Greater Accra","Ayawaso Central",2007,75614.3677520752
"4930","Ashanti","Kwadaso",2007,216692.608097076
"4931","Ashanti","Suame",2007,155353.275997639
"4932","Ashanti","Asokore Mampong",2007,143786.848021984
"4933","Ashanti","Afigya Kwabre South",2007,83533.2536477149
"4934","Ashanti","Ejisu",2007,106692.334623396
"4935","Ashanti","Ahafo Ano South East",2007,45060.9109989703
"4936","Greater Accra","Korle-Klottey",2007,149766.28900528
"4937","Greater Accra","Ablekuma West",2007,91596.0747585297
"4938","Greater Accra","Ablekuma Central",2007,135594.291442871
"4939","Greater Accra","Krowor",2007,78760.8252258301
"4940","Greater Accra","Ga North",2007,113987.740037918
"4941","Greater Accra","Weija-Gbawe",2007,147293.305556297
"4942","Greater Accra","Ablekuma North",2007,126070.679256439
"4943","Eastern","Birim south",2007,66776.7781891525
"4944","Eastern","Birim Central",2007,38840.8507367373
"4945","Eastern","Abuakwa North",2007,59743.6288132668
"4946","Eastern","Atiwa East",2007,55110.6550851017
"4947","Central","Awutu Senya East",2007,60706.2293353081
"4948","Oti","Kadjebi",2007,51022.8305031061
"4949","Ashanti","Kumasi",2007,646853.113381982
"4950","Greater Accra","Tema",2007,85870.2769098282
"4951","Greater Accra","Ga South",2007,193166.026822448
"4952","Western","Sekondi-Takoradi",2007,258144.000193208
"4953","Western","Effia-Kwesimintsim",2007,153081.653384447
"4954","Northern","Sagnarigu",2007,162558.436025858
"4955","Northern","Tamale",2007,184385.148050755
"4956","Central","Cape Coast",2007,154733.092673182
"4957","Greater Accra","Accra Metro",2007,275301.872676849
"4958","Greater Accra","Okai Koi North",2007,143650.047730446
"4959","Oti","Guan District",2007,46367.0136744082
"4960","Greater Accra","Ledzokuku",2008,152299.055608749
"4961","Northern East","Chereponi",2008,49197.9131716341
"4962","Upper West","Wa Municipal",2008,74339.2682972699
"4963","Upper West","Jirapa",2008,75147.8416009806
"4964","Upper West","Sissala West",2008,28483.5065538473
"4965","Upper West","Lambussie",2008,51804.4148195535
"4966","Upper East","Bolgatanga Municipal",2008,97614.5164002627
"4967","Upper East","Bongo",2008,83536.6396078765
"4968","Upper East","Kasena-Nankana West",2008,76705.7123535685
"4969","Upper West","Wa West",2008,67397.6074281856
"4970","Savannah","Sawla-Tuna-Kalba",2008,80887.2250937521
"4971","Upper West","Sissala East",2008,71634.5548687316
"4972","Upper East","Kasena-Nankana",2008,94136.0026551858
"4973","Northern East","Yunyoo-Nasuan",2008,55813.1629625112
"4974","Upper East","Garu",2008,82829.7379226834
"4975","Northern East","East Mamprusi",2008,106991.017598689
"4976","Upper East","Bawku West",2008,91224.3224669844
"4977","Bono","Dormaa East",2008,56728.3855609149
"4978","Bono","Berekum",2008,72358.5412387997
"4979","Bono","Jaman South",2008,81563.9054374695
"4980","Bono","Sunyani West",2008,104200.463050172
"4981","Ahafo","Asunafo North",2008,112973.407726288
"4982","Bono East","Nkoranza North",2008,66568.6689850762
"4983","Bono East","Kintampo South",2008,74135.8483711183
"4984","Ahafo","Tano North",2008,87438.3622866869
"4985","Volta","Ketu North",2008,104462.207405359
"4986","Volta","Ketu South",2008,145393.262060106
"4987","Volta","Anloga",2008,90323.1593572497
"4988","Volta","South Tongu",2008,83732.4979251176
"4989","Oti","Jasikan",2008,37197.0973363668
"4990","Oti","Krachi East",2008,115990.990238361
"4991","Oti","Nkwanta South",2008,102382.379340403
"4992","Ashanti","Afigya Kwabre North",2008,81745.040522933
"4993","Ashanti","Atwima Kwanwoma",2008,96405.1776257455
"4994","Ashanti","Sekyere South",2008,92161.3502249718
"4995","Ashanti","Sekyere East",2008,31156.5706064403
"4996","Ashanti","Sekyere Central",2008,70385.3506363854
"4997","Ashanti","Offinso North",2008,52729.2583351433
"4998","Ashanti","Offinso",2008,81426.6224878132
"4999","Greater Accra","Adentan",2008,68940.8903146982
"5000","Bono","Dormaa Municipal",2008,104323.695830494
"5001","Ashanti","Ahafo Ano South West",2008,76133.1926069558
"5002","Ashanti","Bekwai",2008,139998.107175529
"5003","Ashanti","Bosomtwe",2008,93978.7958802283
"5004","Central","Ajumako-Enyan-Essiam",2008,127209.051919311
"5005","Central","Gomoa West",2008,98169.2538640201
"5006","Ashanti","Obuasi",2008,58266.3511437774
"5007","Ashanti","Kwabre East",2008,65539.8332534432
"5008","Ashanti","Ejura-Sekyedumase",2008,85178.3151371181
"5009","Ashanti","Atwima Nwabiagya",2008,92464.5088508725
"5010","Ashanti","Atwima Mponua",2008,133385.154086351
"5011","Ashanti","Adansi South",2008,59461.6977978498
"5012","Ashanti","Adansi Asokwa",2008,65514.3709252179
"5013","Ashanti","Bosome Freho",2008,49626.4058650732
"5014","Ashanti","Asante Mampong",2008,85802.2734295726
"5015","Central","Agona West",2008,115248.033261359
"5016","Central","Agona East",2008,86659.9366346002
"5017","Central","Assin North",2008,91952.7218298614
"5018","Central","Assin South",2008,102952.633328602
"5019","Central","Asikuma-Odoben-Brakwa",2008,105351.748128355
"5020","Central","Efutu",2008,63113.2227317691
"5021","Central","Gomoa East",2008,184228.072609782
"5022","Central","Abura-Asebu-Kwamankese",2008,110727.095680445
"5023","Western","Jomoro",2008,139350.456791066
"5024","Western","Ellembelle",2008,88426.1868945137
"5025","Western","Prestea-Huni Valley",2008,162296.50207191
"5026","Western","Ahanta West",2008,110080.024704486
"5027","Western","Nzema East",2008,56618.1677214429
"5028","Western","Tarkwa-Nsuaem",2008,84674.0331173018
"5029","Western North","Sefwi-Akontombra",2008,85401.4010986388
"5030","Eastern","Akyemansa",2008,82594.9750260413
"5031","Eastern","Kwahu South",2008,79051.9801583588
"5032","Eastern","Asene Manso Akroso",2008,64748.3886276484
"5033","Eastern","Upper Manya-Krobo",2008,73229.1596135795
"5034","Eastern","Achiase",2008,67043.2350651026
"5035","Eastern","Okere",2008,62086.2226307988
"5036","Eastern","Yilo-Krobo",2008,84222.7429077923
"5037","Eastern","Atiwa West",2008,61934.1475716233
"5038","Eastern","New Juaben North",2008,80665.9190552831
"5039","Eastern","Fanteakwa North",2008,66907.4209615588
"5040","Eastern","Birim North",2008,79774.2371208668
"5041","Eastern","Asuogyaman",2008,92021.2243903577
"5042","Eastern","Kwahu East",2008,65258.1821547151
"5043","Eastern","Kwahu West",2008,84920.589222759
"5044","Western North","Bibiani-Anhwiaso-Bekwai",2008,121065.662791997
"5045","Central","Upper Denkyira East",2008,64951.0654243678
"5046","Ashanti","Amansie Central",2008,70646.5065115392
"5047","Ashanti","Amansie South",2008,69638.1295529157
"5048","Central","Upper Denkyira West",2008,64617.9245649576
"5049","Central","Komenda-Edna-Eguafo-Abirem",2008,136937.956931561
"5050","Western North","Sefwi-Wiawso",2008,139553.103670403
"5051","Ahafo","Asunafo South",2008,95470.5631930083
"5052","Bono East","Nkoranza South",2008,96497.5230995715
"5053","Savannah","Bole",2008,76123.4970243163
"5054","Eastern","Lower-Manya Krobo",2008,82162.4159868062
"5055","Bono East","Kintampo North",2008,95156.8090452962
"5056","Bono East","Atebubu-Amanten",2008,106802.402931564
"5057","Northern","Kpandai",2008,59597.8624280393
"5058","Oti","Nkwanta North",2008,64508.1343930811
"5059","Oti","Biakoye",2008,87942.7538964301
"5060","Savannah","Central Gonja",2008,78187.657472074
"5061","Bono East","Pru West",2008,54627.2632877454
"5062","Northern","Savelugu",2008,89685.4122704566
"5063","Northern","Karaga",2008,88944.7648010813
"5064","Savannah","East Gonja",2008,118860.324261155
"5065","Volta","South Dayi",2008,42713.464394778
"5066","Upper West","Wa East",2008,106630.715537585
"5067","Northern","Saboba",2008,61677.3217785805
"5068","Northern","Gushiegu",2008,83531.7744455822
"5069","Northern","Nanumba North",2008,88946.4315546975
"5070","Northern","Nanumba South",2008,124016.82970117
"5071","Bono","Wenchi",2008,82533.8029900566
"5072","Ahafo","Tano South",2008,56528.9195545912
"5073","Bono","Sunyani Municipal",2008,97276.1797613204
"5074","Ashanti","Asante Akim South",2008,112978.23555696
"5075","Greater Accra","Ada East",2008,65117.5390063524
"5076","Greater Accra","Shai-Osudoku",2008,49212.3772289082
"5077","Greater Accra","Ada West",2008,58048.1977090538
"5078","Greater Accra","Ningo Prampram",2008,72010.4310648739
"5079","Bono East","Techiman North",2008,64490.9360933006
"5080","Bono","Banda",2008,35559.9506123215
"5081","Bono","Jaman North",2008,88730.0875843018
"5082","Bono","Tain",2008,70730.4766658396
"5083","Ashanti","Sekyere Kumawu",2008,44578.7310689986
"5084","Ashanti","Sekyere Afram Plains",2008,62542.7671398371
"5085","Ashanti","Asante Akim North",2008,85189.8330985308
"5086","Ashanti","Asante Akim Central",2008,49905.0991442502
"5087","Ashanti","Juaben",2008,53213.278138876
"5088","Greater Accra","La-Dade-Kotopon",2008,300578.714209557
"5089","Western North","Aowin",2008,106468.054130957
"5090","Western North","Suaman",2008,22508.8663618863
"5091","Western North","Bia East",2008,47588.888570264
"5092","Western North","Bia West",2008,65665.5939109474
"5093","Western North","Bodi",2008,40872.9317621589
"5094","Western North","Juaboso",2008,66317.6054989174
"5095","Western","Shama",2008,130233.767058492
"5096","Western","Wassa East",2008,83168.0034503043
"5097","Western","Mpohor",2008,36584.4413503259
"5098","Western","Wassa Amenfi West",2008,67571.0151933357
"5099","Western","Wassa Amenfi Central",2008,85585.2354302853
"5100","Central","Mfantsiman",2008,111992.524813294
"5101","Central","Ekumfi",2008,77021.4787232876
"5102","Central","Twifo-Hemang Lower Denkyira",2008,43132.8709490448
"5103","Central","Twifo-Ati-Mokwa",2008,72886.485179618
"5104","Central","Awutu Senya",2008,102132.012738228
"5105","Greater Accra","La-Nkwantanang-Madina",2008,95459.3468625546
"5106","Greater Accra","Ga East",2008,158465.966487646
"5107","Western","Wassa Amenfi East",2008,89944.9776741043
"5108","Central","Gomoa Central",2008,47102.5057928562
"5109","Central","Assin Foso",2008,51872.6736161411
"5110","Greater Accra","Ayawaso West",2008,320759.769007683
"5111","Greater Accra","Ga West",2008,135304.660128653
"5112","Oti","Krachi West",2008,43638.1892500073
"5113","Oti","Krachi Nchumuru",2008,76436.5127207786
"5114","Volta","Agortime-Ziope",2008,18854.0935565382
"5115","Volta","Adaklu",2008,32761.5435953662
"5116","Volta","Akatsi South",2008,91207.1944599152
"5117","Volta","Akatsi North",2008,26717.3706803918
"5118","Volta","Ho",2008,170369.889599591
"5119","Volta","Hohoe",2008,87635.6339984536
"5120","Volta","Ho West",2008,95488.8410267457
"5121","Volta","Afadjato South",2008,94923.1590203941
"5122","Volta","North Dayi",2008,43814.2746792436
"5123","Volta","Kpando",2008,47213.6714701205
"5124","Volta","North Tongu",2008,78529.7952268273
"5125","Volta","Central Tongu",2008,64324.1460251957
"5126","Eastern","Nsawam-Adoagyiri",2008,61287.2235360742
"5127","Greater Accra","Ga Central",2008,90353.7564156055
"5128","Eastern","Akwapim South",2008,55110.7509385049
"5129","Eastern","Denkyembour",2008,89047.0564897656
"5130","Eastern","Kwaebibirem",2008,103771.494846016
"5131","Eastern","Afram Plains South",2008,118735.968079291
"5132","Eastern","Kwahu North",2008,81625.8815936148
"5133","Eastern","Suhum",2008,87389.4587350488
"5134","Eastern","Ayensuano",2008,82384.6673013568
"5135","Eastern","East Akim - Abuakwa South",2008,79692.8951812088
"5136","Eastern","Upper West Akim",2008,86367.5276241899
"5137","Eastern","West Akim",2008,105187.205822796
"5138","Bono","Dormaa West",2008,34100.4132288992
"5139","Upper West","Nadowli-Kaleo",2008,48501.4922601432
"5140","Upper West","Daffiama-Bussie-Issa",2008,42940.320214875
"5141","Upper West","Lawra",2008,54422.3037958741
"5142","Upper West","Nandom",2008,43972.7618906796
"5143","Upper East","Talensi",2008,81654.1924106628
"5144","Upper East","Nabdam",2008,25281.5426070541
"5145","Upper East","Builsa South",2008,44855.0175783187
"5146","Upper East","Builsa North",2008,45259.9913794771
"5147","Upper East","Binduri",2008,67763.6014112234
"5148","Upper East","Pusiga",2008,44204.211925149
"5149","Upper East","Bawku Municipal",2008,64420.7572071552
"5150","Savannah","West Gonja",2008,47925.4466494564
"5151","Northern","Mion",2008,92517.8636227511
"5152","Northern","Yendi",2008,91263.444022499
"5153","Northern","Tolon",2008,57566.4571456499
"5154","Northern","Kumbungu",2008,59141.6047851145
"5155","Northern East","West Mamprusi",2008,120090.04874789
"5156","Northern East","Mamprugu-Moagduri",2008,42423.0807412118
"5157","Northern","Zabzugu",2008,70647.2623857632
"5158","Northern","Tatale-Sangule",2008,41538.3086165413
"5159","Bono East","Sene East",2008,57492.5465848893
"5160","Bono East","Sene West",2008,54905.2748247534
"5161","Ahafo","Asutifi North",2008,62415.2825533599
"5162","Ashanti","Ahafo Ano North",2008,94462.6379858404
"5163","Ahafo","Asutifi South",2008,39470.8094871938
"5164","Bono East","Techiman Municipal",2008,132060.326320231
"5165","Savannah","North Gonja",2008,41314.7317223772
"5166","Greater Accra","Tema West",2008,157104.781723499
"5167","Greater Accra","Ashaiman",2008,74243.0374951363
"5168","Greater Accra","Kpone-Katamanso",2008,177055.451116711
"5169","Upper East","Tempane",2008,74635.3437961936
"5170","Upper East","Bolgatanga East",2008,27517.6112083197
"5171","Northern East","Bunkpurugu -Nakpanduri",2008,68107.6819969267
"5172","Savannah","North-East Gonja",2008,47536.2343389168
"5173","Northern","Nanton",2008,37750.3239431977
"5174","Bono","Berekum West",2008,48660.3975732625
"5175","Bono East","Pru",2008,58836.6779655218
"5176","Eastern","Fanteakwa South",2008,35026.161675781
"5177","Eastern","New Juaben South",2008,88620.858489275
"5178","Eastern","Akwapim North",2008,77324.9207718074
"5179","Volta","Keta",2008,59150.9991691113
"5180","Ashanti","Adansi Akrofuom",2008,73437.9711667448
"5181","Ashanti","Adansi North",2008,51817.1988134086
"5182","Ashanti","Obuasi East",2008,83525.1749142408
"5183","Ashanti","Amansie West",2008,61847.4876635969
"5184","Ashanti","Atwima Nwabiagya North",2008,60883.1597055495
"5185","Ashanti","Oforikrom",2008,211788.402126789
"5186","Ashanti","Old Tafo",2008,95423.1629810333
"5187","Ashanti","Asokwa",2008,240589.049278259
"5188","Greater Accra","Ayawaso East",2008,46919.4040603638
"5189","Greater Accra","Ayawaso North",2008,27373.3384170532
"5190","Greater Accra","Ayawaso Central",2008,77632.2936401367
"5191","Ashanti","Kwadaso",2008,231189.283607483
"5192","Ashanti","Suame",2008,158988.095880508
"5193","Ashanti","Asokore Mampong",2008,147455.710326195
"5194","Ashanti","Afigya Kwabre South",2008,83977.5455304086
"5195","Ashanti","Ejisu",2008,108795.683950663
"5196","Ashanti","Ahafo Ano South East",2008,44662.9762403965
"5197","Greater Accra","Korle-Klottey",2008,152341.208251953
"5198","Greater Accra","Ablekuma West",2008,98142.7233009338
"5199","Greater Accra","Ablekuma Central",2008,140902.378379822
"5200","Greater Accra","Krowor",2008,82773.6372060776
"5201","Greater Accra","Ga North",2008,118783.942622185
"5202","Greater Accra","Weija-Gbawe",2008,152466.761650085
"5203","Greater Accra","Ablekuma North",2008,133250.748687744
"5204","Eastern","Birim south",2008,74568.6915333569
"5205","Eastern","Birim Central",2008,40184.7569205463
"5206","Eastern","Abuakwa North",2008,57490.7394036353
"5207","Eastern","Atiwa East",2008,56914.8231037557
"5208","Central","Awutu Senya East",2008,63571.1238892078
"5209","Oti","Kadjebi",2008,51364.2433081567
"5210","Ashanti","Kumasi",2008,685345.568192363
"5211","Greater Accra","Tema",2008,88968.5957584381
"5212","Greater Accra","Ga South",2008,203195.568729758
"5213","Western","Sekondi-Takoradi",2008,273320.006748527
"5214","Western","Effia-Kwesimintsim",2008,163184.948136002
"5215","Northern","Sagnarigu",2008,164130.949892193
"5216","Northern","Tamale",2008,191506.740130261
"5217","Central","Cape Coast",2008,160419.594768941
"5218","Greater Accra","Accra Metro",2008,287065.55355835
"5219","Greater Accra","Okai Koi North",2008,144165.917243958
"5220","Oti","Guan District",2008,48015.3910075128
"5221","Greater Accra","Ledzokuku",2009,158929.485102654
"5222","Northern East","Chereponi",2009,50494.1301702932
"5223","Upper West","Wa Municipal",2009,70698.8281051069
"5224","Upper West","Jirapa",2009,76960.5019790083
"5225","Upper West","Sissala West",2009,29329.8939731754
"5226","Upper West","Lambussie",2009,54763.5925674289
"5227","Upper East","Bolgatanga Municipal",2009,98680.9448447526
"5228","Upper East","Bongo",2009,84483.565626055
"5229","Upper East","Kasena-Nankana West",2009,80136.014808543
"5230","Upper West","Wa West",2009,69495.0370773301
"5231","Savannah","Sawla-Tuna-Kalba",2009,81914.7056759857
"5232","Upper West","Sissala East",2009,72885.3974821232
"5233","Upper East","Kasena-Nankana",2009,94074.6986867562
"5234","Northern East","Yunyoo-Nasuan",2009,58371.4833888412
"5235","Upper East","Garu",2009,80419.1521621644
"5236","Northern East","East Mamprusi",2009,111232.754944563
"5237","Upper East","Bawku West",2009,92803.2371697128
"5238","Bono","Dormaa East",2009,58501.9873269796
"5239","Bono","Berekum",2009,72900.8949762583
"5240","Bono","Jaman South",2009,82571.9996790886
"5241","Bono","Sunyani West",2009,102660.797591493
"5242","Ahafo","Asunafo North",2009,115464.622160405
"5243","Bono East","Nkoranza North",2009,68575.5867359936
"5244","Bono East","Kintampo South",2009,75811.2789399847
"5245","Ahafo","Tano North",2009,91543.4040479958
"5246","Volta","Ketu North",2009,102983.120785415
"5247","Volta","Ketu South",2009,148929.450455904
"5248","Volta","Anloga",2009,94190.804420352
"5249","Volta","South Tongu",2009,86643.8397773802
"5250","Oti","Jasikan",2009,37189.8479540944
"5251","Oti","Krachi East",2009,118864.406550974
"5252","Oti","Nkwanta South",2009,106737.918084756
"5253","Ashanti","Afigya Kwabre North",2009,86873.4501143396
"5254","Ashanti","Atwima Kwanwoma",2009,98891.7068139613
"5255","Ashanti","Sekyere South",2009,98166.0864075422
"5256","Ashanti","Sekyere East",2009,30764.6528505981
"5257","Ashanti","Sekyere Central",2009,70564.3494073227
"5258","Ashanti","Offinso North",2009,53230.6412705481
"5259","Ashanti","Offinso",2009,81741.3141838163
"5260","Greater Accra","Adentan",2009,71259.5969699621
"5261","Bono","Dormaa Municipal",2009,106735.451024048
"5262","Ashanti","Ahafo Ano South West",2009,76190.5032729357
"5263","Ashanti","Bekwai",2009,139551.46001941
"5264","Ashanti","Bosomtwe",2009,97684.2217835188
"5265","Central","Ajumako-Enyan-Essiam",2009,132349.931067407
"5266","Central","Gomoa West",2009,98628.5104779005
"5267","Ashanti","Obuasi",2009,57366.1111145616
"5268","Ashanti","Kwabre East",2009,63922.9566837549
"5269","Ashanti","Ejura-Sekyedumase",2009,85614.4414123595
"5270","Ashanti","Atwima Nwabiagya",2009,94971.3054291308
"5271","Ashanti","Atwima Mponua",2009,137056.581742138
"5272","Ashanti","Adansi South",2009,65165.1206073761
"5273","Ashanti","Adansi Asokwa",2009,60378.0436319113
"5274","Ashanti","Bosome Freho",2009,50034.5986076891
"5275","Ashanti","Asante Mampong",2009,88387.3931812942
"5276","Central","Agona West",2009,120940.962430239
"5277","Central","Agona East",2009,88130.7854716182
"5278","Central","Assin North",2009,96519.0839802027
"5279","Central","Assin South",2009,107542.239482746
"5280","Central","Asikuma-Odoben-Brakwa",2009,107905.648555666
"5281","Central","Efutu",2009,65424.1678296328
"5282","Central","Gomoa East",2009,191823.992511094
"5283","Central","Abura-Asebu-Kwamankese",2009,113340.794468224
"5284","Western","Jomoro",2009,143532.559485584
"5285","Western","Ellembelle",2009,87982.7560834214
"5286","Western","Prestea-Huni Valley",2009,163473.326895148
"5287","Western","Ahanta West",2009,112054.734484285
"5288","Western","Nzema East",2009,57860.096262753
"5289","Western","Tarkwa-Nsuaem",2009,84289.0278911144
"5290","Western North","Sefwi-Akontombra",2009,87233.3052846417
"5291","Eastern","Akyemansa",2009,85547.9888696671
"5292","Eastern","Kwahu South",2009,78619.8472642004
"5293","Eastern","Asene Manso Akroso",2009,70414.7257534564
"5294","Eastern","Upper Manya-Krobo",2009,73827.4202120304
"5295","Eastern","Achiase",2009,73115.2473890185
"5296","Eastern","Okere",2009,64004.0081549287
"5297","Eastern","Yilo-Krobo",2009,84490.2731159031
"5298","Eastern","Atiwa West",2009,69858.8572500348
"5299","Eastern","New Juaben North",2009,75597.4602057338
"5300","Eastern","Fanteakwa North",2009,72078.2351354659
"5301","Eastern","Birim North",2009,82937.9470467865
"5302","Eastern","Asuogyaman",2009,93011.5354346037
"5303","Eastern","Kwahu East",2009,66486.1900376379
"5304","Eastern","Kwahu West",2009,85808.7336156666
"5305","Western North","Bibiani-Anhwiaso-Bekwai",2009,122188.376404762
"5306","Central","Upper Denkyira East",2009,67419.044570446
"5307","Ashanti","Amansie Central",2009,74908.9371264875
"5308","Ashanti","Amansie South",2009,76115.1906128675
"5309","Central","Upper Denkyira West",2009,64651.2416778505
"5310","Central","Komenda-Edna-Eguafo-Abirem",2009,139758.980419695
"5311","Western North","Sefwi-Wiawso",2009,140863.767681807
"5312","Ahafo","Asunafo South",2009,97802.1165501922
"5313","Bono East","Nkoranza South",2009,98783.3462605029
"5314","Savannah","Bole",2009,78981.8456097413
"5315","Eastern","Lower-Manya Krobo",2009,83570.2636525333
"5316","Bono East","Kintampo North",2009,96778.4870882407
"5317","Bono East","Atebubu-Amanten",2009,110957.066813588
"5318","Northern","Kpandai",2009,63564.9238131046
"5319","Oti","Nkwanta North",2009,65811.863118276
"5320","Oti","Biakoye",2009,89377.4798087925
"5321","Savannah","Central Gonja",2009,80207.7815201487
"5322","Bono East","Pru West",2009,58467.8037065007
"5323","Northern","Savelugu",2009,89408.9265653566
"5324","Northern","Karaga",2009,92837.5921790302
"5325","Savannah","East Gonja",2009,120646.435730387
"5326","Volta","South Dayi",2009,43933.1054630876
"5327","Upper West","Wa East",2009,111513.35483028
"5328","Northern","Saboba",2009,63044.0844673365
"5329","Northern","Gushiegu",2009,86816.1929874644
"5330","Northern","Nanumba North",2009,92669.7903440371
"5331","Northern","Nanumba South",2009,131003.136035249
"5332","Bono","Wenchi",2009,83342.9648446366
"5333","Ahafo","Tano South",2009,55953.8620601296
"5334","Bono","Sunyani Municipal",2009,102058.173907012
"5335","Ashanti","Asante Akim South",2009,115202.416321605
"5336","Greater Accra","Ada East",2009,67167.4747563004
"5337","Greater Accra","Shai-Osudoku",2009,51730.0133665651
"5338","Greater Accra","Ada West",2009,60337.0112525225
"5339","Greater Accra","Ningo Prampram",2009,72154.4757049978
"5340","Bono East","Techiman North",2009,61650.5975554287
"5341","Bono","Banda",2009,37635.6903993599
"5342","Bono","Jaman North",2009,90636.5812350661
"5343","Bono","Tain",2009,70956.2428385019
"5344","Ashanti","Sekyere Kumawu",2009,44112.9714816064
"5345","Ashanti","Sekyere Afram Plains",2009,63554.9260517061
"5346","Ashanti","Asante Akim North",2009,87652.0449369028
"5347","Ashanti","Asante Akim Central",2009,48681.0978824794
"5348","Ashanti","Juaben",2009,54488.5569344759
"5349","Greater Accra","La-Dade-Kotopon",2009,312035.532389641
"5350","Western North","Aowin",2009,108182.01991529
"5351","Western North","Suaman",2009,22523.2996105552
"5352","Western North","Bia East",2009,49343.3805092573
"5353","Western North","Bia West",2009,65540.6642971262
"5354","Western North","Bodi",2009,42051.4091806114
"5355","Western North","Juaboso",2009,67001.0213958472
"5356","Western","Shama",2009,131659.081778795
"5357","Western","Wassa East",2009,83875.8898920938
"5358","Western","Mpohor",2009,37361.7633764744
"5359","Western","Wassa Amenfi West",2009,65792.1614484936
"5360","Western","Wassa Amenfi Central",2009,88388.2322598398
"5361","Central","Mfantsiman",2009,121832.857847273
"5362","Central","Ekumfi",2009,72067.0507546663
"5363","Central","Twifo-Hemang Lower Denkyira",2009,43080.1457976699
"5364","Central","Twifo-Ati-Mokwa",2009,74021.9576319456
"5365","Central","Awutu Senya",2009,98340.5033009052
"5366","Greater Accra","La-Nkwantanang-Madina",2009,97755.1410706043
"5367","Greater Accra","Ga East",2009,165127.958435297
"5368","Western","Wassa Amenfi East",2009,90313.2115812823
"5369","Central","Gomoa Central",2009,52769.6583697796
"5370","Central","Assin Foso",2009,50572.8053638637
"5371","Greater Accra","Ayawaso West",2009,334647.410839081
"5372","Greater Accra","Ga West",2009,137329.589814782
"5373","Oti","Krachi West",2009,42717.989568159
"5374","Oti","Krachi Nchumuru",2009,80917.2120995373
"5375","Volta","Agortime-Ziope",2009,18614.0222829729
"5376","Volta","Adaklu",2009,36507.0824878588
"5377","Volta","Akatsi South",2009,93235.4826251566
"5378","Volta","Akatsi North",2009,28506.4535209835
"5379","Volta","Ho",2009,170245.443833798
"5380","Volta","Hohoe",2009,91212.2375953794
"5381","Volta","Ho West",2009,104613.065081999
"5382","Volta","Afadjato South",2009,98603.9648546576
"5383","Volta","North Dayi",2009,45109.146696955
"5384","Volta","Kpando",2009,48121.3327739239
"5385","Volta","North Tongu",2009,78265.4657276049
"5386","Volta","Central Tongu",2009,66461.2144287974
"5387","Eastern","Nsawam-Adoagyiri",2009,61155.8493793011
"5388","Greater Accra","Ga Central",2009,98346.826505661
"5389","Eastern","Akwapim South",2009,55378.9262993336
"5390","Eastern","Denkyembour",2009,82817.6452917755
"5391","Eastern","Kwaebibirem",2009,111144.555757627
"5392","Eastern","Afram Plains South",2009,126854.667844266
"5393","Eastern","Kwahu North",2009,83478.1140518039
"5394","Eastern","Suhum",2009,82195.1485866904
"5395","Eastern","Ayensuano",2009,88747.727871865
"5396","Eastern","East Akim - Abuakwa South",2009,82201.3957071304
"5397","Eastern","Upper West Akim",2009,86888.6650377512
"5398","Eastern","West Akim",2009,108089.054450065
"5399","Bono","Dormaa West",2009,36823.291526556
"5400","Upper West","Nadowli-Kaleo",2009,48144.3171778768
"5401","Upper West","Daffiama-Bussie-Issa",2009,44970.2883720547
"5402","Upper West","Lawra",2009,58027.6800956726
"5403","Upper West","Nandom",2009,41671.1703318357
"5404","Upper East","Talensi",2009,84554.6527318656
"5405","Upper East","Nabdam",2009,25557.7916081697
"5406","Upper East","Builsa South",2009,46532.1654589847
"5407","Upper East","Builsa North",2009,45599.8695328534
"5408","Upper East","Binduri",2009,75177.7031139135
"5409","Upper East","Pusiga",2009,44287.1442660093
"5410","Upper East","Bawku Municipal",2009,63025.8831505179
"5411","Savannah","West Gonja",2009,48859.0966682099
"5412","Northern","Mion",2009,99363.3855536431
"5413","Northern","Yendi",2009,92382.2517484426
"5414","Northern","Tolon",2009,59233.0692077838
"5415","Northern","Kumbungu",2009,55519.024305962
"5416","Northern East","West Mamprusi",2009,125552.690810651
"5417","Northern East","Mamprugu-Moagduri",2009,42810.2408513241
"5418","Northern","Zabzugu",2009,74621.5742946863
"5419","Northern","Tatale-Sangule",2009,42802.8921838105
"5420","Bono East","Sene East",2009,58159.198435314
"5421","Bono East","Sene West",2009,58530.703519471
"5422","Ahafo","Asutifi North",2009,64548.8193062916
"5423","Ashanti","Ahafo Ano North",2009,96598.1623947024
"5424","Ahafo","Asutifi South",2009,39598.4788033962
"5425","Bono East","Techiman Municipal",2009,137733.153480887
"5426","Savannah","North Gonja",2009,42079.3626867309
"5427","Greater Accra","Tema West",2009,165377.525102615
"5428","Greater Accra","Ashaiman",2009,80977.9494314194
"5429","Greater Accra","Kpone-Katamanso",2009,173157.264822483
"5430","Upper East","Tempane",2009,75335.5326610208
"5431","Upper East","Bolgatanga East",2009,25015.8880076408
"5432","Northern East","Bunkpurugu -Nakpanduri",2009,69078.8826512545
"5433","Savannah","North-East Gonja",2009,49979.7584699355
"5434","Northern","Nanton",2009,43835.8580516577
"5435","Bono","Berekum West",2009,52030.5143785477
"5436","Bono East","Pru",2009,58533.2375280932
"5437","Eastern","Fanteakwa South",2009,32635.7045677602
"5438","Eastern","New Juaben South",2009,96705.6307787895
"5439","Eastern","Akwapim North",2009,78723.7717761993
"5440","Volta","Keta",2009,56552.0946863294
"5441","Ashanti","Adansi Akrofuom",2009,76769.355128184
"5442","Ashanti","Adansi North",2009,49614.7610761821
"5443","Ashanti","Obuasi East",2009,85343.1113450229
"5444","Ashanti","Amansie West",2009,58768.0163052678
"5445","Ashanti","Atwima Nwabiagya North",2009,58189.1684247851
"5446","Ashanti","Oforikrom",2009,224126.542693138
"5447","Ashanti","Old Tafo",2009,104206.316401482
"5448","Ashanti","Asokwa",2009,250259.784387589
"5449","Greater Accra","Ayawaso East",2009,49384.6713867188
"5450","Greater Accra","Ayawaso North",2009,28427.213432312
"5451","Greater Accra","Ayawaso Central",2009,81765.104637146
"5452","Ashanti","Kwadaso",2009,237577.884522438
"5453","Ashanti","Suame",2009,166413.579400063
"5454","Ashanti","Asokore Mampong",2009,152473.367510796
"5455","Ashanti","Afigya Kwabre South",2009,83416.101452291
"5456","Ashanti","Ejisu",2009,109579.164543509
"5457","Ashanti","Ahafo Ano South East",2009,43494.2724737227
"5458","Greater Accra","Korle-Klottey",2009,157221.51568222
"5459","Greater Accra","Ablekuma West",2009,98897.5963096619
"5460","Greater Accra","Ablekuma Central",2009,143726.942207336
"5461","Greater Accra","Krowor",2009,84365.4889659882
"5462","Greater Accra","Ga North",2009,126834.93121767
"5463","Greater Accra","Weija-Gbawe",2009,158850.993627548
"5464","Greater Accra","Ablekuma North",2009,138102.314147949
"5465","Eastern","Birim south",2009,75476.4675197005
"5466","Eastern","Birim Central",2009,37795.5261518955
"5467","Eastern","Abuakwa North",2009,56956.6244498789
"5468","Eastern","Atiwa East",2009,56717.9328006655
"5469","Central","Awutu Senya East",2009,68483.9275751114
"5470","Oti","Kadjebi",2009,52401.3887287974
"5471","Ashanti","Kumasi",2009,736629.102026343
"5472","Greater Accra","Tema",2009,94786.1882190704
"5473","Greater Accra","Ga South",2009,203211.965093017
"5474","Western","Sekondi-Takoradi",2009,288712.261980534
"5475","Western","Effia-Kwesimintsim",2009,176571.842464238
"5476","Northern","Sagnarigu",2009,154686.890610665
"5477","Northern","Tamale",2009,208985.033017173
"5478","Central","Cape Coast",2009,166654.112155497
"5479","Greater Accra","Accra Metro",2009,293938.431747437
"5480","Greater Accra","Okai Koi North",2009,155399.287307739
"5481","Oti","Guan District",2009,52470.3761476278
"5482","Greater Accra","Ledzokuku",2010,162938.548886299
"5483","Northern East","Chereponi",2010,51740.511153318
"5484","Upper West","Wa Municipal",2010,73933.4490593225
"5485","Upper West","Jirapa",2010,80224.7910785116
"5486","Upper West","Sissala West",2010,30152.7771766819
"5487","Upper West","Lambussie",2010,56155.060238786
"5488","Upper East","Bolgatanga Municipal",2010,98571.4164977372
"5489","Upper East","Bongo",2010,85308.4970501959
"5490","Upper East","Kasena-Nankana West",2010,82175.295301728
"5491","Upper West","Wa West",2010,70739.6939398274
"5492","Savannah","Sawla-Tuna-Kalba",2010,85051.7878754213
"5493","Upper West","Sissala East",2010,74453.9006028846
"5494","Upper East","Kasena-Nankana",2010,95426.517086193
"5495","Northern East","Yunyoo-Nasuan",2010,60608.9145538956
"5496","Upper East","Garu",2010,81850.2945857048
"5497","Northern East","East Mamprusi",2010,115290.625236019
"5498","Upper East","Bawku West",2010,94171.0008390099
"5499","Bono","Dormaa East",2010,60652.8956569284
"5500","Bono","Berekum",2010,71316.4574525356
"5501","Bono","Jaman South",2010,84101.7961162627
"5502","Bono","Sunyani West",2010,106855.011884809
"5503","Ahafo","Asunafo North",2010,118120.832655013
"5504","Bono East","Nkoranza North",2010,70349.4567335844
"5505","Bono East","Kintampo South",2010,76898.3681224436
"5506","Ahafo","Tano North",2010,92956.9425543845
"5507","Volta","Ketu North",2010,105198.925380677
"5508","Volta","Ketu South",2010,148716.28058362
"5509","Volta","Anloga",2010,95147.7389585972
"5510","Volta","South Tongu",2010,88872.6851958185
"5511","Oti","Jasikan",2010,37799.9962522388
"5512","Oti","Krachi East",2010,123285.739806175
"5513","Oti","Nkwanta South",2010,108783.538342379
"5514","Ashanti","Afigya Kwabre North",2010,96773.8142707944
"5515","Ashanti","Atwima Kwanwoma",2010,102810.753423512
"5516","Ashanti","Sekyere South",2010,105058.43902567
"5517","Ashanti","Sekyere East",2010,31353.9742954522
"5518","Ashanti","Sekyere Central",2010,71856.2275282294
"5519","Ashanti","Offinso North",2010,52894.6163382679
"5520","Ashanti","Offinso",2010,80401.5687898993
"5521","Greater Accra","Adentan",2010,74027.7484470606
"5522","Bono","Dormaa Municipal",2010,110729.736871488
"5523","Ashanti","Ahafo Ano South West",2010,76299.2504858375
"5524","Ashanti","Bekwai",2010,143163.823024541
"5525","Ashanti","Bosomtwe",2010,98635.3021309078
"5526","Central","Ajumako-Enyan-Essiam",2010,137602.43219763
"5527","Central","Gomoa West",2010,108068.331278056
"5528","Ashanti","Obuasi",2010,53572.6366982162
"5529","Ashanti","Kwabre East",2010,60572.3363311291
"5530","Ashanti","Ejura-Sekyedumase",2010,86174.8152523488
"5531","Ashanti","Atwima Nwabiagya",2010,94089.6818210781
"5532","Ashanti","Atwima Mponua",2010,141369.559858993
"5533","Ashanti","Adansi South",2010,62572.2469485849
"5534","Ashanti","Adansi Asokwa",2010,63766.1580811292
"5535","Ashanti","Bosome Freho",2010,51560.4849351943
"5536","Ashanti","Asante Mampong",2010,87915.9062109739
"5537","Central","Agona West",2010,120306.914748788
"5538","Central","Agona East",2010,92759.3231165409
"5539","Central","Assin North",2010,101519.753885031
"5540","Central","Assin South",2010,110672.753350675
"5541","Central","Asikuma-Odoben-Brakwa",2010,110732.786530107
"5542","Central","Efutu",2010,66696.6398009062
"5543","Central","Gomoa East",2010,197003.509533465
"5544","Central","Abura-Asebu-Kwamankese",2010,116556.915231287
"5545","Western","Jomoro",2010,147689.303651944
"5546","Western","Ellembelle",2010,91139.9696891308
"5547","Western","Prestea-Huni Valley",2010,166541.573693939
"5548","Western","Ahanta West",2010,114030.945574731
"5549","Western","Nzema East",2010,55394.2189282179
"5550","Western","Tarkwa-Nsuaem",2010,82711.3237215802
"5551","Western North","Sefwi-Akontombra",2010,88176.3337385431
"5552","Eastern","Akyemansa",2010,89142.4200601578
"5553","Eastern","Kwahu South",2010,78974.9291505814
"5554","Eastern","Asene Manso Akroso",2010,76901.187790066
"5555","Eastern","Upper Manya-Krobo",2010,74061.2858569324
"5556","Eastern","Achiase",2010,77776.1265585423
"5557","Eastern","Okere",2010,68006.4611580372
"5558","Eastern","Yilo-Krobo",2010,84425.9213931859
"5559","Eastern","Atiwa West",2010,71407.647475034
"5560","Eastern","New Juaben North",2010,84618.470136404
"5561","Eastern","Fanteakwa North",2010,71416.2339183539
"5562","Eastern","Birim North",2010,85450.1460353434
"5563","Eastern","Asuogyaman",2010,96186.7614943981
"5564","Eastern","Kwahu East",2010,67052.8146255016
"5565","Eastern","Kwahu West",2010,86654.8825351298
"5566","Western North","Bibiani-Anhwiaso-Bekwai",2010,124111.408073395
"5567","Central","Upper Denkyira East",2010,67474.7957995683
"5568","Ashanti","Amansie Central",2010,77529.2618696094
"5569","Ashanti","Amansie South",2010,76147.5788653642
"5570","Central","Upper Denkyira West",2010,67385.3859666884
"5571","Central","Komenda-Edna-Eguafo-Abirem",2010,144160.525566161
"5572","Western North","Sefwi-Wiawso",2010,142781.849342734
"5573","Ahafo","Asunafo South",2010,100495.993984297
"5574","Bono East","Nkoranza South",2010,101296.20419544
"5575","Savannah","Bole",2010,79439.0981768668
"5576","Eastern","Lower-Manya Krobo",2010,83232.7661111355
"5577","Bono East","Kintampo North",2010,98676.4619153179
"5578","Bono East","Atebubu-Amanten",2010,114655.331476375
"5579","Northern","Kpandai",2010,64858.5353460908
"5580","Oti","Nkwanta North",2010,68337.077381447
"5581","Oti","Biakoye",2010,90817.3891651332
"5582","Savannah","Central Gonja",2010,82041.7465411667
"5583","Bono East","Pru West",2010,58955.7400910668
"5584","Northern","Savelugu",2010,94436.9466464333
"5585","Northern","Karaga",2010,96604.3044231199
"5586","Savannah","East Gonja",2010,125129.245452039
"5587","Volta","South Dayi",2010,45697.5421138704
"5588","Upper West","Wa East",2010,110604.561888669
"5589","Northern","Saboba",2010,64678.0927296281
"5590","Northern","Gushiegu",2010,90847.8418751433
"5591","Northern","Nanumba North",2010,96982.6900765672
"5592","Northern","Nanumba South",2010,137654.529934153
"5593","Bono","Wenchi",2010,84075.1146999374
"5594","Ahafo","Tano South",2010,58614.6247601211
"5595","Bono","Sunyani Municipal",2010,101102.385105237
"5596","Ashanti","Asante Akim South",2010,117625.676349968
"5597","Greater Accra","Ada East",2010,67741.4791790247
"5598","Greater Accra","Shai-Osudoku",2010,52571.2556657195
"5599","Greater Accra","Ada West",2010,64206.7210099697
"5600","Greater Accra","Ningo Prampram",2010,74441.1101938188
"5601","Bono East","Techiman North",2010,64884.7934929729
"5602","Bono","Banda",2010,38773.3512468375
"5603","Bono","Jaman North",2010,92119.3963622302
"5604","Bono","Tain",2010,72388.8023887575
"5605","Ashanti","Sekyere Kumawu",2010,46034.4736779928
"5606","Ashanti","Sekyere Afram Plains",2010,62252.6630532555
"5607","Ashanti","Asante Akim North",2010,86290.5662095547
"5608","Ashanti","Asante Akim Central",2010,51678.9296851158
"5609","Ashanti","Juaben",2010,60153.4785609245
"5610","Greater Accra","La-Dade-Kotopon",2010,327430.862233162
"5611","Western North","Aowin",2010,109535.586753458
"5612","Western North","Suaman",2010,23020.4533372223
"5613","Western North","Bia East",2010,48698.558777675
"5614","Western North","Bia West",2010,67904.591551505
"5615","Western North","Bodi",2010,42105.3405624479
"5616","Western North","Juaboso",2010,67994.4503573924
"5617","Western","Shama",2010,139087.38313356
"5618","Western","Wassa East",2010,83143.4336137995
"5619","Western","Mpohor",2010,38771.3769456893
"5620","Western","Wassa Amenfi West",2010,67548.3324177116
"5621","Western","Wassa Amenfi Central",2010,86766.6745652854
"5622","Central","Mfantsiman",2010,113984.218523979
"5623","Central","Ekumfi",2010,85657.6513264775
"5624","Central","Twifo-Hemang Lower Denkyira",2010,43498.8113286048
"5625","Central","Twifo-Ati-Mokwa",2010,73611.9315421432
"5626","Central","Awutu Senya",2010,116329.079882741
"5627","Greater Accra","La-Nkwantanang-Madina",2010,99413.8178522587
"5628","Greater Accra","Ga East",2010,170436.400820732
"5629","Western","Wassa Amenfi East",2010,91180.1447980404
"5630","Central","Gomoa Central",2010,47722.3077754378
"5631","Central","Assin Foso",2010,50698.1597105265
"5632","Greater Accra","Ayawaso West",2010,338102.040040016
"5633","Greater Accra","Ga West",2010,150866.845690966
"5634","Oti","Krachi West",2010,44264.0730913281
"5635","Oti","Krachi Nchumuru",2010,83542.2103391141
"5636","Volta","Agortime-Ziope",2010,20614.4241549671
"5637","Volta","Adaklu",2010,35521.1331721246
"5638","Volta","Akatsi South",2010,96201.5632932484
"5639","Volta","Akatsi North",2010,29230.4889045656
"5640","Volta","Ho",2010,169503.546294659
"5641","Volta","Hohoe",2010,87053.2083594203
"5642","Volta","Ho West",2010,115459.875192672
"5643","Volta","Afadjato South",2010,113406.73105365
"5644","Volta","North Dayi",2010,50028.1433959305
"5645","Volta","Kpando",2010,45113.5909679532
"5646","Volta","North Tongu",2010,82908.0654747039
"5647","Volta","Central Tongu",2010,64211.1510466486
"5648","Eastern","Nsawam-Adoagyiri",2010,62224.2568821907
"5649","Greater Accra","Ga Central",2010,94116.667396307
"5650","Eastern","Akwapim South",2010,55434.6957728863
"5651","Eastern","Denkyembour",2010,94773.3560042381
"5652","Eastern","Kwaebibirem",2010,101010.233920962
"5653","Eastern","Afram Plains South",2010,130711.104668871
"5654","Eastern","Kwahu North",2010,89714.0835692286
"5655","Eastern","Suhum",2010,79704.3398473263
"5656","Eastern","Ayensuano",2010,92079.2124523818
"5657","Eastern","East Akim - Abuakwa South",2010,91204.0543930829
"5658","Eastern","Upper West Akim",2010,97174.7209877968
"5659","Eastern","West Akim",2010,105297.803049833
"5660","Bono","Dormaa West",2010,37309.8596658707
"5661","Upper West","Nadowli-Kaleo",2010,52397.2615590692
"5662","Upper West","Daffiama-Bussie-Issa",2010,42253.5433277749
"5663","Upper West","Lawra",2010,56430.9063641429
"5664","Upper West","Nandom",2010,45149.9313835204
"5665","Upper East","Talensi",2010,84820.0246672779
"5666","Upper East","Nabdam",2010,25107.4622473121
"5667","Upper East","Builsa South",2010,46585.6583684757
"5668","Upper East","Builsa North",2010,47385.1572560817
"5669","Upper East","Binduri",2010,74015.7578674555
"5670","Upper East","Pusiga",2010,45723.5881986022
"5671","Upper East","Bawku Municipal",2010,64582.8439857364
"5672","Savannah","West Gonja",2010,48497.7826789431
"5673","Northern","Mion",2010,102312.052107263
"5674","Northern","Yendi",2010,97602.9584326446
"5675","Northern","Tolon",2010,57661.3496288732
"5676","Northern","Kumbungu",2010,55378.7818188034
"5677","Northern East","West Mamprusi",2010,128478.359190643
"5678","Northern East","Mamprugu-Moagduri",2010,45670.0721890889
"5679","Northern","Zabzugu",2010,76750.0300104171
"5680","Northern","Tatale-Sangule",2010,46085.8207320124
"5681","Bono East","Sene East",2010,60371.0972806104
"5682","Bono East","Sene West",2010,60649.2097670138
"5683","Ahafo","Asutifi North",2010,63743.5223089308
"5684","Ashanti","Ahafo Ano North",2010,98928.7412799001
"5685","Ahafo","Asutifi South",2010,42776.9576187134
"5686","Bono East","Techiman Municipal",2010,138211.153596193
"5687","Savannah","North Gonja",2010,44415.893726036
"5688","Greater Accra","Tema West",2010,167203.863251686
"5689","Greater Accra","Ashaiman",2010,79007.6903505325
"5690","Greater Accra","Kpone-Katamanso",2010,191385.653704941
"5691","Upper East","Tempane",2010,76044.6390968561
"5692","Upper East","Bolgatanga East",2010,27325.8054974079
"5693","Northern East","Bunkpurugu -Nakpanduri",2010,70658.1001413912
"5694","Savannah","North-East Gonja",2010,52398.0143003762
"5695","Northern","Nanton",2010,44865.5013752431
"5696","Bono","Berekum West",2010,57782.8458392322
"5697","Bono East","Pru",2010,62760.182231281
"5698","Eastern","Fanteakwa South",2010,35700.2086074054
"5699","Eastern","New Juaben South",2010,94241.8692846298
"5700","Eastern","Akwapim North",2010,77669.1629894376
"5701","Volta","Keta",2010,57901.4330400229
"5702","Ashanti","Adansi Akrofuom",2010,84253.3932049721
"5703","Ashanti","Adansi North",2010,58381.0696378648
"5704","Ashanti","Obuasi East",2010,72451.954642117
"5705","Ashanti","Amansie West",2010,62663.4007377923
"5706","Ashanti","Atwima Nwabiagya North",2010,62407.2632393837
"5707","Ashanti","Oforikrom",2010,238894.18887496
"5708","Ashanti","Old Tafo",2010,103174.11972332
"5709","Ashanti","Asokwa",2010,264570.35020256
"5710","Greater Accra","Ayawaso East",2010,52545.6897888184
"5711","Greater Accra","Ayawaso North",2010,29833.1125564575
"5712","Greater Accra","Ayawaso Central",2010,83791.2557067871
"5713","Ashanti","Kwadaso",2010,268740.774515629
"5714","Ashanti","Suame",2010,172703.319966793
"5715","Ashanti","Asokore Mampong",2010,168214.397885799
"5716","Ashanti","Afigya Kwabre South",2010,83148.4177955389
"5717","Ashanti","Ejisu",2010,104750.023331106
"5718","Ashanti","Ahafo Ano South East",2010,42680.0428371131
"5719","Greater Accra","Korle-Klottey",2010,170151.094993591
"5720","Greater Accra","Ablekuma West",2010,105221.731491089
"5721","Greater Accra","Ablekuma Central",2010,151799.494819641
"5722","Greater Accra","Krowor",2010,87782.908572197
"5723","Greater Accra","Ga North",2010,128333.174055099
"5724","Greater Accra","Weija-Gbawe",2010,155623.367587566
"5725","Greater Accra","Ablekuma North",2010,138290.932022095
"5726","Eastern","Birim south",2010,74996.8497578204
"5727","Eastern","Birim Central",2010,36786.8122768998
"5728","Eastern","Abuakwa North",2010,53920.9905424714
"5729","Eastern","Atiwa East",2010,58843.1524603814
"5730","Central","Awutu Senya East",2010,60979.4332845211
"5731","Oti","Kadjebi",2010,52612.9106882215
"5732","Ashanti","Kumasi",2010,756568.876805544
"5733","Greater Accra","Tema",2010,95341.1033124924
"5734","Greater Accra","Ga South",2010,224587.270035982
"5735","Western","Sekondi-Takoradi",2010,304420.279971838
"5736","Western","Effia-Kwesimintsim",2010,187371.930759102
"5737","Northern","Sagnarigu",2010,154902.59863025
"5738","Northern","Tamale",2010,216776.154157624
"5739","Central","Cape Coast",2010,171604.596515477
"5740","Greater Accra","Accra Metro",2010,305739.734924316
"5741","Greater Accra","Okai Koi North",2010,148749.216348648
"5742","Oti","Guan District",2010,55265.3386896551
"5743","Greater Accra","Ledzokuku",2011,170667.089857101
"5744","Northern East","Chereponi",2011,52830.9249497578
"5745","Upper West","Wa Municipal",2011,75128.2638536096
"5746","Upper West","Jirapa",2011,83564.8958664089
"5747","Upper West","Sissala West",2011,31784.0626374036
"5748","Upper West","Lambussie",2011,57886.514626205
"5749","Upper East","Bolgatanga Municipal",2011,98149.5070565045
"5750","Upper East","Bongo",2011,85859.64827618
"5751","Upper East","Kasena-Nankana West",2011,83645.5156443343
"5752","Upper West","Wa West",2011,72582.092978403
"5753","Savannah","Sawla-Tuna-Kalba",2011,85739.1316660307
"5754","Upper West","Sissala East",2011,75329.6734289527
"5755","Upper East","Kasena-Nankana",2011,97394.8723601699
"5756","Northern East","Yunyoo-Nasuan",2011,59968.0099949241
"5757","Upper East","Garu",2011,79690.7452436388
"5758","Northern East","East Mamprusi",2011,119380.700324848
"5759","Upper East","Bawku West",2011,95613.4923995584
"5760","Bono","Dormaa East",2011,63002.7866718471
"5761","Bono","Berekum",2011,78027.9761881232
"5762","Bono","Jaman South",2011,85199.4985055625
"5763","Bono","Sunyani West",2011,105910.418880478
"5764","Ahafo","Asunafo North",2011,121047.038052067
"5765","Bono East","Nkoranza North",2011,71907.8684307784
"5766","Bono East","Kintampo South",2011,77850.3951979801
"5767","Ahafo","Tano North",2011,96362.4322344959
"5768","Volta","Ketu North",2011,107010.819911867
"5769","Volta","Ketu South",2011,149442.615711808
"5770","Volta","Anloga",2011,93243.6736534238
"5771","Volta","South Tongu",2011,92089.3524738401
"5772","Oti","Jasikan",2011,38375.1538813561
"5773","Oti","Krachi East",2011,126718.449503034
"5774","Oti","Nkwanta South",2011,111991.489138521
"5775","Ashanti","Afigya Kwabre North",2011,100930.306095898
"5776","Ashanti","Atwima Kwanwoma",2011,106213.32628125
"5777","Ashanti","Sekyere South",2011,112495.989974946
"5778","Ashanti","Sekyere East",2011,31530.5661493093
"5779","Ashanti","Sekyere Central",2011,72158.2715549245
"5780","Ashanti","Offinso North",2011,52909.0486713052
"5781","Ashanti","Offinso",2011,80580.2692624629
"5782","Greater Accra","Adentan",2011,76538.5435552597
"5783","Bono","Dormaa Municipal",2011,112572.273720413
"5784","Ashanti","Ahafo Ano South West",2011,74249.0314976126
"5785","Ashanti","Bekwai",2011,146144.629035056
"5786","Ashanti","Bosomtwe",2011,104035.756612211
"5787","Central","Ajumako-Enyan-Essiam",2011,143685.687730134
"5788","Central","Gomoa West",2011,110133.665712118
"5789","Ashanti","Obuasi",2011,58630.7671503127
"5790","Ashanti","Kwabre East",2011,61822.8600890636
"5791","Ashanti","Ejura-Sekyedumase",2011,86877.1845632344
"5792","Ashanti","Atwima Nwabiagya",2011,96378.0157442987
"5793","Ashanti","Atwima Mponua",2011,143559.480618805
"5794","Ashanti","Adansi South",2011,65300.0194954723
"5795","Ashanti","Adansi Asokwa",2011,62365.9669896215
"5796","Ashanti","Bosome Freho",2011,52512.3017169684
"5797","Ashanti","Asante Mampong",2011,89632.7297162116
"5798","Central","Agona West",2011,125007.806856096
"5799","Central","Agona East",2011,95268.5686035752
"5800","Central","Assin North",2011,105503.338290691
"5801","Central","Assin South",2011,113214.603333846
"5802","Central","Asikuma-Odoben-Brakwa",2011,113265.180681258
"5803","Central","Efutu",2011,69720.9510840178
"5804","Central","Gomoa East",2011,207395.858920515
"5805","Central","Abura-Asebu-Kwamankese",2011,119045.634641647
"5806","Western","Jomoro",2011,152403.705930308
"5807","Western","Ellembelle",2011,91639.8160840645
"5808","Western","Prestea-Huni Valley",2011,167068.122411914
"5809","Western","Ahanta West",2011,114991.555491194
"5810","Western","Nzema East",2011,55529.2710165977
"5811","Western","Tarkwa-Nsuaem",2011,83891.0675487742
"5812","Western North","Sefwi-Akontombra",2011,89711.4362363815
"5813","Eastern","Akyemansa",2011,92151.0258592963
"5814","Eastern","Kwahu South",2011,79407.9672953486
"5815","Eastern","Asene Manso Akroso",2011,77575.4611984789
"5816","Eastern","Upper Manya-Krobo",2011,74533.9737319052
"5817","Eastern","Achiase",2011,80208.3543485403
"5818","Eastern","Okere",2011,67630.5622638464
"5819","Eastern","Yilo-Krobo",2011,84866.9890698195
"5820","Eastern","Atiwa West",2011,73744.1480362117
"5821","Eastern","New Juaben North",2011,80777.1942677498
"5822","Eastern","Fanteakwa North",2011,73245.788342014
"5823","Eastern","Birim North",2011,89001.4664911032
"5824","Eastern","Asuogyaman",2011,99842.1013913751
"5825","Eastern","Kwahu East",2011,67982.3177216351
"5826","Eastern","Kwahu West",2011,87794.2631025314
"5827","Western North","Bibiani-Anhwiaso-Bekwai",2011,126628.477224231
"5828","Central","Upper Denkyira East",2011,70194.097332269
"5829","Ashanti","Amansie Central",2011,77602.5542514324
"5830","Ashanti","Amansie South",2011,76220.2776288241
"5831","Central","Upper Denkyira West",2011,67661.001642257
"5832","Central","Komenda-Edna-Eguafo-Abirem",2011,147452.957691371
"5833","Western North","Sefwi-Wiawso",2011,144414.06253466
"5834","Ahafo","Asunafo South",2011,102694.685094103
"5835","Bono East","Nkoranza South",2011,103696.671682701
"5836","Savannah","Bole",2011,82100.0663322695
"5837","Eastern","Lower-Manya Krobo",2011,82863.4383853078
"5838","Bono East","Kintampo North",2011,100953.999949865
"5839","Bono East","Atebubu-Amanten",2011,119268.558608569
"5840","Northern","Kpandai",2011,68632.9365244657
"5841","Oti","Nkwanta North",2011,70553.9029306173
"5842","Oti","Biakoye",2011,91343.5074970871
"5843","Savannah","Central Gonja",2011,83532.6078188065
"5844","Bono East","Pru West",2011,62073.3167721964
"5845","Northern","Savelugu",2011,99716.2473642491
"5846","Northern","Karaga",2011,99715.6805828512
"5847","Savannah","East Gonja",2011,125085.299891625
"5848","Volta","South Dayi",2011,45605.3561522365
"5849","Upper West","Wa East",2011,112149.299722686
"5850","Northern","Saboba",2011,66301.7624376044
"5851","Northern","Gushiegu",2011,94771.2056272998
"5852","Northern","Nanumba North",2011,104126.829946741
"5853","Northern","Nanumba South",2011,142449.68988128
"5854","Bono","Wenchi",2011,85423.410148479
"5855","Ahafo","Tano South",2011,58815.7802634239
"5856","Bono","Sunyani Municipal",2011,105250.80582872
"5857","Ashanti","Asante Akim South",2011,119716.341536194
"5858","Greater Accra","Ada East",2011,71246.4202740192
"5859","Greater Accra","Shai-Osudoku",2011,54319.5323507935
"5860","Greater Accra","Ada West",2011,65099.276730448
"5861","Greater Accra","Ningo Prampram",2011,75382.2406238914
"5862","Bono East","Techiman North",2011,63678.1244373322
"5863","Bono","Banda",2011,41771.078043662
"5864","Bono","Jaman North",2011,94064.5860587284
"5865","Bono","Tain",2011,71524.1361613348
"5866","Ashanti","Sekyere Kumawu",2011,43628.1645545065
"5867","Ashanti","Sekyere Afram Plains",2011,63535.1116889529
"5868","Ashanti","Asante Akim North",2011,87296.7877315804
"5869","Ashanti","Asante Akim Central",2011,52205.0061462522
"5870","Ashanti","Juaben",2011,61138.2480594963
"5871","Greater Accra","La-Dade-Kotopon",2011,334429.925728798
"5872","Western North","Aowin",2011,111297.700135082
"5873","Western North","Suaman",2011,23080.6772524565
"5874","Western North","Bia East",2011,50153.1904317588
"5875","Western North","Bia West",2011,68207.7944329008
"5876","Western North","Bodi",2011,43026.2233107984
"5877","Western North","Juaboso",2011,68652.3775613159
"5878","Western","Shama",2011,150067.712599784
"5879","Western","Wassa East",2011,83843.9624507427
"5880","Western","Mpohor",2011,38096.2735473812
"5881","Western","Wassa Amenfi West",2011,66665.8165292665
"5882","Western","Wassa Amenfi Central",2011,88055.8900784478
"5883","Central","Mfantsiman",2011,121106.336167872
"5884","Central","Ekumfi",2011,83349.310040772
"5885","Central","Twifo-Hemang Lower Denkyira",2011,43160.5378100127
"5886","Central","Twifo-Ati-Mokwa",2011,75061.4997624904
"5887","Central","Awutu Senya",2011,108785.162738323
"5888","Greater Accra","La-Nkwantanang-Madina",2011,104108.75212729
"5889","Greater Accra","Ga East",2011,176880.507163286
"5890","Western","Wassa Amenfi East",2011,92127.289468281
"5891","Central","Gomoa Central",2011,48584.5412096679
"5892","Central","Assin Foso",2011,51932.4461770356
"5893","Greater Accra","Ayawaso West",2011,356091.393870354
"5894","Greater Accra","Ga West",2011,150122.202128291
"5895","Oti","Krachi West",2011,45181.6414054036
"5896","Oti","Krachi Nchumuru",2011,86672.7331652492
"5897","Volta","Agortime-Ziope",2011,21932.4677412659
"5898","Volta","Adaklu",2011,38697.7801683098
"5899","Volta","Akatsi South",2011,97430.4898481667
"5900","Volta","Akatsi North",2011,32109.5679778755
"5901","Volta","Ho",2011,181755.507932961
"5902","Volta","Hohoe",2011,95937.7292540073
"5903","Volta","Ho West",2011,111174.850022323
"5904","Volta","Afadjato South",2011,114418.533927709
"5905","Volta","North Dayi",2011,49296.3112669587
"5906","Volta","Kpando",2011,47876.8945364356
"5907","Volta","North Tongu",2011,84436.3490753025
"5908","Volta","Central Tongu",2011,64866.3337726966
"5909","Eastern","Nsawam-Adoagyiri",2011,64600.1601673365
"5910","Greater Accra","Ga Central",2011,100982.830494881
"5911","Eastern","Akwapim South",2011,54211.6392070651
"5912","Eastern","Denkyembour",2011,87473.0466828644
"5913","Eastern","Kwaebibirem",2011,109664.088128269
"5914","Eastern","Afram Plains South",2011,136297.056860596
"5915","Eastern","Kwahu North",2011,94729.5447838902
"5916","Eastern","Suhum",2011,81186.4886010885
"5917","Eastern","Ayensuano",2011,90356.0004939437
"5918","Eastern","East Akim - Abuakwa South",2011,90428.5624244809
"5919","Eastern","Upper West Akim",2011,95389.2823189497
"5920","Eastern","West Akim",2011,110981.231968313
"5921","Bono","Dormaa West",2011,40446.431622684
"5922","Upper West","Nadowli-Kaleo",2011,52217.0896775424
"5923","Upper West","Daffiama-Bussie-Issa",2011,43341.8544670269
"5924","Upper West","Lawra",2011,59118.3320558667
"5925","Upper West","Nandom",2011,44104.5807932615
"5926","Upper East","Talensi",2011,83088.5393075794
"5927","Upper East","Nabdam",2011,26766.0710046142
"5928","Upper East","Builsa South",2011,48121.3889179304
"5929","Upper East","Builsa North",2011,47705.9197115824
"5930","Upper East","Binduri",2011,75406.8600924015
"5931","Upper East","Pusiga",2011,46900.9146704674
"5932","Upper East","Bawku Municipal",2011,66669.4692459106
"5933","Savannah","West Gonja",2011,50681.2514067926
"5934","Northern","Mion",2011,108753.071250316
"5935","Northern","Yendi",2011,100224.329146594
"5936","Northern","Tolon",2011,55977.8068884499
"5937","Northern","Kumbungu",2011,55301.2199184261
"5938","Northern East","West Mamprusi",2011,131884.320793971
"5939","Northern East","Mamprugu-Moagduri",2011,47754.6101489775
"5940","Northern","Zabzugu",2011,79439.8643825948
"5941","Northern","Tatale-Sangule",2011,49026.6321140528
"5942","Bono East","Sene East",2011,61268.5847596601
"5943","Bono East","Sene West",2011,64264.0291301981
"5944","Ahafo","Asutifi North",2011,65424.7286932692
"5945","Ashanti","Ahafo Ano North",2011,101404.061348885
"5946","Ahafo","Asutifi South",2011,43511.235424459
"5947","Bono East","Techiman Municipal",2011,143443.090782449
"5948","Savannah","North Gonja",2011,44469.8308039792
"5949","Greater Accra","Tema West",2011,171616.360993385
"5950","Greater Accra","Ashaiman",2011,83705.5897865295
"5951","Greater Accra","Kpone-Katamanso",2011,195928.517911375
"5952","Upper East","Tempane",2011,77578.8517869115
"5953","Upper East","Bolgatanga East",2011,30730.5603345037
"5954","Northern East","Bunkpurugu -Nakpanduri",2011,75593.730496943
"5955","Savannah","North-East Gonja",2011,56800.9075844809
"5956","Northern","Nanton",2011,46003.8334243447
"5957","Bono","Berekum West",2011,55432.8137072623
"5958","Bono East","Pru",2011,63623.0124773383
"5959","Eastern","Fanteakwa South",2011,36426.8352597654
"5960","Eastern","New Juaben South",2011,102076.190446734
"5961","Eastern","Akwapim North",2011,83342.6476542354
"5962","Volta","Keta",2011,60808.9223721623
"5963","Ashanti","Adansi Akrofuom",2011,83092.5742243975
"5964","Ashanti","Adansi North",2011,53846.0486917198
"5965","Ashanti","Obuasi East",2011,74312.0578710735
"5966","Ashanti","Amansie West",2011,65695.3711600304
"5967","Ashanti","Atwima Nwabiagya North",2011,60225.1058071256
"5968","Ashanti","Oforikrom",2011,262407.50743103
"5969","Ashanti","Old Tafo",2011,112035.78204155
"5970","Ashanti","Asokwa",2011,283108.014484406
"5971","Greater Accra","Ayawaso East",2011,51844.4513397217
"5972","Greater Accra","Ayawaso North",2011,29769.0066146851
"5973","Greater Accra","Ayawaso Central",2011,85827.3762054443
"5974","Ashanti","Kwadaso",2011,270784.329642296
"5975","Ashanti","Suame",2011,179374.742887259
"5976","Ashanti","Asokore Mampong",2011,176702.695842743
"5977","Ashanti","Afigya Kwabre South",2011,82587.7295866013
"5978","Ashanti","Ejisu",2011,108326.521126211
"5979","Ashanti","Ahafo Ano South East",2011,43588.8700617254
"5980","Greater Accra","Korle-Klottey",2011,173363.00692749
"5981","Greater Accra","Ablekuma West",2011,106554.369802475
"5982","Greater Accra","Ablekuma Central",2011,157022.080635071
"5983","Greater Accra","Krowor",2011,92011.0802612305
"5984","Greater Accra","Ga North",2011,135179.36496067
"5985","Greater Accra","Weija-Gbawe",2011,159238.472003937
"5986","Greater Accra","Ablekuma North",2011,144397.691181183
"5987","Eastern","Birim south",2011,77805.1356802583
"5988","Eastern","Birim Central",2011,41224.2552197576
"5989","Eastern","Abuakwa North",2011,60239.1053560376
"5990","Eastern","Atiwa East",2011,61676.8147761524
"5991","Central","Awutu Senya East",2011,71136.0705385208
"5992","Oti","Kadjebi",2011,53916.3751544058
"5993","Ashanti","Kumasi",2011,797741.925086021
"5994","Greater Accra","Tema",2011,98491.9381437302
"5995","Greater Accra","Ga South",2011,231347.006515384
"5996","Western","Sekondi-Takoradi",2011,323897.202877343
"5997","Western","Effia-Kwesimintsim",2011,192364.281425118
"5998","Northern","Sagnarigu",2011,157164.444765389
"5999","Northern","Tamale",2011,223458.214792535
"6000","Central","Cape Coast",2011,178323.015053868
"6001","Greater Accra","Accra Metro",2011,316659.03030777
"6002","Greater Accra","Okai Koi North",2011,162928.529239655
"6003","Oti","Guan District",2011,60308.3200966418
"6004","Greater Accra","Ledzokuku",2012,176818.721597672
"6005","Northern East","Chereponi",2012,54184.7841607109
"6006","Upper West","Wa Municipal",2012,72116.4946204126
"6007","Upper West","Jirapa",2012,86015.5456448533
"6008","Upper West","Sissala West",2012,33166.0556041487
"6009","Upper West","Lambussie",2012,60360.6802665144
"6010","Upper East","Bolgatanga Municipal",2012,101002.991047114
"6011","Upper East","Bongo",2012,86676.1678119302
"6012","Upper East","Kasena-Nankana West",2012,85597.7146662064
"6013","Upper West","Wa West",2012,74692.7069744319
"6014","Savannah","Sawla-Tuna-Kalba",2012,87262.3848529533
"6015","Upper West","Sissala East",2012,76509.2338279076
"6016","Upper East","Kasena-Nankana",2012,99050.1076639071
"6017","Northern East","Yunyoo-Nasuan",2012,56951.5282206833
"6018","Upper East","Garu",2012,79235.4562416375
"6019","Northern East","East Mamprusi",2012,125153.611103699
"6020","Upper East","Bawku West",2012,97152.4952403456
"6021","Bono","Dormaa East",2012,63501.4857338965
"6022","Bono","Berekum",2012,80091.1994229257
"6023","Bono","Jaman South",2012,87072.2071079016
"6024","Bono","Sunyani West",2012,107057.710500747
"6025","Ahafo","Asunafo North",2012,123728.809582725
"6026","Bono East","Nkoranza North",2012,74061.310426116
"6027","Bono East","Kintampo South",2012,78969.558507666
"6028","Ahafo","Tano North",2012,97769.0858481526
"6029","Volta","Ketu North",2012,107235.125845909
"6030","Volta","Ketu South",2012,151249.166223049
"6031","Volta","Anloga",2012,100060.013954878
"6032","Volta","South Tongu",2012,95127.476477623
"6033","Oti","Jasikan",2012,38281.6838449687
"6034","Oti","Krachi East",2012,129777.901059292
"6035","Oti","Nkwanta South",2012,115523.94437933
"6036","Ashanti","Afigya Kwabre North",2012,105907.915149391
"6037","Ashanti","Atwima Kwanwoma",2012,106727.275912225
"6038","Ashanti","Sekyere South",2012,120326.053211749
"6039","Ashanti","Sekyere East",2012,33176.8418358266
"6040","Ashanti","Sekyere Central",2012,73274.5247980654
"6041","Ashanti","Offinso North",2012,52664.2701129168
"6042","Ashanti","Offinso",2012,81072.9460362345
"6043","Greater Accra","Adentan",2012,79259.9616407156
"6044","Bono","Dormaa Municipal",2012,118178.374184862
"6045","Ashanti","Ahafo Ano South West",2012,72778.4670936167
"6046","Ashanti","Bekwai",2012,145692.960665584
"6047","Ashanti","Bosomtwe",2012,106644.102983087
"6048","Central","Ajumako-Enyan-Essiam",2012,150282.744243681
"6049","Central","Gomoa West",2012,111660.89116931
"6050","Ashanti","Obuasi",2012,57004.2884449959
"6051","Ashanti","Kwabre East",2012,60828.8710532784
"6052","Ashanti","Ejura-Sekyedumase",2012,87140.0922254622
"6053","Ashanti","Atwima Nwabiagya",2012,99422.4152477086
"6054","Ashanti","Atwima Mponua",2012,143759.657195397
"6055","Ashanti","Adansi South",2012,65109.3749358952
"6056","Ashanti","Adansi Asokwa",2012,62652.2992709428
"6057","Ashanti","Bosome Freho",2012,54308.064737767
"6058","Ashanti","Asante Mampong",2012,90647.5360185355
"6059","Central","Agona West",2012,127265.395075619
"6060","Central","Agona East",2012,97320.9157365561
"6061","Central","Assin North",2012,107866.679063886
"6062","Central","Assin South",2012,116724.57158199
"6063","Central","Asikuma-Odoben-Brakwa",2012,115893.443336904
"6064","Central","Efutu",2012,72310.5435242653
"6065","Central","Gomoa East",2012,219816.483815134
"6066","Central","Abura-Asebu-Kwamankese",2012,122572.138304859
"6067","Western","Jomoro",2012,156928.166078664
"6068","Western","Ellembelle",2012,92785.7495207563
"6069","Western","Prestea-Huni Valley",2012,167858.352970459
"6070","Western","Ahanta West",2012,116834.527410179
"6071","Western","Nzema East",2012,54981.5845083669
"6072","Western","Tarkwa-Nsuaem",2012,84978.221547775
"6073","Western North","Sefwi-Akontombra",2012,91252.2833066955
"6074","Eastern","Akyemansa",2012,95883.410836041
"6075","Eastern","Kwahu South",2012,79520.566520676
"6076","Eastern","Asene Manso Akroso",2012,80792.432146579
"6077","Eastern","Upper Manya-Krobo",2012,74945.6586656868
"6078","Eastern","Achiase",2012,85214.4650308788
"6079","Eastern","Okere",2012,67151.622240603
"6080","Eastern","Yilo-Krobo",2012,86756.3889285922
"6081","Eastern","Atiwa West",2012,76680.2891981006
"6082","Eastern","New Juaben North",2012,82971.1556344032
"6083","Eastern","Fanteakwa North",2012,74317.7393749058
"6084","Eastern","Birim North",2012,92079.9659759998
"6085","Eastern","Asuogyaman",2012,101521.808762908
"6086","Eastern","Kwahu East",2012,68891.4344837666
"6087","Eastern","Kwahu West",2012,88452.0753905177
"6088","Western North","Bibiani-Anhwiaso-Bekwai",2012,129590.11450395
"6089","Central","Upper Denkyira East",2012,72667.1398264617
"6090","Ashanti","Amansie Central",2012,80352.1970205158
"6091","Ashanti","Amansie South",2012,80148.6084140241
"6092","Central","Upper Denkyira West",2012,68202.4497969449
"6093","Central","Komenda-Edna-Eguafo-Abirem",2012,150569.090521038
"6094","Western North","Sefwi-Wiawso",2012,146261.463304423
"6095","Ahafo","Asunafo South",2012,105298.937022641
"6096","Bono East","Nkoranza South",2012,106275.880934566
"6097","Savannah","Bole",2012,85389.4130104892
"6098","Eastern","Lower-Manya Krobo",2012,83280.3419621885
"6099","Bono East","Kintampo North",2012,103398.935131367
"6100","Bono East","Atebubu-Amanten",2012,123295.132192232
"6101","Northern","Kpandai",2012,72485.4091992825
"6102","Oti","Nkwanta North",2012,73139.9446714371
"6103","Oti","Biakoye",2012,92748.9442023784
"6104","Savannah","Central Gonja",2012,86056.8838822115
"6105","Bono East","Pru West",2012,63131.2126236334
"6106","Northern","Savelugu",2012,103590.427823916
"6107","Northern","Karaga",2012,102828.934696145
"6108","Savannah","East Gonja",2012,129411.006959859
"6109","Volta","South Dayi",2012,46990.520844847
"6110","Upper West","Wa East",2012,116705.190962043
"6111","Northern","Saboba",2012,68020.0798586905
"6112","Northern","Gushiegu",2012,99518.6790496409
"6113","Northern","Nanumba North",2012,108884.060223766
"6114","Northern","Nanumba South",2012,149970.460101143
"6115","Bono","Wenchi",2012,87011.7862072736
"6116","Ahafo","Tano South",2012,61260.7212445438
"6117","Bono","Sunyani Municipal",2012,107231.958522528
"6118","Ashanti","Asante Akim South",2012,122178.028965741
"6119","Greater Accra","Ada East",2012,76714.9644575715
"6120","Greater Accra","Shai-Osudoku",2012,53673.978419669
"6121","Greater Accra","Ada West",2012,64117.2090902179
"6122","Greater Accra","Ningo Prampram",2012,78552.2080752701
"6123","Bono East","Techiman North",2012,64999.8717148006
"6124","Bono","Banda",2012,40965.5914768651
"6125","Bono","Jaman North",2012,95271.1877871081
"6126","Bono","Tain",2012,74131.1702449545
"6127","Ashanti","Sekyere Kumawu",2012,44352.0079651475
"6128","Ashanti","Sekyere Afram Plains",2012,62227.7144366428
"6129","Ashanti","Asante Akim North",2012,87092.5518898889
"6130","Ashanti","Asante Akim Central",2012,54009.2962456048
"6131","Ashanti","Juaben",2012,62042.9026604444
"6132","Greater Accra","La-Dade-Kotopon",2012,346279.331866264
"6133","Western North","Aowin",2012,112333.962554999
"6134","Western North","Suaman",2012,24004.3863262385
"6135","Western North","Bia East",2012,50079.8337071985
"6136","Western North","Bia West",2012,70076.8497116044
"6137","Western North","Bodi",2012,43608.7600923032
"6138","Western North","Juaboso",2012,69216.5546554476
"6139","Western","Shama",2012,158589.490395248
"6140","Western","Wassa East",2012,85000.8166849092
"6141","Western","Mpohor",2012,37133.3396360576
"6142","Western","Wassa Amenfi West",2012,66900.6315465569
"6143","Western","Wassa Amenfi Central",2012,88217.0745068267
"6144","Central","Mfantsiman",2012,127261.461529434
"6145","Central","Ekumfi",2012,80912.3497681618
"6146","Central","Twifo-Hemang Lower Denkyira",2012,43574.5320832282
"6147","Central","Twifo-Ati-Mokwa",2012,75826.7983349562
"6148","Central","Awutu Senya",2012,107235.200635791
"6149","Greater Accra","La-Nkwantanang-Madina",2012,112142.050146818
"6150","Greater Accra","Ga East",2012,180122.820604563
"6151","Western","Wassa Amenfi East",2012,92759.9619670734
"6152","Central","Gomoa Central",2012,48943.099044323
"6153","Central","Assin Foso",2012,54551.1418864131
"6154","Greater Accra","Ayawaso West",2012,366410.228967667
"6155","Greater Accra","Ga West",2012,158477.700565577
"6156","Oti","Krachi West",2012,46040.5899374932
"6157","Oti","Krachi Nchumuru",2012,89714.1636753827
"6158","Volta","Agortime-Ziope",2012,21670.7155301422
"6159","Volta","Adaklu",2012,38698.6097534299
"6160","Volta","Akatsi South",2012,97866.910990268
"6161","Volta","Akatsi North",2012,35605.9649091363
"6162","Volta","Ho",2012,188639.358504802
"6163","Volta","Hohoe",2012,97475.0083009601
"6164","Volta","Ho West",2012,117791.774560429
"6165","Volta","Afadjato South",2012,123792.900567472
"6166","Volta","North Dayi",2012,48099.6208869815
"6167","Volta","Kpando",2012,50982.7615357041
"6168","Volta","North Tongu",2012,83708.7522395775
"6169","Volta","Central Tongu",2012,67356.7959950566
"6170","Eastern","Nsawam-Adoagyiri",2012,62557.0416769385
"6171","Greater Accra","Ga Central",2012,97317.0749504566
"6172","Eastern","Akwapim South",2012,57647.8523142934
"6173","Eastern","Denkyembour",2012,86659.5983594656
"6174","Eastern","Kwaebibirem",2012,111584.855144531
"6175","Eastern","Afram Plains South",2012,140900.061344624
"6176","Eastern","Kwahu North",2012,101400.295664147
"6177","Eastern","Suhum",2012,81330.5599026084
"6178","Eastern","Ayensuano",2012,90341.6341547966
"6179","Eastern","East Akim - Abuakwa South",2012,91634.5747402906
"6180","Eastern","Upper West Akim",2012,97378.8092237115
"6181","Eastern","West Akim",2012,112630.383246541
"6182","Bono","Dormaa West",2012,41691.5332944095
"6183","Upper West","Nadowli-Kaleo",2012,54177.1800601333
"6184","Upper West","Daffiama-Bussie-Issa",2012,42929.8813268654
"6185","Upper West","Lawra",2012,59092.2063553035
"6186","Upper West","Nandom",2012,46174.8844441772
"6187","Upper East","Talensi",2012,84407.77008003
"6188","Upper East","Nabdam",2012,28106.0104638338
"6189","Upper East","Builsa South",2012,49000.9015324675
"6190","Upper East","Builsa North",2012,48770.7031307593
"6191","Upper East","Binduri",2012,77600.7808089852
"6192","Upper East","Pusiga",2012,48684.1731851697
"6193","Upper East","Bawku Municipal",2012,66776.2444669604
"6194","Savannah","West Gonja",2012,54172.5575425997
"6195","Northern","Mion",2012,111825.780984495
"6196","Northern","Yendi",2012,105666.732695989
"6197","Northern","Tolon",2012,56036.8717272915
"6198","Northern","Kumbungu",2012,55312.3264179826
"6199","Northern East","West Mamprusi",2012,135481.151600055
"6200","Northern East","Mamprugu-Moagduri",2012,49212.9944190122
"6201","Northern","Zabzugu",2012,83127.0226238519
"6202","Northern","Tatale-Sangule",2012,51335.6632989049
"6203","Bono East","Sene East",2012,64194.3395592682
"6204","Bono East","Sene West",2012,65943.1603234001
"6205","Ahafo","Asutifi North",2012,67043.1974693462
"6206","Ashanti","Ahafo Ano North",2012,104441.326243371
"6207","Ahafo","Asutifi South",2012,44269.9201375991
"6208","Bono East","Techiman Municipal",2012,145144.102098361
"6209","Savannah","North Gonja",2012,42336.5442863703
"6210","Greater Accra","Tema West",2012,176219.379347801
"6211","Greater Accra","Ashaiman",2012,85834.0706338882
"6212","Greater Accra","Kpone-Katamanso",2012,205626.571249306
"6213","Upper East","Tempane",2012,78725.8037976623
"6214","Upper East","Bolgatanga East",2012,27210.4331206083
"6215","Northern East","Bunkpurugu -Nakpanduri",2012,81491.8333515078
"6216","Savannah","North-East Gonja",2012,57127.7341444194
"6217","Northern","Nanton",2012,48197.1269740611
"6218","Bono","Berekum West",2012,57778.9120903313
"6219","Bono East","Pru",2012,67613.1759740822
"6220","Eastern","Fanteakwa South",2012,37828.6954343915
"6221","Eastern","New Juaben South",2012,104789.177115023
"6222","Eastern","Akwapim North",2012,86902.9258253872
"6223","Volta","Keta",2012,56161.9696380496
"6224","Ashanti","Adansi Akrofuom",2012,83412.021025911
"6225","Ashanti","Adansi North",2012,51598.390395999
"6226","Ashanti","Obuasi East",2012,80239.8089286685
"6227","Ashanti","Amansie West",2012,64986.1739815474
"6228","Ashanti","Atwima Nwabiagya North",2012,62238.4417974353
"6229","Ashanti","Oforikrom",2012,268558.01894474
"6230","Ashanti","Old Tafo",2012,120312.582292557
"6231","Ashanti","Asokwa",2012,303782.56120491
"6232","Greater Accra","Ayawaso East",2012,54903.6952209473
"6233","Greater Accra","Ayawaso North",2012,31374.2300567627
"6234","Greater Accra","Ayawaso Central",2012,89325.6604385376
"6235","Ashanti","Kwadaso",2012,281136.553760529
"6236","Ashanti","Suame",2012,192718.056731462
"6237","Ashanti","Asokore Mampong",2012,181378.292088509
"6238","Ashanti","Afigya Kwabre South",2012,84232.8333201706
"6239","Ashanti","Ejisu",2012,108448.421621978
"6240","Ashanti","Ahafo Ano South East",2012,44591.1435525715
"6241","Greater Accra","Korle-Klottey",2012,175631.016643524
"6242","Greater Accra","Ablekuma West",2012,112685.856973648
"6243","Greater Accra","Ablekuma Central",2012,164323.80809021
"6244","Greater Accra","Krowor",2012,94812.3304672241
"6245","Greater Accra","Ga North",2012,134065.255076885
"6246","Greater Accra","Weija-Gbawe",2012,174292.745094299
"6247","Greater Accra","Ablekuma North",2012,154202.817249298
"6248","Eastern","Birim south",2012,77197.9649650156
"6249","Eastern","Birim Central",2012,44710.2976877093
"6250","Eastern","Abuakwa North",2012,65085.5919630527
"6251","Eastern","Atiwa East",2012,64410.3812473565
"6252","Central","Awutu Senya East",2012,78428.2617037296
"6253","Oti","Kadjebi",2012,55297.7822919637
"6254","Ashanti","Kumasi",2012,853806.734718204
"6255","Greater Accra","Tema",2012,100896.787741661
"6256","Greater Accra","Ga South",2012,243240.371154428
"6257","Western","Sekondi-Takoradi",2012,346551.598973334
"6258","Western","Effia-Kwesimintsim",2012,198262.097962558
"6259","Northern","Sagnarigu",2012,161203.203689277
"6260","Northern","Tamale",2012,228388.949463755
"6261","Central","Cape Coast",2012,185405.049533546
"6262","Greater Accra","Accra Metro",2012,326295.802623749
"6263","Greater Accra","Okai Koi North",2012,164396.59754467
"6264","Oti","Guan District",2012,64381.2729617059
"6265","Greater Accra","Ledzokuku",2013,181203.566357613
"6266","Northern East","Chereponi",2013,55357.6155730635
"6267","Upper West","Wa Municipal",2013,73471.909782961
"6268","Upper West","Jirapa",2013,89170.8102866411
"6269","Upper West","Sissala West",2013,34153.7164683752
"6270","Upper West","Lambussie",2013,62814.710297849
"6271","Upper East","Bolgatanga Municipal",2013,100618.761880055
"6272","Upper East","Bongo",2013,87281.2265981734
"6273","Upper East","Kasena-Nankana West",2013,87828.5242282078
"6274","Upper West","Wa West",2013,75609.7308553159
"6275","Savannah","Sawla-Tuna-Kalba",2013,89866.5653930046
"6276","Upper West","Sissala East",2013,78078.0740507059
"6277","Upper East","Kasena-Nankana",2013,100141.137297615
"6278","Northern East","Yunyoo-Nasuan",2013,61574.6957570463
"6279","Upper East","Garu",2013,80209.4692354351
"6280","Northern East","East Mamprusi",2013,129352.033322036
"6281","Upper East","Bawku West",2013,98682.5112900585
"6282","Bono","Dormaa East",2013,64082.6444230378
"6283","Bono","Berekum",2013,83757.0504627228
"6284","Bono","Jaman South",2013,88735.439312458
"6285","Bono","Sunyani West",2013,108600.3906703
"6286","Ahafo","Asunafo North",2013,126539.3676406
"6287","Bono East","Nkoranza North",2013,76209.3774686232
"6288","Bono East","Kintampo South",2013,81005.5119661838
"6289","Ahafo","Tano North",2013,100211.513039798
"6290","Volta","Ketu North",2013,108795.895086586
"6291","Volta","Ketu South",2013,153055.622214317
"6292","Volta","Anloga",2013,100388.169077039
"6293","Volta","South Tongu",2013,98032.2457480133
"6294","Oti","Jasikan",2013,38515.555193305
"6295","Oti","Krachi East",2013,133692.015431911
"6296","Oti","Nkwanta South",2013,119061.953572571
"6297","Ashanti","Afigya Kwabre North",2013,111552.129541725
"6298","Ashanti","Atwima Kwanwoma",2013,112564.419839203
"6299","Ashanti","Sekyere South",2013,127964.946287841
"6300","Ashanti","Sekyere East",2013,33016.930480659
"6301","Ashanti","Sekyere Central",2013,74314.585316278
"6302","Ashanti","Offinso North",2013,52665.0406088233
"6303","Ashanti","Offinso",2013,80887.544432193
"6304","Greater Accra","Adentan",2013,82234.2952648401
"6305","Bono","Dormaa Municipal",2013,124351.34604685
"6306","Ashanti","Ahafo Ano South West",2013,72455.6737543643
"6307","Ashanti","Bekwai",2013,146708.758362889
"6308","Ashanti","Bosomtwe",2013,110991.931457996
"6309","Central","Ajumako-Enyan-Essiam",2013,156590.451042831
"6310","Central","Gomoa West",2013,114808.334846199
"6311","Ashanti","Obuasi",2013,60705.3579954505
"6312","Ashanti","Kwabre East",2013,60527.9146658182
"6313","Ashanti","Ejura-Sekyedumase",2013,87726.1298632845
"6314","Ashanti","Atwima Nwabiagya",2013,104848.258409262
"6315","Ashanti","Atwima Mponua",2013,143829.493632965
"6316","Ashanti","Adansi South",2013,65798.6533489525
"6317","Ashanti","Adansi Asokwa",2013,62755.0859025121
"6318","Ashanti","Bosome Freho",2013,55273.5976976603
"6319","Ashanti","Asante Mampong",2013,91942.3056299537
"6320","Central","Agona West",2013,130971.178201675
"6321","Central","Agona East",2013,98859.7328075171
"6322","Central","Assin North",2013,112775.715382963
"6323","Central","Assin South",2013,120037.710370943
"6324","Central","Asikuma-Odoben-Brakwa",2013,118597.508037686
"6325","Central","Efutu",2013,75121.7758069038
"6326","Central","Gomoa East",2013,226909.028117359
"6327","Central","Abura-Asebu-Kwamankese",2013,126289.101720273
"6328","Western","Jomoro",2013,161509.7384803
"6329","Western","Ellembelle",2013,91858.2928383499
"6330","Western","Prestea-Huni Valley",2013,168351.266048826
"6331","Western","Ahanta West",2013,118191.594792426
"6332","Western","Nzema East",2013,56397.4542458206
"6333","Western","Tarkwa-Nsuaem",2013,86471.1955625862
"6334","Western North","Sefwi-Akontombra",2013,92146.5581063703
"6335","Eastern","Akyemansa",2013,99032.4248930216
"6336","Eastern","Kwahu South",2013,80288.0364068896
"6337","Eastern","Asene Manso Akroso",2013,82696.7124836445
"6338","Eastern","Upper Manya-Krobo",2013,75452.7421353459
"6339","Eastern","Achiase",2013,87356.5374973118
"6340","Eastern","Okere",2013,67744.952524066
"6341","Eastern","Yilo-Krobo",2013,86596.99534145
"6342","Eastern","Atiwa West",2013,79955.1602168381
"6343","Eastern","New Juaben North",2013,80963.4769974947
"6344","Eastern","Fanteakwa North",2013,75772.7325931937
"6345","Eastern","Birim North",2013,95621.0095513463
"6346","Eastern","Asuogyaman",2013,103604.834661901
"6347","Eastern","Kwahu East",2013,68780.9215385914
"6348","Eastern","Kwahu West",2013,89788.3782461882
"6349","Western North","Bibiani-Anhwiaso-Bekwai",2013,131541.922477752
"6350","Central","Upper Denkyira East",2013,74046.053840369
"6351","Ashanti","Amansie Central",2013,82158.2767797261
"6352","Ashanti","Amansie South",2013,83206.0218015462
"6353","Central","Upper Denkyira West",2013,69700.1347239912
"6354","Central","Komenda-Edna-Eguafo-Abirem",2013,154165.496715039
"6355","Western North","Sefwi-Wiawso",2013,148307.06642133
"6356","Ahafo","Asunafo South",2013,107897.777864292
"6357","Bono East","Nkoranza South",2013,109363.781639382
"6358","Savannah","Bole",2013,87276.8087560367
"6359","Eastern","Lower-Manya Krobo",2013,84114.2336938977
"6360","Bono East","Kintampo North",2013,104632.850436382
"6361","Bono East","Atebubu-Amanten",2013,127317.810392611
"6362","Northern","Kpandai",2013,76074.4972274005
"6363","Oti","Nkwanta North",2013,75692.7304750532
"6364","Oti","Biakoye",2013,94041.6283541471
"6365","Savannah","Central Gonja",2013,87980.1528755892
"6366","Bono East","Pru West",2013,66353.35571808
"6367","Northern","Savelugu",2013,106516.074199017
"6368","Northern","Karaga",2013,105397.130359393
"6369","Savannah","East Gonja",2013,132668.976931196
"6370","Volta","South Dayi",2013,48145.2647762001
"6371","Upper West","Wa East",2013,117839.50321823
"6372","Northern","Saboba",2013,69613.3075908422
"6373","Northern","Gushiegu",2013,105522.06021826
"6374","Northern","Nanumba North",2013,115341.921382621
"6375","Northern","Nanumba South",2013,156678.66626741
"6376","Bono","Wenchi",2013,88626.5084036812
"6377","Ahafo","Tano South",2013,62986.5382509828
"6378","Bono","Sunyani Municipal",2013,109322.096485525
"6379","Ashanti","Asante Akim South",2013,124281.165475473
"6380","Greater Accra","Ada East",2013,79135.2665578127
"6381","Greater Accra","Shai-Osudoku",2013,52962.6799735054
"6382","Greater Accra","Ada West",2013,66430.3965984285
"6383","Greater Accra","Ningo Prampram",2013,82449.9228914976
"6384","Bono East","Techiman North",2013,67704.2832275927
"6385","Bono","Banda",2013,41148.7187391669
"6386","Bono","Jaman North",2013,96529.3154703081
"6387","Bono","Tain",2013,75865.6532414854
"6388","Ashanti","Sekyere Kumawu",2013,41050.5597607493
"6389","Ashanti","Sekyere Afram Plains",2013,65528.3369125649
"6390","Ashanti","Asante Akim North",2013,89684.2425416186
"6391","Ashanti","Asante Akim Central",2013,52952.5710168779
"6392","Ashanti","Juaben",2013,59930.3074521571
"6393","Greater Accra","La-Dade-Kotopon",2013,358427.039648056
"6394","Western North","Aowin",2013,114331.710042655
"6395","Western North","Suaman",2013,24529.6971511841
"6396","Western North","Bia East",2013,50811.654804647
"6397","Western North","Bia West",2013,70910.7400459051
"6398","Western North","Bodi",2013,43658.1093204468
"6399","Western North","Juaboso",2013,70663.6043803021
"6400","Western","Shama",2013,163597.581622422
"6401","Western","Wassa East",2013,85654.9242778122
"6402","Western","Mpohor",2013,36741.4061322659
"6403","Western","Wassa Amenfi West",2013,67845.8897654414
"6404","Western","Wassa Amenfi Central",2013,87872.4419044331
"6405","Central","Mfantsiman",2013,131087.403045654
"6406","Central","Ekumfi",2013,81834.588137567
"6407","Central","Twifo-Hemang Lower Denkyira",2013,45450.4781693369
"6408","Central","Twifo-Ati-Mokwa",2013,74637.6294255704
"6409","Central","Awutu Senya",2013,109389.753353715
"6410","Greater Accra","La-Nkwantanang-Madina",2013,117110.136974573
"6411","Greater Accra","Ga East",2013,184531.128674507
"6412","Western","Wassa Amenfi East",2013,93375.4501413107
"6413","Central","Gomoa Central",2013,54234.5367504656
"6414","Central","Assin Foso",2013,54742.9315756559
"6415","Greater Accra","Ayawaso West",2013,370151.910985947
"6416","Greater Accra","Ga West",2013,164335.672299504
"6417","Oti","Krachi West",2013,48454.0766156614
"6418","Oti","Krachi Nchumuru",2013,91524.6156614423
"6419","Volta","Agortime-Ziope",2013,22282.928111881
"6420","Volta","Adaklu",2013,40803.6522005051
"6421","Volta","Akatsi South",2013,101228.566955864
"6422","Volta","Akatsi North",2013,36230.7502323091
"6423","Volta","Ho",2013,198386.171255589
"6424","Volta","Hohoe",2013,106500.786693662
"6425","Volta","Ho West",2013,118860.948709585
"6426","Volta","Afadjato South",2013,127296.72220543
"6427","Volta","North Dayi",2013,49588.7770642042
"6428","Volta","Kpando",2013,51662.0049496591
"6429","Volta","North Tongu",2013,85815.2920821905
"6430","Volta","Central Tongu",2013,67295.8570962399
"6431","Eastern","Nsawam-Adoagyiri",2013,61573.4317224622
"6432","Greater Accra","Ga Central",2013,101803.002085447
"6433","Eastern","Akwapim South",2013,59428.7503446937
"6434","Eastern","Denkyembour",2013,88867.0736595094
"6435","Eastern","Kwaebibirem",2013,110989.805601031
"6436","Eastern","Afram Plains South",2013,151759.999734797
"6437","Eastern","Kwahu North",2013,102473.023958638
"6438","Eastern","Suhum",2013,82609.3641968966
"6439","Eastern","Ayensuano",2013,89224.2456415594
"6440","Eastern","East Akim - Abuakwa South",2013,95790.947901845
"6441","Eastern","Upper West Akim",2013,101624.623686194
"6442","Eastern","West Akim",2013,113157.543892473
"6443","Bono","Dormaa West",2013,42660.4762783647
"6444","Upper West","Nadowli-Kaleo",2013,53411.7029308826
"6445","Upper West","Daffiama-Bussie-Issa",2013,45018.6252188422
"6446","Upper West","Lawra",2013,59622.2028469443
"6447","Upper West","Nandom",2013,47048.5544941425
"6448","Upper East","Talensi",2013,84761.9005490392
"6449","Upper East","Nabdam",2013,27629.0935338885
"6450","Upper East","Builsa South",2013,49976.7229112089
"6451","Upper East","Builsa North",2013,49898.3124762103
"6452","Upper East","Binduri",2013,78176.4127116799
"6453","Upper East","Pusiga",2013,50581.5177792907
"6454","Upper East","Bawku Municipal",2013,67861.1584179401
"6455","Savannah","West Gonja",2013,52998.5007738955
"6456","Northern","Mion",2013,120081.342468929
"6457","Northern","Yendi",2013,107272.974672928
"6458","Northern","Tolon",2013,55155.7645160928
"6459","Northern","Kumbungu",2013,53184.3753125407
"6460","Northern East","West Mamprusi",2013,138438.046413682
"6461","Northern East","Mamprugu-Moagduri",2013,54403.2516910546
"6462","Northern","Zabzugu",2013,85412.3296395987
"6463","Northern","Tatale-Sangule",2013,55031.967214033
"6464","Bono East","Sene East",2013,68214.5393843688
"6465","Bono East","Sene West",2013,67349.4674000554
"6466","Ahafo","Asutifi North",2013,67958.6760736555
"6467","Ashanti","Ahafo Ano North",2013,106813.417931288
"6468","Ahafo","Asutifi South",2013,45979.7868916541
"6469","Bono East","Techiman Municipal",2013,145651.440513462
"6470","Savannah","North Gonja",2013,45297.9121930003
"6471","Greater Accra","Tema West",2013,181550.802807808
"6472","Greater Accra","Ashaiman",2013,86410.4702653885
"6473","Greater Accra","Kpone-Katamanso",2013,219964.989223421
"6474","Upper East","Tempane",2013,78069.3074220419
"6475","Upper East","Bolgatanga East",2013,29587.3798125982
"6476","Northern East","Bunkpurugu -Nakpanduri",2013,81517.7350609303
"6477","Savannah","North-East Gonja",2013,59043.8692939021
"6478","Northern","Nanton",2013,51607.7136764079
"6479","Bono","Berekum West",2013,58529.1172603071
"6480","Bono East","Pru",2013,69083.2480312474
"6481","Eastern","Fanteakwa South",2013,39170.5151481032
"6482","Eastern","New Juaben South",2013,112619.141637206
"6483","Eastern","Akwapim North",2013,90693.809987396
"6484","Volta","Keta",2013,56798.1186898351
"6485","Ashanti","Adansi Akrofuom",2013,81404.9693167061
"6486","Ashanti","Adansi North",2013,48547.657128185
"6487","Ashanti","Obuasi East",2013,84059.38276577
"6488","Ashanti","Amansie West",2013,64206.0840344131
"6489","Ashanti","Atwima Nwabiagya North",2013,62849.6222119033
"6490","Ashanti","Oforikrom",2013,289252.108135223
"6491","Ashanti","Old Tafo",2013,124059.582903862
"6492","Ashanti","Asokwa",2013,309295.180360794
"6493","Greater Accra","Ayawaso East",2013,55162.46509552
"6494","Greater Accra","Ayawaso North",2013,32801.0400695801
"6495","Greater Accra","Ayawaso Central",2013,94342.678604126
"6496","Ashanti","Kwadaso",2013,300613.207294941
"6497","Ashanti","Suame",2013,202534.966506243
"6498","Ashanti","Asokore Mampong",2013,194564.431154251
"6499","Ashanti","Afigya Kwabre South",2013,85717.5670613945
"6500","Ashanti","Ejisu",2013,112656.63736248
"6501","Ashanti","Ahafo Ano South East",2013,43933.6952534914
"6502","Greater Accra","Korle-Klottey",2013,184432.088920593
"6503","Greater Accra","Ablekuma West",2013,119886.556640625
"6504","Greater Accra","Ablekuma Central",2013,168488.976531982
"6505","Greater Accra","Krowor",2013,97518.6374444962
"6506","Greater Accra","Ga North",2013,137445.208833694
"6507","Greater Accra","Weija-Gbawe",2013,183193.55283308
"6508","Greater Accra","Ablekuma North",2013,154144.747543335
"6509","Eastern","Birim south",2013,80775.2579045892
"6510","Eastern","Birim Central",2013,48021.0885545015
"6511","Eastern","Abuakwa North",2013,67154.4176858962
"6512","Eastern","Atiwa East",2013,66390.374848932
"6513","Central","Awutu Senya East",2013,81498.5356166363
"6514","Oti","Kadjebi",2013,55857.1757935584
"6515","Ashanti","Kumasi",2013,902716.486760974
"6516","Greater Accra","Tema",2013,103838.806887627
"6517","Greater Accra","Ga South",2013,253492.459500909
"6518","Western","Sekondi-Takoradi",2013,368433.768804103
"6519","Western","Effia-Kwesimintsim",2013,210825.045840323
"6520","Northern","Sagnarigu",2013,173783.549874663
"6521","Northern","Tamale",2013,225573.059718356
"6522","Central","Cape Coast",2013,192388.01582098
"6523","Greater Accra","Accra Metro",2013,341650.137313843
"6524","Greater Accra","Okai Koi North",2013,170156.100831985
"6525","Oti","Guan District",2013,67222.6491456628
"6526","Greater Accra","Ledzokuku",2014,188507.41530323
"6527","Northern East","Chereponi",2014,56883.3046572208
"6528","Upper West","Wa Municipal",2014,75599.2258022875
"6529","Upper West","Jirapa",2014,93195.8175167255
"6530","Upper West","Sissala West",2014,33657.2672988363
"6531","Upper West","Lambussie",2014,64459.0727519393
"6532","Upper East","Bolgatanga Municipal",2014,103114.086276591
"6533","Upper East","Bongo",2014,88018.630469054
"6534","Upper East","Kasena-Nankana West",2014,89368.6154277101
"6535","Upper West","Wa West",2014,76842.32210619
"6536","Savannah","Sawla-Tuna-Kalba",2014,90707.8209920786
"6537","Upper West","Sissala East",2014,80898.6109252758
"6538","Upper East","Kasena-Nankana",2014,102227.47615996
"6539","Northern East","Yunyoo-Nasuan",2014,67031.5263966322
"6540","Upper East","Garu",2014,81346.8485013843
"6541","Northern East","East Mamprusi",2014,133456.543447584
"6542","Upper East","Bawku West",2014,100103.62759535
"6543","Bono","Dormaa East",2014,66350.3826857805
"6544","Bono","Berekum",2014,85801.3835045248
"6545","Bono","Jaman South",2014,90605.8972747922
"6546","Bono","Sunyani West",2014,114074.842450142
"6547","Ahafo","Asunafo North",2014,130141.14656733
"6548","Bono East","Nkoranza North",2014,78521.2201199755
"6549","Bono East","Kintampo South",2014,81866.5133461431
"6550","Ahafo","Tano North",2014,103076.964271232
"6551","Volta","Ketu North",2014,109940.013344049
"6552","Volta","Ketu South",2014,153891.70859015
"6553","Volta","Anloga",2014,104019.917277634
"6554","Volta","South Tongu",2014,100845.507519126
"6555","Oti","Jasikan",2014,38578.7717545033
"6556","Oti","Krachi East",2014,138342.578081638
"6557","Oti","Nkwanta South",2014,121662.528526463
"6558","Ashanti","Afigya Kwabre North",2014,119759.54012984
"6559","Ashanti","Atwima Kwanwoma",2014,114455.309019834
"6560","Ashanti","Sekyere South",2014,135961.796661556
"6561","Ashanti","Sekyere East",2014,32763.1046604961
"6562","Ashanti","Sekyere Central",2014,74623.7330658808
"6563","Ashanti","Offinso North",2014,52594.3665781319
"6564","Ashanti","Offinso",2014,80682.7299514413
"6565","Greater Accra","Adentan",2014,84553.4740414619
"6566","Bono","Dormaa Municipal",2014,129346.839573838
"6567","Ashanti","Ahafo Ano South West",2014,71574.7229051739
"6568","Ashanti","Bekwai",2014,149592.858748168
"6569","Ashanti","Bosomtwe",2014,114507.172123432
"6570","Central","Ajumako-Enyan-Essiam",2014,162651.060664117
"6571","Central","Gomoa West",2014,118639.411735535
"6572","Ashanti","Obuasi",2014,60819.4272730947
"6573","Ashanti","Kwabre East",2014,59741.5100290775
"6574","Ashanti","Ejura-Sekyedumase",2014,88425.8540614545
"6575","Ashanti","Atwima Nwabiagya",2014,105884.798795551
"6576","Ashanti","Atwima Mponua",2014,146443.129191197
"6577","Ashanti","Adansi South",2014,67098.5651395023
"6578","Ashanti","Adansi Asokwa",2014,62054.4371379912
"6579","Ashanti","Bosome Freho",2014,56372.9451157898
"6580","Ashanti","Asante Mampong",2014,92817.3008863926
"6581","Central","Agona West",2014,132543.470753491
"6582","Central","Agona East",2014,102387.126525939
"6583","Central","Assin North",2014,114531.072902977
"6584","Central","Assin South",2014,124105.638590708
"6585","Central","Asikuma-Odoben-Brakwa",2014,121226.761261582
"6586","Central","Efutu",2014,77838.6774297953
"6587","Central","Gomoa East",2014,235994.551674128
"6588","Central","Abura-Asebu-Kwamankese",2014,129103.035897195
"6589","Western","Jomoro",2014,166346.546061337
"6590","Western","Ellembelle",2014,91297.0701099411
"6591","Western","Prestea-Huni Valley",2014,170224.452885188
"6592","Western","Ahanta West",2014,119302.183370292
"6593","Western","Nzema East",2014,57557.1838074476
"6594","Western","Tarkwa-Nsuaem",2014,86001.9309692979
"6595","Western North","Sefwi-Akontombra",2014,93615.9157633781
"6596","Eastern","Akyemansa",2014,102928.782334358
"6597","Eastern","Kwahu South",2014,80859.0508330613
"6598","Eastern","Asene Manso Akroso",2014,86982.293695569
"6599","Eastern","Upper Manya-Krobo",2014,75701.5050882995
"6600","Eastern","Achiase",2014,91820.5880486071
"6601","Eastern","Okere",2014,69925.1211229563
"6602","Eastern","Yilo-Krobo",2014,87169.7736569345
"6603","Eastern","Atiwa West",2014,82769.6571129262
"6604","Eastern","New Juaben North",2014,84646.9598298669
"6605","Eastern","Fanteakwa North",2014,77332.8402545899
"6606","Eastern","Birim North",2014,98904.8408327401
"6607","Eastern","Asuogyaman",2014,106319.763189346
"6608","Eastern","Kwahu East",2014,69517.7898307443
"6609","Eastern","Kwahu West",2014,90489.1474058628
"6610","Western North","Bibiani-Anhwiaso-Bekwai",2014,133761.781610996
"6611","Central","Upper Denkyira East",2014,75612.0337852985
"6612","Ashanti","Amansie Central",2014,83859.1311834902
"6613","Ashanti","Amansie South",2014,85478.7771284282
"6614","Central","Upper Denkyira West",2014,71568.3737457097
"6615","Central","Komenda-Edna-Eguafo-Abirem",2014,158408.703844398
"6616","Western North","Sefwi-Wiawso",2014,150289.642980643
"6617","Ahafo","Asunafo South",2014,110020.190166846
"6618","Bono East","Nkoranza South",2014,111813.448246434
"6619","Savannah","Bole",2014,89580.630248066
"6620","Eastern","Lower-Manya Krobo",2014,83989.817009598
"6621","Bono East","Kintampo North",2014,107190.808022562
"6622","Bono East","Atebubu-Amanten",2014,132034.51721964
"6623","Northern","Kpandai",2014,76334.2638690174
"6624","Oti","Nkwanta North",2014,78276.1498890519
"6625","Oti","Biakoye",2014,96002.2332009524
"6626","Savannah","Central Gonja",2014,89722.3657739311
"6627","Bono East","Pru West",2014,67919.1704743616
"6628","Northern","Savelugu",2014,111517.112284847
"6629","Northern","Karaga",2014,114973.606954716
"6630","Savannah","East Gonja",2014,139360.946806364
"6631","Volta","South Dayi",2014,49316.9786141813
"6632","Upper West","Wa East",2014,119359.921033774
"6633","Northern","Saboba",2014,71219.3955900371
"6634","Northern","Gushiegu",2014,105894.563409895
"6635","Northern","Nanumba North",2014,120567.968817957
"6636","Northern","Nanumba South",2014,164951.811505288
"6637","Bono","Wenchi",2014,90247.954641223
"6638","Ahafo","Tano South",2014,64151.2155403495
"6639","Bono","Sunyani Municipal",2014,107160.073140606
"6640","Ashanti","Asante Akim South",2014,126576.857467934
"6641","Greater Accra","Ada East",2014,79516.5956309438
"6642","Greater Accra","Shai-Osudoku",2014,56777.3532239422
"6643","Greater Accra","Ada West",2014,71397.6334513426
"6644","Greater Accra","Ningo Prampram",2014,82244.6227842867
"6645","Bono East","Techiman North",2014,68083.2378043532
"6646","Bono","Banda",2014,43465.3119015284
"6647","Bono","Jaman North",2014,97740.2470661923
"6648","Bono","Tain",2014,75663.133041054
"6649","Ashanti","Sekyere Kumawu",2014,42710.6655087322
"6650","Ashanti","Sekyere Afram Plains",2014,65460.1256214604
"6651","Ashanti","Asante Akim North",2014,90656.7437853664
"6652","Ashanti","Asante Akim Central",2014,53124.3756673336
"6653","Ashanti","Juaben",2014,62100.9435133934
"6654","Greater Accra","La-Dade-Kotopon",2014,372481.819008827
"6655","Western North","Aowin",2014,115195.245592497
"6656","Western North","Suaman",2014,25077.3028877228
"6657","Western North","Bia East",2014,52760.3163886517
"6658","Western North","Bia West",2014,70425.3374724984
"6659","Western North","Bodi",2014,44372.3323706388
"6660","Western North","Juaboso",2014,71617.4150481969
"6661","Western","Shama",2014,177154.607622176
"6662","Western","Wassa East",2014,83464.8086213693
"6663","Western","Mpohor",2014,39172.7972349226
"6664","Western","Wassa Amenfi West",2014,65872.7690314949
"6665","Western","Wassa Amenfi Central",2014,89824.3517573327
"6666","Central","Mfantsiman",2014,134596.28632623
"6667","Central","Ekumfi",2014,84712.1094439626
"6668","Central","Twifo-Hemang Lower Denkyira",2014,45044.4960805029
"6669","Central","Twifo-Ati-Mokwa",2014,75422.445731625
"6670","Central","Awutu Senya",2014,115463.265348196
"6671","Greater Accra","La-Nkwantanang-Madina",2014,120225.737443686
"6672","Greater Accra","Ga East",2014,192270.612688303
"6673","Western","Wassa Amenfi East",2014,94794.2287975103
"6674","Central","Gomoa Central",2014,54960.6319616437
"6675","Central","Assin Foso",2014,57531.5699639022
"6676","Greater Accra","Ayawaso West",2014,383987.319084167
"6677","Greater Accra","Ga West",2014,172785.099562645
"6678","Oti","Krachi West",2014,50016.4443742484
"6679","Oti","Krachi Nchumuru",2014,94143.0454652309
"6680","Volta","Agortime-Ziope",2014,22791.5519512147
"6681","Volta","Adaklu",2014,42936.837599121
"6682","Volta","Akatsi South",2014,105755.292625457
"6683","Volta","Akatsi North",2014,36126.3558588326
"6684","Volta","Ho",2014,205206.355621338
"6685","Volta","Hohoe",2014,111929.260633618
"6686","Volta","Ho West",2014,122593.246364176
"6687","Volta","Afadjato South",2014,135016.024157226
"6688","Volta","North Dayi",2014,50068.9390017986
"6689","Volta","Kpando",2014,53362.4241959751
"6690","Volta","North Tongu",2014,87453.1006523073
"6691","Volta","Central Tongu",2014,67684.9796127677
"6692","Eastern","Nsawam-Adoagyiri",2014,64276.8828000426
"6693","Greater Accra","Ga Central",2014,104412.057091713
"6694","Eastern","Akwapim South",2014,57560.9676045775
"6695","Eastern","Denkyembour",2014,88339.0376078486
"6696","Eastern","Kwaebibirem",2014,112944.03470479
"6697","Eastern","Afram Plains South",2014,157830.930514708
"6698","Eastern","Kwahu North",2014,108314.760760307
"6699","Eastern","Suhum",2014,80477.9168635011
"6700","Eastern","Ayensuano",2014,91620.2100707889
"6701","Eastern","East Akim - Abuakwa South",2014,99481.7332267165
"6702","Eastern","Upper West Akim",2014,103518.323681116
"6703","Eastern","West Akim",2014,116743.960287213
"6704","Bono","Dormaa West",2014,43339.1257651448
"6705","Upper West","Nadowli-Kaleo",2014,54620.1932840198
"6706","Upper West","Daffiama-Bussie-Issa",2014,44879.0822747387
"6707","Upper West","Lawra",2014,61207.5184029043
"6708","Upper West","Nandom",2014,47185.1510387063
"6709","Upper East","Talensi",2014,83511.3075971901
"6710","Upper East","Nabdam",2014,27504.3473154604
"6711","Upper East","Builsa South",2014,52337.5408076867
"6712","Upper East","Builsa North",2014,49730.8058934212
"6713","Upper East","Binduri",2014,78049.0009184778
"6714","Upper East","Pusiga",2014,49230.2008770704
"6715","Upper East","Bawku Municipal",2014,70197.0643824339
"6716","Savannah","West Gonja",2014,57194.0554346088
"6717","Northern","Mion",2014,126826.193431459
"6718","Northern","Yendi",2014,109831.510760196
"6719","Northern","Tolon",2014,55431.3471633829
"6720","Northern","Kumbungu",2014,50896.2187735401
"6721","Northern East","West Mamprusi",2014,146114.699022099
"6722","Northern East","Mamprugu-Moagduri",2014,54384.8130572289
"6723","Northern","Zabzugu",2014,90834.5447064489
"6724","Northern","Tatale-Sangule",2014,56025.0267033577
"6725","Bono East","Sene East",2014,71480.2064259797
"6726","Bono East","Sene West",2014,69111.0028072484
"6727","Ahafo","Asutifi North",2014,68588.6341831684
"6728","Ashanti","Ahafo Ano North",2014,109481.382583827
"6729","Ahafo","Asutifi South",2014,47857.5015859455
"6730","Bono East","Techiman Municipal",2014,149344.735117063
"6731","Savannah","North Gonja",2014,44687.5575044043
"6732","Greater Accra","Tema West",2014,189257.055241585
"6733","Greater Accra","Ashaiman",2014,88048.9576568604
"6734","Greater Accra","Kpone-Katamanso",2014,225131.07793209
"6735","Upper East","Tempane",2014,80974.0612888932
"6736","Upper East","Bolgatanga East",2014,29834.3511615992
"6737","Northern East","Bunkpurugu -Nakpanduri",2014,80535.0805289596
"6738","Savannah","North-East Gonja",2014,61283.6386313066
"6739","Northern","Nanton",2014,54276.0080452412
"6740","Bono","Berekum West",2014,61411.1791776717
"6741","Bono East","Pru",2014,71951.8894489147
"6742","Eastern","Fanteakwa South",2014,40370.3800743222
"6743","Eastern","New Juaben South",2014,114769.822526455
"6744","Eastern","Akwapim North",2014,92543.9700268507
"6745","Volta","Keta",2014,55532.9290940166
"6746","Ashanti","Adansi Akrofuom",2014,86093.6767097712
"6747","Ashanti","Adansi North",2014,51741.6363347769
"6748","Ashanti","Obuasi East",2014,77393.7480508685
"6749","Ashanti","Amansie West",2014,65735.0441742539
"6750","Ashanti","Atwima Nwabiagya North",2014,63262.625669837
"6751","Ashanti","Oforikrom",2014,316772.098308563
"6752","Ashanti","Old Tafo",2014,131519.280013084
"6753","Ashanti","Asokwa",2014,331788.255048752
"6754","Greater Accra","Ayawaso East",2014,59133.0660324097
"6755","Greater Accra","Ayawaso North",2014,34061.6183242798
"6756","Greater Accra","Ayawaso Central",2014,96232.4647827148
"6757","Ashanti","Kwadaso",2014,304185.473868847
"6758","Ashanti","Suame",2014,215035.521601439
"6759","Ashanti","Asokore Mampong",2014,203801.354360104
"6760","Ashanti","Afigya Kwabre South",2014,88099.2320592701
"6761","Ashanti","Ejisu",2014,113536.800410748
"6762","Ashanti","Ahafo Ano South East",2014,43763.6891148686
"6763","Greater Accra","Korle-Klottey",2014,193162.797737122
"6764","Greater Accra","Ablekuma West",2014,119221.870458603
"6765","Greater Accra","Ablekuma Central",2014,175641.927726746
"6766","Greater Accra","Krowor",2014,102535.43266964
"6767","Greater Accra","Ga North",2014,141783.992804527
"6768","Greater Accra","Weija-Gbawe",2014,177762.226728916
"6769","Greater Accra","Ablekuma North",2014,163747.869750977
"6770","Eastern","Birim south",2014,82439.3412724137
"6771","Eastern","Birim Central",2014,49078.0462222695
"6772","Eastern","Abuakwa North",2014,70743.4079275429
"6773","Eastern","Atiwa East",2014,68284.6188697368
"6774","Central","Awutu Senya East",2014,83824.6303677559
"6775","Oti","Kadjebi",2014,56554.7420748323
"6776","Ashanti","Kumasi",2014,950661.53966248
"6777","Greater Accra","Tema",2014,108512.644852638
"6778","Greater Accra","Ga South",2014,267944.33389163
"6779","Western","Sekondi-Takoradi",2014,385957.957570076
"6780","Western","Effia-Kwesimintsim",2014,222090.7074157
"6781","Northern","Sagnarigu",2014,170872.292947471
"6782","Northern","Tamale",2014,237325.619057745
"6783","Central","Cape Coast",2014,199377.437332273
"6784","Greater Accra","Accra Metro",2014,349754.766929626
"6785","Greater Accra","Okai Koi North",2014,179254.480248451
"6786","Oti","Guan District",2014,71169.5879720449
