,OBJECTID,District,year,cases,precip_sum,tmean_coldest_month,ndvi,prop_urban_and_built_up,pop,Coverage_stock,vax_lag12,tmean_coldest_month_scaled,precip_sum_scaled,ndvi_scaled,vax_lag12_scaled,prop_urban_and_built_up_scaled
1,2,Ledzokuku,2005,0,944.3066298,25.24972376,0.309254489,0.991010998,137193.9347,0.392752829,0.374407374,-0.061206645,-1.172525353,-1.784619281,-1.656329617,2.977960286
2,2,Ledzokuku,2006,0,804.5524862,25.68895028,0.30320661,0.991010998,142944.7765,0.409290494,0.392752829,0.4976463,-1.693028312,-1.827899892,-1.538233099,2.977960286
3,2,Ledzokuku,2007,0,1077.544199,25.6461326,0.325915239,0.991010998,146574.1305,0.427244249,0.409290494,0.443166925,-0.676292847,-1.665389476,-1.431774005,2.977960286
4,2,Ledzokuku,2008,0,1174.151934,25.58176796,0.324422743,0.991010998,152299.0556,0.443165245,0.427244249,0.361272122,-0.316485184,-1.67607027,-1.316199009,2.977960286
5,2,Ledzokuku,2009,0,840.4143646,25.49254144,0.284182655,0.991010998,158929.4851,0.460474603,0.443165245,0.247744134,-1.559463658,-1.964041559,-1.213709641,2.977960286
6,2,Ledzokuku,2010,0,1133.679558,26.0429558,0.302781274,0.991010998,162938.5489,0.477160364,0.460474603,0.948067714,-0.46722126,-1.830943731,-1.102282866,2.977960286
7,2,Ledzokuku,2011,0,945.2900552,25.64254144,0.309896469,0.991010998,170667.0899,0.493390364,0.477160364,0.438597687,-1.168862665,-1.78002506,-0.994870416,2.977960286
8,2,Ledzokuku,2012,0,991.1491713,25.33895028,0.282644408,0.991010998,176818.7216,0.509140153,0.493390364,0.052321343,-0.998064111,-1.975049762,-0.890391874,2.977960286
9,2,Ledzokuku,2013,0,889.1740331,25.23895028,0.256115566,0.991010998,181203.5664,0.524341881,0.509140153,-0.074914359,-1.377862232,-2.16489887,-0.789004626,2.977960286
10,2,Ledzokuku,2014,0,1000.298343,25.6429558,0.309440242,0.991010998,188507.4153,0.538954767,0.524341881,0.439124906,-0.963988766,-1.783289972,-0.691145453,2.977960286
11,2,Ledzokuku,2015,0,785.5828729,26.03895028,0.287392261,0.991010998,185180.9169,0.552841692,0.538954767,0.942971257,-1.763679096,-1.941072565,-0.597076875,2.977960286
12,2,Ledzokuku,2016,0,966.2790055,26.03895028,0.285815132,0.991010998,189472.1273,0.565384244,0.552841692,0.942971257,-1.090691024,-1.95235902,-0.507681575,2.977960286
13,2,Ledzokuku,2017,0,1026.98895,25.63895028,0.292565815,0.991010998,193832.8094,0.576825212,0.565384244,0.434028449,-0.864581765,-1.904048914,-0.426940503,2.977960286
14,2,Ledzokuku,2018,0,876.8066298,26.04654696,0.26275953,0.991010998,198006.3055,0.588559698,0.576825212,0.952636952,-1.423923622,-2.11735248,-0.353290735,2.977960286
15,2,Ledzokuku,2019,0,937.1629834,26.25262431,0.276358057,0.991010998,202030.7187,0.599768798,0.588559698,1.214840913,-1.199131284,-2.020036953,-0.27775149,2.977960286
16,2,Ledzokuku,2020,0,712.8646409,25.66892265,0.260819243,0.991010998,206115.4254,0.610492634,0.599768798,0.472164011,-2.034512246,-2.131237811,-0.205594348,2.977960286
17,2,Ledzokuku,2021,0,962.3425414,26.48093923,0.246479672,0.991010998,210276.6,0.62076795,0.610492634,1.505339,-1.105352065,-2.233856493,-0.136561025,2.977960286
18,2,Ledzokuku,2022,0,898.9668508,25.1769337,0.262438747,0.991010998,214347.4517,0.630637037,0.62076795,-0.153821583,-1.341389678,-2.119648108,-0.070414995,2.977960286
19,2,Ledzokuku,2023,1,886.1657459,26.41616022,0.285810892,0.991010998,218496.2375,0.640100954,0.630637037,1.422916978,-1.389066354,-1.952389361,-0.006884017,2.977960286
20,2,Ledzokuku,2024,0,749.3176796,25.99654696,0.257686709,0.991010998,222691.2553,0.6492305,0.640100954,0.889019101,-1.898745864,-2.153655258,0.054038738,2.977960286
21,3,Chereponi,2005,0,1111.641124,25.85050745,0.424868669,0,45671.70558,0.569602746,0.555214885,0.7032047,-0.549301618,-0.957246221,-0.492404449,-0.447110612
22,3,Chereponi,2006,0,1042.996517,26.01175534,0.423329092,0,46874.38761,0.583587455,0.569602746,0.908369595,-0.804962883,-0.968263934,-0.399784435,-0.447110612
23,3,Chereponi,2007,0,1159.639022,25.71544259,0.418731987,0,48152.63476,0.596926848,0.583587455,0.531353981,-0.370537344,-1.001162331,-0.309759669,-0.447110612
24,3,Chereponi,2008,0,1213.368064,25.54180579,0.436997197,0,49197.91317,0.609606484,0.596926848,0.310425979,-0.170427891,-0.870450488,-0.223889036,-0.447110612
25,3,Chereponi,2009,0,1288.737989,26.28095124,0.444031136,0,50494.13017,0.621741972,0.609606484,1.250882878,0.110281276,-0.82011331,-0.142265502,-0.447110612
26,3,Chereponi,2010,0,1194.316839,26.03103531,0.443704802,0,51740.51115,0.633440259,0.621741972,0.932900595,-0.241382632,-0.822448662,-0.064144857,-0.447110612
27,3,Chereponi,2011,0,1104.486068,26.10019817,0.432361448,0,52830.92495,0.644819015,0.633440259,1.02090045,-0.575950044,-0.90362543,0.011161369,-0.447110612
28,3,Chereponi,2012,0,1093.325787,25.82358576,0.453834332,0,54184.78416,0.655861098,0.644819015,0.668950697,-0.617515605,-0.74995842,0.08441065,-0.447110612
29,3,Chereponi,2013,0,947.6249099,25.75356113,0.436977707,0,55357.61557,0.666518938,0.655861098,0.579854378,-1.160166688,-0.870589967,0.155492643,-0.447110612
30,3,Chereponi,2014,0,1094.029846,25.99824946,0.420040119,0,56883.30466,0.676763945,0.666518938,0.891185287,-0.614893392,-0.991800906,0.224101124,-0.447110612
31,3,Chereponi,2015,0,972.3137161,26.22015974,0.398622954,0,80403.33605,0.686499985,0.676763945,1.173534391,-1.068215235,-1.145069177,0.290052041,-0.447110612
32,3,Chereponi,2016,0,1110.520178,26.26598607,0.408967712,0,82258.69866,0.690431336,0.686499985,1.23184184,-0.553476491,-1.07103869,0.352726551,-0.447110612
33,3,Chereponi,2017,0,1012.730723,26.14850769,0.41924265,0,84149.77281,0.695682302,0.690431336,1.082367397,-0.917685374,-0.997507862,0.378034119,-0.447110612
34,3,Chereponi,2018,0,1173.418809,26.03096025,0.425171595,0,85953.98085,0.704120923,0.695682302,0.932805084,-0.319215649,-0.955078382,0.411836536,-0.447110612
35,3,Chereponi,2019,0,930.5416767,26.69105213,0.413188122,0,87717.41656,0.71056591,0.704120923,1.772677623,-1.223791803,-1.040836052,0.466159076,-0.447110612
36,3,Chereponi,2020,0,1209.96637,26.34896109,0.410161156,0,89475.76872,0.718025727,0.71056591,1.337415687,-0.183097223,-1.062498015,0.507647856,-0.447110612
37,3,Chereponi,2021,0,866.5853351,26.44896109,0.382165204,0,91281.43368,0.725464289,0.718025727,1.464651389,-1.461992004,-1.262846246,0.555669473,-0.447110612
38,3,Chereponi,2022,0,1230.021199,25.99326207,0.400116715,0,93050.85721,0.732608772,0.725464289,0.884839548,-0.108404643,-1.134379338,0.603554264,-0.447110612
39,3,Chereponi,2023,0,1016.797742,26.43240151,0.390749977,0,94854.20936,0.738201378,0.732608772,1.4435817,-0.902538093,-1.201410787,0.649545952,-0.447110612
40,3,Chereponi,2024,0,994.0551886,26.75106594,0.392462283,0,96670.46082,0.744842414,0.738201378,1.849036618,-0.987240886,-1.189156967,0.685547635,-0.447110612
41,4,Wa Municipal,2005,0,956.3574693,25.38761068,0.451098932,0.013080996,69046.44441,0.610228137,0.597198352,0.114234752,-1.12764298,-0.769533838,-0.222141262,-0.401900883
42,4,Wa Municipal,2006,0,1076.003285,25.55619109,0.438124891,0.013080996,67810.67562,0.622892822,0.610228137,0.328729215,-0.682031856,-0.862380336,-0.138263694,-0.401900883
43,4,Wa Municipal,2007,0,1006.337047,25.0148886,0.447878694,0.013502951,70644.0096,0.634973104,0.622892822,-0.360000802,-0.941498103,-0.79257892,-0.056736406,-0.400442548
44,4,Wa Municipal,2008,0,1037.79463,24.67615681,0.434992157,0.013502951,74339.2683,0.646455904,0.634973104,-0.790988574,-0.824336888,-0.884799211,0.02102886,-0.400442548
45,4,Wa Municipal,2009,0,1151.02842,25.57618538,0.483194653,0.013502951,70698.82811,0.657445917,0.646455904,0.354169087,-0.402606831,-0.539846314,0.094947912,-0.400442548
46,4,Wa Municipal,2010,0,1020.98886,25.41617395,0.470893488,0.013502951,73933.44906,0.668039998,0.657445917,0.150577427,-0.886928613,-0.627877489,0.165694714,-0.400442548
47,4,Wa Municipal,2011,0,946.2145101,25.36359612,0.45922995,0.013502951,75128.26385,0.678344708,0.668039998,0.083679649,-1.165419608,-0.711345602,0.233892751,-0.400442548
48,4,Wa Municipal,2012,0,1063.824907,25.20959726,0.464059755,0.013502951,72116.49462,0.688344524,0.678344708,-0.112261878,-0.727389235,-0.67678193,0.300228,-0.400442548
49,4,Wa Municipal,2013,0,982.2266495,24.94327335,0.465458514,0.013502951,73471.90978,0.697996366,0.688344524,-0.451120971,-1.031295319,-0.666771953,0.364600531,-0.400442548
50,4,Wa Municipal,2014,0,1099.620965,25.5646958,0.455104947,0.013502951,75599.2258,0.707274342,0.697996366,0.339550246,-0.594069723,-0.740865476,0.426733027,-0.400442548
51,4,Wa Municipal,2015,0,909.2176521,25.46477435,0.433824423,0.013502951,183488.7437,0.700276921,0.707274342,0.212414487,-1.303211401,-0.893155904,0.486458807,-0.400442548
52,4,Wa Municipal,2016,0,1112.495287,25.68288346,0.464239577,0.013502951,187734.71,0.704904629,0.700276921,0.489927146,-0.546120357,-0.675495064,0.441413807,-0.400442548
53,4,Wa Municipal,2017,0,869.3341902,25.52915596,0.432697225,0.013502951,192062.9678,0.708796839,0.704904629,0.294330874,-1.451754116,-0.901222502,0.471204083,-0.400442548
54,4,Wa Municipal,2018,0,1236.266924,25.35959012,0.477206851,0.013502951,196194.7783,0.716871799,0.708796839,0.078582589,-0.085142948,-0.582696988,0.496259689,-0.400442548
55,4,Wa Municipal,2019,0,798.9357326,26.00904742,0.455844987,0.013502951,200235.5958,0.724585219,0.716871799,0.904924141,-1.713947455,-0.735569508,0.548241206,-0.400442548
56,4,Wa Municipal,2020,0,993.8474722,25.73666095,0.455634043,0.013502951,204265.6664,0.731964712,0.724585219,0.558351316,-0.988014509,-0.737079091,0.597895364,-0.400442548
57,4,Wa Municipal,2021,0,816.8524707,25.4263639,0.451137869,0.013502951,208404.8949,0.73903556,0.731964712,0.163542676,-1.647218019,-0.769255195,0.6453999,-0.400442548
58,4,Wa Municipal,2022,0,936.8207655,25.409483,0.454725144,0.013502951,212462.4361,0.745826865,0.73903556,0.142064155,-1.200405847,-0.743583474,0.690917576,-0.400442548
59,4,Wa Municipal,2023,1,1041.491288,26.009483,0.467843677,0.013502951,216598.296,0.752339357,0.745826865,0.905478367,-0.810568985,-0.649702944,0.734635733,-0.400442548
60,4,Wa Municipal,2024,0,1022.501,25.98731791,0.441351845,0.013502951,220763.8056,0.758621756,0.752339357,0.877276452,-0.881296772,-0.839287194,0.776559068,-0.400442548
61,5,Jirapa,2005,1,882.6946295,25.76941091,0.399037535,0.001438295,66975.58786,0.784860491,0.598679668,0.600020949,-1.401994245,-1.142102303,-0.212605479,-0.442139666
62,5,Jirapa,2006,0,991.8493616,25.90620316,0.40160507,0.001438295,69829.23745,0.790084636,0.784860491,0.774069537,-0.995456309,-1.123728179,0.985909694,-0.442139666
63,5,Jirapa,2007,0,965.7956564,25.3679746,0.405255824,0.001438295,72501.61271,0.795203589,0.790084636,0.089250651,-1.092491219,-1.097602182,1.019539459,-0.442139666
64,5,Jirapa,2008,0,984.9435193,24.38926242,0.403690579,0.001438295,75147.8416,0.798191198,0.795203589,-1.156020668,-1.021176558,-1.108803588,1.05249206,-0.442139666
65,5,Jirapa,2009,0,1063.674022,25.9155877,0.425485173,0.001438295,76960.50198,0.80036708,0.798191198,0.786010023,-0.727951196,-0.952834316,1.071724415,-0.442139666
66,5,Jirapa,2010,0,989.3110602,25.7306793,0.441495644,0.001438295,80224.79108,0.801778318,0.80036708,0.55074051,-1.004910007,-0.83825812,1.085731372,-0.442139666
67,5,Jirapa,2011,0,877.1751318,25.73330558,0.411047002,0.001438295,83564.89587,0.80358731,0.801778318,0.55408208,-1.422551166,-1.056158613,1.094816036,-0.442139666
68,5,Jirapa,2012,0,1011.933805,25.53238968,0.436205155,0.001438295,86015.54564,0.804204922,0.80358731,0.29844532,-0.92065343,-0.8761186,1.106461195,-0.442139666
69,5,Jirapa,2013,1,935.2739384,25.30834027,0.430771656,0.001438295,89170.81029,0.803724059,0.804204922,0.013374489,-1.206166879,-0.915002502,1.110436991,-0.442139666
70,5,Jirapa,2014,0,1037.220511,25.88372884,0.426408561,0.001438295,93195.81752,0.801286745,0.803724059,0.745474169,-0.826475149,-0.946226243,1.107341498,-0.442139666
71,5,Jirapa,2015,0,880.755204,25.38044685,0.40897862,0.001438295,82879.28966,0.807272093,0.801286745,0.105119799,-1.409217478,-1.07096063,1.091651597,-0.442139666
72,5,Jirapa,2016,0,1078.167291,25.94798432,0.430797625,0.001438295,84791.22561,0.808405406,0.807272093,0.827230082,-0.67397219,-0.914816659,1.130181507,-0.442139666
73,5,Jirapa,2017,0,849.5919373,25.93457188,0.410637667,0.001438295,86739.32789,0.807271658,0.808405406,0.810164677,-1.525282534,-1.059087945,1.137477067,-0.442139666
74,5,Jirapa,2018,0,1170.528865,25.77003539,0.432458475,0.001438295,88597.94757,0.812615946,0.807271658,0.60081551,-0.32997901,-0.902931074,1.130178709,-0.442139666
75,5,Jirapa,2019,0,764.7316125,26.38458576,0.427293062,0.001438295,90415.16916,0.817242813,0.812615946,1.382742993,-1.841337922,-0.939896466,1.164581878,-0.442139666
76,5,Jirapa,2020,0,1054.695948,25.93714613,0.414603198,0.001438295,92226.51347,0.821617795,0.817242813,0.813440034,-0.761389303,-1.030709305,1.19436674,-0.442139666
77,5,Jirapa,2021,0,775.6518873,25.67445532,0.423860422,0.001438295,94087.07043,0.826323569,0.821617795,0.479203534,-1.800666246,-0.964461567,1.222530128,-0.442139666
78,5,Jirapa,2022,0,938.508257,25.68061685,0.415822525,0.001438295,95911.14552,0.830843302,0.826323569,0.487043203,-1.194120922,-1.021983397,1.252822943,-0.442139666
79,5,Jirapa,2023,0,946.2933666,26.32463225,0.435383958,0.001438295,97770.09721,0.835177481,0.830843302,1.306460723,-1.165125913,-0.881995355,1.281918147,-0.442139666
80,5,Jirapa,2024,2,997.4233278,26.23052664,0.426589073,0.001438295,99642.78882,0.839358528,0.835177481,1.186724794,-0.974696525,-0.944934443,1.309818865,-0.442139666
81,6,Sissala West,2005,0,932.4471127,25.53466589,0.43152403,0.000475814,27775.02527,0.609978462,0.596940331,0.301341478,-1.216695162,-0.909618268,-0.22380224,-0.445466132
82,6,Sissala West,2006,0,1013.240824,25.66455907,0.435726264,0.000475814,28285.80555,0.62265126,0.609978462,0.466611979,-0.915785545,-0.879545703,-0.139870942,-0.445466132
83,6,Sissala West,2007,0,1041.967633,25.12315878,0.442354446,0.000475814,28540.59774,0.63473928,0.62265126,-0.222242479,-0.808794877,-0.832112257,-0.058291431,-0.445466132
84,6,Sissala West,2008,0,1034.734559,24.25489519,0.430836924,0.000475814,28483.50655,0.646229435,0.63473928,-1.326983757,-0.835733872,-0.914535427,0.019523649,-0.445466132
85,6,Sissala West,2009,0,1090.941732,25.70613204,0.461446581,0.000475814,29329.89397,0.657226489,0.646229435,0.519507634,-0.626394824,-0.695482663,0.093490051,-0.445466132
86,6,Sissala West,2010,0,1040.168701,25.46541041,0.475828147,0.000475814,30152.77718,0.667827356,0.657226489,0.21322378,-0.815494852,-0.592563451,0.164282171,-0.445466132
87,6,Sissala West,2011,0,920.1503092,25.50198378,0.440811392,0.000475814,31784.06264,0.678138666,0.667827356,0.259758161,-1.262493608,-0.843154855,0.232523893,-0.445466132
88,6,Sissala West,2012,0,1061.198257,25.32725885,0.462856265,0.000475814,33166.0556,0.688144888,0.678138666,0.037445681,-0.737171979,-0.685394501,0.298901634,-0.445466132
89,6,Sissala West,2013,0,974.3148743,25.12111678,0.45298571,0.000475814,34153.71647,0.697802912,0.688144888,-0.224840638,-1.060762083,-0.756031436,0.3633154,-0.445466132
90,6,Sissala West,2014,0,1076.334351,25.67497791,0.452542827,0.000475814,33657.2673,0.707086831,0.697802912,0.479868466,-0.680798828,-0.759200854,0.425487696,-0.445466132
91,6,Sissala West,2015,0,915.4870292,25.15348767,0.426057553,0.000475814,58570.59767,0.71590953,0.707086831,-0.183653304,-1.279861615,-0.948738172,0.485251735,-0.445466132
92,6,Sissala West,2016,0,1117.389768,25.75246366,0.447683014,0.000475814,59921.3935,0.72435927,0.71590953,0.578457996,-0.527891261,-0.793979271,0.542046727,-0.445466132
93,6,Sissala West,2017,0,912.7067304,25.68495703,0.426502345,0.000475814,61298.57752,0.726015107,0.72435927,0.492565467,-1.290216612,-0.945555099,0.596440841,-0.445466132
94,6,Sissala West,2018,0,1176.111959,25.54705044,0.441423633,0.000475814,62611.19803,0.73361261,0.726015107,0.317099044,-0.309185229,-0.838773454,0.607100082,-0.445466132
95,6,Sissala West,2019,0,780.8084491,26.17055859,0.45219685,0.000475814,63895.95093,0.740869952,0.73361261,1.110424018,-1.78146105,-0.761676776,0.656008034,-0.445466132
96,6,Sissala West,2020,0,1116.125331,25.68357562,0.425438169,0.000475814,65178.48834,0.747813109,0.740869952,0.490807814,-0.532600552,-0.953170686,0.702726239,-0.445466132
97,6,Sissala West,2021,0,757.3904907,25.46421573,0.436396187,0.000475814,66495.51167,0.766916781,0.747813109,0.211703717,-1.868679334,-0.874751514,0.747421926,-0.445466132
98,6,Sissala West,2022,0,934.5506385,25.52929484,0.428989975,0.000475814,67786.46338,0.772982509,0.766916781,0.294507579,-1.208860751,-0.927752799,0.870399362,-0.445466132
99,6,Sissala West,2023,6,1033.891414,26.13544093,0.438235427,0.000475814,69099.44771,0.778799212,0.772982509,1.065741815,-0.838874098,-0.861589304,0.909446707,-0.445466132
100,6,Sissala West,2024,1,1031.812947,26.13544093,0.435716339,0.000475814,70422.40478,0.784410404,0.778799212,1.065741815,-0.846615182,-0.879616731,0.946890989,-0.445466132
101,7,Lambussie,2005,0,885.3107957,25.75488089,0.413050734,0.000596193,46373.47403,0.611661536,0.598679668,0.581533582,-1.392250546,-1.041819244,-0.212605479,-0.445050089
102,7,Lambussie,2006,0,987.2891029,25.88950329,0.4114077,0.000596193,48213.07179,0.622513358,0.611661536,0.75282134,-1.012440623,-1.053577337,-0.129036372,-0.445050089
103,7,Lambussie,2007,0,978.6352762,25.34630005,0.413338825,0.000596193,49949.02524,0.633000303,0.622513358,0.06167288,-1.044671097,-1.039757569,-0.059179156,-0.445050089
104,7,Lambussie,2008,0,1000.100355,24.16937152,0.407051316,0.000596193,51804.41482,0.641090407,0.633000303,-1.435800404,-0.964726155,-1.08475305,0.008329205,-0.445050089
105,7,Lambussie,2009,0,1056.586923,25.77696908,0.445442148,0.000596193,54763.59257,0.65216794,0.641090407,0.609637646,-0.754346517,-0.810015643,0.060408216,-0.445050089
106,7,Lambussie,2010,0,1007.381652,25.71303092,0.448118742,0.000596193,56155.06024,0.658496569,0.65216794,0.528285473,-0.937607554,-0.790861057,0.131718414,-0.445050089
107,7,Lambussie,2011,0,879.4492651,25.69552458,0.419460531,0.000596193,57886.51463,0.660979669,0.658496569,0.506011164,-1.414081341,-0.995948628,0.172458153,-0.445050089
108,7,Lambussie,2012,0,1029.620679,25.51096807,0.438457161,0.000596193,60360.68027,0.663376131,0.660979669,0.271189389,-0.854780104,-0.860002505,0.188442787,-0.445050089
109,7,Lambussie,2013,0,946.4160162,25.29907248,0.425989234,0.000596193,62814.7103,0.662444885,0.663376131,0.001582547,-1.164669115,-0.949227091,0.203869705,-0.445050089
110,7,Lambussie,2014,0,1051.276128,25.8782818,0.436585235,0.000596193,64459.07275,0.664914329,0.662444885,0.738543599,-0.774126145,-0.873398619,0.197874928,-0.445050089
111,7,Lambussie,2015,0,886.8873796,25.30455651,0.413176132,0.000596193,44796.52718,0.675007286,0.664914329,0.008560197,-1.386378688,-1.040921852,0.21377166,-0.445050089
112,7,Lambussie,2016,0,1106.30887,25.94092752,0.430565706,0.000596193,45826.95313,0.684673586,0.675007286,0.818251317,-0.569161166,-0.91647635,0.278743775,-0.445050089
113,7,Lambussie,2017,0,875.4524075,25.95366447,0.419142662,0.000596193,46875.8526,0.6913292,0.684673586,0.834457263,-1.428967313,-0.998223404,0.340969343,-0.445050089
114,7,Lambussie,2018,0,1170.223923,25.77483528,0.424588001,0.000596193,47879.12708,0.699888531,0.6913292,0.606922682,-0.331114741,-0.959254773,0.383814006,-0.445050089
115,7,Lambussie,2019,0,760.4375063,26.37999493,0.434678401,0.000596193,48855.00529,0.708064637,0.699888531,1.376901818,-1.857330972,-0.887044551,0.438913601,-0.445050089
116,7,Lambussie,2020,0,1045.502179,25.89641662,0.407218552,0.000596193,49833.64662,0.715886784,0.708064637,0.761617564,-0.795630746,-1.083556259,0.491546232,-0.445050089
117,7,Lambussie,2021,0,720.2132793,25.66742524,0.426931285,0.000596193,50834.34386,0.723381772,0.715886784,0.47025877,-2.007142839,-0.942485459,0.541900298,-0.445050089
118,7,Lambussie,2022,0,963.3435378,25.65624937,0.399831414,0.000596193,51816.52812,0.730580449,0.723381772,0.456039068,-1.101623935,-1.136421044,0.590148323,-0.445050089
119,7,Lambussie,2023,0,918.1720223,26.29819564,0.427094417,0.000596193,52818.41149,0.737483589,0.730580449,1.272823917,-1.269861576,-0.941318038,0.636488886,-0.445050089
120,7,Lambussie,2024,0,1055.790775,26.32169285,0.42032275,0.000596193,53828.41695,0.744142834,0.737483589,1.30272076,-0.757311706,-0.989778309,0.680926967,-0.445050089
121,8,Bolgatanga Municipal,2005,0,1030.037707,26.16436943,0.389521894,0.013603304,97487.79439,0.702272574,0.692319766,1.102549193,-0.853226918,-1.210199358,0.390190646,-0.400095715
122,8,Bolgatanga Municipal,2006,0,1034.195414,26.38417834,0.42136245,0.013603304,97354.31913,0.7119465,0.702272574,1.382224612,-0.837741876,-0.982337874,0.454260568,-0.400095715
123,8,Bolgatanga Municipal,2007,0,1092.484331,25.86057325,0.424721927,0.013603304,95942.30445,0.721174029,0.7119465,0.716011993,-0.620649537,-0.958296351,0.516535226,-0.400095715
124,8,Bolgatanga Municipal,2008,0,1076.807134,25.25230573,0.416866996,0.013603304,97614.5164,0.729945171,0.721174029,-0.057921451,-0.679037986,-1.014508823,0.575936262,-0.400095715
125,8,Bolgatanga Municipal,2009,0,1154.584459,26.51294268,0.426678524,0.013603304,98680.94484,0.738339898,0.729945171,1.546058813,-0.389362656,-0.944294301,0.632399365,-0.400095715
126,8,Bolgatanga Municipal,2010,0,1044.367643,26.24666242,0.448588989,0.013603304,98571.4165,0.746432192,0.738339898,1.207255262,-0.799856234,-0.787495812,0.686439344,-0.400095715
127,8,Bolgatanga Municipal,2011,0,996.3054777,26.25503185,0.409683453,0.013603304,98149.50706,0.75430345,0.746432192,1.21790416,-0.978859867,-1.065916617,0.738532448,-0.400095715
128,8,Bolgatanga Municipal,2012,0,1042.531465,26.06710828,0.440865671,0.013603304,101002.991,0.761941814,0.75430345,0.978798291,-0.806694931,-0.842766418,0.78920266,-0.400095715
129,8,Bolgatanga Municipal,2013,0,945.4249682,25.85035669,0.412168737,0.013603304,100618.7619,0.769314378,0.761941814,0.703012881,-1.168360193,-1.048131106,0.838373649,-0.400095715
130,8,Bolgatanga Municipal,2014,0,1060.956688,26.44644586,0.413072948,0.013603304,103114.0863,0.776401364,0.769314378,1.461451123,-0.738071685,-1.041660277,0.885833586,-0.400095715
131,8,Bolgatanga Municipal,2015,0,967.6833121,26.23755414,0.388879104,0.013603304,127760.2587,0.783136273,0.776401364,1.195666277,-1.085460798,-1.214799375,0.931455152,-0.400095715
132,8,Bolgatanga Municipal,2016,0,1060.178854,26.47880255,0.413619495,0.013603304,130712.3123,0.789586479,0.783136273,1.502620382,-0.740968666,-1.037749002,0.974810263,-0.400095715
133,8,Bolgatanga Municipal,2017,0,921.7971975,26.36229299,0.408615277,0.013603304,133718.7811,0.795663999,0.789586479,1.354378633,-1.256359906,-1.073560831,1.016332635,-0.400095715
134,8,Bolgatanga Municipal,2018,0,1125.775796,26.19912102,0.418281537,0.013603304,136585.8823,0.801330163,0.795663999,1.146765626,-0.49665818,-1.004385903,1.055455895,-0.400095715
135,8,Bolgatanga Municipal,2019,0,709.971465,26.86310828,0.442379193,0.015114742,139376.0161,0.806742638,0.801330163,1.991594479,-2.045287645,-0.831935158,1.0919311,-0.394871977
136,8,Bolgatanga Municipal,2020,0,1146.276688,26.58174522,0.4292521,0.015114742,142169.9446,0.919713584,0.806742638,1.633600218,-0.420304273,-0.92587695,1.126773208,-0.394871977
137,8,Bolgatanga Municipal,2021,0,936.2550318,26.39509554,0.416577094,0.015114742,145022.8095,0.921831563,0.919713584,1.396115185,-1.202512876,-1.016583456,1.85400919,-0.394871977
138,8,Bolgatanga Municipal,2022,0,1152.765096,26.2096051,0.413515458,0.015114742,147828.8481,0.923865808,0.921831563,1.160105114,-0.396138726,-1.038493524,1.867643406,-0.394871977
139,8,Bolgatanga Municipal,2023,1,907.2828025,26.7363949,0.429407192,0.015114742,150679.943,0.925816539,0.923865808,1.830369826,-1.310417591,-0.924767058,1.8807386,-0.394871977
140,8,Bolgatanga Municipal,2024,0,932.8384713,26.91692994,0.419128475,0.015114742,153552.3096,0.927698348,0.925816539,2.060074841,-1.215237578,-0.998324933,1.89329618,-0.394871977
141,9,Bongo,2005,0,1008.736509,26.05829215,0.366442673,0,80986.0794,0.713088889,0.703497663,0.967581029,-0.9325615,-1.375361845,0.462146922,-0.447110612
142,9,Bongo,2006,0,1004.215458,26.2114153,0.38792837,0,82149.9772,0.722411365,0.713088889,1.16240834,-0.949399789,-1.221603133,0.523889209,-0.447110612
143,9,Bongo,2007,0,1082.906899,25.72932398,0.389069954,0,82804.4216,0.731303662,0.722411365,0.549016061,-0.656319907,-1.213433586,0.583901455,-0.447110612
144,9,Bongo,2008,0,1060.779996,24.98253607,0.373898162,0,83536.63961,0.739756152,0.731303662,-0.401164769,-0.738729759,-1.322007914,0.641144475,-0.447110612
145,9,Bongo,2009,0,1130.27456,26.37958094,0.397764729,0,84483.56563,0.747845902,0.739756152,1.376375079,-0.479902898,-1.151210918,0.695556297,-0.447110612
146,9,Bongo,2010,0,1019.155564,26.10241154,0.410126417,0,85308.49705,0.755644206,0.747845902,1.023716646,-0.893756575,-1.062746617,0.747633026,-0.447110612
147,9,Bongo,2011,0,970.2506424,26.12049812,0.37347799,0,85859.64828,0.763229504,0.755644206,1.046729231,-1.075898985,-1.325014805,0.797833609,-0.447110612
148,9,Bongo,2012,0,1017.947618,25.89350662,0.400431784,0,86676.16781,0.769036984,0.763229504,0.757915002,-0.898255472,-1.132124597,0.846662993,-0.447110612
149,9,Bongo,2013,0,925.1644594,25.69634315,0.378031742,0,87281.2266,0.773737239,0.769036984,0.507052676,-1.243818812,-1.292426656,0.884047899,-0.447110612
150,9,Bongo,2014,0,1022.913817,26.27937339,0.354240282,0,88018.63047,0.775291128,0.773737239,1.248875298,-0.879759268,-1.462686164,0.914305188,-0.447110612
151,9,Bongo,2015,0,953.3558015,26.03963234,0.356841714,0,111475.6478,0.774580668,0.775291128,0.943839083,-1.138822448,-1.444069463,0.92430815,-0.447110612
152,9,Bongo,2016,0,1049.698359,26.29174738,0.379388857,0,114050.6625,0.772848536,0.774580668,1.264619428,-0.780002415,-1.2827147,0.919734651,-0.447110612
153,9,Bongo,2017,0,914.1219609,26.20528761,0.371566612,0,116676.4103,0.7747895,0.772848536,1.154611726,-1.284945701,-1.338693254,0.908584276,-0.447110612
154,9,Bongo,2018,0,1098.109508,26.06341174,0.397113833,0,119183.661,0.913499866,0.7747895,0.974094974,-0.599699024,-1.155868944,0.921078984,-0.447110612
155,9,Bongo,2019,0,693.1986559,26.69022534,0.404241204,0,121645.4258,0.915856438,0.913499866,1.771625657,-2.10775661,-1.10486314,1.814009177,-0.447110612
156,9,Bongo,2020,0,1098.245108,26.39701522,0.396906266,0,124093.6466,0.918110989,0.915856438,1.398557702,-0.599193993,-1.157354366,1.829179306,-0.447110612
157,9,Bongo,2021,0,845.9719312,26.26016999,0.385173762,0,126617.3103,0.920271245,0.918110989,1.224441718,-1.538764953,-1.241316015,1.843692691,-0.447110612
158,9,Bongo,2022,0,1124.910852,26.02724847,0.375748663,0,129084.4428,0.922346096,0.920271245,0.928082379,-0.499879594,-1.308765122,1.85759906,-0.447110612
159,9,Bongo,2023,0,902.1318442,26.56954932,0.394183992,0,131602.5068,0.924335765,0.922346096,1.618082672,-1.329601917,-1.176835848,1.870955647,-0.447110612
160,9,Bongo,2024,3,931.1970745,26.6720004,0.385521654,0,134138.3995,0.926255137,0.924335765,1.74843702,-1.221350827,-1.238826384,1.883763888,-0.447110612
161,10,Kasena-Nankana West,2005,0,1003.800359,26.02084199,0.415847225,0,73605.50051,0.692217174,0.686873265,0.919931047,-0.950945791,-1.021806633,0.355129489,-0.447110612
162,10,Kasena-Nankana West,2006,0,1027.38418,26.21516424,0.422535964,0,75720.00562,0.697271637,0.692217174,1.167178336,-0.863109765,-0.973939821,0.389530222,-0.447110612
163,10,Kasena-Nankana West,2007,0,1099.602511,25.70073155,0.445774772,0,76292.81853,0.705552897,0.697271637,0.512636281,-0.594138455,-0.807635279,0.422067681,-0.447110612
164,10,Kasena-Nankana West,2008,0,1055.760336,24.83196621,0.417734845,0,76705.71235,0.71129032,0.705552897,-0.592743396,-0.757425075,-1.008298207,0.475377227,-0.447110612
165,10,Kasena-Nankana West,2009,0,1127.093072,26.35392203,0.436322272,0,80136.01481,0.71932841,0.71129032,1.343727781,-0.491752094,-0.875280475,0.512311153,-0.447110612
166,10,Kasena-Nankana West,2010,0,1029.639607,26.12007268,0.454074018,0,82175.2953,0.727200469,0.71932841,1.04618792,-0.854709608,-0.748243147,0.564055329,-0.447110612
167,10,Kasena-Nankana West,2011,0,969.6873702,26.12172456,0.431159801,0,83645.51564,0.733343119,0.727200469,1.048289699,-1.077996847,-0.912224814,0.614730697,-0.447110612
168,10,Kasena-Nankana West,2012,0,1046.316689,25.9611667,0.437109197,0,85597.71467,0.994682632,0.733343119,0.844002775,-0.792597173,-0.869648978,0.654273216,-0.447110612
169,10,Kasena-Nankana West,2013,0,969.6689636,25.66447989,0.427846147,0,87828.52423,0.984895948,0.994682632,0.466511238,-1.078065401,-0.935938409,2.336612822,-0.447110612
170,10,Kasena-Nankana West,2014,0,1063.140646,26.24523787,0.418273453,0,89368.61543,0.980620836,0.984895948,1.205442725,-0.729937711,-1.004443754,2.2736123,-0.447110612
171,10,Kasena-Nankana West,2015,0,945.1018501,25.93390126,0.400703196,0,74698.30304,0.981204547,0.980620836,0.80931141,-1.16956362,-1.130182284,2.246091818,-0.447110612
172,10,Kasena-Nankana West,2016,1,1073.976119,26.30627242,0.434038565,0,76429.1028,0.980844553,0.981204547,1.283100461,-0.689581872,-0.891623431,2.24984938,-0.447110612
173,10,Kasena-Nankana West,2017,0,931.8722862,26.23807816,0.418325509,0,78190.19434,0.981397833,0.980844553,1.196333014,-1.218836056,-1.004071224,2.247531963,-0.447110612
174,10,Kasena-Nankana West,2018,0,1112.738531,26.01186049,0.441020473,0,79860.77501,0.994787842,0.981397833,0.908503373,-0.545214414,-0.841658606,2.251093633,-0.447110612
175,10,Kasena-Nankana West,2019,0,681.9159902,26.69799415,0.440448197,0,81483.71052,0.994929839,0.994787842,1.781510353,-2.149777983,-0.845754,2.337290098,-0.447110612
176,10,Kasena-Nankana West,2020,0,1075.876911,26.4056683,0.443116994,0,83113.62487,0.99506569,0.994929839,1.409567512,-0.682502524,-0.826655206,2.33820419,-0.447110612
177,10,Kasena-Nankana West,2021,0,923.2177648,26.18247593,0.431408965,0,84780.39835,0.995195858,0.99506569,1.12558713,-1.251069118,-0.910441712,2.33907871,-0.447110612
178,10,Kasena-Nankana West,2022,0,1068.75269,26.02724184,0.432189648,0,86429.83396,0.995320881,0.995195858,0.928073939,-0.709036107,-0.904854889,2.339916653,-0.447110612
179,10,Kasena-Nankana West,2023,0,968.5587125,26.62580234,0.44365285,0,88096.50632,0.99544077,0.995320881,1.689656601,-1.082200441,-0.822820449,2.340721468,-0.447110612
180,10,Kasena-Nankana West,2024,0,973.0649424,26.71373891,0.438067191,0,89778.53669,0.995556424,0.99544077,1.801543311,-1.065417353,-0.86279326,2.341493243,-0.447110612
181,11,Wa West,2005,0,947.5472127,25.61543832,0.44489639,0,65790.07708,0.610228137,0.597198352,0.404112852,-1.160456065,-0.813921267,-0.222141262,-0.447110612
182,11,Wa West,2006,0,1084.772969,25.79276848,0.443030526,0,66875.44404,0.622892822,0.610228137,0.629740121,-0.649369879,-0.827274004,-0.138263694,-0.447110612
183,11,Wa West,2007,0,999.4963427,25.29341128,0.448141645,0,67768.8502,0.634973104,0.622892822,-0.005620516,-0.966975749,-0.790697159,-0.056736406,-0.447110612
184,11,Wa West,2008,0,1028.233625,24.95684916,0.441370885,0,67397.60743,0.646455904,0.634973104,-0.433847691,-0.859946074,-0.83915094,0.02102886,-0.447110612
185,11,Wa West,2009,0,1155.487864,25.80080627,0.478453096,0,69495.03708,0.657445917,0.646455904,0.639967062,-0.385997994,-0.573778451,0.094947912,-0.447110612
186,11,Wa West,2010,0,1005.991688,25.63175219,0.462780382,0,70739.69394,0.668039998,0.657445917,0.424869912,-0.942784363,-0.685937542,0.165694714,-0.447110612
187,11,Wa West,2011,0,944.1834201,25.5879724,0.465396529,0,72582.09298,0.678344708,0.668039998,0.369166395,-1.172984238,-0.667215536,0.233892751,-0.447110612
188,11,Wa West,2012,0,1071.89222,25.46346282,0.471271637,0,74692.70697,0.688344524,0.678344708,0.210745748,-0.697343184,-0.625171333,0.300228,-0.447110612
189,11,Wa West,2013,0,984.3739333,25.15192841,0.462749599,0,75609.73086,0.697996366,0.688344524,-0.185637248,-1.023297935,-0.686157837,0.364600531,-0.447110612
190,11,Wa West,2014,0,1098.422531,25.79310651,0.46135188,0,76842.32211,0.707274342,0.697996366,0.630170209,-0.598533193,-0.696160375,0.426733027,-0.447110612
191,11,Wa West,2015,0,893.2036462,25.76636651,0.445399475,0,82855.65101,0.716091393,0.707274342,0.596147385,-1.362854266,-0.810321028,0.486458807,-0.447110612
192,11,Wa West,2016,0,1105.768259,25.93866231,0.459282665,0,84759.23661,0.724535723,0.716091393,0.815369156,-0.571174627,-0.710968358,0.543217442,-0.447110612
193,11,Wa West,2017,0,855.370553,25.83157763,0.433832991,0,86697.52385,0.72696552,0.724535723,0.679119221,-1.503760549,-0.893094587,0.597576735,-0.447110612
194,11,Wa West,2018,0,1242.379863,25.5815056,0.473900174,0,88544.64523,0.734536669,0.72696552,0.360938308,-0.062375803,-0.606360657,0.613218245,-0.447110612
195,11,Wa West,2019,0,819.5899922,26.19849551,0.467230039,0,90352.95851,0.741768836,0.734536669,1.145969757,-1.637022342,-0.654094336,0.661956542,-0.447110612
196,11,Wa West,2020,0,954.5068159,25.97333204,0.473803327,0,92149.49677,0.748687908,0.741768836,0.859481434,-1.134535588,-0.607053729,0.708512689,-0.447110612
197,11,Wa West,2021,0,810.7349551,25.64290979,0.469824156,0,93997.28556,0.755317594,0.748687908,0.439066359,-1.670002209,-0.635529985,0.753053333,-0.447110612
198,11,Wa West,2022,0,952.2310761,25.63938546,0.471647411,0,95801.85676,0.761685177,0.755317594,0.434582157,-1.143011396,-0.622482171,0.795731081,-0.447110612
199,11,Wa West,2023,0,1044.268647,26.22217943,0.483132989,0,97647.10655,0.767791344,0.761685177,1.176104157,-0.800224938,-0.540287598,0.836721584,-0.447110612
200,11,Wa West,2024,2,1026.774077,25.98980106,0.474943425,0,99507.53414,0.773681772,0.767791344,0.880435912,-0.865382042,-0.598894811,0.876029249,-0.447110612
201,12,Sawla-Tuna-Kalba,2005,0,969.8261414,25.30406368,0.506296018,0,75304.62115,0.526995793,0.511183613,0.007933138,-1.077480005,-0.374525351,-0.775850118,-0.447110612
202,12,Sawla-Tuna-Kalba,2006,0,1088.56052,25.47126656,0.497370779,0,77009.78186,0.54236491,0.526995793,0.220674897,-0.635263454,-0.438397296,-0.674061234,-0.447110612
203,12,Sawla-Tuna-Kalba,2007,0,1017.856827,24.9196452,0.513978717,0,79097.50744,0.55702483,0.54236491,-0.481184416,-0.898593617,-0.319545439,-0.575124513,-0.447110612
204,12,Sawla-Tuna-Kalba,2008,0,1056.068768,24.99493239,0.495368532,0,80887.22509,0.57095968,0.55702483,-0.385392235,-0.756276344,-0.452726034,-0.480753161,-0.447110612
205,12,Sawla-Tuna-Kalba,2009,0,1169.543083,25.46516859,0.523264632,0,81914.70568,0.584296514,0.57095968,0.212916106,-0.333650474,-0.253092377,-0.391049347,-0.447110612
206,12,Sawla-Tuna-Kalba,2010,0,1010.617077,25.36950332,0.520288688,0,85051.78788,0.597152867,0.584296514,0.091195719,-0.925557479,-0.274389214,-0.305195189,-0.447110612
207,12,Sawla-Tuna-Kalba,2011,0,968.0889058,25.30397268,0.524422325,0,85739.13167,0.609658057,0.597152867,0.007817353,-1.083950197,-0.244807546,-0.222434063,-0.447110612
208,12,Sawla-Tuna-Kalba,2012,0,1078.285837,25.15764496,0.524190823,0,87262.38485,0.621793245,0.609658057,-0.178363744,-0.673530675,-0.246464253,-0.141933507,-0.447110612
209,12,Sawla-Tuna-Kalba,2013,0,981.870428,24.93557212,0.527988899,0,89866.56539,0.633506153,0.621793245,-0.46091968,-1.032622037,-0.219283968,-0.063814789,-0.447110612
210,12,Sawla-Tuna-Kalba,2014,0,1102.645707,25.47511791,0.51884834,0,90707.82099,0.644765359,0.633506153,0.225575185,-0.582804317,-0.284696816,0.011585553,-0.447110612
211,12,Sawla-Tuna-Kalba,2015,0,888.7720895,25.54795397,0.514088028,0,106856.3042,0.655465213,0.644765359,0.318248662,-1.379359239,-0.318763167,0.084065247,-0.447110612
212,12,Sawla-Tuna-Kalba,2016,0,1112.320339,25.7155052,0.520349184,0,109307.776,0.665712756,0.655465213,0.531433638,-0.546771937,-0.273956278,0.152944188,-0.447110612
213,12,Sawla-Tuna-Kalba,2017,0,854.646314,25.43488229,0.507315165,0,111808.2233,0.675368208,0.665712756,0.174381111,-1.506457918,-0.367232004,0.218911428,-0.447110612
214,12,Sawla-Tuna-Kalba,2018,0,1239.70563,25.38520813,0.525949103,0,114194.7676,0.684370131,0.675368208,0.111177842,-0.072335764,-0.233881421,0.281067161,-0.447110612
215,12,Sawla-Tuna-Kalba,2019,0,860.7664925,25.99645492,0.526916757,0,116531.9926,0.692969013,0.684370131,0.888901993,-1.483663811,-0.226956572,0.33901589,-0.447110612
216,12,Sawla-Tuna-Kalba,2020,0,911.5502847,25.87812286,0.508101677,0,118858.8216,0.701195634,0.692969013,0.738341364,-1.2945237,-0.361603465,0.39437009,-0.447110612
217,12,Sawla-Tuna-Kalba,2021,2,825.3069532,25.45434842,0.515209451,0,121252.0083,0.78301286,0.701195634,0.199148983,-1.615729985,-0.310737899,0.447327904,-0.447110612
218,12,Sawla-Tuna-Kalba,2022,0,1000.938238,25.37220983,0.539061335,0,123595.4208,0.894278071,0.78301286,0.094639367,-0.961605529,-0.140045977,0.974015808,-0.447110612
219,12,Sawla-Tuna-Kalba,2023,0,958.5687,25.8777344,0.536903068,0,125985.9501,0.896986907,0.894278071,0.737847102,-1.119407431,-0.155491251,1.690271339,-0.447110612
220,12,Sawla-Tuna-Kalba,2024,0,1026.409147,26.01109904,0.527240719,0,128391.4152,0.897381038,0.896986907,0.907534545,-0.866741195,-0.224638191,1.707709122,-0.447110612
221,13,Sissala East,2005,0,998.3591361,25.53955917,0.444062134,0.000862206,65874.19342,0.609978462,0.596940331,0.307567475,-0.971211183,-0.819891476,-0.22380224,-0.444130708
222,13,Sissala East,2006,0,1060.478686,25.66568228,0.443358427,0.000862206,67446.95496,0.615808487,0.609978462,0.468041099,-0.739851962,-0.824927438,-0.139870942,-0.444130708
223,13,Sissala East,2007,0,1093.304473,25.15264175,0.453974627,0.000862206,69325.34408,0.620834481,0.615808487,-0.184729614,-0.617594986,-0.748954422,-0.102340902,-0.444130708
224,13,Sissala East,2008,0,1079.721945,24.54316185,0.448142801,0.000862206,71634.55487,0.622579286,0.620834481,-0.960205643,-0.66818201,-0.790688883,-0.069986714,-0.444130708
225,13,Sissala East,2009,0,1152.245377,25.77223328,0.473487033,0.000862206,72885.39748,0.626138924,0.622579286,0.60361201,-0.398074374,-0.609317235,-0.058754752,-0.444130708
226,13,Sissala East,2010,0,1069.297646,25.60266926,0.485103203,0.000862206,74453.9006,0.628814973,0.626138924,0.387866037,-0.707006463,-0.526188099,-0.035840038,-0.444130708
227,13,Sissala East,2011,0,976.9161692,25.57109035,0.457421514,0.000862206,75329.67343,0.635805422,0.628814973,0.347686396,-1.051073772,-0.724287362,-0.018613319,-0.444130708
228,13,Sissala East,2012,0,1083.940176,25.37468495,0.464960647,0.000862206,76509.23383,0.640820438,0.635805422,0.097788602,-0.652471548,-0.670334853,0.0263868,-0.444130708
229,13,Sissala East,2013,0,1004.417229,25.16303163,0.457935929,0.000862206,78078.07405,0.648767186,0.640820438,-0.171509986,-0.948648308,-0.720606038,0.058670323,-0.444130708
230,13,Sissala East,2014,0,1111.633697,25.73366092,0.46805056,0.000862206,80898.61093,0.65355845,0.648767186,0.554534206,-0.549329278,-0.648222419,0.109826495,-0.444130708
231,13,Sissala East,2015,0,947.3878347,25.44866214,0.440832848,0.000862206,74238.07246,0.663993452,0.65355845,0.191913999,-1.161049656,-0.843001311,0.140669643,-0.444130708
232,13,Sissala East,2016,0,1120.557988,25.8004651,0.462702787,0.000862206,75953.48052,0.673987338,0.663993452,0.639532965,-0.516091484,-0.686492843,0.207843629,-0.444130708
233,13,Sissala East,2017,0,943.9516784,25.68915635,0.440601196,0.000862206,77700.92326,0.67665625,0.673987338,0.497908504,-1.173847341,-0.844659086,0.272177989,-0.444130708
234,13,Sissala East,2018,0,1185.952892,25.50473833,0.465026775,0.000862206,79368.16425,0.685622457,0.67665625,0.26326294,-0.272533474,-0.669861619,0.28935877,-0.444130708
235,13,Sissala East,2019,0,776.6631724,26.2314875,0.466713772,0.000862206,80998.18738,0.694187221,0.685622457,1.187947349,-1.796899797,-0.657788916,0.347077575,-0.444130708
236,13,Sissala East,2020,0,1147.69158,25.86863787,0.464282498,0.000862206,82624.74687,0.702381201,0.694187221,0.726273072,-0.415034623,-0.675187911,0.402212147,-0.444130708
237,13,Sissala East,2021,0,868.1898245,25.63205371,0.451302746,0.000862206,84293.17174,0.71023247,0.702381201,0.425253553,-1.456016213,-0.768075278,0.454959839,-0.444130708
238,13,Sissala East,2022,0,957.0000324,25.62564669,0.452217724,0.000862206,85928.7369,0.736826184,0.71023247,0.417101535,-1.125249806,-0.761527396,0.505501379,-0.444130708
239,13,Sissala East,2023,0,995.4783143,26.15549947,0.457167849,0.000862206,87595.68676,0.743569294,0.736826184,1.091263447,-0.98194057,-0.726102673,0.676695003,-0.444130708
240,13,Sissala East,2024,0,1048.456896,26.19694087,0.447849267,0.000862206,89274.90764,0.750074163,0.743569294,1.1439917,-0.784626146,-0.792789506,0.720102912,-0.444130708
241,14,Kasena-Nankana,2005,0,1016.326948,26.27605467,0.40363831,0,87989.03764,0.692217174,0.686873265,1.244652698,-0.904291527,-1.109177641,0.355129489,-0.447110612
242,14,Kasena-Nankana,2006,0,1024.962871,26.48822643,0.422937556,0,88838.87788,0.697271637,0.692217174,1.514610927,-0.872127732,-0.971065897,0.389530222,-0.447110612
243,14,Kasena-Nankana,2007,0,1084.449957,25.9652712,0.435265027,0,91355.22103,0.705552897,0.697271637,0.849225168,-0.650572912,-0.882846465,0.422067681,-0.447110612
244,14,Kasena-Nankana,2008,0,1064.230844,25.22467176,0.419952985,0,94136.00266,0.71129032,0.705552897,-0.093081729,-0.725877357,-0.992424467,0.475377227,-0.447110612
245,14,Kasena-Nankana,2009,0,1140.091692,26.62103422,0.42901448,0,94074.69869,0.715764925,0.71129032,1.683589853,-0.443339789,-0.927577435,0.512311153,-0.447110612
246,14,Kasena-Nankana,2010,0,1033.264529,26.37925097,0.447754434,0,95426.51709,0.720340303,0.715764925,1.375955232,-0.841208883,-0.793468164,0.541115851,-0.447110612
247,14,Kasena-Nankana,2011,0,982.9172406,26.37869135,0.415197472,0,97394.87236,0.725968636,0.720340303,1.375243194,-1.028723269,-1.026456481,0.570569258,-0.447110612
248,14,Kasena-Nankana,2012,0,1036.167779,26.22167994,0.439289999,0,99050.10766,0.729598142,0.725968636,1.175468627,-0.830395964,-0.854042446,0.606800931,-0.447110612
249,14,Kasena-Nankana,2013,0,946.8392165,25.95571459,0.422132673,0,100141.1373,0.733395537,0.729598142,0.837065751,-1.16309294,-0.976825905,0.630165408,-0.447110612
250,14,Kasena-Nankana,2014,0,1058.837925,26.53945867,0.416610898,0,102227.4762,0.737511052,0.733395537,1.57979663,-0.745962845,-1.016341541,0.654610654,-0.447110612
251,14,Kasena-Nankana,2015,0,950.8289927,26.23913582,0.393764641,0,98248.50532,0.743429575,0.737511052,1.197678733,-1.148233342,-1.17983686,0.681103756,-0.447110612
252,14,Kasena-Nankana,2016,0,1057.143349,26.59246126,0.42342953,0,100509.0188,0.745584132,0.743429575,1.647234839,-0.752274155,-0.967545167,0.719203484,-0.447110612
253,14,Kasena-Nankana,2017,0,916.629251,26.48919501,0.418265609,0,102814.7877,0.747090338,0.745584132,1.5158433,-1.275607503,-1.004499889,0.733073173,-0.447110612
254,14,Kasena-Nankana,2018,0,1112.555316,26.29597503,0.424344318,0,105023.6888,0.962986801,0.747090338,1.269998509,-0.545896783,-0.960998644,0.742769179,-0.447110612
255,14,Kasena-Nankana,2019,0,699.7108265,26.98215669,0.445114199,0,107194.0561,0.96213548,0.962986801,2.143066564,-2.08350256,-0.812362553,2.132574974,-0.447110612
256,14,Kasena-Nankana,2020,0,1119.205446,26.70651636,0.430916172,0,109347.6367,0.960682007,0.96213548,1.792353647,-0.521128917,-0.913968298,2.127094704,-0.447110612
257,14,Kasena-Nankana,2021,0,935.2901421,26.52490852,0.421080957,0,111566.7251,0.957101701,0.960682007,1.561283644,-1.20610653,-0.984352331,2.117738161,-0.447110612
258,14,Kasena-Nankana,2022,1,1116.612247,26.31492144,0.42068752,0,113727.8834,0.956585765,0.957101701,1.294105102,-0.530787074,-0.987167894,2.094690401,-0.447110612
259,14,Kasena-Nankana,2023,1,912.1088033,26.89816509,0.439877091,0,115941.6458,0.953146811,0.956585765,2.036199255,-1.292443543,-0.84984102,2.091369126,-0.447110612
260,14,Kasena-Nankana,2024,0,927.417133,27.01920469,0.423654742,0,118168.3457,0.951732504,0.953146811,2.190204844,-1.235428912,-0.965933481,2.069231303,-0.447110612
261,15,Yunyoo-Nasuan,2005,0,1079.717124,25.65152751,0.421928164,0,48527.10593,0.50348845,0.486890437,0.450031176,-0.668199963,-0.978289437,-0.932234321,-0.447110612
262,15,Yunyoo-Nasuan,2006,0,1019.982198,25.8016079,0.439117636,0,51215.20584,0.518643548,0.50348845,0.64098702,-0.890677844,-0.855275931,-0.825386738,-0.447110612
263,15,Yunyoo-Nasuan,2007,0,1127.156541,25.48244516,0.418503537,0,53218.07968,0.53406336,0.518643548,0.234898064,-0.491515709,-1.002797194,-0.727827739,-0.447110612
264,15,Yunyoo-Nasuan,2008,0,1165.367291,25.25017802,0.440576408,0,55813.16296,0.548720519,0.53406336,-0.060628664,-0.349202873,-0.844836475,-0.628564679,-0.447110612
265,15,Yunyoo-Nasuan,2009,0,1234.338348,26.06752039,0.432684176,0,58371.48339,0.561596615,0.548720519,0.979322636,-0.09232577,-0.901315881,-0.534211099,-0.447110612
266,15,Yunyoo-Nasuan,2010,0,1124.407373,25.82651889,0.442031196,0,60608.91455,0.573176891,0.561596615,0.672682695,-0.501754759,-0.834425535,-0.451322881,-0.447110612
267,15,Yunyoo-Nasuan,2011,0,1048.642242,25.89801884,0.407412446,0,59968.00999,0.584522335,0.573176891,0.763656149,-0.783935839,-1.082168683,-0.376776339,-0.447110612
268,15,Yunyoo-Nasuan,2012,0,1058.098771,25.59749052,0.445306008,0,56951.52822,0.597438958,0.584522335,0.381276843,-0.748715764,-0.810989907,-0.303741493,-0.447110612
269,15,Yunyoo-Nasuan,2013,0,941.0397381,25.47906282,0.419721623,0,61574.69576,0.60984661,0.597438958,0.230594525,-1.184692626,-0.994080171,-0.22059239,-0.447110612
270,15,Yunyoo-Nasuan,2014,0,1064.686344,25.80152751,0.417003704,0,67031.5264,0.621321352,0.60984661,0.640884729,-0.724180882,-1.013530495,-0.140719724,-0.447110612
271,15,Yunyoo-Nasuan,2015,0,955.7881015,25.83327208,0.387065996,0,53376.36342,0.632727352,0.621321352,0.68127516,-1.129763544,-1.227774568,-0.066852543,-0.447110612
272,15,Yunyoo-Nasuan,2016,0,1093.31446,26.00818881,0.416410731,0,54578.20479,0.641153369,0.632727352,0.903831694,-0.617557791,-1.017773999,0.006572121,-0.447110612
273,15,Yunyoo-Nasuan,2017,0,969.4303434,25.95547261,0.411172984,0,55809.24391,0.649565511,0.641153369,0.83675786,-1.078954122,-1.055257042,0.060813525,-0.447110612
274,15,Yunyoo-Nasuan,2018,0,1119.553807,25.78189388,0.419504422,0,56984.92444,0.659282934,0.649565511,0.615903745,-0.519831472,-0.995634531,0.114965612,-0.447110612
275,15,Yunyoo-Nasuan,2019,0,841.7465258,26.45753991,0.417687576,0,58135.79987,0.668565281,0.659282934,1.475566716,-1.554502132,-1.008636483,0.177520277,-0.447110612
276,15,Yunyoo-Nasuan,2020,0,1177.671529,26.17451476,0.412060954,0,59275.96062,0.677445778,0.668565281,1.115457677,-0.303376738,-1.048902434,0.237274194,-0.447110612
277,15,Yunyoo-Nasuan,2021,0,849.9881704,26.24924773,0.408852344,0,60452.19859,0.764522893,0.677445778,1.210544701,-1.523806796,-1.071864303,0.294441251,-0.447110612
278,15,Yunyoo-Nasuan,2022,0,1158.364649,25.78639026,0.42134569,0,61601.42109,0.77065092,0.764522893,0.621624748,-0.375283643,-0.982457818,0.854989019,-0.447110612
279,15,Yunyoo-Nasuan,2023,0,996.215344,26.24356265,0.413957115,0,62770.43727,0.775837213,0.77065092,1.203311248,-0.979195563,-1.035332885,0.894437401,-0.447110612
280,15,Yunyoo-Nasuan,2024,1,986.8363386,26.53722292,0.404550816,0,63946.34116,0.779254068,0.775837213,1.576951958,-1.014126907,-1.10264745,0.927823499,-0.447110612
281,16,Garu,2005,0,1012.204846,25.7589531,0.398218357,0,72513.04963,0.703526176,0.693615275,0.58671488,-0.919643961,-1.147964607,0.39853032,-0.447110612
282,16,Garu,2006,0,967.540425,25.85884296,0.421485044,0,77368.19579,0.713159369,0.703526176,0.713810454,-1.08599297,-0.981460554,0.46233047,-0.447110612
283,16,Garu,2007,0,1066.672065,25.50866805,0.404849758,0,80999.64347,0.722348045,0.713159369,0.268262942,-0.716785226,-1.100508124,0.524342917,-0.447110612
284,16,Garu,2008,0,1085.76937,25.08779477,0.418351465,0,82829.73792,0.731082256,0.722348045,-0.267238134,-0.645658864,-1.003885472,0.58349384,-0.447110612
285,16,Garu,2009,0,1143.995465,26.15142524,0.427330037,0,80419.15216,0.739441636,0.731082256,1.086079566,-0.428800502,-0.939631858,0.639719202,-0.447110612
286,16,Garu,2010,0,1025.561026,25.84908655,0.434546943,0,81850.29459,0.74638408,0.739441636,0.701396813,-0.869899952,-0.887985309,0.693531642,-0.447110612
287,16,Garu,2011,0,966.5837004,25.98591604,0.399018891,0,79690.74524,0.752692852,0.74638408,0.875492775,-1.089556213,-1.142235727,0.738222735,-0.447110612
288,16,Garu,2012,0,986.4016585,25.65104302,0.432615974,0,79235.45624,0.75829346,0.752692852,0.449414732,-1.015745837,-0.901803957,0.778834645,-0.447110612
289,16,Garu,2013,0,897.1022286,25.54034076,0.428201288,0,80209.46924,0.760965804,0.75829346,0.308561941,-1.348334312,-0.933396904,0.814887838,-0.447110612
290,16,Garu,2014,0,995.5967867,25.90879762,0.424787405,0,81346.8485,0.764207972,0.760965804,0.777370606,-0.981499329,-0.957827768,0.832090712,-0.447110612
291,16,Garu,2015,0,927.1671417,25.83618813,0.395064182,0,54861.27857,0.768971779,0.764207972,0.684985419,-1.236359985,-1.170536919,0.852961756,-0.447110612
292,16,Garu,2016,0,1028.002462,26.05324566,0.430257605,0,56082.15694,0.775843281,0.768971779,0.961160088,-0.860807024,-0.918681225,0.883628149,-0.447110612
293,16,Garu,2017,0,902.5288935,26.0005701,0.40804879,0,57340.4786,0.782317756,0.775843281,0.894137965,-1.328123139,-1.0776148,0.927862562,-0.447110612
294,16,Garu,2018,0,1040.706012,25.89009458,0.419546417,0,58537.16719,0.788354007,0.782317756,0.753573672,-0.813493683,-0.995334002,0.969541165,-0.447110612
295,16,Garu,2019,0,733.4350868,26.45471625,0.440350864,0,59733.15715,0.794119998,0.788354007,1.471974009,-1.957899291,-0.846450542,1.008398755,-0.447110612
296,16,Garu,2020,0,1101.034335,26.15906971,0.421690311,0,60891.00847,0.914469662,0.794119998,1.095806058,-0.588805741,-0.979991595,1.045516582,-0.447110612
297,16,Garu,2021,0,807.9362529,26.24902825,0.426638452,0,62120.14127,0.916725977,0.914469662,1.210265436,-1.680425748,-0.944581071,1.820252115,-0.447110612
298,16,Garu,2022,0,1040.426406,25.84174009,0.422690007,0,63312.86329,0.918893089,0.916725977,0.692049489,-0.814535053,-0.97283744,1.834776852,-0.447110612
299,16,Garu,2023,0,895.5288935,26.24789453,0.422417249,0,64527.98677,0.920971232,0.918893089,1.208822948,-1.354194071,-0.974789386,1.848727361,-0.447110612
300,16,Garu,2024,0,922.7990412,26.50726224,0.420788197,0,65741.1313,0.922975952,0.920971232,1.538831277,-1.25262862,-0.986447417,1.862105141,-0.447110612
301,17,East Mamprusi,2005,0,1076.97238,25.32306857,0.421388264,0.000429399,98542.951,0.578999776,0.564926051,0.032114137,-0.678422538,-0.982153143,-0.429890064,-0.445626549
302,17,East Mamprusi,2006,0,1035.354466,25.49385321,0.44187443,0.000429399,101459.8252,0.592679151,0.578999776,0.249413179,-0.833425079,-0.835547403,-0.339292259,-0.445626549
303,17,East Mamprusi,2007,0,1116.28817,25.09511347,0.425358551,0.000429399,104966.5943,0.6057273,0.592679151,-0.257926127,-0.531994073,-0.953740462,-0.251233038,-0.445626549
304,17,East Mamprusi,2008,0,1148.190101,24.96792129,0.434550979,0.000429399,106991.0176,0.618130097,0.6057273,-0.419759987,-0.41317792,-0.887956427,-0.167237252,-0.445626549
305,17,East Mamprusi,2009,0,1219.664896,25.72063737,0.437800432,0.000429399,111232.7549,0.630000626,0.618130097,0.5379636,-0.146975851,-0.864702274,-0.087395836,-0.445626549
306,17,East Mamprusi,2010,0,1111.646741,25.48237084,0.435092497,0.000429399,115290.6252,0.6414435,0.630000626,0.234803498,-0.549280699,-0.884081148,-0.01098083,-0.445626549
307,17,East Mamprusi,2011,0,1037.488749,25.54205456,0.40539097,0.000429399,119380.7003,0.652573819,0.6414435,0.310742508,-0.825476116,-1.096635033,0.062681206,-0.445626549
308,17,East Mamprusi,2012,0,1063.743409,25.23106229,0.437352271,0.000429399,125153.6111,0.663374816,0.652573819,-0.084950695,-0.727692768,-0.867909464,0.134331207,-0.445626549
309,17,East Mamprusi,2013,0,951.6955577,25.11524384,0.417211804,0.000429399,129352.0333,0.67379996,0.663374816,-0.232313107,-1.145005891,-1.012041264,0.203861239,-0.445626549
310,17,East Mamprusi,2014,0,1078.874988,25.49919121,0.415484644,0.000429399,133456.5434,0.683821283,0.67379996,0.256205022,-0.671336431,-1.024401386,0.270971765,-0.445626549
311,17,East Mamprusi,2015,0,963.8843071,25.48612023,0.387507801,0.000429399,172019.8854,0.693344753,0.683821283,0.239574069,-1.099609884,-1.224612864,0.33548275,-0.445626549
312,17,East Mamprusi,2016,0,1096.728827,25.70697248,0.409009295,0.000429399,176013.6969,0.700237415,0.693344753,0.520576974,-0.604841259,-1.070741108,0.396788863,-0.445626549
313,17,East Mamprusi,2017,0,951.1783197,25.62144616,0.403949515,0.000429399,180082.4503,0.708895667,0.700237415,0.411756965,-1.146932302,-1.106950556,0.441159491,-0.445626549
314,17,East Mamprusi,2018,0,1132.736552,25.43691695,0.41175198,0.000429399,183963.0511,0.716967886,0.708895667,0.176969926,-0.470733408,-1.051113553,0.496895878,-0.445626549
315,17,East Mamprusi,2019,0,827.4230806,26.11617817,0.420486142,0.000429399,187755.1202,0.724678689,0.716967886,1.041232716,-1.60784864,-0.988609022,0.548859754,-0.445626549
316,17,East Mamprusi,2020,0,1223.915548,25.81509416,0.407694209,0.000429399,191543.6601,0.732055677,0.724678689,0.658146353,-0.131144643,-1.080152298,0.59849706,-0.445626549
317,17,East Mamprusi,2021,0,899.6815065,25.81678416,0.405612691,0.000429399,195427.4378,0.739124125,0.732055677,0.660296642,-1.338728001,-1.095048327,0.645985474,-0.445626549
318,17,East Mamprusi,2022,0,1156.654418,25.45158619,0.411495547,0.000429399,199236.6548,0.745913125,0.739124125,0.195634439,-0.38165326,-1.052948677,0.691487703,-0.445626549
319,17,East Mamprusi,2023,0,946.3285369,25.91782231,0.408350766,0.000429399,203122.801,0.752423408,0.745913125,0.788853236,-1.164994924,-1.075453761,0.735191022,-0.445626549
320,17,East Mamprusi,2024,0,976.9160792,26.18990826,0.397498176,0.000429399,207038.0401,0.758703674,0.752423408,1.135043703,-1.051074107,-1.153118463,0.77710013,-0.445626549
321,18,Bawku West,2005,0,1001.598676,25.87529453,0.396932884,0,87185.18801,0.719638328,0.710266045,0.734742713,-0.959145781,-1.157163878,0.505717515,-0.447110612
322,18,Bawku West,2006,0,972.992685,26.0021252,0.416366036,0,88515.12437,0.728747996,0.719638328,0.896116615,-1.06568647,-1.018093856,0.566050386,-0.447110612
323,18,Bawku West,2007,0,1060.570571,25.57695388,0.404151261,0,89903.40332,0.737437305,0.728747996,0.355146895,-0.739509747,-1.105506798,0.624692707,-0.447110612
324,18,Bawku West,2008,0,1064.684916,25.18059983,0.416772683,0,91224.32247,0.745696847,0.737437305,-0.149156958,-0.724186203,-1.015183752,0.680629017,-0.447110612
325,18,Bawku West,2009,0,1125.342573,26.23576269,0.424078793,0,92803.23717,0.753601929,0.745696847,1.193386908,-0.498271683,-0.96289883,0.733798758,-0.447110612
326,18,Bawku West,2010,0,1011.167013,25.93030338,0.4348827,0,94171.00084,0.761222218,0.753601929,0.804733616,-0.923509285,-0.885582526,0.78468671,-0.447110612
327,18,Bawku West,2011,0,957.8214368,26.01561947,0.402422629,0,95613.4924,0.768634363,0.761222218,0.913286136,-1.122190552,-1.117877456,0.833741343,-0.447110612
328,18,Bawku West,2012,0,988.2072842,25.74018634,0.431369268,0,97152.49524,0.775827199,0.768634363,0.562836865,-1.009020931,-0.910725795,0.881456078,-0.447110612
329,18,Bawku West,2013,0,897.3158543,25.59569955,0.419194482,0,98682.51129,0.782769739,0.775827199,0.378998078,-1.34753868,-0.997852564,0.927759037,-0.447110612
330,18,Bawku West,2014,0,995.000693,26.06140371,0.422187039,0,100103.6276,0.789443357,0.782769739,0.971540043,-0.983719431,-0.976436843,0.972450745,-0.447110612
331,18,Bawku West,2015,0,932.6270886,25.8977516,0.391834424,0,131839.208,0.795208471,0.789443357,0.763316127,-1.216024856,-1.19365013,1.01541131,-0.447110612
332,18,Bawku West,2016,0,1025.494032,26.14830985,0.421855604,0,134880.9345,0.79655631,0.795208471,1.082115676,-0.870149465,-0.978808704,1.052523491,-0.447110612
333,18,Bawku West,2017,0,896.0827751,26.07640718,0.400390172,0,137980.8508,0.801357025,0.79655631,0.990629807,-1.352131184,-1.132422384,1.061200032,-0.447110612
334,18,Bawku West,2018,0,1055.593363,25.95930546,0.409613019,0,140938.2113,0.806865323,0.801357025,0.841634615,-0.758046954,-1.06642066,1.092104017,-0.447110612
335,18,Bawku West,2019,0,720.0857781,26.52169477,0.443543826,0,143829.8567,0.812127,0.806865323,1.557194604,-2.007617707,-0.823600656,1.127562983,-0.447110612
336,18,Bawku West,2020,0,1136.381535,26.27261107,0.427567707,0,146714.0776,0.921950452,0.812127,1.240271211,-0.457157965,-0.937931014,1.161434352,-0.447110612
337,18,Bawku West,2021,0,832.1439901,26.2041272,0.42752129,0,149675.4327,0.924009421,0.921950452,1.153135281,-1.590265996,-0.938263189,1.86840874,-0.447110612
338,18,Bawku West,2022,0,1077.426657,25.83868484,0.422625553,0,152578.2111,0.92598699,0.924009421,0.688162121,-0.676730621,-0.973298691,1.881663092,-0.447110612
339,18,Bawku West,2023,0,880.5728036,26.36513822,0.430272505,0,155536.2114,0.927883372,0.92598699,1.357998771,-1.409896813,-0.91857459,1.894393439,-0.447110612
340,18,Bawku West,2024,0,942.5336105,26.546073,0.424171191,0,158515.7029,0.929447402,0.927883372,1.588212409,-1.179128819,-0.962237598,1.906601151,-0.447110612
341,19,Dormaa East,2005,0,1056.719165,24.08271785,0.655672898,0.011750865,51365.26417,0.602597068,0.589312182,-1.546054802,-0.753853994,0.694464684,-0.272907471,-0.406497999
342,19,Dormaa East,2006,0,1198.379215,24.42471172,0.690527781,0.011750865,53279.08088,0.615509706,0.602597068,-1.110916501,-0.226252643,0.943897673,-0.187387723,-0.406497999
343,19,Dormaa East,2007,0,1303.889943,24.0337323,0.656155107,0.011750865,54553.72955,0.627826499,0.615509706,-1.60838191,0.166713497,0.697915526,-0.104264269,-0.406497999
344,19,Dormaa East,2008,0,1450.411327,24.17450737,0.689238844,0.011750865,56728.38556,0.639534113,0.627826499,-1.429265762,0.712420492,0.934673621,-0.024976492,-0.406497999
345,19,Dormaa East,2009,0,1428.321705,24.27547073,0.670693784,0.011750865,58501.98733,0.650739292,0.639534113,-1.300804318,0.630149489,0.801959078,0.050389769,-0.406497999
346,19,Dormaa East,2010,0,1235.788644,24.6788644,0.714768446,0.011750865,60652.89566,0.661540787,0.650739292,-0.787543557,-0.086924262,1.117371838,0.122521673,-0.406497999
347,19,Dormaa East,2011,0,1134.871989,24.31362575,0.655635844,0.011750865,63002.78667,0.672047245,0.661540787,-1.252257518,-0.462780146,0.69419951,0.192054911,-0.406497999
348,19,Dormaa East,2012,0,1238.381696,24.1756167,0.662449842,0.011750865,63501.48573,0.68224284,0.672047245,-1.427854302,-0.07726665,0.742962721,0.259688891,-0.406497999
349,19,Dormaa East,2013,0,1038.547949,23.93520654,0.7040662,0.011750865,64082.64442,0.692083649,0.68224284,-1.733741855,-0.821531212,1.04078305,0.325321727,-0.406497999
350,19,Dormaa East,2014,0,1175.91972,24.49460663,0.647442019,0.011750865,66350.38269,0.699744081,0.692083649,-1.021985227,-0.309901208,0.635561805,0.388670671,-0.406497999
351,19,Dormaa East,2015,0,1006.581375,24.62810539,0.645413286,0.011750865,60699.40985,0.708787948,0.699744081,-0.852127143,-0.940588122,0.621043525,0.437983723,-0.406497999
352,19,Dormaa East,2016,0,1149.200555,24.77505474,0.623658938,0.011750865,62113.54415,0.717449505,0.708787948,-0.665155106,-0.409414569,0.465362264,0.496202453,-0.406497999
353,19,Dormaa East,2017,0,1113.743103,24.52628813,0.690480633,0.011750865,63553.24328,0.725610608,0.717449505,-0.98167504,-0.541472967,0.943560271,0.551960119,-0.406497999
354,19,Dormaa East,2018,0,1342.752445,24.68894322,0.70508245,0.011750865,64928.73764,0.733219328,0.725610608,-0.774719698,0.311453729,1.048055673,0.604496174,-0.406497999
355,19,Dormaa East,2019,0,1254.204058,24.99857685,0.737232749,0.011750865,66272.84655,0.740487384,0.733219328,-0.380755175,-0.018337548,1.278133775,0.653476331,-0.406497999
356,19,Dormaa East,2020,0,925.8084951,24.93934462,0.680985486,0.011750865,67616.25878,0.747440792,0.740487384,-0.456119718,-1.241420154,0.875609879,0.70026351,-0.406497999
357,19,Dormaa East,2021,0,1139.886002,25.13525763,0.733964858,0.011750865,68995.10564,0.754103377,0.747440792,-0.20684843,-0.444105864,1.254747672,0.745025183,-0.406497999
358,19,Dormaa East,2022,0,1244.216903,24.08005401,0.675914353,0.011750865,70349.00076,0.760502559,0.754103377,-1.549444163,-0.055533897,0.839319185,0.787914715,-0.406497999
359,19,Dormaa East,2023,0,1116.176763,25.03322873,0.699716439,0.011750865,71726.3972,0.766639027,0.760502559,-0.336665618,-0.532409001,1.00965473,0.829108631,-0.406497999
360,19,Dormaa East,2024,0,903.2138374,24.48005401,0.648423948,0.011750865,73114.35115,0.772558686,0.766639027,-1.040501355,-1.325572121,0.642588811,0.868611357,-0.406497999
361,20,Berekum,2005,0,1023.098222,24.15127491,0.647415638,0.014314062,65818.45809,0.608825172,0.595748487,-1.458825741,-0.879072465,0.635373016,-0.231474583,-0.397639238
362,20,Berekum,2006,0,1174.654516,24.4797091,0.69424023,0.014314062,66284.40535,0.621535443,0.608825172,-1.040940195,-0.314613357,0.970465184,-0.147295101,-0.397639238
363,20,Berekum,2007,0,1270.908601,24.12754534,0.654261317,0.014314062,68239.39444,0.633659207,0.621535443,-1.489018232,0.043877167,0.684362943,-0.06547436,-0.397639238
364,20,Berekum,2008,0,1351.115999,24.23268989,0.653768278,0.014314062,72358.54124,0.645183339,0.633659207,-1.355236825,0.342603108,0.680834597,0.012570818,-0.397639238
365,20,Berekum,2009,0,1340.857605,24.35386066,0.686787606,0.014314062,72900.89498,0.65621291,0.645183339,-1.201064349,0.30439655,0.917131758,0.086755938,-0.397639238
366,20,Berekum,2010,0,1170.316394,24.75386066,0.664308113,0.014845853,71316.45745,0.666845124,0.65621291,-0.692121541,-0.330770339,0.756261119,0.15775739,-0.395801293
367,20,Berekum,2011,0,1093.349075,24.383884,0.644752781,0.015377608,78027.97619,0.677186925,0.666845124,-1.162863938,-0.617428868,0.616316737,0.226200903,-0.393963476
368,20,Berekum,2012,0,1215.613755,24.23927096,0.637348333,0.015909404,80091.19942,0.685886767,0.677186925,-1.34686335,-0.162063998,0.563328069,0.292774922,-0.392125513
369,20,Berekum,2013,0,1030.061232,24.02754534,0.66427553,0.015909404,83757.05046,0.695547648,0.685886767,-1.616253934,-0.853139302,0.756027943,0.348779038,-0.392125513
370,20,Berekum,2014,0,1144.770336,24.5794218,0.629502368,0.016441185,85801.3835,0.704900852,0.695547648,-0.914070047,-0.425914559,0.50717977,0.410969718,-0.390287605
371,20,Berekum,2015,0,984.9619321,24.70386066,0.628091242,0.016972966,100083.4574,0.713789393,0.704900852,-0.755739392,-1.021107981,0.497081289,0.47117977,-0.388449697
372,20,Berekum,2016,0,1130.325732,24.83699048,0.588173905,0.016972966,102393.0129,0.722302192,0.713789393,-0.586350724,-0.479712314,0.211419705,0.528398617,-0.388449697
373,20,Berekum,2017,0,1064.47531,24.60965164,0.664693316,0.017504726,104751.159,0.730323132,0.722302192,-0.875606893,-0.724966863,0.759017754,0.583198668,-0.386611862
374,20,Berekum,2018,0,1304.749327,24.7364877,0.676442308,0.017504726,107000.0078,0.737801175,0.730323132,-0.714226146,0.169914201,0.843097402,0.634832439,-0.386611862
375,20,Berekum,2019,0,1244.751122,25.1041749,0.66328941,0.017504726,109189.8995,0.744944405,0.737801175,-0.246396759,-0.053544239,0.748970941,0.682971382,-0.386611862
376,20,Berekum,2020,0,929.4566349,24.91044173,0.655767909,0.017504726,111388.0952,0.899197048,0.744944405,-0.492894513,-1.227832953,0.695144614,0.72895501,-0.386611862
377,20,Berekum,2021,0,1071.269887,25.10536901,0.692053775,0.017504726,113647.1534,0.901856259,0.899197048,-0.244877425,-0.699661012,0.954818189,1.72193662,-0.386611862
378,20,Berekum,2022,0,1191.527563,24.14876998,0.644741261,0.017504726,115861.0602,0.904410339,0.901856259,-1.462012917,-0.251771062,0.616234297,1.739054948,-0.386611862
379,20,Berekum,2023,0,1087.134674,25.14354462,0.632877262,0.018568272,118119.4875,0.906859563,0.904410339,-0.196304413,-0.640573901,0.531331618,1.755496512,-0.382936101
380,20,Berekum,2024,0,821.0531514,24.62892799,0.5952017,0.019631817,120394.0748,0.909222253,0.906859563,-0.851080492,-1.631572925,0.261712921,1.771263078,-0.37926034
381,21,Jaman South,2005,0,983.7053385,24.16257567,0.620528378,0.003913881,78106.93325,0.612978396,0.600040551,-1.44444714,-1.025788062,0.44295895,-0.203844972,-0.433583698
382,21,Jaman South,2006,0,1178.647441,24.47037975,0.672858866,0.003913881,78763.2536,0.625553719,0.612978396,-1.052810468,-0.299742033,0.817453112,-0.12055925,-0.433583698
383,21,Jaman South,2007,0,1249.92306,24.11110622,0.6143078,0.003913881,80082.63005,0.637548761,0.625553719,-1.509934663,-0.034281777,0.398442446,-0.039607225,-0.433583698
384,21,Jaman South,2008,0,1282.849752,24.18354981,0.644794654,0.003913881,81563.90544,0.648950538,0.637548761,-1.417760555,0.088351015,0.616616395,0.037609323,-0.433583698
385,21,Jaman South,2009,0,1308.939901,24.31760594,0.681999295,0.003913881,82571.99968,0.659863005,0.648950538,-1.247193288,0.185521654,0.882865029,0.111006797,-0.433583698
386,21,Jaman South,2010,0,1140.350908,24.71379747,0.665778119,0.003913881,84101.79612,0.670382333,0.659863005,-0.743096221,-0.442374359,0.76678096,0.181254404,-0.433583698
387,21,Jaman South,2011,0,1074.062521,24.3810732,0.614536283,0.003913881,85199.49851,0.680614332,0.670382333,-1.166440283,-0.689260075,0.400077549,0.248971231,-0.433583698
388,21,Jaman South,2012,0,1209.24634,24.22055036,0.646209689,0.004240027,87072.20711,0.690543588,0.680614332,-1.370682645,-0.185778917,0.626742849,0.314838413,-0.432456494
389,21,Jaman South,2013,0,992.7272427,24.00980187,0.665722155,0.004240027,88735.43931,0.700127326,0.690543588,-1.638829961,-0.992186712,0.766380466,0.378756727,-0.432456494
390,21,Jaman South,2014,0,1134.398899,24.51997248,0.660117921,0.004240027,90605.89727,0.709339836,0.700127326,-0.989710803,-0.464542132,0.726274726,0.440450811,-0.432456494
391,21,Jaman South,2015,0,964.7933957,24.67055036,0.60633435,0.004240027,100468.8083,0.718094673,0.709339836,-0.798121986,-1.096224057,0.341381822,0.499755162,-0.432456494
392,21,Jaman South,2016,1,1094.443038,24.84383599,0.599176598,0.004240027,102775.7559,0.726479419,0.718094673,-0.577640791,-0.613354493,0.290158595,0.556113304,-0.432456494
393,21,Jaman South,2017,0,1026.98525,24.59557512,0.680470699,0.004240027,105129.7323,0.734379705,0.726479419,-0.893517251,-0.864595545,0.871925889,0.610089033,-0.432456494
394,21,Jaman South,2018,0,1284.271436,24.69350028,0.685601022,0.004240027,107374.8727,0.741745261,0.734379705,-0.768921497,0.093645962,0.908640167,0.66094611,-0.432456494
395,21,Jaman South,2019,0,1183.348266,24.98627958,0.705332336,0.004240027,109570.0765,0.74878104,0.741745261,-0.396401691,-0.28223419,1.049843934,0.708360931,-0.432456494
396,21,Jaman South,2020,0,878.5190974,24.74898734,0.678630421,0.004240027,111756.7494,0.755512227,0.74878104,-0.698322138,-1.417545675,0.858756261,0.753652857,-0.432456494
397,21,Jaman South,2021,0,1059.020583,24.98304348,0.702143128,0.004240027,114004.7609,0.761961885,0.755512227,-0.40051917,-0.745282549,1.027020915,0.796984011,-0.432456494
398,21,Jaman South,2022,0,1157.398349,24.1341497,0.675119124,0.004240027,116206.487,0.768156558,0.761961885,-1.480615132,-0.37888255,0.833628263,0.838502855,-0.432456494
399,21,Jaman South,2023,0,1045.524161,25.13621904,0.657487676,0.004240027,118449.8341,0.774096913,0.768156558,-0.205625166,-0.795548879,0.707451831,0.878380271,-0.432456494
400,21,Jaman South,2024,0,804.0503027,24.62747936,0.627286679,0.004240027,120709.0236,0.779827389,0.774096913,-0.85292367,-1.694898654,0.49132357,0.916620545,-0.432456494
401,22,Sunyani West,2005,0,1051.347987,24.29637858,0.626910392,0.007986945,99995.61735,0.594176575,0.580610199,-1.274202076,-0.773858512,0.488630735,-0.328925371,-0.419506628
402,22,Sunyani West,2006,0,1165.676864,24.62380859,0.673818965,0.008452115,101474.9166,0.607362817,0.594176575,-0.857594205,-0.348049893,0.824323896,-0.241593561,-0.417898934
403,22,Sunyani West,2007,0,1293.478138,24.27372601,0.642954245,0.008452115,102225.924,0.619940588,0.607362817,-1.303024225,0.127935573,0.603445824,-0.156708821,-0.417898934
404,22,Sunyani West,2008,0,1377.057723,24.38877399,0.630513114,0.008452115,104200.4631,0.631896272,0.619940588,-1.156642131,0.439220949,0.514412999,-0.075741031,-0.417898934
405,22,Sunyani West,2009,0,1336.727115,24.50208399,0.660992338,0.008452115,102660.7976,0.643338876,0.631896272,-1.012471353,0.289012878,0.732532343,0.001222151,-0.417898934
406,22,Sunyani West,2010,0,1181.770761,24.90356637,0.661160659,0.008684695,106855.0119,0.654369241,0.643338876,-0.501642423,-0.288109479,0.7337369,0.074882443,-0.417095108
407,22,Sunyani West,2011,0,1102.064879,24.50681818,0.641746254,0.008808741,105910.4189,0.665098319,0.654369241,-1.006447769,-0.584967565,0.594801039,0.145889008,-0.416666387
408,22,Sunyani West,2012,0,1226.404687,24.3903822,0.636804062,0.008808741,107057.7105,0.675509947,0.665098319,-1.154595914,-0.121874047,0.559433087,0.214956071,-0.416666387
409,22,Sunyani West,2013,0,1066.797027,24.17216499,0.669621242,0.008808741,108600.3907,0.683189947,0.675509947,-1.432246108,-0.716319814,0.794283612,0.281979588,-0.416666387
410,22,Sunyani West,2014,0,1152.074788,24.76650676,0.624798298,0.008929136,114074.8425,0.692922797,0.683189947,-0.67603118,-0.398709721,0.473515896,0.331418603,-0.416250285
411,22,Sunyani West,2015,0,999.7104435,24.85471453,0.607298891,0.009515622,126629.4065,0.702172124,0.692922797,-0.563799405,-0.966178348,0.34828439,0.394072576,-0.414223308
412,22,Sunyani West,2016,0,1158.16263,24.94356716,0.594809814,0.009515622,129538.2474,0.711030456,0.702172124,-0.450747141,-0.376036048,0.258908455,0.453613933,-0.414223308
413,22,Sunyani West,2017,0,1084.217049,24.72796477,0.642617725,0.00957947,132505.0028,0.719376966,0.711030456,-0.725070357,-0.651440357,0.601037571,0.510638315,-0.414002641
414,22,Sunyani West,2018,0,1311.836977,24.86626691,0.658582187,0.009812045,135333.7675,0.884002814,0.719376966,-0.549100659,0.196311579,0.71528451,0.564367897,-0.41319883
415,22,Sunyani West,2019,0,1238.728688,25.32016357,0.639620293,0.009812045,138103.5892,0.887162991,0.884002814,0.02841795,-0.075974305,0.579586963,1.624125691,-0.41319883
416,22,Sunyani West,2020,0,979.1527996,25.12825181,0.615144259,0.009960719,140860.0965,0.890186358,0.887162991,-0.215762331,-1.042743623,0.404428425,1.644468922,-0.412684991
417,22,Sunyani West,2021,1,1053.692042,25.28351683,0.678120723,0.009960719,143696.3317,0.893083273,0.890186358,-0.018209793,-0.76512827,0.855108692,1.663931457,-0.412684991
418,22,Sunyani West,2022,0,1216.888566,24.29123938,0.613822938,0.009960719,146462.4385,0.902381588,0.893083273,-1.280740967,-0.157316069,0.394972614,1.682579979,-0.412684991
419,22,Sunyani West,2023,0,1144.178751,25.25143913,0.617667771,0.010435904,149287.5911,0.901305223,0.902381588,-0.059024076,-0.428117868,0.422487508,1.74243669,-0.411042685
420,22,Sunyani West,2024,0,837.972397,24.78067789,0.590864812,0.010668493,152133.3006,0.901533437,0.901305223,-0.658000452,-1.568558568,0.230676726,1.735507727,-0.410238827
421,23,Asunafo North,2005,0,1187.248407,24.3970255,0.674513304,0.006288938,105990.0657,0.588699957,0.574950501,-1.146143264,-0.267708434,0.829292816,-0.365358948,-0.425375174
422,23,Asunafo North,2006,0,1281.046034,24.7371577,0.700764165,0.006288938,108063.6079,0.602064148,0.588699957,-0.713373671,0.081633212,1.017152601,-0.276848589,-0.425375174
423,23,Asunafo North,2007,0,1490.568284,24.38012571,0.659239514,0.006288938,110497.4238,0.614811657,0.602064148,-1.167645827,0.861981817,0.719988559,-0.190818323,-0.425375174
424,23,Asunafo North,2008,0,1640.097085,24.45931893,0.681039112,0.006288938,112973.4077,0.626928684,0.614811657,-1.066883772,1.418889693,0.875993644,-0.108757867,-0.425375174
425,23,Asunafo North,2009,0,1578.178765,24.57170975,0.64151849,0.006288938,115464.6222,0.638525706,0.626928684,-0.923882527,1.188279941,0.593171085,-0.030756061,-0.425375174
426,23,Asunafo North,2010,0,1444.42186,25.03377597,0.690530986,0.006288938,118120.8327,0.649704928,0.638525706,-0.335969331,0.69011321,0.943920615,0.043898283,-0.425375174
427,23,Asunafo North,2011,0,1271.210694,24.59992328,0.648799024,0.006288938,121047.0381,0.660578795,0.649704928,-0.887984848,0.045002287,0.645272981,0.115863087,-0.425375174
428,23,Asunafo North,2012,0,1383.708864,24.49552054,0.653514529,0.006288938,123728.8096,0.671130928,0.660578795,-1.020822405,0.463992588,0.679018681,0.185862215,-0.425375174
429,23,Asunafo North,2013,0,1134.85635,24.29243685,0.635829869,0.006288938,126539.3676,0.681315869,0.671130928,-1.279217361,-0.462838393,0.552461446,0.253790219,-0.425375174
430,23,Asunafo North,2014,0,1281.021542,24.76759325,0.659834985,0.006288938,130141.1466,0.691106293,0.681315869,-0.674648783,0.081541992,0.72424994,0.319354465,-0.425375174
431,23,Asunafo North,2015,0,1104.233829,24.99101157,0.640842302,0.006288938,138387.3726,0.700410334,0.691106293,-0.390380916,-0.576889487,0.58833206,0.382379066,-0.425375174
432,23,Asunafo North,2016,0,1250.988905,25.07095137,0.643914487,0.006463683,141573.0593,0.709321068,0.700410334,-0.288668948,-0.030312125,0.610317628,0.442272637,-0.424771232
433,23,Asunafo North,2017,0,1267.96695,24.84889636,0.697371085,0.006463683,144823.0812,0.71771695,0.709321068,-0.571202192,0.032921226,0.992870604,0.499634345,-0.424771232
434,23,Asunafo North,2018,0,1481.091596,25.01275083,0.716339381,0.006463683,147923.0816,0.725544558,0.71771695,-0.362720817,0.826686662,1.128613965,0.553681761,-0.424771232
435,23,Asunafo North,2019,0,1442.338704,25.34204438,0.709292173,0.006463683,150959.0374,0.733021702,0.725544558,0.056258149,0.682354663,1.078181833,0.604070984,-0.424771232
436,23,Asunafo North,2020,0,1082.400791,25.22257436,0.690999243,0.006463683,153983.2277,0.740175147,0.733021702,-0.095750368,-0.658204865,0.947271612,0.65220414,-0.424771232
437,23,Asunafo North,2021,0,1269.845904,25.45570703,0.714688086,0.006463683,157091.9652,0.777829566,0.740175147,0.200877624,0.039919238,1.116796754,0.698253521,-0.424771232
438,23,Asunafo North,2022,0,1282.779922,24.49165191,0.691965898,0.006463683,160140.5106,0.783611301,0.777829566,-1.025744679,0.088090938,0.954189317,0.940649016,-0.424771232
439,23,Asunafo North,2023,1,1350.137925,25.29165781,0.678379423,0.006463683,163245.7843,0.78915567,0.783611301,-0.007851554,0.338960349,0.856960036,0.977868193,-0.424771232
440,23,Asunafo North,2024,1,1062.946766,24.72712169,0.649378516,0.006463683,166371.8827,0.794504151,0.78915567,-0.726143048,-0.730659801,0.649420014,1.013559362,-0.424771232
441,24,Nkoranza North,2005,0,1106.179349,24.72585897,0.622953513,0.001171295,60977.24763,0.605341454,0.592148311,-0.727749688,-0.569643556,0.460314014,-0.254650255,-0.443062455
442,24,Nkoranza North,2006,0,1132.93602,25.04156323,0.614701092,0.001171295,62970.52317,0.61816492,0.605341454,-0.326061152,-0.469990509,0.401256977,-0.169721088,-0.443062455
443,24,Nkoranza North,2007,0,1322.163399,24.74795527,0.596419298,0.001171295,64369.65062,0.630396656,0.61816492,-0.699635305,0.234771498,0.270426452,-0.087171669,-0.443062455
444,24,Nkoranza North,2008,0,1385.246447,24.82705523,0.605393208,0.001171295,66568.66899,0.642023419,0.630396656,-0.598991918,0.469719189,0.334646696,-0.008431438,-0.443062455
445,24,Nkoranza North,2009,0,1277.98333,24.89986808,0.620388284,0.001171295,68575.58674,0.653151217,0.642023419,-0.50634797,0.070226421,0.441956391,0.066414358,-0.443062455
446,24,Nkoranza North,2010,0,1215.003178,25.28748576,0.625945822,0.001171295,70349.45673,0.663878119,0.653151217,-0.013159897,-0.164338042,0.481727954,0.138048134,-0.443062455
447,24,Nkoranza North,2011,0,1144.094262,24.92721413,0.622754648,0.001171295,71907.86843,0.674312022,0.663878119,-0.471554037,-0.428432543,0.458890865,0.20710119,-0.443062455
448,24,Nkoranza North,2012,0,1238.058164,24.79385081,0.618241886,0.001171295,74061.31043,0.684437209,0.674312022,-0.641239787,-0.078471619,0.42659606,0.274268102,-0.443062455
449,24,Nkoranza North,2013,0,1139.378485,24.59842897,0.637650209,0.001171295,76209.37747,0.694210058,0.684437209,-0.889886135,-0.445996068,0.5654884,0.339447691,-0.443062455
450,24,Nkoranza North,2014,0,1195.448462,25.09701985,0.632355647,0.001171295,78521.22012,0.703604355,0.694210058,-0.255500536,-0.237167994,0.527598771,0.40235916,-0.443062455
451,24,Nkoranza North,2015,0,982.6478383,25.32567908,0.610209766,0.001171295,51587.27566,0.712531948,0.703604355,0.035435642,-1.029726636,0.369115568,0.462833739,-0.443062455
452,24,Nkoranza North,2016,0,1209.450021,25.34238772,0.597354984,0.001171295,52777.19925,0.721082147,0.712531948,0.056694998,-0.185020324,0.277122528,0.520303974,-0.443062455
453,24,Nkoranza North,2017,0,1061.685615,25.0219344,0.605801104,0.001171295,53988.85907,0.729138326,0.721082147,-0.351036032,-0.735356855,0.33756574,0.575344785,-0.443062455
454,24,Nkoranza North,2018,0,1289.599748,25.27513342,0.614238502,0.001171295,55140.24618,0.997636102,0.729138326,-0.028876486,0.113490826,0.397946529,0.627205405,-0.443062455
455,24,Nkoranza North,2019,0,1252.743719,26.01597709,0.620413884,0.001171295,56269.1164,0.997700503,0.997636102,0.913741167,-0.023776462,0.442139588,2.35562541,-0.443062455
456,24,Nkoranza North,2020,0,1107.893746,25.74676501,0.598853726,0.001171295,57396.22266,0.997762116,0.997700503,0.571207277,-0.563258424,0.287848015,2.356039983,-0.443062455
457,24,Nkoranza North,2021,0,1007.707022,25.58127961,0.605493736,0.001171295,58551.30425,0.997821152,0.997762116,0.360650767,-0.936395742,0.335366112,2.356436608,-0.443062455
458,24,Nkoranza North,2022,0,1017.974756,24.9570906,0.605716059,0.001171295,59682.82561,0.997877854,0.997821152,-0.433540492,-0.898154401,0.336957128,2.356816645,-0.443062455
459,24,Nkoranza North,2023,0,1267.647419,25.54555975,0.620809119,0.001171295,60836.84678,0.997932228,0.997877854,0.315202361,0.031731157,0.444968021,2.357181657,-0.443062455
460,24,Nkoranza North,2024,0,844.2492055,25.61598009,0.605906337,0.001171295,61999.91699,0.997984681,0.997932228,0.404802174,-1.545181105,0.338318816,2.357531684,-0.443062455
461,25,Kintampo South,2005,0,1081.196093,24.67477779,0.615271259,0.001266587,70090.12048,0.717327207,0.707877665,-0.792743183,-0.662691662,0.405337277,0.490342622,-0.442733112
462,25,Kintampo South,2006,0,1143.871722,24.96320367,0.620225265,0.001266587,71336.34914,0.726511969,0.717327207,-0.425762496,-0.429261374,0.440789774,0.551172838,-0.442733112
463,25,Kintampo South,2007,0,1285.115275,24.62029793,0.605633672,0.001266587,72920.94191,0.735272907,0.726511969,-0.86206102,0.096788769,0.336367541,0.610298569,-0.442733112
464,25,Kintampo South,2008,0,1332.723966,24.74666136,0.592736006,0.001266587,74135.84837,0.743600535,0.735272907,-0.701281614,0.274103473,0.244067599,0.666695982,-0.442733112
465,25,Kintampo South,2009,0,1284.342478,24.87894766,0.619537079,0.001266587,75811.27894,0.751570781,0.743600535,-0.532966219,0.093910549,0.435864884,0.72030402,-0.442733112
466,25,Kintampo South,2010,0,1172.543345,25.19606057,0.624133116,0.001266587,76898.36812,0.759253887,0.751570781,-0.129485374,-0.322476243,0.468755636,0.771611459,-0.442733112
467,25,Kintampo South,2011,0,1123.545046,24.878292,0.622540117,0.001266587,77850.3952,0.766727133,0.759253887,-0.533800448,-0.504966429,0.45735561,0.821070467,-0.442733112
468,25,Kintampo South,2012,0,1240.65637,24.73223691,0.61817972,0.001266587,78969.55851,0.773979262,0.766727133,-0.719634662,-0.068794811,0.426151178,0.869178532,-0.442733112
469,25,Kintampo South,2013,0,1118.51871,24.53631351,0.635720958,0.001266587,81005.51197,0.780979032,0.773979262,-0.968919184,-0.523686609,0.551682043,0.915863182,-0.442733112
470,25,Kintampo South,2014,0,1193.883573,25.07501097,0.631218604,0.001266587,81866.51335,0.787707664,0.780979032,-0.283503682,-0.242996296,0.51946172,0.9609233,-0.442733112
471,25,Kintampo South,2015,0,975.5494897,25.26758751,0.616582518,0.001266587,90019.7773,0.794102021,0.787707664,-0.038477571,-1.056163858,0.414721075,1.004238005,-0.442733112
472,25,Kintampo South,2016,0,1200.633326,25.26992483,0.598390527,0.001266587,92115.85332,0.800226071,0.794102021,-0.035503665,-0.217857389,0.284533212,1.045400858,-0.442733112
473,25,Kintampo South,2017,0,1018.138593,24.97746351,0.60640857,0.001266587,94260.33346,0.805996281,0.800226071,-0.407618877,-0.897544201,0.341912965,1.084823645,-0.442733112
474,25,Kintampo South,2018,0,1305.225008,25.1721195,0.61204075,0.001266587,96304.60158,0.939720487,0.805996281,-0.159946967,0.171685838,0.38221869,1.121968631,-0.442733112
475,25,Kintampo South,2019,0,1178.203336,25.84173159,0.639575394,0.001266587,98316.18545,0.941362715,0.939720487,0.69203868,-0.301396065,0.57926565,1.982801061,-0.442733112
476,25,Kintampo South,2020,0,1015.213267,25.62391913,0.612710422,0.001266587,100300.1028,0.942933849,0.941362715,0.41490346,-0.908439342,0.387011084,1.993372698,-0.442733112
477,25,Kintampo South,2021,0,973.7342807,25.43882092,0.624035898,0.001266587,102358.8556,0.94443927,0.942933849,0.179392451,-1.062924457,0.468059914,2.003486669,-0.442733112
478,25,Kintampo South,2022,1,997.8419291,24.94186053,0.637614117,0.001266587,104392.483,0.963971921,0.94443927,-0.452918585,-0.973137478,0.565230108,2.013177626,-0.442733112
479,25,Kintampo South,2023,0,1190.366509,25.55804071,0.646306662,0.001266587,106461.8771,0.964895042,0.963971921,0.331082596,-0.256095313,0.627436819,2.138916561,-0.442733112
480,25,Kintampo South,2024,0,815.1891803,25.568416,0.632770565,0.001266587,108541.0031,0.963617191,0.964895042,0.344283666,-1.653412809,0.530568062,2.144859035,-0.442733112
481,26,Tano North,2005,0,1135.67395,24.12729169,0.631272345,0.00403572,81344.2345,0.611892706,0.600040551,-1.489340969,-0.45979331,0.519846303,-0.203844972,-0.433162607
482,26,Tano North,2006,0,1193.711391,24.45241831,0.690084502,0.00403572,83729.09916,0.624503305,0.611892706,-1.075663823,-0.243637572,0.940725427,-0.127548241,-0.433162607
483,26,Tano North,2007,0,1407.686265,24.10874963,0.664222892,0.00403572,85656.81252,0.636531997,0.624503305,-1.512933089,0.553294468,0.755651247,-0.046369125,-0.433162607
484,26,Tano North,2008,0,1493.293872,24.22337372,0.659014048,0.00403572,87438.36229,0.647965758,0.636531997,-1.367090318,0.87213305,0.718375051,0.031064034,-0.433162607
485,26,Tano North,2009,0,1413.095839,24.28672162,0.654337712,0.00403572,91543.40405,0.658908837,0.647965758,-1.286489174,0.573441987,0.684909651,0.104667405,-0.433162607
486,26,Tano North,2010,0,1277.069421,24.72854305,0.684588706,0.00403572,92956.94255,0.669457675,0.658908837,-0.724334573,0.06682264,0.901395701,0.175112074,-0.433162607
487,26,Tano North,2011,0,1178.212236,24.28391598,0.660634246,0.00403572,96362.43223,0.679549382,0.669457675,-1.290058951,-0.301362919,0.729969718,0.243018863,-0.433162607
488,26,Tano North,2012,0,1304.710398,24.22729169,0.645568022,0.00403572,97769.08585,0.689511746,0.679549382,-1.362105267,0.169769215,0.62215087,0.307982933,-0.433162607
489,26,Tano North,2013,0,1145.476115,23.98580296,0.659873734,0.00403572,100211.513,0.699127439,0.689511746,-1.669365145,-0.423285943,0.724527246,0.372114374,-0.433162607
490,26,Tano North,2014,0,1212.606912,24.59069918,0.673971463,0.00403572,103076.9643,0.708370667,0.699127439,-0.899721198,-0.173262739,0.825415225,0.434014169,-0.433162607
491,26,Tano North,2015,0,1059.576323,24.68457642,0.630614561,0.00403572,86346.70255,0.717154696,0.708370667,-0.780275824,-0.74321274,0.515138984,0.493516263,-0.433162607
492,26,Tano North,2016,0,1219.417618,24.73829079,0.628321311,0.00403572,88336.31727,0.725567401,0.717154696,-0.711931967,-0.147896817,0.49872774,0.550062324,-0.433162607
493,26,Tano North,2017,0,1175.836329,24.47392492,0.677719783,0.00403572,90363.65144,0.733494029,0.725567401,-1.048299744,-0.310211789,0.852239434,0.604218028,-0.433162607
494,26,Tano North,2018,0,1367.450988,24.72312047,0.6964893,0.00403572,92297.61413,0.942033498,0.733494029,-0.731234036,0.403441447,0.986560262,0.655244682,-0.433162607
495,26,Tano North,2019,0,1285.260999,25.20103287,0.672907518,0.00403572,94188.95478,0.943612712,0.942033498,-0.123158833,0.097331508,0.817801285,1.997690776,-0.433162607
496,26,Tano North,2020,0,1052.53183,25.06202205,0.63390465,0.00403572,96075.19095,0.945123559,0.943612712,-0.300030233,-0.769449382,0.538683948,2.007856764,-0.433162607
497,26,Tano North,2021,0,1140.851326,25.18281855,0.71456034,0.00403572,98011.91848,0.946571215,0.945123559,-0.146333953,-0.440510593,1.115882566,2.017582647,-0.433162607
498,26,Tano North,2022,0,1347.58258,24.10254246,0.643962197,0.00403572,99910.06306,0.947961639,0.946571215,-1.520830826,0.329443175,0.610659057,2.026901749,-0.433162607
499,26,Tano North,2023,0,1228.95799,25.00254246,0.640444077,0.00403572,101844.3401,0.94929498,0.947961639,-0.375709508,-0.112364478,0.585482234,2.035852424,-0.433162607
500,26,Tano North,2024,0,951.9668289,24.52282252,0.619575793,0.00403572,103792.516,0.950581212,0.94929498,-0.986084531,-1.143995564,0.436141935,2.044435635,-0.433162607
501,27,Ketu North,2005,0,1028.478578,25.4290227,0.555139791,0.018663767,101619.1834,0.576196093,0.5738184,0.16692563,-0.859033766,-0.024983265,-0.372646705,-0.382606055
502,27,Ketu North,2006,0,978.8596249,25.744077,0.572445309,0.018663767,101368.0839,0.584239169,0.576196093,0.567787172,-1.043835529,0.098860704,-0.357340611,-0.382606055
503,27,Ketu North,2007,0,1220.361303,25.83813425,0.570257865,0.018663767,102283.2989,0.596668068,0.584239169,0.687461582,-0.14438214,0.083206638,-0.305564339,-0.382606055
504,27,Ketu North,2008,0,1271.153603,25.75570582,0.58394005,0.018663767,104462.2074,0.607715675,0.596668068,0.58258319,0.044789657,0.181120848,-0.225554899,-0.382606055
505,27,Ketu North,2009,0,1069.063179,25.60433366,0.553172437,0.018663767,102983.1208,0.617178831,0.607715675,0.389983757,-0.707879718,-0.039062296,-0.154437343,-0.382606055
506,27,Ketu North,2010,0,1364.180849,26.13076999,0.578287544,0.018663767,105198.9254,0.626181142,0.617178831,1.059798714,0.391262079,0.140669664,-0.093519492,-0.382606055
507,27,Ketu North,2011,0,1091.013425,25.83992103,0.556471938,0.018663767,107010.8199,0.637785236,0.626181142,0.689734994,-0.626127806,-0.015449985,-0.035568264,-0.382606055
508,27,Ketu North,2012,0,1137.53228,25.43186575,0.553304234,0.018663767,107235.1258,0.649045989,0.637785236,0.170542992,-0.452872109,-0.038119112,0.039131599,-0.382606055
509,27,Ketu North,2013,0,1091.650938,25.45726555,0.549699748,0.018663767,108795.8951,0.659914891,0.649045989,0.202860609,-0.623753443,-0.063913998,0.111621255,-0.382606055
510,27,Ketu North,2014,0,1212.958934,25.74999013,0.57842398,0.018663767,109940.0133,0.66984876,0.659914891,0.575310784,-0.171951663,0.14164604,0.181588414,-0.382606055
511,27,Ketu North,2015,0,942.3417572,26.25409674,0.546505004,0.018663767,99534.97093,0.67979309,0.66984876,1.216714373,-1.179843362,-0.086776638,0.245536426,-0.382606055
512,27,Ketu North,2016,0,1034.152024,26.17247779,0.543974238,0.018663767,101828.7748,0.687689741,0.67979309,1.112865925,-0.83790348,-0.10488763,0.30955177,-0.382606055
513,27,Ketu North,2017,0,1057.842251,25.72168806,0.557087067,0.018663767,104162.96,0.693238823,0.687689741,0.539300443,-0.749671153,-0.01104792,0.360385453,-0.382606055
514,27,Ketu North,2018,0,1038.549852,26.22379072,0.576350498,0.018663767,106398.3721,0.701497181,0.693238823,1.178154294,-0.821524126,0.126807522,0.396106953,-0.382606055
515,27,Ketu North,2019,0,1231.483712,26.79128332,0.579348234,0.018663767,108578.6272,0.709463051,0.701497181,1.900207482,-0.102957632,0.148260305,0.449269079,-0.382606055
516,27,Ketu North,2020,0,972.9557749,26.11813425,0.547804579,0.018663767,110759.3953,0.716591362,0.709463051,1.043721548,-1.065823939,-0.077476454,0.500548344,-0.382606055
517,27,Ketu North,2021,0,937.4302073,27.01584403,0.561398341,0.018663767,112997.0417,0.724067763,0.716591362,2.185928879,-1.19813603,0.019804976,0.546435929,-0.382606055
518,27,Ketu North,2022,0,1055.071471,25.44787759,0.563266908,0.018663767,115192.0171,0.731248588,0.724067763,0.190915777,-0.759990697,0.033177055,0.594564304,-0.382606055
519,27,Ketu North,2023,0,1028.09773,26.65543929,0.591279692,0.018663767,117427.9549,0.738134609,0.731248588,1.72736538,-0.860452207,0.233645741,0.640789945,-0.382606055
520,27,Ketu North,2024,0,1123.697532,26.24787759,0.53589644,0.018663767,119679.5995,0.744777339,0.738134609,1.208801393,-0.504398505,-0.162695009,0.685117823,-0.382606055
521,28,Ketu South,2005,0,988.1512374,25.51486404,0.456976208,0.201651648,141223.1811,0.576196093,0.5738184,0.276146454,-1.009229673,-0.727474118,-0.372646705,0.249825337
522,28,Ketu South,2006,0,947.6862206,25.79854873,0.469199455,0.201651648,143651.9177,0.584239169,0.576196093,0.637094664,-1.159938342,-0.640000551,-0.357340611,0.249825337
523,28,Ketu South,2007,0,1184.465628,25.89366025,0.456966728,0.203441561,145047.9819,0.596668068,0.584239169,0.758110473,-0.278072667,-0.72754196,-0.305564339,0.256011525
524,28,Ketu South,2008,0,1229.578674,25.82050107,0.464552893,0.203441561,145393.2621,0.607715675,0.596668068,0.665025875,-0.110052791,-0.673252871,-0.225554899,0.256011525
525,28,Ketu South,2009,0,1052.604644,25.67575619,0.437339606,0.203441561,148929.4505,0.619909939,0.607715675,0.480858708,-0.769178194,-0.868000093,-0.154437343,0.256011525
526,28,Ketu South,2010,0,1314.644668,26.18512068,0.463588582,0.204147006,148716.2806,0.631664885,0.619909939,1.128952202,0.206768598,-0.680153801,-0.075938333,0.258449641
527,28,Ketu South,2011,0,1050.975252,25.89821265,0.445669797,0.204147006,149442.6157,0.643098752,0.631664885,0.763902749,-0.775246732,-0.808386515,-0.000267373,0.258449641
528,28,Ketu South,2012,0,1094.133517,25.50924229,0.426689585,0.206783128,151249.1662,0.654194316,0.643098752,0.268993576,-0.61450728,-0.944215143,0.073336679,0.267560441
529,28,Ketu South,2013,0,1044.021998,25.52098992,0.405552819,0.208573027,153055.6222,0.664903776,0.654194316,0.283940758,-0.801143561,-1.095476787,0.144762946,0.273746579
530,28,Ketu South,2014,0,1157.081882,25.82085243,0.453362445,0.212128927,153891.7086,0.675198402,0.664903776,0.66547293,-0.380061205,-0.753335393,0.213703721,0.28603626
531,28,Ketu South,2015,0,901.223037,26.31567369,0.418942737,0.213023953,232826.9638,0.680240434,0.675198402,1.29506224,-1.332986696,-0.999654139,0.279974061,0.289129593
532,28,Ketu South,2016,0,994.9373663,26.23046135,0.426727037,0.213023953,238206.1698,0.681048552,0.680240434,1.186641716,-0.983955287,-0.943947129,0.312431493,0.289129593
533,28,Ketu South,2017,0,1031.652918,25.78321112,0.426695504,0.213918899,243687.8301,0.678550962,0.681048552,0.617579748,-0.847211197,-0.944172786,0.31763365,0.292222649
534,28,Ketu South,2018,0,1004.531317,26.29576841,0.449051323,0.215709145,248912.5962,0.682393543,0.678550962,1.26973561,-0.948223397,-0.7841872,0.301555737,0.298409989
535,28,Ketu South,2019,0,1322.995723,26.62076077,0.453744631,0.215709145,254020.1739,0.687552794,0.682393543,1.683241923,0.237871421,-0.750600349,0.326291856,0.298409989
536,28,Ketu South,2020,0,973.6920257,25.8875802,0.422587726,0.216604076,259105.0817,0.690017711,0.687552794,0.75037448,-1.063081833,-0.973569393,0.359503873,0.301502995
537,28,Ketu South,2021,0,894.2047052,26.90730217,0.421869556,0.217499203,264336.2223,0.692141231,0.690017711,2.047824884,-1.359125903,-0.978708855,0.375371461,0.304596677
538,28,Ketu South,2022,0,1043.307669,25.50183318,0.432160961,0.218394171,269461.4006,0.696399388,0.692141231,0.25956655,-0.803804023,-0.905060184,0.389041351,0.307689809
539,28,Ketu South,2023,1,1048.752826,26.79434769,0.446360524,0.218394171,274683.0418,0.702041305,0.696399388,1.904106463,-0.783523977,-0.803443444,0.416452686,0.307689809
540,28,Ketu South,2024,1,1114.309808,26.30470516,0.410912396,0.218394171,279939.8737,0.702936665,0.702041305,1.281106353,-0.539362323,-1.057121898,0.452771807,0.307689809
541,29,Anloga,2005,0,946.4161059,25.31712651,0.390615782,0.130497867,88708.18182,0.588689182,0.580557411,0.024553726,-1.164668781,-1.202371136,-0.329265187,0.003908041
542,29,Anloga,2006,0,885.6639749,25.65062808,0.375869579,0.132385613,93019.29717,0.598491959,0.588689182,0.44888679,-1.390935159,-1.307899807,-0.276917954,0.010432353
543,29,Anloga,2007,0,1115.048004,25.71572454,0.367484122,0.133414593,93195.02584,0.609776107,0.598491959,0.531712722,-0.536612972,-1.36790889,-0.213813832,0.013988651
544,29,Anloga,2008,0,1177.299013,25.61601615,0.370383192,0.134043818,90323.15936,0.622051539,0.609776107,0.404848053,-0.304764142,-1.347162198,-0.141173576,0.016163338
545,29,Anloga,2009,0,970.6078959,25.48132571,0.381711654,0.134672998,94190.80442,0.633800169,0.622051539,0.233473721,-1.074568423,-1.266092002,-0.062152056,0.018337871
546,29,Anloga,2010,0,1224.545536,25.98738223,0.401957586,0.138258309,95147.73896,0.645125536,0.633800169,0.877358296,-0.128798304,-1.12120546,0.013478241,0.030729201
547,29,Anloga,2011,0,1014.180126,25.72891431,0.403050824,0.14014606,93243.67365,0.656141557,0.645125536,0.54849482,-0.912287192,-1.113381884,0.086383838,0.03725353
548,29,Anloga,2012,0,1052.889188,25.3324585,0.411418094,0.141404489,100060.014,0.666831638,0.656141557,0.044061488,-0.768118433,-1.053502951,0.157298061,0.041602835
549,29,Anloga,2013,0,978.5928668,25.32071557,0.385465722,0.142033665,100388.1691,0.677149725,0.666831638,0.029120283,-1.044829048,-1.239226652,0.226114086,0.043777352
550,29,Anloga,2014,0,1106.218035,25.57711978,0.394805232,0.142033665,104019.9173,0.686662708,0.677149725,0.355357989,-0.569499473,-1.17239005,0.29253545,0.043777352
551,29,Anloga,2015,0,852.7960969,26.12514581,0.386084941,0.143292182,86210.09697,0.696100593,0.686662708,1.052642743,-1.513348902,-1.234795317,0.353774061,0.048126961
552,29,Anloga,2016,0,969.9419022,26.05985868,0.397206677,0.143921445,88196.50358,0.705139512,0.696100593,0.969574212,-1.077048863,-1.155204522,0.41452923,0.050301782
553,29,Anloga,2017,0,1006.642665,25.57645805,0.389199867,0.143921445,90220.12555,0.710564946,0.705139512,0.35451603,-0.940359853,-1.212503886,0.472716114,0.050301782
554,29,Anloga,2018,0,937.6117093,26.11326828,0.366118288,0.145809118,92151.79893,0.718590877,0.710564946,1.037530293,-1.197460041,-1.377683252,0.507641653,0.056825842
555,29,Anloga,2019,0,1170.484074,26.26692463,0.393126285,0.145809118,94041.76868,0.72290754,0.718590877,1.233036026,-0.330145831,-1.184405151,0.559307552,0.056825842
556,29,Anloga,2020,0,910.6680126,25.51355989,0.379275528,0.146438367,95925.33645,0.723219854,0.72290754,0.274487114,-1.297809651,-1.283525718,0.587095515,0.059000612
557,29,Anloga,2021,0,899.5159264,26.79515478,0.394940976,0.147067626,97862.16521,0.725518111,0.723219854,1.905133363,-1.339344691,-1.171418621,0.589105997,0.061175417
558,29,Anloga,2022,0,1022.587932,25.31764244,0.388828183,0.147067626,99758.55175,0.728089116,0.725518111,0.025210168,-0.880973001,-1.21516378,0.603900736,0.061175417
559,29,Anloga,2023,0,986.0047106,26.73078735,0.391723287,0.147067626,101690.6172,0.729770013,0.728089116,1.823235013,-1.017224237,-1.194445465,0.620451248,0.061175417
560,29,Anloga,2024,0,971.1377299,26.16634141,0.380179297,0.14769686,103635.3717,0.729900247,0.729770013,1.105058258,-1.0725951,-1.277058049,0.631271809,0.063350137
561,31,South Tongu,2005,0,1036.420766,25.67621674,0.509087326,0.011875832,76813.32504,0.594794424,0.587272619,0.481444699,-0.829453734,-0.354549834,-0.286036894,-0.406066096
562,31,South Tongu,2006,0,949.9579494,26.03293316,0.517775964,0.011875832,79230.24268,0.602339083,0.594794424,0.935315337,-1.151477472,-0.292371086,-0.237616243,-0.406066096
563,31,South Tongu,2007,0,1201.208696,26.09277742,0.49170531,0.012784046,81384.6095,0.609461475,0.602339083,1.011458598,-0.215714471,-0.478941258,-0.189048466,-0.402927182
564,31,South Tongu,2008,0,1275.456327,25.99011681,0.505149847,0.012784046,83732.49793,0.617447311,0.609461475,0.88083765,0.060814803,-0.382727731,-0.143198979,-0.402927182
565,31,South Tongu,2009,0,1014.220506,25.85086957,0.486469023,0.012784046,86643.83978,0.62457996,0.617447311,0.703665444,-0.912136798,-0.516413847,-0.091791182,-0.402927182
566,31,South Tongu,2010,0,1330.6122,26.36205711,0.503082542,0.012784046,88872.6852,0.630333309,0.62457996,1.3540785,0.266238372,-0.397522041,-0.04587567,-0.402927182
567,31,South Tongu,2011,0,1093.492278,26.09549643,0.498349453,0.013168041,92089.35247,0.636806415,0.630333309,1.014918154,-0.616895522,-0.431393588,-0.008839228,-0.401600043
568,31,South Tongu,2012,0,1137.056976,25.70884491,0.486412989,0.013168041,95127.47648,0.644162027,0.636806415,0.522959371,-0.454642341,-0.516814842,0.032830562,-0.401600043
569,31,South Tongu,2013,0,1066.40584,25.68705386,0.471674161,0.013168041,98032.24575,0.649591998,0.644162027,0.495233383,-0.717776759,-0.622290736,0.080181374,-0.401600043
570,31,South Tongu,2014,0,1206.69708,25.97064893,0.508725059,0.013168041,100845.5075,0.655209391,0.649591998,0.856067558,-0.19527343,-0.357142339,0.115136116,-0.401600043
571,31,South Tongu,2015,0,926.8560675,26.49171966,0.499431242,0.013552169,100530.7117,0.662530548,0.655209391,1.519055564,-1.237518555,-0.42365195,0.151297363,-0.400272443
572,31,South Tongu,2016,0,1050.93965,26.45301752,0.506518096,0.013552169,102853.9684,0.669270077,0.662530548,1.469812623,-0.77537933,-0.372936092,0.19842637,-0.400272443
573,31,South Tongu,2017,0,1076.05425,25.96447112,0.501928555,0.013936294,105221.5594,0.678193748,0.669270077,0.848207183,-0.681842039,-0.405780355,0.241811227,-0.398944854
574,31,South Tongu,2018,0,1012.893835,26.47703439,0.513981682,0.014704281,107484.2516,0.908794894,0.678193748,1.500370658,-0.917077877,-0.319524219,0.299256215,-0.396290586
575,31,South Tongu,2019,0,1171.576639,26.92332901,0.535283556,0.01547254,109693.6578,0.911279646,0.908794894,2.068216743,-0.326076661,-0.167081007,1.783721526,-0.393635376
576,31,South Tongu,2020,0,933.0249189,26.25005191,0.510060403,0.01547254,111901.0821,0.912894644,0.911279646,1.211567908,-1.214543169,-0.34758618,1.799716799,-0.393635376
577,31,South Tongu,2021,0,1023.631408,27.24676833,0.525940882,0.015856671,114161.5117,0.915192509,0.912894644,2.479747039,-0.877086658,-0.233940254,1.810113141,-0.392307766
578,31,South Tongu,2022,0,1114.302661,25.69349124,0.522967386,0.015856671,116380.9844,0.917399528,0.915192509,0.503424026,-0.539388941,-0.255219565,1.824905348,-0.392307766
579,31,South Tongu,2023,0,995.5454899,26.96578196,0.532595933,0.017008647,118640.6455,0.919247544,0.917399528,2.122232056,-0.98169038,-0.18631452,1.839112752,-0.388326381
580,31,South Tongu,2024,0,1029.420896,26.47953926,0.506823358,0.018160755,120917.0829,0.920375529,0.919247544,1.503557744,-0.855524182,-0.370751536,1.851009119,-0.384344534
581,32,Jasikan,2005,0,1492.031753,24.51531979,0.709233148,0.001385795,35627.89326,0.607674399,0.594559245,-0.995630689,0.86743239,1.077759431,-0.239130177,-0.442321113
582,32,Jasikan,2006,0,1483.460647,24.81878856,0.72372877,0.001385795,34774.61434,0.619500349,0.607674399,-0.609510065,0.835510001,1.181494862,-0.154703053,-0.442321113
583,32,Jasikan,2007,0,1844.038224,24.75845749,0.696023343,0.001385795,36151.23468,0.628505857,0.619500349,-0.686272733,2.178451906,0.983225722,-0.078575018,-0.442321113
584,32,Jasikan,2008,0,1818.254628,24.66359669,0.700376098,0.001385795,37197.09734,0.6401921,0.628505857,-0.806969535,2.082422994,1.01437547,-0.02060321,-0.442321113
585,32,Jasikan,2009,0,1621.745673,24.6513845,0.710570186,0.001385795,37189.84795,0.651376826,0.6401921,-0.8225078,1.350541352,1.087327711,0.054625478,-0.442321113
586,32,Jasikan,2010,0,1903.432205,25.09823928,0.724336355,0.001385795,37799.99625,0.662158604,0.651376826,-0.253948986,2.399659963,1.185842937,0.126625715,-0.442321113
587,32,Jasikan,2011,0,1576.897818,24.85165538,0.709812973,0.001385795,38375.15388,0.672645884,0.662158604,-0.567691739,1.183509156,1.081908848,0.196032028,-0.442321113
588,32,Jasikan,2012,0,1604.730474,24.53087284,0.674845845,0.001385795,38281.68384,0.682822868,0.672645884,-0.97584166,1.287169624,0.831672591,0.263542551,-0.442321113
589,32,Jasikan,2013,0,1599.579233,24.47451467,0.733456489,0.001385795,38515.55519,0.692645714,0.682822868,-1.047549366,1.267984243,1.251109618,0.329055581,-0.442321113
590,32,Jasikan,2014,0,1788.3386,24.81992476,0.705588446,0.001385795,38578.77175,0.702088069,0.692645714,-0.608064422,1.97100318,1.05167674,0.39228889,-0.442321113
591,32,Jasikan,2015,0,1369.836268,25.23468774,0.723065137,0.001385795,54163.48729,0.711061333,0.702088069,-0.080337833,0.412325228,1.176745686,0.453072842,-0.442321113
592,32,Jasikan,2016,0,1503.33243,25.25671934,0.697100514,0.001385795,55404.03255,0.719655273,0.711061333,-0.052305769,0.909520844,0.990934315,0.51083708,-0.442321113
593,32,Jasikan,2017,0,1496.207976,24.74925508,0.718117173,0.001385795,56664.38388,0.727752666,0.719655273,-0.697981481,0.882986392,1.141336432,0.566159466,-0.442321113
594,32,Jasikan,2018,0,1655.148232,25.24809631,0.715428176,0.001385795,57867.91885,0.961463116,0.727752666,-0.063277335,1.474946468,1.122093086,0.618285392,-0.442321113
595,32,Jasikan,2019,0,1765.218661,25.65020316,0.72538701,0.001385795,59044.50474,0.962512998,0.961463116,0.448346135,1.884894842,1.193361769,2.122766448,-0.442321113
596,32,Jasikan,2020,0,1307.514071,25.37209932,0.724328327,0.001385795,60216.91294,0.963517428,0.962512998,0.094498765,0.180211266,1.185785487,2.129524929,-0.442321113
597,32,Jasikan,2021,0,1215.570504,25.80990218,0.717103888,0.001385795,61423.81392,0.964479849,0.963517428,0.651540306,-0.162225082,1.134085027,2.135990823,-0.442321113
598,32,Jasikan,2022,0,1435.478254,24.77266366,0.7293012,0.001385795,62603.54796,0.965404221,0.964479849,-0.668197413,0.656803476,1.221373,2.142186283,-0.442321113
599,32,Jasikan,2023,0,1546.573514,25.50020316,0.719888252,0.001385795,63807.31544,0.966290643,0.965404221,0.257492582,1.070568749,1.154010852,2.148136808,-0.442321113
600,32,Jasikan,2024,0,1182.066817,25.3727991,0.710704685,0.001385795,65019.42021,0.967145747,0.966290643,0.095389128,-0.287006843,1.088290229,2.153843038,-0.442321113
601,33,Krachi East,2005,0,1271.347036,25.67013241,0.434311102,0.000445888,105902.9845,0.551782042,0.556741786,0.473703256,0.045510081,-0.889673068,-0.482575217,-0.445569563
602,33,Krachi East,2006,0,1261.482787,25.89406109,0.421993491,0.000445888,109224.5468,0.551605651,0.551782042,0.758620483,0.008771486,-0.977821939,-0.514502936,-0.445569563
603,33,Krachi East,2007,0,1583.971141,25.86538519,0.414375635,0.000445888,112467.8356,0.565969552,0.551605651,0.722134506,1.209853172,-1.032337821,-0.51563843,-0.445569563
604,33,Krachi East,2008,0,1573.163738,25.73497292,0.41954919,0.000445888,115990.9902,0.579623024,0.565969552,0.556203529,1.169601877,-0.995314155,-0.42317266,-0.445569563
605,33,Krachi East,2009,0,1431.211135,25.87028739,0.419987134,0.000445888,118864.4066,0.592177937,0.579623024,0.728371851,0.640910935,-0.992180089,-0.33528018,-0.445569563
606,33,Krachi East,2010,0,1574.71947,26.15871652,0.400179297,0.000445888,123285.7398,0.601433903,0.592177937,1.095356679,1.175396078,-1.133931479,-0.254459537,-0.445569563
607,33,Krachi East,2011,0,1365.352423,25.92527234,0.400607365,0.000445888,126718.4495,0.60596522,0.601433903,0.798332342,0.39562551,-1.130868083,-0.194875444,-0.445569563
608,33,Krachi East,2012,0,1375.285676,25.66455161,0.394161494,0.000445888,129777.9011,0.613625723,0.60596522,0.466602485,0.432621104,-1.176996855,-0.165705674,-0.445569563
609,33,Krachi East,2013,0,1290.913873,25.61588173,0.411778985,0.000445888,133692.0154,0.62451158,0.613625723,0.404677026,0.118385177,-1.050920297,-0.11639217,-0.445569563
610,33,Krachi East,2014,0,1488.66774,25.95873157,0.413727196,0.000445888,138342.5781,0.633234685,0.62451158,0.84090442,0.854903396,-1.036978263,-0.046315861,-0.445569563
611,33,Krachi East,2015,0,1123.780259,26.25853747,0.44454038,0.000445888,109923.1379,0.644281849,0.633234685,1.222364559,-0.504090396,-0.816468989,0.00983801,-0.445569563
612,33,Krachi East,2016,0,1320.785826,26.35562293,0.404336845,0.000445888,112459.5885,0.65486202,0.644281849,1.345891932,0.229640841,-1.104178698,0.080952714,-0.445569563
613,33,Krachi East,2017,0,1281.337406,25.82981041,0.419306518,0.000445888,115041.737,0.664830881,0.65486202,0.676870683,0.082718403,-0.997050801,0.149061206,-0.445569563
614,33,Krachi East,2018,0,1456.41628,26.26198315,0.422689765,0.000445888,117508.4325,0.9699711,0.664830881,1.226748697,0.734785454,-0.972839173,0.213234472,-0.445569563
615,33,Krachi East,2019,0,1785.560156,26.66207192,0.412598333,0.000445888,119925.9362,0.970789194,0.9699711,1.735804458,1.960655091,-1.045056778,2.177535505,-0.445569563
616,33,Krachi East,2020,0,1090.037737,26.53688083,0.427008131,0.000445888,122337.6868,0.971571871,0.970789194,1.576516693,-0.629761679,-0.941935524,2.182801881,-0.445569563
617,33,Krachi East,2021,0,1206.11276,26.73830725,0.429417487,0.000445888,124803.2999,0.972321814,0.971571871,1.832803015,-0.197449683,-0.924693382,2.187840267,-0.445569563
618,33,Krachi East,2022,0,1475.386277,25.89735931,0.430468323,0.000445888,127204.8452,0.973042107,0.972321814,0.762817002,0.805437667,-0.917173255,2.192667923,-0.445569563
619,33,Krachi East,2023,0,1480.985104,26.4564505,0.416688282,0.000445888,129665.612,0.97373283,0.973042107,1.474180593,0.826290041,-1.015787754,2.197304721,-0.445569563
620,33,Krachi East,2024,0,1107.592025,26.55078092,0.4060526,0.000445888,132145.1604,0.974399148,0.97373283,1.594202571,-0.564382158,-1.091900191,2.201751158,-0.445569563
621,34,Nkwanta South,2005,0,1230.161664,25.04998483,0.627348549,0.000836963,93783.59567,0.60699026,0.593852235,-0.315345876,-0.107881491,0.491766336,-0.243681459,-0.444217954
622,34,Nkwanta South,2006,0,1215.747413,25.23659676,0.61976262,0.000836963,96402.01088,0.619265893,0.60699026,-0.077908866,-0.1615662,0.437478934,-0.15910711,-0.444217954
623,34,Nkwanta South,2007,0,1484.789263,25.21053231,0.613634839,0.000836963,99420.90855,0.631462361,0.619265893,-0.111072164,0.840458323,0.393626518,-0.080084293,-0.444217954
624,34,Nkwanta South,2008,0,1501.126491,25.09862068,0.621912191,0.000836963,102382.3793,0.643055599,0.631462361,-0.253463707,0.901305002,0.452861969,-0.0015711,-0.444217954
625,34,Nkwanta South,2009,0,1434.340961,25.30279202,0.633246843,0.000836963,106737.9181,0.654151312,0.643055599,0.006315137,0.652567719,0.533976465,0.073058888,-0.444217954
626,34,Nkwanta South,2010,0,1491.403174,25.44389548,0.626003303,0.000836963,108783.5383,0.664090551,0.654151312,0.185849111,0.865091299,0.482139309,0.144486117,-0.444217954
627,34,Nkwanta South,2011,0,1308.89624,25.32315711,0.631907126,0.000836963,111991.4891,0.67451786,0.664090551,0.032226799,0.185359042,0.524389008,0.208468692,-0.444217954
628,34,Nkwanta South,2012,0,1322.023156,25.02491578,0.603468303,0.000836963,115523.9444,0.684636647,0.67451786,-0.347242648,0.234249174,0.320871445,0.275593155,-0.444217954
629,34,Nkwanta South,2013,0,1189.735972,25.00652939,0.636403316,0.000836963,119061.9536,0.693023368,0.684636647,-0.370636703,-0.2584437,0.55656522,0.340731549,-0.444217954
630,34,Nkwanta South,2014,0,1394.002185,25.30503475,0.616855122,0.000836963,121662.5285,0.702454122,0.693023368,0.009168683,0.502329224,0.416671923,0.394719993,-0.444217954
631,34,Nkwanta South,2015,0,1070.878577,25.62911748,0.643990379,0.000836963,128447.6811,0.71141636,0.702454122,0.421517618,-0.701118413,0.610860735,0.455429259,-0.444217954
632,34,Nkwanta South,2016,0,1260.962672,25.70130649,0.598062529,0.000836963,131394.0333,0.71999974,0.71141636,0.513367809,0.006834361,0.282185954,0.513122521,-0.444217954
633,34,Nkwanta South,2017,0,1230.94598,25.23666505,0.615115071,0.000836963,134401.6216,0.728087183,0.71999974,-0.077821985,-0.104960369,0.404219542,0.568376931,-0.444217954
634,34,Nkwanta South,2018,0,1443.295621,25.57243028,0.625086191,0.000836963,137268.8119,0.735627229,0.728087183,0.349391259,0.685918622,0.475576155,0.620438808,-0.444217954
635,34,Nkwanta South,2019,0,1342.579527,26.08298079,0.623981454,0.000836963,140079.4511,0.742829685,0.735627229,0.99899379,0.310809711,0.467670297,0.668976882,-0.444217954
636,34,Nkwanta South,2020,0,982.5033231,26.03292616,0.629790752,0.000836963,142874.9833,0.929637761,0.742829685,0.935306434,-1.030264871,0.509243543,0.715341769,-0.444217954
637,34,Nkwanta South,2021,0,1089.759886,26.08908531,0.625325016,0.000836963,145747.4286,0.931493937,0.929637761,1.006760917,-0.630796513,0.477285269,1.917894807,-0.444217954
638,34,Nkwanta South,2022,0,1297.134563,25.35489515,0.629114744,0.000836963,148564.3794,0.93327673,0.931493937,0.072608911,0.141553634,0.504405804,1.929843703,-0.444217954
639,34,Nkwanta South,2023,0,1560.440988,25.82314801,0.635818623,0.000836963,151432.6906,0.934986332,0.93327673,0.668393725,1.12221703,0.552380962,1.941320204,-0.444217954
640,34,Nkwanta South,2024,0,1017.520257,26.06174775,0.60724903,0.000836963,154319.5427,0.936635531,0.934986332,0.971977778,-0.899847143,0.347927569,1.952325546,-0.444217954
641,35,Afigya Kwabre North,2005,0,1247.472949,23.15287958,0.667988252,0.017039803,65475.81814,0.342600151,0.331536569,-2.729141052,-0.043407015,0.782597404,-1.932304928,-0.3882187
642,35,Afigya Kwabre North,2006,0,1213.721815,23.51537522,0.676504935,0.017039803,69998.1422,0.354306938,0.342600151,-2.267917184,-0.169110374,0.843545581,-1.861084538,-0.3882187
643,35,Afigya Kwabre North,2007,0,1557.979407,23.30183246,0.690963809,0.017039803,75626.04975,0.363917557,0.354306938,-2.53961981,1.11304907,0.947018035,-1.785723593,-0.3882187
644,35,Afigya Kwabre North,2008,0,1559.670157,23.34111693,0.658235072,0.017039803,81745.04052,0.37284316,0.363917557,-2.489635942,1.119346132,0.712800438,-1.723856469,-0.3882187
645,35,Afigya Kwabre North,2009,0,1388.789878,23.31628272,0.660957969,0.017039803,86873.45011,0.386897787,0.37284316,-2.521233918,0.482916409,0.732286388,-1.666399041,-0.3882187
646,35,Afigya Kwabre North,2010,0,1390.8363,23.82280977,0.722406876,0.017039803,96773.81427,0.403944834,0.386897787,-1.87675067,0.490538143,1.172034956,-1.575924186,-0.3882187
647,35,Afigya Kwabre North,2011,0,1278.6,23.41628272,0.673635318,0.017039803,100930.3061,0.420923104,0.403944834,-2.393998216,0.072523157,0.823009662,-1.466186003,-0.3882187
648,35,Afigya Kwabre North,2012,0,1404.656894,23.25287958,0.649036964,0.017039803,105907.9151,0.4389258,0.420923104,-2.60190535,0.542011821,0.646975754,-1.356890566,-0.3882187
649,35,Afigya Kwabre North,2013,0,1284.416405,23.10183246,0.664560282,0.017039803,111552.1295,0.455301572,0.4389258,-2.794091214,0.094185885,0.758065722,-1.241000523,-0.3882187
650,35,Afigya Kwabre North,2014,0,1327.259337,23.61621291,0.68416179,0.017039803,119759.5401,0.472035473,0.455301572,-2.139615633,0.253750906,0.898340555,-1.135583588,-0.3882187
651,35,Afigya Kwabre North,2015,0,1131.100873,23.80183246,0.631795804,0.017039803,60217.88815,0.482244809,0.472035473,-1.9034413,-0.476825365,0.523592348,-1.027861247,-0.3882187
652,35,Afigya Kwabre North,2016,0,1309.619197,23.86034904,0.63133672,0.017039803,61610.43231,0.496159541,0.482244809,-1.82898732,0.188051638,0.520306997,-0.962139954,-0.3882187
653,35,Afigya Kwabre North,2017,0,1294.454799,23.54609075,0.672681507,0.017039803,63017.47853,0.510712317,0.496159541,-2.228836061,0.13157307,0.816183877,-0.872565652,-0.3882187
654,35,Afigya Kwabre North,2018,0,1391.995812,23.81535777,0.705430512,0.017039803,64363.69544,0.524280089,0.510712317,-1.886232283,0.494856649,1.050546516,-0.778884024,-0.3882187
655,35,Afigya Kwabre North,2019,0,1379.902618,24.41565445,0.681833545,0.017039803,65671.58458,0.537240394,0.524280089,-1.122440583,0.449816531,0.881678863,-0.691543229,-0.3882187
656,35,Afigya Kwabre North,2020,0,1139.526003,24.22532286,0.682266738,0.018070142,66980.98108,0.549639624,0.537240394,-1.364610315,-0.445446649,0.884778938,-0.608112926,-0.384657707
657,35,Afigya Kwabre North,2021,0,1182.729494,24.28050611,0.70102506,0.018389374,68312.69909,0.56152026,0.549639624,-1.294397525,-0.284538757,1.019019654,-0.528294478,-0.383554396
658,35,Afigya Kwabre North,2022,1,1334.130541,23.21588133,0.670090714,0.019419713,69604.18823,0.5729312,0.56152026,-2.64898034,0.279342148,0.797643309,-0.451814407,-0.379993403
659,35,Afigya Kwabre North,2023,0,1327.381501,23.91424084,0.6395505,0.0203046,70929.13095,0.583873672,0.5729312,-1.760417713,0.254205896,0.579087505,-0.37835794,-0.376935111
660,35,Afigya Kwabre North,2024,0,1044.027574,23.77228621,0.615916761,0.021924907,72264.52172,0.594429534,0.583873672,-1.941034676,-0.801122794,0.409956703,-0.30791718,-0.371335106
661,36,Atwima Kwanwoma,2005,0,1316.894389,24.24986799,0.644838312,0.10980901,88067.39621,0.335318711,0.332922021,-1.333380154,0.215147501,0.616928823,-1.923386259,-0.067595505
662,36,Atwima Kwanwoma,2006,0,1245.864356,24.63237624,0.670630147,0.111001125,90424.26463,0.337080868,0.335318711,-0.846693095,-0.049398089,0.801503668,-1.907957875,-0.063475392
663,36,Atwima Kwanwoma,2007,0,1695.445215,24.42658416,0.652719505,0.113473714,92357.18914,0.340276344,0.337080868,-1.108534092,1.625029308,0.673329227,-1.896614215,-0.054929782
664,36,Atwima Kwanwoma,2008,0,1643.647195,24.42485149,0.660121311,0.113473714,96405.17763,0.342159153,0.340276344,-1.110738671,1.43211179,0.726298985,-1.876043746,-0.054929782
665,36,Atwima Kwanwoma,2009,0,1407.040594,24.43689769,0.593238016,0.124260186,98891.70681,0.362608313,0.342159153,-1.095411598,0.55088972,0.247660149,-1.863923403,-0.017650247
666,36,Atwima Kwanwoma,2010,0,1485.058086,24.93072607,0.677875092,0.129163029,102810.7534,0.38232076,0.362608313,-0.467085588,0.841459532,0.853350878,-1.732284558,-0.000705342
667,36,Atwima Kwanwoma,2011,0,1303.890099,24.58029703,0.616852454,0.134085255,106213.3263,0.401494773,0.38232076,-0.912956441,0.166714077,0.416652829,-1.60538821,0.016306551
668,36,Atwima Kwanwoma,2012,0,1493.277558,24.34986799,0.605956768,0.14969056,106727.2759,0.420101468,0.401494773,-1.206144452,0.872072288,0.338679716,-1.481957961,0.070240639
669,36,Atwima Kwanwoma,2013,0,1341.280858,24.22658416,0.611975264,0.153016874,112564.4198,0.438060687,0.420101468,-1.363005496,0.305972923,0.381750053,-1.362179746,0.08173684
670,36,Atwima Kwanwoma,2014,0,1358.878218,24.72778878,0.617205311,0.159016035,114455.309,0.455324252,0.438060687,-0.725294279,0.37151286,0.419177985,-1.246569575,0.102470769
671,36,Atwima Kwanwoma,2015,0,1182.659406,24.90744224,0.57874673,0.172610121,189030.2957,0.466843696,0.455324252,-0.496710931,-0.284799794,0.143955746,-1.135437588,0.149453809
672,36,Atwima Kwanwoma,2016,0,1375.633333,24.98735974,0.584373979,0.182900849,193392.0515,0.478936621,0.466843696,-0.395027349,0.433915927,0.18422619,-1.061282643,0.185019987
673,36,Atwima Kwanwoma,2017,0,1399.271947,24.68735974,0.616368772,0.187995991,197844.9915,0.493986858,0.478936621,-0.776734455,0.521956025,0.413191437,-0.98343599,0.202629501
674,36,Atwima Kwanwoma,2018,0,1456.123432,24.95755776,0.606482207,0.196433365,202099.1874,0.704833538,0.493986858,-0.432946108,0.733694765,0.342439933,-0.886552018,0.231790232
675,36,Atwima Kwanwoma,2019,0,1544.774257,25.53339934,0.58982087,0.20270181,206298.0855,0.712874924,0.704833538,0.299729974,1.063867564,0.223205929,0.470746448,0.253454841
676,36,Atwima Kwanwoma,2020,0,1176.40099,25.40334983,0.587995828,0.224633716,210474.7609,0.720568183,0.712874924,0.134260573,-0.308108756,0.210145329,0.522511839,0.32925454
677,36,Atwima Kwanwoma,2021,0,1257.580528,25.58090759,0.612323607,0.232863579,214774.2399,0.727939675,0.720568183,0.36017743,-0.005762159,0.384242913,0.572036209,0.357698083
678,36,Atwima Kwanwoma,2022,0,1441.128383,24.42430693,0.580125748,0.237074506,218999.712,0.735019738,0.727939675,-1.111431539,0.677846921,0.15382445,0.619489241,0.372251627
679,36,Atwima Kwanwoma,2023,0,1333.173597,25.10589109,0.558024036,0.241977818,223305.1375,0.739379344,0.735019738,-0.24421315,0.275778089,-0.004342664,0.665066239,0.389198151
680,36,Atwima Kwanwoma,2024,0,1112.511551,24.82585809,0.509559164,0.262571171,227632.1993,0.745990499,0.739379344,-0.600515108,-0.546059783,-0.351173206,0.693130647,0.460371623
681,37,Sekyere South,2005,0,1241.325735,22.64827035,0.676488653,0.024306394,76565.77209,0.342600151,0.331536569,-3.371184155,-0.066301816,0.843429062,-1.932304928,-0.363104356
682,37,Sekyere South,2006,0,1198.541492,23.03584283,0.701582218,0.024306394,81553.78122,0.354306938,0.342600151,-2.878053583,-0.225648256,1.02300686,-1.861084538,-0.363104356
683,37,Sekyere South,2007,0,1559.482903,22.81138772,0.697053582,0.024306394,86731.59367,0.363917557,0.354306938,-3.163640616,1.118648721,0.990598452,-1.785723593,-0.363104356
684,37,Sekyere South,2008,0,1551.625675,22.83409318,0.673386726,0.024306394,92161.35022,0.37284316,0.363917557,-3.134751166,1.089385112,0.821230657,-1.723856469,-0.363104356
685,37,Sekyere South,2009,0,1353.258548,22.83621276,0.65166737,0.024306394,98166.08641,0.3923385,0.37284316,-3.132054309,0.350582858,0.665799806,-1.666399041,-0.363104356
686,37,Sekyere South,2010,0,1385.956009,23.32776445,0.735087951,0.024306394,105058.439,0.411131488,0.3923385,-2.506625066,0.472361894,1.262784894,-1.540900294,-0.363104356
687,37,Sekyere South,2011,0,1271.222755,22.93621276,0.681876763,0.024306394,112495.99,0.429411158,0.411131488,-3.004818607,0.045047209,0.881988148,-1.419922838,-0.363104356
688,37,Sekyere South,2012,0,1395.55189,22.74827035,0.666912504,0.024306394,120326.0532,0.445290278,0.429411158,-3.243948453,0.508100973,0.774898992,-1.302249808,-0.363104356
689,37,Sekyere South,2013,0,1277.086783,22.61138772,0.658233469,0.024306394,127964.9463,0.458194631,0.445290278,-3.41811202,0.066887302,0.712788967,-1.200030013,-0.363104356
690,37,Sekyere South,2014,0,1321.330534,23.10396921,0.683247864,0.024897816,135961.7967,0.470390334,0.458194631,-2.791372511,0.231669561,0.891800199,-1.116959891,-0.361060321
691,37,Sekyere South,2015,0,1122.136573,23.31138772,0.670512441,0.024897816,111391.3467,0.486342456,0.470390334,-2.527462106,-0.510212172,0.800661326,-1.038451616,-0.361060321
692,37,Sekyere South,2016,0,1308.995801,23.36289742,0.651305389,0.024897816,113966.0394,0.500359279,0.486342456,-2.46192338,0.185729849,0.663209352,-0.935761876,-0.361060321
693,37,Sekyere South,2017,0,1286.029594,23.07278544,0.699151879,0.024897816,116588.0929,0.514790751,0.500359279,-2.831049392,0.100194077,1.005614555,-0.845530377,-0.361060321
694,37,Sekyere South,2018,0,1375.628274,23.33283343,0.732396406,0.024897816,119092.8316,0.845280109,0.514790751,-2.500175505,0.433897086,1.243523312,-0.752629628,-0.361060321
695,37,Sekyere South,2019,0,1351.321936,23.9389922,0.712025188,0.024897816,121542.3059,0.84949523,0.845280109,-1.728925141,0.343370101,1.097740187,1.374853242,-0.361060321
696,37,Sekyere South,2020,0,1131.333933,23.71425715,0.699839643,0.024897816,123982.7698,0.853527871,0.84949523,-2.014868364,-0.475957349,1.010536419,1.401987543,-0.361060321
697,37,Sekyere South,2021,0,1148.756449,23.78903219,0.720410586,0.024897816,126490.0458,0.857391848,0.853527871,-1.91972781,-0.411068605,1.157748846,1.427947149,-0.361060321
698,37,Sekyere South,2022,0,1305.481504,22.79361128,0.671038031,0.024897816,128948.0368,0.861103064,0.857391848,-3.1862586,0.172641135,0.804422624,1.452821005,-0.361060321
699,37,Sekyere South,2023,0,1320.257548,23.39947011,0.657401601,0.024897816,131456.0779,0.864661919,0.861103064,-2.415389867,0.227673314,0.706835846,1.476711484,-0.361060321
700,37,Sekyere South,2024,0,1035.526695,23.30464907,0.628426753,0.025489238,133984.0305,0.866730932,0.864661919,-2.536036078,-0.832783629,0.499482313,1.499621155,-0.359016285
701,38,Sekyere East,2005,0,1265.915996,23.55432272,0.696105692,0.02721748,31205.66483,0.392946133,0.372652771,-2.218362062,0.025282614,0.983815037,-1.667624645,-0.353043241
702,38,Sekyere East,2006,0,1186.971299,23.99214211,0.686781409,0.02721748,31172.83424,0.412670866,0.392946133,-1.661299486,-0.2687405,0.91708741,-1.536988734,-0.353043241
703,38,Sekyere East,2007,0,1635.839692,23.7460798,0.710345259,0.02721748,31570.59107,0.431485415,0.412670866,-1.974378585,1.40303338,1.08571806,-1.41001329,-0.353043241
704,38,Sekyere East,2008,0,1585.035002,23.76456073,0.706297189,0.02721748,31156.57061,0.44936941,0.431485415,-1.950864251,1.213815437,1.056748743,-1.288897043,-0.353043241
705,38,Sekyere East,2009,0,1301.39482,23.79387469,0.638367844,0.02721748,30764.65285,0.466485911,0.44936941,-1.913566421,0.157420612,0.570624028,-1.173771119,-0.353043241
706,38,Sekyere East,2010,0,1417.766888,24.25273014,0.743292975,0.028248434,31353.9743,0.482985762,0.466485911,-1.329738477,0.590838932,1.32150274,-1.063585843,-0.349480122
707,38,Sekyere East,2011,0,1283.752888,23.8939097,0.71641963,0.028248434,31530.56615,0.499034929,0.482985762,-1.786286184,0.091714669,1.129188255,-0.957370167,-0.349480122
708,38,Sekyere East,2012,0,1408.487224,23.65432272,0.710531299,0.028248434,33176.84184,0.514609237,0.499034929,-2.091126359,0.556277577,1.087049425,-0.854055708,-0.349480122
709,38,Sekyere East,2013,0,1298.713686,23.54611481,0.669019393,0.028248434,33016.93048,0.529641589,0.514609237,-2.228805454,0.147434946,0.789976584,-0.753798101,-0.349480122
710,38,Sekyere East,2014,0,1344.720336,24.01636332,0.68766397,0.028248434,32763.10466,0.544091661,0.529641589,-1.630481458,0.318782979,0.923403306,-0.65702926,-0.349480122
711,38,Sekyere East,2015,0,1135.433322,24.24467973,0.67699374,0.028248434,71654.95169,0.55782386,0.544091661,-1.339981464,-0.46068951,0.84704363,-0.564008779,-0.349480122
712,38,Sekyere East,2016,0,1343.488974,24.30547777,0.694570744,0.028248434,73309.59576,0.570975562,0.55782386,-1.262624651,0.314196873,0.972830449,-0.475609507,-0.349480122
713,38,Sekyere East,2017,0,1328.20371,24.0079104,0.719648826,0.029279397,74995.51784,0.583367374,0.570975562,-1.641236593,0.257268148,1.15229744,-0.390947113,-0.345916971
714,38,Sekyere East,2018,0,1379.39587,24.25906545,0.735335568,0.029279397,76607.049,0.885709788,0.583367374,-1.321677693,0.447929189,1.264556923,-0.311176411,-0.345916971
715,38,Sekyere East,2019,0,1344.694785,24.85659783,0.723864564,0.029279397,78187.31657,0.888823461,0.885709788,-0.561403178,0.318687816,1.182466648,1.635114115,-0.345916971
716,38,Sekyere East,2020,0,1141.961848,24.779909,0.704643086,0.032372212,79758.64386,0.891802336,0.888823461,-0.658978755,-0.436374544,1.04491144,1.655157982,-0.335227778
717,38,Sekyere East,2021,0,1191.315016,24.82177109,0.727389994,0.034434072,81377.37918,0.894656622,0.891802336,-0.605715227,-0.252562678,1.207695786,1.674334113,-0.328101704
718,38,Sekyere East,2022,0,1398.267063,23.71632832,0.708427667,0.034434072,82972.02118,0.897398064,0.894656622,-2.012233099,0.518213417,1.07199514,1.69270821,-0.328101704
719,38,Sekyere East,2023,0,1340.270564,24.31632832,0.651924077,0.034434072,84596.28696,0.900026959,0.897398064,-1.248818887,0.302210163,0.667636883,1.710355895,-0.328101704
720,38,Sekyere East,2024,0,1020.903395,24.23662933,0.636868977,0.035465035,86231.67722,0.902562971,0.900026959,-1.35022445,-0.887246921,0.559897647,1.727279066,-0.324538552
721,39,Sekyere Central,2005,0,1183.09146,24.26924743,0.638568156,0.002707618,68150.1783,0.402484799,0.382510308,-1.308722587,-0.283190643,0.572057526,-1.604168016,-0.437752712
722,39,Sekyere Central,2006,0,1139.51977,24.64888923,0.64508055,0.002707618,68925.22875,0.421899597,0.402484799,-0.825682675,-0.445469866,0.618662358,-1.475584793,-0.437752712
723,39,Sekyere Central,2007,0,1471.844084,24.45613217,0.624129874,0.002707618,69510.44972,0.440418512,0.421899597,-1.07093847,0.792245057,0.468732439,-1.350604521,-0.437752712
724,39,Sekyere Central,2008,0,1474.917711,24.43491542,0.642811672,0.002707618,70385.35064,0.458021495,0.440418512,-1.097933755,0.80369253,0.602425524,-1.231391379,-0.437752712
725,39,Sekyere Central,2009,0,1266.467696,24.47534648,0.621063164,0.002707618,70564.34941,0.471715725,0.458021495,-1.046491011,0.027337376,0.446786054,-1.118074433,-0.437752712
726,39,Sekyere Central,2010,0,1327.291195,24.94792877,0.654810425,0.002707618,71856.22753,0.484709952,0.471715725,-0.445197618,0.25386956,0.688292541,-1.029919582,-0.437752712
727,39,Sekyere Central,2011,0,1227.883063,24.56764241,0.644690411,0.002707618,72158.27155,0.500567863,0.484709952,-0.929057631,-0.116367955,0.615870392,-0.946270912,-0.437752712
728,39,Sekyere Central,2012,0,1303.871752,24.36401967,0.6305298,0.002707618,73274.5248,0.51230052,0.500567863,-1.188138461,0.166645744,0.514532407,-0.844187646,-0.437752712
729,39,Sekyere Central,2013,0,1214.72511,24.25242535,0.637529615,0.002707618,74314.58532,0.524437362,0.51230052,-1.330126269,-0.165373685,0.564625383,-0.768660171,-0.437752712
730,39,Sekyere Central,2014,0,1272.74116,24.6544864,0.629043267,0.002707618,74623.73307,0.538343169,0.524437362,-0.818561081,0.050702382,0.503894292,-0.690530808,-0.437752712
731,39,Sekyere Central,2015,0,1045.920514,24.95805309,0.640534826,0.002707618,63818.09023,0.552248516,0.538343169,-0.432315862,-0.794072695,0.586131662,-0.601013955,-0.437752712
732,39,Sekyere Central,2016,0,1273.736217,24.97947621,0.607658336,0.002707618,65276.87938,0.565566046,0.552248516,-0.405058015,0.054408393,0.3508567,-0.511500068,-0.437752712
733,39,Sekyere Central,2017,0,1187.321461,24.69714664,0.610409199,0.002707618,66767.47342,0.578114105,0.565566046,-0.764282016,-0.267436348,0.370542775,-0.425770176,-0.437752712
734,39,Sekyere Central,2018,0,1296.731428,24.99015337,0.633063354,0.002707618,68187.34401,0.919215248,0.578114105,-0.391472852,0.140052187,0.532663353,-0.344993655,-0.437752712
735,39,Sekyere Central,2019,0,1378.640732,25.63484408,0.6422604,0.002707618,69580.70096,0.921416112,0.919215248,0.428803907,0.445116738,0.598480438,1.850801216,-0.437752712
736,39,Sekyere Central,2020,0,1102.348313,25.43124427,0.625164386,0.002707618,70970.11777,0.923521697,0.921416112,0.169752251,-0.583911936,0.476135742,1.864968999,-0.437752712
737,39,Sekyere Central,2021,0,1054.465556,25.35089422,0.616037242,0.002707618,72400.42702,0.925539217,0.923521697,0.067518306,-0.762247379,0.4108189,1.878523432,-0.437752712
738,39,Sekyere Central,2022,0,1190.957403,24.45738306,0.622257757,0.002707618,73796.26021,0.927476975,0.925539217,-1.069346889,-0.253894576,0.455334952,1.891510955,-0.437752712
739,39,Sekyere Central,2023,0,1386.323856,24.99678488,0.619900381,0.002707618,75223.94935,0.929335179,0.927476975,-0.383035205,0.473731911,0.438464794,1.903985023,-0.437752712
740,39,Sekyere Central,2024,0,925.7670437,25.1885509,0.603857606,0.002707618,76662.65426,0.931127731,0.929335179,-0.139040357,-1.241574536,0.323657427,1.915946977,-0.437752712
741,40,Offinso North,2005,0,1157.313215,23.80453986,0.649255907,0.003089726,52351.17995,0.38985802,0.369461426,-1.899996527,-0.379199625,0.648542587,-1.688168525,-0.436432091
742,40,Offinso North,2006,0,1185.824037,24.1163426,0.68436078,0.003089726,52291.21243,0.409683095,0.38985802,-1.503272116,-0.273013384,0.899764588,-1.556868062,-0.436432091
743,40,Offinso North,2007,0,1417.544783,23.82859405,0.638919796,0.003089726,52487.63396,0.428593354,0.409683095,-1.869391001,0.590011717,0.574573981,-1.429246688,-0.436432091
744,40,Offinso North,2008,0,1474.684762,23.90536688,0.642779179,0.003089726,52729.25834,0.446568326,0.428593354,-1.771708551,0.802824928,0.60219299,-1.307514317,-0.436432091
745,40,Offinso North,2009,0,1359.022347,23.91242302,0.657610372,0.003089726,53230.64127,0.463771899,0.446568326,-1.762730631,0.372049659,0.708329884,-1.191802741,-0.436432091
746,40,Offinso North,2010,0,1282.096076,24.40396797,0.668390527,0.003089726,52894.61634,0.480355685,0.463771899,-1.137309952,0.085544008,0.785476213,-1.081056948,-0.436432091
747,40,Offinso North,2011,0,1186.230424,23.96983547,0.639547617,0.003089726,52909.04867,0.496486496,0.480355685,-1.689681487,-0.271499827,0.579066872,-0.974300947,-0.436432091
748,40,Offinso North,2012,0,1309.102323,23.90453986,0.640212727,0.003089726,52664.27011,0.51214003,0.496486496,-1.772760825,0.186126581,0.583826619,-0.870460922,-0.436432091
749,40,Offinso North,2013,0,1184.892838,23.66292451,0.660920675,0.003089726,52665.04061,0.527248853,0.51214003,-2.080181805,-0.276481557,0.732019499,-0.769693301,-0.436432091
750,40,Offinso North,2014,0,1230.03053,24.23492873,0.653120552,0.003089726,52594.36658,0.541772433,0.527248853,-1.352388216,-0.108369891,0.676199253,-0.672432191,-0.436432091
751,40,Offinso North,2015,0,1054.081559,24.36359317,0.640608434,0.003089726,71415.7,0.555574488,0.541772433,-1.188681115,-0.763677544,0.586658426,-0.578938511,-0.436432091
752,40,Offinso North,2016,0,1238.705965,24.42032817,0.599747571,0.003089726,73041.08649,0.568793093,0.555574488,-1.116493941,-0.076058936,0.294244663,-0.490089548,-0.436432091
753,40,Offinso North,2017,0,1170.17174,24.10878057,0.64890019,0.003089726,74698.0432,0.581247943,0.568793093,-1.512893714,-0.331309091,0.645996954,-0.404996472,-0.436432091
754,40,Offinso North,2018,0,1348.266848,24.37225497,0.666319124,0.003089726,76280.16339,0.592859788,0.581247943,-1.177660215,0.331991677,0.770652573,-0.324819972,-0.436432091
755,40,Offinso North,2019,0,1284.475717,24.93673236,0.65294564,0.003089726,77822.37044,0.603951738,0.592859788,-0.459443447,0.094406788,0.674947525,-0.25007021,-0.436432091
756,40,Offinso North,2020,0,1087.090797,24.69008886,0.617178879,0.003089726,79372.31264,0.614563496,0.603951738,-0.773262033,-0.640737317,0.418988835,-0.178667205,-0.436432091
757,40,Offinso North,2021,0,1136.866356,24.78841721,0.672868361,0.003350071,80966.40875,0.624731422,0.614563496,-0.64815327,-0.455352291,0.817521068,-0.110355371,-0.435532303
758,40,Offinso North,2022,0,1246.960496,23.80484339,0.632841409,0.003350071,82529.60761,0.634497364,0.624731422,-1.89961032,-0.045315605,0.53107504,-0.044900653,-0.435532303
759,40,Offinso North,2023,0,1319.013461,24.62972462,0.639448648,0.003350071,84131.5132,0.643862371,0.634497364,-0.850066903,0.223039812,0.578358619,0.017966343,-0.435532303
760,40,Offinso North,2024,1,919.1738518,24.3158675,0.618343252,0.003350071,85749.54141,0.652896501,0.643862371,-1.24940521,-1.266130344,0.427321465,0.078252375,-0.435532303
761,41,Offinso,2005,0,1227.638352,23.22955256,0.67903019,0.014731484,83367.15173,0.38985802,0.369461426,-2.631585654,-0.117279361,0.861617135,-1.688168525,-0.396196568
762,41,Offinso,2006,0,1210.556108,23.5653267,0.684906928,0.014731484,82687.78471,0.409683095,0.38985802,-2.20436106,-0.180900793,0.903673006,-1.556868062,-0.396196568
763,41,Offinso,2007,0,1525.807386,23.33284091,0.684393432,0.015152268,82343.89347,0.428593354,0.409683095,-2.500165994,0.993226993,0.899998256,-1.429246688,-0.394742281
764,41,Offinso,2008,0,1544.776136,23.38041193,0.681293752,0.015152268,81426.62249,0.446568326,0.428593354,-2.439638669,1.063874562,0.877815929,-1.307514317,-0.394742281
765,41,Offinso,2009,0,1395.618608,23.35455966,0.662657728,0.015152268,81741.31418,0.463771899,0.446568326,-2.472531989,0.50834946,0.74445042,-1.191802741,-0.394742281
766,41,Offinso,2010,0,1367.783665,23.86933239,0.719055879,0.01557323,80401.56879,0.480355685,0.463771899,-1.817557296,0.404680474,1.148054118,-1.081056948,-0.393287377
767,41,Offinso,2011,0,1259.009943,23.45168324,0.692077096,0.01557323,80580.26926,0.496486496,0.480355685,-2.348956121,-0.000438419,0.954985081,-0.974300947,-0.393287377
768,41,Offinso,2012,0,1385.114915,23.32955256,0.658582486,0.01557323,81072.94604,0.84388481,0.496486496,-2.504349952,0.469229308,0.715286649,-0.870460922,-0.393287377
769,41,Offinso,2013,0,1261.544602,23.13497159,0.686234375,0.01557323,80887.54443,0.848719633,0.84388481,-2.75192641,0.009001713,0.913172649,1.365871179,-0.393287377
770,41,Offinso,2014,0,1301.55554,23.67916193,0.669400713,0.01557323,80682.72995,0.853367178,0.848719633,-2.059522009,0.158019201,0.792705439,1.396994734,-0.393287377
771,41,Offinso,2015,0,1112.900426,23.83497159,0.640341565,0.015994185,127000.858,0.855726112,0.853367178,-1.861276496,-0.54461145,0.584748622,1.426912712,-0.3918325
772,41,Offinso,2016,0,1291.410938,23.89533381,0.643084394,0.016415151,129926.5017,0.8550189,0.855726112,-1.784474206,0.120236454,0.604377212,1.442098046,-0.390377583
773,41,Offinso,2017,0,1269.006392,23.57243608,0.676399424,0.016415151,132906.8756,0.858425176,0.8550189,-2.195315396,0.036792543,0.842790512,1.437545456,-0.390377583
774,41,Offinso,2018,0,1386.23608,23.84872159,0.687309753,0.016415151,135750.672,0.862098196,0.858425176,-1.843781586,0.473404995,0.920868411,1.45947292,-0.390377583
775,41,Offinso,2019,0,1365.532813,24.43697443,0.689558324,0.017678057,138531.1344,0.865855133,0.862098196,-1.095313955,0.396297358,0.936959922,1.483117519,-0.386012804
776,41,Offinso,2020,0,1124.728551,24.21851563,0.656110926,0.018940956,141304.2274,0.869449424,0.865855133,-1.373271551,-0.500558559,0.697599355,1.507302316,-0.381648053
777,41,Offinso,2021,0,1202.914915,24.29597301,0.697688673,0.019782679,144151.4274,0.872893386,0.869449424,-1.274718102,-0.209359797,0.995143374,1.530440107,-0.378738942
778,41,Offinso,2022,0,1334.693608,23.2459517,0.670861134,0.019782679,146942.3053,0.876201192,0.872893386,-2.610720083,0.281439245,0.80315669,1.552610169,-0.378738942
779,41,Offinso,2023,0,1329.860085,24.01329545,0.64294023,0.020624603,149786.2936,0.879373199,0.876201192,-1.634384876,0.263437182,0.603345526,1.573903747,-0.375829135
780,41,Offinso,2024,0,1018.879688,23.76832386,0.62645038,0.021466326,152651.3416,0.882306695,0.879373199,-1.946076199,-0.894784056,0.485338738,1.594323132,-0.372920024
781,1,Adentan,2005,0,1016.225216,25.24358836,0.420693369,0.722146916,61762.11875,0.384860535,0.367453724,-0.069013058,-0.904670421,-0.987126038,-1.701092849,2.04872888
782,1,Adentan,2006,0,855.544181,25.66880388,0.42224213,0.722146916,64106.21182,0.403119256,0.384860535,0.47201289,-1.503113885,-0.976042593,-1.589038734,2.04872888
783,1,Adentan,2007,0,1160.505388,25.63836207,0.434459701,0.725317179,66519.13089,0.418845662,0.403119256,0.433280039,-0.367310635,-0.888609645,-1.471500558,2.059685745
784,1,Adentan,2008,0,1259.459052,25.56799569,0.451255268,0.725317179,68940.89031,0.435865192,0.418845662,0.343748882,0.00123425,-0.768415048,-1.370263837,2.059685745
785,1,Adentan,2009,0,891.0043103,25.49358836,0.381647436,0.725317179,71259.59697,0.453401474,0.435865192,0.249076197,-1.371045513,-1.266551562,-1.260702793,2.059685745
786,1,Adentan,2010,0,1216.965517,26.06271552,0.416339482,0.725317179,74027.74845,0.470305985,0.453401474,0.973209128,-0.157029469,-1.018283884,-1.147815223,2.059685745
787,1,Adentan,2011,0,1018.021552,25.64358836,0.413125988,0.728487441,76538.54356,0.486748758,0.470305985,0.43992975,-0.897980113,-1.0412807,-1.038994607,2.07064261
788,1,Adentan,2012,0,1059.911638,25.34568966,0.375235249,0.728487441,79259.96164,0.502705026,0.486748758,0.060896239,-0.741963888,-1.312439281,-0.93314636,2.07064261
789,1,Adentan,2013,0,945.0506466,25.24331897,0.32757966,0.728487441,82234.29526,0.518106047,0.502705026,-0.069355827,-1.169754323,-1.653478337,-0.830429935,2.07064261
790,1,Adentan,2014,0,1080.010776,25.66266164,0.397289646,0.728487441,84553.47404,0.532910506,0.518106047,0.464197766,-0.667106281,-1.15461077,-0.731287837,2.07064261
791,1,Adentan,2015,0,847.125,26.05721983,0.366749271,0.731657776,191624.0169,0.546630803,0.532910506,0.966216649,-1.534470442,-1.37316773,-0.635986028,2.081599724
792,1,Adentan,2016,0,1034.233836,26.03830819,0.360542877,0.731657776,196045.4997,0.560115421,0.546630803,0.942154293,-0.837598776,-1.417582722,-0.547663374,2.081599724
793,1,Adentan,2017,0,1091.814655,25.63830819,0.363158249,0.731657776,200538.1867,0.569044654,0.560115421,0.433211485,-0.623143691,-1.398866258,-0.460857873,2.081599724
794,1,Adentan,2018,0,945.0872845,26.04924569,0.358567582,0.731657776,204834.1048,0.741057206,0.569044654,0.956070698,-1.169617868,-1.431718583,-0.403377081,2.081599724
795,1,Adentan,2019,0,1054.15625,26.4875,0.364002311,0.731657776,209016.356,0.74811173,0.741057206,1.513686647,-0.763399363,-1.392825877,0.703931665,2.081599724
796,1,Adentan,2020,0,791.3060345,26.00113147,0.338104194,0.733994828,213198.0971,0.754860851,0.74811173,0.894852227,-1.742363646,-1.578161312,0.74934426,2.0896769
797,1,Adentan,2021,0,1042.201509,26.68168103,0.338188453,0.743541965,217490.7984,0.761327692,0.754860851,1.760754249,-0.807923827,-1.577558327,0.792790858,2.122673123
798,1,Adentan,2022,0,969.8038793,25.26578664,0.327387025,0.744151082,221710.6387,0.76753887,0.761327692,-0.040768926,-1.077562918,-1.654856894,0.834420319,2.124778318
799,1,Adentan,2023,0,939.9892241,26.39229526,0.325221808,0.753661023,225985.0641,0.773495051,0.76753887,1.392552226,-1.18860518,-1.670351899,0.874403978,2.157645985
800,1,Adentan,2024,0,802.5894397,25.97149784,0.303995166,0.760000991,230282.6898,0.779240794,0.773495051,0.857147682,-1.700339519,-1.822256725,0.912746134,2.179557791
801,184,Dormaa Municipal,2005,0,1057.835604,24.17314547,0.632159891,0.009217245,94602.325,0.602597068,0.589312182,-1.430998584,-0.749695907,0.526197879,-0.272907471,-0.415254542
802,184,Dormaa Municipal,2006,0,1215.445362,24.5099711,0.694506812,0.009217245,96047.62842,0.615509706,0.602597068,-1.002436134,-0.162691164,0.972372928,-0.187387723,-0.415254542
803,184,Dormaa Municipal,2007,0,1308.229838,24.12733622,0.623226821,0.009217245,99714.94344,0.627826499,0.615509706,-1.489284303,0.182877081,0.462269894,-0.104264269,-0.415254542
804,184,Dormaa Municipal,2008,0,1461.435522,24.24865469,0.661771203,0.009217245,104323.6958,0.639534113,0.627826499,-1.334923896,0.75347921,0.738106158,-0.024976492,-0.415254542
805,184,Dormaa Municipal,2009,0,1448.119667,24.34037641,0.66163116,0.009217245,106735.451,0.650739292,0.639534113,-1.218221125,0.703885391,0.73710396,0.050389769,-0.415254542
806,184,Dormaa Municipal,2010,0,1266.525323,24.7639967,0.689621434,0.009217245,110729.7369,0.661540787,0.650739292,-0.67922488,0.027552005,0.937411558,0.122521673,-0.415254542
807,184,Dormaa Municipal,2011,0,1143.903386,24.41254129,0.646127993,0.009420949,112572.2737,0.672047245,0.661540787,-1.126401637,-0.429143445,0.626158201,0.192054911,-0.414550511
808,184,Dormaa Municipal,2012,0,1244.571841,24.25823699,0.648917922,0.009420949,118178.3742,0.68224284,0.672047245,-1.322731788,-0.054211956,0.646123854,0.259688891,-0.414550511
809,184,Dormaa Municipal,2013,0,1018.165428,24.0203826,0.639939346,0.009420949,124351.346,0.691302716,0.68224284,-1.625367492,-0.897444257,0.581870215,0.325321727,-0.414550511
810,184,Dormaa Municipal,2014,0,1186.855147,24.55695362,0.639928072,0.009420949,129346.8396,0.70078633,0.691302716,-0.942657593,-0.269173096,0.581789534,0.383643514,-0.414550511
811,184,Dormaa Municipal,2015,0,1009.372419,24.71503578,0.618041256,0.009420949,103758.6259,0.709798803,0.70078633,-0.741520642,-0.930193103,0.425160288,0.444693065,-0.414550511
812,184,Dormaa Municipal,2016,0,1142.334641,24.86791563,0.604398665,0.009420949,106150.0442,0.718430295,0.709798803,-0.54700289,-0.434986107,0.327529425,0.502709706,-0.414550511
813,184,Dormaa Municipal,2017,0,1124.270851,24.62696807,0.672613786,0.009420949,108586.5364,0.726563069,0.718430295,-0.853574215,-0.502263227,0.815699243,0.558273826,-0.414550511
814,184,Dormaa Municipal,2018,0,1355.178571,24.75188549,0.678925891,0.009420949,110909.7271,0.734145377,0.726563069,-0.694634654,0.357733828,0.86087074,0.610627518,-0.414550511
815,184,Dormaa Municipal,2019,0,1269.536265,25.02223369,0.701704955,0.009420949,113181.1776,0.741388205,0.734145377,-0.350655228,0.038766012,1.023885206,0.659437655,-0.414550511
816,184,Dormaa Municipal,2020,0,913.4618084,24.95072598,0.670224754,0.009420949,115447.7904,0.748317476,0.741388205,-0.441638561,-1.287404386,0.798602542,0.706062425,-0.414550511
817,184,Dormaa Municipal,2021,0,1170.473231,25.17956579,0.690476061,0.00962465,117774.7315,0.754956933,0.748317476,-0.150472632,-0.330186211,0.94352755,0.750668722,-0.413846493
818,184,Dormaa Municipal,2022,0,1196.306152,24.1785267,0.681745835,0.009828357,120057.0832,0.761333903,0.754956933,-1.424151741,-0.233973597,0.881051182,0.793409376,-0.413142455
819,184,Dormaa Municipal,2023,0,1151.84283,25.11172241,0.644124851,0.009828357,122383.2605,0.76744907,0.761333903,-0.236793633,-0.39957363,0.611823061,0.834460299,-0.413142455
820,184,Dormaa Municipal,2024,0,932.8336086,24.54173892,0.64528529,0.009828357,124727.4363,0.772987744,0.76744907,-0.962016122,-1.215255689,0.620127543,0.873825903,-0.413142455
821,42,Ahafo Ano South West,2005,0,1246.145768,23.74773046,0.681199155,0.001915202,78501.56239,0.393693461,0.373425082,-1.972278363,-0.048349994,0.877138961,-1.662652995,-0.440491409
822,42,Ahafo Ano South West,2006,0,1252.642049,24.06440431,0.719362907,0.001915202,77825.00117,0.413393912,0.393693461,-1.569356161,-0.024155125,1.150251312,-1.532177906,-0.440491409
823,42,Ahafo Ano South West,2007,0,1575.454124,23.85578437,0.684494046,0.001915202,76911.30592,0.432185299,0.413393912,-1.834795214,1.178132235,0.900718284,-1.405358779,-0.440491409
824,42,Ahafo Ano South West,2008,0,1634.350836,23.87032345,0.700946675,0.001915202,76133.19261,0.450047277,0.432185299,-1.816296309,1.397488255,1.018458703,-1.284391635,-0.440491409
825,42,Ahafo Ano South West,2009,0,1530.194394,23.8786469,0.679715025,0.001915202,76190.50327,0.467142706,0.450047277,-1.805705909,1.009566045,0.866518038,-1.169407438,-0.440491409
826,42,Ahafo Ano South West,2010,0,1427.286577,24.37513747,0.732698777,0.001915202,76299.25049,0.483622244,0.467142706,-1.173992652,0.626294238,1.245687177,-1.059357809,-0.440491409
827,42,Ahafo Ano South West,2011,0,1302.470836,23.96369811,0.72069816,0.001915202,74249.0315,0.499651654,0.483622244,-1.697490401,0.161428146,1.159806819,-0.953272892,-0.440491409
828,42,Ahafo Ano South West,2012,0,1430.956442,23.84773046,0.669862394,0.001915202,72778.46709,0.515206789,0.499651654,-1.845042661,0.639962353,0.796009376,-0.850085621,-0.440491409
829,42,Ahafo Ano South West,2013,0,1257.977358,23.66989218,0.700053763,0.001915202,72455.67375,0.530220635,0.515206789,-2.071316439,-0.004284196,1.012068733,-0.749951439,-0.440491409
830,42,Ahafo Ano South West,2014,0,1313.219946,24.18182749,0.68993693,0.001915202,71574.72291,0.544652917,0.530220635,-1.419951953,0.201462335,0.939669349,-0.653301727,-0.440491409
831,42,Ahafo Ano South West,2015,0,1151.446038,24.36989218,0.691476791,0.001915202,66418.57987,0.558368211,0.544652917,-1.180666525,-0.401051449,0.950689102,-0.560395761,-0.440491409
832,42,Ahafo Ano South West,2016,0,1313.792237,24.43686792,0.681171204,0.001915202,67982.50716,0.571503722,0.558368211,-1.09544947,0.203593787,0.876938936,-0.472105315,-0.440491409
833,42,Ahafo Ano South West,2017,0,1319.180485,24.13316981,0.712956852,0.001915202,69565.806,0.583880279,0.571503722,-1.481861896,0.223661879,1.104407479,-0.387547147,-0.440491409
834,42,Ahafo Ano South West,2018,0,1459.852183,24.38959569,0.719428489,0.001915202,71077.99132,0.59541913,0.583880279,-1.155596633,0.747582195,1.15072064,-0.307874648,-0.440491409
835,42,Ahafo Ano South West,2019,0,1457.175849,24.89984906,0.71816278,0.001915202,72533.31716,0.606441354,0.59541913,-0.506372177,0.737614405,1.141662808,-0.233594774,-0.440491409
836,42,Ahafo Ano South West,2020,0,1159.114286,24.73966038,0.675359933,0.001915202,73992.46899,0.616986406,0.606441354,-0.710189367,-0.372491683,0.835351574,-0.162640619,-0.440491409
837,42,Ahafo Ano South West,2021,0,1266.82814,24.90256604,0.741098439,0.001915202,75470.78185,0.627090414,0.616986406,-0.502915207,0.028679821,1.305797918,-0.094758202,-0.440491409
838,42,Ahafo Ano South West,2022,0,1423.452183,23.81047978,0.717585391,0.001915202,76925.60234,0.636794966,0.627090414,-1.892438818,0.612013351,1.137530821,-0.029714943,-0.440491409
839,42,Ahafo Ano South West,2023,0,1284.445606,24.58757951,0.681564341,0.001915202,78409.11516,0.646101103,0.636794966,-0.90369052,0.094294644,0.879752355,0.032756862,-0.440491409
840,42,Ahafo Ano South West,2024,0,1048.266415,24.19924528,0.651124654,0.001915202,79906.9578,0.655078444,0.646101103,-1.397790306,-0.785335575,0.661915954,0.092663928,-0.440491409
841,43,Bekwai,2005,0,1322.955396,24.11476138,0.679659293,0.029947593,128801.9636,0.40836828,0.388590469,-1.505283987,0.237721228,0.866119207,-1.565027758,-0.343607594
842,43,Bekwai,2006,0,1232.077199,24.49953213,0.724332658,0.029947593,131025.8503,0.427591908,0.40836828,-1.015718232,-0.100747237,1.185816484,-1.43771064,-0.343607594
843,43,Bekwai,2007,0,1718.319713,24.29303649,0.695239471,0.029947593,132269.1112,0.445928476,0.427591908,-1.2784544,1.71022352,0.977616079,-1.313960996,-0.343607594
844,43,Bekwai,2008,0,1634.905022,24.27321429,0.713767382,0.029947593,139998.1072,0.463358129,0.445928476,-1.303675326,1.399552277,1.110207895,-1.195921696,-0.343607594
845,43,Bekwai,2009,0,1322.440268,24.25793824,0.649964293,0.029947593,139551.46,0.469885864,0.463358129,-1.323111909,0.235802676,0.653612031,-1.083720534,-0.343607594
846,43,Bekwai,2010,0,1502.439956,24.81120555,0.71235011,0.029947593,143163.823,0.486280566,0.469885864,-0.619158362,0.906196897,1.100065435,-1.04169908,-0.343607594
847,43,Bekwai,2011,0,1276.091391,24.43253275,0.687688776,0.030408573,146144.629,0.496961269,0.486280566,-1.100965358,0.063180047,0.92358082,-0.93616029,-0.342014385
848,43,Bekwai,2012,0,1484.390518,24.21476138,0.683470889,0.030869496,145692.9607,0.506742578,0.496961269,-1.378048285,0.838973229,0.89339624,-0.867404629,-0.34042137
849,43,Bekwai,2013,0,1341.069557,24.10186369,0.678742231,0.030869496,146708.7584,0.514858045,0.506742578,-1.521694456,0.30518595,0.859556408,-0.804438708,-0.34042137
850,43,Bekwai,2014,0,1351.616968,24.54805053,0.68368989,0.030869496,149592.8587,0.521983154,0.514858045,-0.953985501,0.344468926,0.894963482,-0.752196431,-0.34042137
851,43,Bekwai,2015,0,1172.566282,24.77927324,0.672328327,0.03133042,128236.6475,0.535059067,0.521983154,-0.659787666,-0.322390815,0.813656404,-0.706329455,-0.338828355
852,43,Bekwai,2016,0,1384.383968,24.83666563,0.65812379,0.03133042,131192.5894,0.542187196,0.535059067,-0.586764057,0.466506954,0.712004072,-0.622154945,-0.338828355
853,43,Bekwai,2017,0,1405.478322,24.53666563,0.688673137,0.031791339,134211.5574,0.553759949,0.542187196,-0.968471163,0.545071164,0.930625232,-0.576268525,-0.337235353
854,43,Bekwai,2018,0,1432.317998,24.83215066,0.709705423,0.032252266,137087.7201,0.561520969,0.553759949,-0.592508713,0.645033356,1.081139186,-0.501770412,-0.335642324
855,43,Bekwai,2019,0,1476.342483,25.42691048,0.682713037,0.033174105,139914.6019,0.569658861,0.561520969,0.164238126,0.808998977,0.8879728,-0.451809841,-0.332456322
856,43,Bekwai,2020,0,1151.804117,25.27311291,0.679898287,0.033635033,142717.044,0.577770286,0.569658861,-0.031447288,-0.399717811,0.867829528,-0.399423202,-0.330863293
857,43,Bekwai,2021,0,1238.866656,25.46771678,0.708672952,0.034202598,145604.2582,0.585975656,0.577770286,0.216158309,-0.075460455,1.073750482,-0.347206946,-0.328901711
858,43,Bekwai,2022,0,1390.607923,24.34394105,0.649894176,0.034663513,148440.441,0.596548105,0.585975656,-1.213685634,0.489687569,0.653110249,-0.294385925,-0.327308724
859,43,Bekwai,2023,0,1369.512009,24.98210387,0.659955803,0.035124432,151322.5129,0.606885458,0.596548105,-0.40171469,0.411117551,0.725114559,-0.226327143,-0.325715723
860,43,Bekwai,2024,0,1103.64582,24.74648316,0.59453235,0.03558542,154222.1943,0.614029526,0.606885458,-0.701508356,-0.579079477,0.256922832,-0.159781757,-0.324122486
861,44,Bosomtwe,2005,0,1298.579155,24.16424201,0.616296951,0.034286537,86718.32953,0.335318711,0.332922021,-1.442326972,0.146933898,0.412677469,-1.923386259,-0.328611606
862,44,Bosomtwe,2006,0,1208.320568,24.57767469,0.646754096,0.034286537,88943.18407,0.337080868,0.335318711,-0.916292988,-0.189226878,0.630638803,-1.907957875,-0.328611606
863,44,Bosomtwe,2007,0,1681.434268,24.35823135,0.648103573,0.034870365,92701.17705,0.340276344,0.337080868,-1.195503273,1.572846674,0.640296104,-1.896614215,-0.326593813
864,44,Bosomtwe,2008,0,1618.434268,24.37549349,0.63820882,0.03545421,93978.79588,0.342159153,0.340276344,-1.173539668,1.33820829,0.569486002,-1.876043746,-0.324575966
865,44,Bosomtwe,2009,0,1319.94848,24.36210028,0.575179221,0.037205753,97684.22178,0.362608313,0.342159153,-1.190580612,0.226522213,0.118425482,-1.863923403,-0.31852239
866,44,Bosomtwe,2010,0,1465.782274,24.86856494,0.659807482,0.039541136,98635.30213,0.38232076,0.362608313,-0.546176738,0.769668336,0.724053119,-1.732284558,-0.310450986
867,44,Bosomtwe,2011,0,1280.233715,24.49529214,0.627276377,0.043758567,104035.7566,0.401494773,0.38232076,-1.021113005,0.078607796,0.491249843,-1.60538821,-0.295874961
868,44,Bosomtwe,2012,0,1452.241413,24.26424201,0.614384542,0.05156837,106644.103,0.420101468,0.401494773,-1.31509127,0.7192365,0.398991637,-1.481957961,-0.268883201
869,44,Bosomtwe,2013,0,1324.928543,24.16658113,0.562978394,0.054487577,110991.9315,0.438060687,0.420101468,-1.439350772,0.245070054,0.03111235,-1.362179746,-0.258794021
870,44,Bosomtwe,2014,0,1355.035334,24.62480261,0.623035683,0.057406742,114507.1721,0.455324252,0.438060687,-0.856329459,0.35720035,0.46090205,-1.246569575,-0.248704984
871,44,Bosomtwe,2015,0,1157.58488,24.85311883,0.580635005,0.059742134,146849.9049,0.471730173,0.455324252,-0.565829707,-0.378187831,0.157468863,-1.135437588,-0.240633544
872,44,Bosomtwe,2016,0,1369.421042,24.90854718,0.572024045,0.062661325,150240.201,0.482060431,0.471730173,-0.495305062,0.410778754,0.095846006,-1.029826579,-0.230544418
873,44,Bosomtwe,2017,0,1375.4015,24.60854718,0.61110589,0.064412827,153694.6835,0.497020441,0.482060431,-0.877012168,0.433052484,0.375528525,-0.963326864,-0.224490985
874,44,Bosomtwe,2018,0,1404.51362,24.88154362,0.640647133,0.064996635,156995.4331,0.808298323,0.497020441,-0.529663222,0.541478211,0.58693537,-0.867023718,-0.222473263
875,44,Bosomtwe,2019,0,1404.293525,25.49164035,0.629988585,0.067686964,160221.4824,0.812934247,0.808298323,0.246597627,0.540658486,0.510659296,1.136787732,-0.213175114
876,44,Bosomtwe,2020,1,1159.836557,25.35303,0.605725313,0.070008528,163463.4923,0.817946506,0.812934247,0.070235783,-0.36980164,0.337023348,1.166630897,-0.20515147
877,44,Bosomtwe,2021,0,1221.894197,25.53015199,0.633446838,0.071531128,166780.2838,0.822749129,0.817946506,0.29559819,-0.138673003,0.53540769,1.198896674,-0.199889153
878,44,Bosomtwe,2022,0,1388.993881,24.32681603,0.6052102,0.073108708,170020.3603,0.827361883,0.822749129,-1.235474773,0.483676201,0.33333703,1.229812947,-0.19443682
879,44,Bosomtwe,2023,1,1363.521516,25.02002566,0.564914309,0.076027795,173344.9921,0.831785264,0.827361883,-0.35346463,0.388806447,0.044966398,1.259506959,-0.18434805
880,44,Bosomtwe,2024,0,1064.893802,24.82117055,0.546241861,0.081866104,176696.0467,0.836052361,0.831785264,-0.606479328,-0.723408223,-0.088659775,1.287981903,-0.164170047
881,45,Ajumako-Enyan-Essiam,2005,0,1446.287454,24.78670886,0.669285614,0.027402653,112990.9952,0.401320725,0.385871423,-0.650326899,0.697061462,0.791881753,-1.582531269,-0.35240326
882,45,Ajumako-Enyan-Essiam,2006,0,1220.446403,25.14961545,0.691754955,0.027402653,117550.4385,0.420773347,0.401320725,-0.188580157,-0.144065193,0.952679736,-1.48307837,-0.35240326
883,45,Ajumako-Enyan-Essiam,2007,0,1675.365006,25.03770229,0.698250711,0.027402653,122472.5921,0.436419143,0.420773347,-0.330973646,1.550242201,0.999165502,-1.357854612,-0.35240326
884,45,Ajumako-Enyan-Essiam,2008,0,1752.286813,25.06053517,0.723737882,0.027402653,127209.0519,0.451965174,0.436419143,-0.301922071,1.836731226,1.181560068,-1.257136805,-0.35240326
885,45,Ajumako-Enyan-Essiam,2009,0,1203.433905,24.95074507,0.63062271,0.027402653,132349.9311,0.467798617,0.451965174,-0.441614273,-0.20742686,0.515197301,-1.157061221,-0.35240326
886,45,Ajumako-Enyan-Essiam,2010,0,1735.447364,25.55074507,0.749621882,0.027402653,137602.4322,0.481164941,0.467798617,0.321799939,1.774014066,1.366794479,-1.055135464,-0.35240326
887,45,Ajumako-Enyan-Essiam,2011,0,1294.470437,25.1440955,0.698864512,0.027402653,143685.6877,0.496704852,0.481164941,-0.195603503,0.131631313,1.003558061,-0.969091464,-0.35240326
888,45,Ajumako-Enyan-Essiam,2012,0,1568.295946,24.92223201,0.699397324,0.027402653,150282.7442,0.509702714,0.496704852,-0.477893063,1.151472183,1.007371038,-0.869055284,-0.35240326
889,45,Ajumako-Enyan-Essiam,2013,0,1426.09726,24.83005929,0.697501194,0.027402653,156590.451,0.52488702,0.509702714,-0.595169682,0.621864725,0.993801712,-0.78538321,-0.35240326
890,45,Ajumako-Enyan-Essiam,2014,0,1464.19452,25.18291139,0.715138994,0.027402653,162651.0607,0.539483158,0.52488702,-0.146215826,0.763754876,1.120023601,-0.687636191,-0.35240326
891,45,Ajumako-Enyan-Essiam,2015,0,1221.227207,25.4818058,0.682543232,0.027402653,110941.2849,0.553354168,0.539483158,0.234084572,-0.141157151,0.886757621,-0.593675422,-0.35240326
892,45,Ajumako-Enyan-Essiam,2016,0,1461.151258,25.55985419,0.702068659,0.027876876,113511.4093,0.566638812,0.553354168,0.333389988,0.752420493,1.02648799,-0.504382576,-0.350764279
893,45,Ajumako-Enyan-Essiam,2017,0,1540.988143,25.26321102,0.742964375,0.027876876,116129.3193,0.579155886,0.566638812,-0.044046027,1.049766488,1.319151175,-0.418864381,-0.350764279
894,45,Ajumako-Enyan-Essiam,2018,0,1350.566576,25.6141003,0.726668127,0.027876876,118626.27,0.953930946,0.579155886,0.402410413,0.340556825,1.202529868,-0.338287324,-0.350764279
895,45,Ajumako-Enyan-Essiam,2019,0,1298.81221,26.01482935,0.722808076,0.027876876,121068.1267,0.955186032,0.953930946,0.912280832,0.14780189,1.174906071,2.074279074,-0.350764279
896,45,Ajumako-Enyan-Essiam,2020,0,1173.331678,25.68745393,0.721401734,0.027876876,123502.1368,0.956386782,0.955186032,0.495742418,-0.319540161,1.164841829,2.082358523,-0.350764279
897,45,Ajumako-Enyan-Essiam,2021,0,1285.571863,26.35547188,0.734286975,0.027876876,126003.9478,0.957537311,0.956386782,1.345699741,0.098489297,1.257052845,2.090088199,-0.350764279
898,45,Ajumako-Enyan-Essiam,2022,0,1345.542701,25.14065054,0.709297686,0.028351137,128454.5855,0.958642354,0.957537311,-0.199986723,0.321845813,1.078221284,2.097494583,-0.349125167
899,45,Ajumako-Enyan-Essiam,2023,0,1443.480532,26.01839449,0.719020027,0.028351137,130952.9158,0.959702031,0.958642354,0.916816955,0.686607309,1.147797547,2.104608159,-0.349125167
900,45,Ajumako-Enyan-Essiam,2024,0,1230.311008,25.43664477,0.703113357,0.028351137,133469.3156,0.960724268,0.959702031,0.176623616,-0.107325273,1.033964192,2.111429692,-0.349125167
901,46,Gomoa West,2005,0,1399.683309,24.68219752,0.645501267,0.038337855,86735.08282,0.364461032,0.350162908,-0.783302635,0.523488109,0.621673146,-1.812400259,-0.314609691
902,46,Gomoa West,2006,0,1143.791727,25.03541363,0.65424068,0.038337855,89182.43281,0.375433566,0.364461032,-0.33388564,-0.429559307,0.684215259,-1.720357921,-0.314609691
903,46,Gomoa West,2007,0,1583.698797,24.93281706,0.653653632,0.038337855,92491.35849,0.391397378,0.375433566,-0.464425112,1.208838852,0.680014148,-1.649723639,-0.314609691
904,46,Gomoa West,2008,0,1695.035168,24.94396866,0.67619013,0.038337855,98169.25386,0.404924195,0.391397378,-0.450236291,1.623502122,0.841292737,-1.546958643,-0.314609691
905,46,Gomoa West,2009,0,1147.884293,24.84057034,0.589004858,0.038337855,98628.51048,0.423422286,0.404924195,-0.581795874,-0.414316878,0.217366282,-1.459881496,-0.314609691
906,46,Gomoa West,2010,0,1666.041727,25.44057034,0.687181412,0.038337855,108068.3313,0.441253955,0.423422286,0.181618338,1.515518408,0.919949958,-1.340802403,-0.314609691
907,46,Gomoa West,2011,0,1255.016399,25.0310769,0.64623228,0.038337855,110133.6657,0.458598562,0.441253955,-0.339403515,-0.015312048,0.626904515,-1.226013322,-0.314609691
908,46,Gomoa West,2012,0,1506.864796,24.76012208,0.63832843,0.038337855,111660.8912,0.47542998,0.458598562,-0.68415477,0.922676853,0.570341965,-1.114359636,-0.314609691
909,46,Gomoa West,2013,0,1344.16691,24.72969206,0.630217083,0.038337855,114808.3348,0.491675698,0.47542998,-0.722872632,0.316721788,0.512294507,-1.006009542,-0.314609691
910,46,Gomoa West,2014,0,1409.837828,25.08364614,0.683276746,0.038337855,118639.4117,0.507292135,0.491675698,-0.272516671,0.56130779,0.892006885,-0.901429816,-0.314609691
911,46,Gomoa West,2015,0,1171.346574,25.3897777,0.649697139,0.038337855,118722.045,0.522132755,0.507292135,0.116991968,-0.326933517,0.651700186,-0.800901007,-0.314609691
912,46,Gomoa West,2016,0,1407.571429,25.46214468,0.669078452,0.038337855,121462.9143,0.536346022,0.522132755,0.209068606,0.55286677,0.790399231,-0.705366416,-0.314609691
913,46,Gomoa West,2017,0,1467.475219,25.1633473,0.677843217,0.038337855,124253.0821,0.549738064,0.536346022,-0.171108333,0.775973571,0.853122768,-0.613870333,-0.314609691
914,46,Gomoa West,2018,0,1270.984329,25.48217019,0.662645925,0.038337855,126915.9446,0.562223666,0.549738064,0.234548205,0.044159211,0.744365957,-0.527660784,-0.314609691
915,46,Gomoa West,2019,0,1251.451348,25.75449162,0.683644527,0.038337855,129517.1988,0.574150253,0.562223666,0.581038286,-0.028589791,0.894638846,-0.447286318,-0.314609691
916,46,Gomoa West,2020,0,1125.727041,25.29870627,0.66025734,0.038337855,132114.6041,0.792263666,0.574150253,0.001116597,-0.496839765,0.727272451,-0.370510444,-0.314609691
917,46,Gomoa West,2021,0,1226.051385,26.11891399,0.673206157,0.038337855,134777.8649,0.797743811,0.792263666,1.044713655,-0.123189893,0.819938442,1.033566688,-0.314609691
918,46,Gomoa West,2022,0,1309.821975,24.89859694,0.657961664,0.038337855,137387.2948,0.8030073,0.797743811,-0.507965317,0.188806869,0.71084384,1.068844413,-0.314609691
919,46,Gomoa West,2023,0,1378.053207,25.89212828,0.672761201,0.038337855,140048.9755,0.8080547,0.8030073,0.756161259,0.44292855,0.816754192,1.10272745,-0.314609691
920,46,Gomoa West,2024,0,1179.027879,25.32742347,0.656482537,0.038337855,142731.4693,0.812923769,0.8080547,0.037655129,-0.298325121,0.700258724,1.135219441,-0.314609691
921,47,Obuasi,2005,0,1379.405934,24.06773432,0.642100953,0.096316658,59055.34907,0.387581228,0.367108522,-1.5651192,0.447966672,0.597339383,-1.703315043,-0.114226938
922,47,Obuasi,2006,0,1270.303439,24.43061362,0.69165825,0.096316658,56912.50463,0.407480281,0.387581228,-1.103407177,0.041623289,0.951987684,-1.571524623,-0.114226938
923,47,Obuasi,2007,0,1806.385705,24.23654754,0.651550653,0.096316658,55952.22649,0.426461105,0.407480281,-1.350328519,2.038218154,0.664964541,-1.443427019,-0.114226938
924,47,Obuasi,2008,0,1691.674983,24.24770735,0.65516744,0.096316658,58266.35114,0.444503152,0.426461105,-1.336129255,1.610987387,0.690847457,-1.321240394,-0.114226938
925,47,Obuasi,2009,0,1306.237357,24.15620364,0.596288431,0.096316658,57366.11111,0.461770921,0.444503152,-1.452554641,0.175456248,0.269489921,-1.205097032,-0.114226938
926,47,Obuasi,2010,0,1600.893459,24.75620364,0.688439842,0.096316658,53572.6367,0.478416592,0.461770921,-0.689140429,1.272878974,0.928955695,-1.093937982,-0.114226938
927,47,Obuasi,2011,0,1282.213756,24.36540796,0.642734104,0.098313273,58630.76715,0.494607596,0.478416592,-1.186372062,0.085982298,0.601870416,-0.986783613,-0.107326362
928,47,Obuasi,2012,0,1568.353338,24.16540796,0.632476339,0.098313273,57004.28844,0.510319543,0.494607596,-1.440843466,1.151685934,0.528462481,-0.882556101,-0.107326362
929,47,Obuasi,2013,0,1393.790964,24.04770735,0.628911632,0.098313273,60705.358,0.525484745,0.510319543,-1.590600659,0.501542549,0.502952269,-0.781412457,-0.107326362
930,47,Obuasi,2014,0,1379.279164,24.45620364,0.643593384,0.098313273,60819.42727,0.540062521,0.525484745,-1.070847535,0.447494527,0.608019713,-0.68378841,-0.107326362
931,47,Obuasi,2015,0,1200.45381,24.69490897,0.624388819,0.102306485,86615.48293,0.55391608,0.540062521,-0.767129137,-0.218525982,0.470585532,-0.589945851,-0.093525269
932,47,Obuasi,2016,0,1436.036413,24.75620364,0.642396507,0.102306485,88605.75051,0.567184011,0.55391608,-0.689140429,0.658882291,0.599454468,-0.500765341,-0.093525269
933,47,Obuasi,2017,0,1480.505057,24.45387728,0.657479045,0.104303083,90636.81571,0.579685337,0.567184011,-1.073807503,0.824502147,0.707390064,-0.415354733,-0.086624751
934,47,Obuasi,2018,0,1478.803102,24.79099798,0.675100931,0.104303083,92572.8057,0.591340513,0.579685337,-0.644869612,0.818163352,0.833498066,-0.334879048,-0.086624751
935,47,Obuasi,2019,0,1468.44909,25.36918409,0.649882935,0.106299697,94469.62164,0.602473853,0.591340513,0.090789543,0.779600675,0.653029801,-0.259850352,-0.079724176
936,47,Obuasi,2020,0,1170.650708,25.25424815,0.648162595,0.106299697,96358.33819,0.61312521,0.602473853,-0.055450008,-0.329525214,0.640718483,-0.188180901,-0.079724176
937,47,Obuasi,2021,0,1297.980445,25.49477411,0.653588422,0.108296328,98300.62365,0.623331078,0.61312521,0.250584887,0.144704051,0.679547487,-0.119614156,-0.072823543
938,47,Obuasi,2022,0,1367.291976,24.31115981,0.604134131,0.110292926,100206.8568,0.633133462,0.623331078,-1.255395071,0.402849218,0.325636331,-0.053915189,-0.065923025
939,47,Obuasi,2023,0,1473.269049,25.00401214,0.603224805,0.112289507,102148.0486,0.642533415,0.633133462,-0.373839549,0.797552223,0.319128897,0.0091864,-0.059022565
940,47,Obuasi,2024,0,1171.403237,24.70401214,0.580383089,0.114286105,104102.504,0.651601257,0.642533415,-0.755546655,-0.326722483,0.155666066,0.069697394,-0.052122047
941,48,Kwabre East,2005,0,1297.200542,23.43397696,0.583992103,0.22992108,72785.85182,0.40836828,0.388590469,-2.371484823,0.141799365,0.181493362,-1.565027758,0.347528399
942,48,Kwabre East,2006,0,1229.640244,23.82930217,0.609698842,0.22992108,69590.90215,0.427591908,0.40836828,-1.868490026,-0.109823478,0.365459231,-1.43771064,0.347528399
943,48,Kwabre East,2007,0,1659.077913,23.62283198,0.610886362,0.233798163,69026.85765,0.445928476,0.427591908,-2.131193821,1.489582248,0.373957512,-1.313960996,0.360928135
944,48,Kwabre East,2008,0,1626.981707,23.64786585,0.589214812,0.239814816,65539.83325,0.463358129,0.445928476,-2.099341794,1.370042535,0.218868779,-1.195921696,0.381722516
945,48,Kwabre East,2009,0,1402.428862,23.66114499,0.532181845,0.271690532,63922.95668,0.480039786,0.463358129,-2.082445996,0.533713697,-0.189277873,-1.083720534,0.491889395
946,48,Kwabre East,2010,0,1449.807588,24.13397696,0.615502105,0.273696095,60572.33633,0.49612046,0.480039786,-1.480834909,0.710171916,0.406989284,-0.976334506,0.498820897
947,48,Kwabre East,2011,0,1319.355691,23.76368564,0.591012951,0.281718165,61822.86009,0.5117619,0.49612046,-1.95197768,0.224314419,0.231736858,-0.872817229,0.526546279
948,48,Kwabre East,2012,0,1462.904472,23.53397696,0.568320483,0.283723673,60828.87105,0.526940544,0.5117619,-2.244249121,0.758950195,0.069342097,-0.772127464,0.533477593
949,48,Kwabre East,2013,0,1333.704607,23.42283198,0.528910602,0.288057136,60527.91467,0.541591001,0.526940544,-2.385665225,0.277755791,-0.212687959,-0.674416892,0.548454638
950,48,Kwabre East,2014,0,1374.060298,23.91700542,0.568927269,0.298942053,59741.51003,0.555673969,0.541591001,-1.756900177,0.428057286,0.073684459,-0.580106454,0.586074415
951,48,Kwabre East,2015,0,1173.792005,24.12283198,0.472212662,0.326908376,265457.2067,0.561249224,0.555673969,-1.495015311,-0.317825707,-0.618437053,-0.48944915,0.682729889
952,48,Kwabre East,2016,0,1365.058266,24.17811653,0.50036376,0.335449569,271608.7225,0.56427546,0.561249224,-1.424673622,0.394529946,-0.416978543,-0.453559161,0.712249434
953,48,Kwabre East,2017,0,1367.623306,23.88617886,0.51039477,0.34753738,277881.4004,0.569961297,0.56427546,-1.796122565,0.404083232,-0.345193341,-0.434078157,0.754026577
954,48,Kwabre East,2018,0,1431.49187,24.13861789,0.549253003,0.353128938,283856.7505,0.57460693,0.569961297,-1.47493,0.641956511,-0.067111056,-0.397476311,0.773351776
955,48,Kwabre East,2019,0,1423.247967,24.72781165,0.513130684,0.355134319,289720.57,0.58048023,0.57460693,-0.725265175,0.611252766,-0.325614241,-0.367570643,0.78028265
956,48,Kwabre East,2020,0,1200.237805,24.58861789,0.4810096,0.367166897,295535.7775,0.585350705,0.58048023,-0.902369341,-0.219330475,-0.555483272,-0.329762029,0.821868901
957,48,Kwabre East,2021,0,1224.871951,24.68861789,0.496258213,0.381762747,301541.9473,0.593030147,0.585350705,-0.775133639,-0.127582597,-0.446359183,-0.298408969,0.872314173
958,48,Kwabre East,2022,1,1429,23.600271,0.46633728,0.392112119,307444.901,0.603621078,0.593030147,-2.159899437,0.632675744,-0.660483215,-0.248973548,0.908083034
959,48,Kwabre East,2023,0,1334.719512,24.2004065,0.447961319,0.400393473,313447.0717,0.608764476,0.603621078,-1.396312818,0.281535723,-0.791987627,-0.180795786,0.936704536
960,48,Kwabre East,2024,2,1078.546748,24.06971545,0.39340665,0.406409689,319491.4517,0.618688934,0.608764476,-1.562598502,-0.672558934,-1.182398766,-0.147685819,0.957497409
961,49,Ejura-Sekyedumase,2005,0,1159.950822,24.56329302,0.623283293,0.006247548,83703.27028,0.393579296,0.373307101,-0.934591608,-0.369376072,0.462674026,-1.663412484,-0.425518225
962,49,Ejura-Sekyedumase,2006,0,1148.149085,24.91735814,0.626430581,0.006247548,84169.69198,0.413283456,0.393579296,-0.484094372,-0.413330681,0.485197053,-1.532912828,-0.425518225
963,49,Ejura-Sekyedumase,2007,0,1412.994605,24.69551938,0.605923234,0.006247548,84679.66856,0.432078382,0.413283456,-0.766352475,0.573064949,0.338439738,-1.40606982,-0.425518225
964,49,Ejura-Sekyedumase,2008,0,1450.500403,24.57103566,0.609575903,0.006247548,85178.31514,0.449943724,0.432078382,-0.924740211,0.712752249,0.36457944,-1.285079899,-0.425518225
965,49,Ejura-Sekyedumase,2009,0,1286.351194,24.72855504,0.599390763,0.006247548,85614.44141,0.467042371,0.449943724,-0.724319323,0.101391849,0.291691232,-1.170074052,-0.425518225
966,49,Ejura-Sekyedumase,2010,0,1283.117643,25.21352868,0.621183984,0.006247548,86174.81525,0.483525013,0.467042371,-0.107259703,0.089348753,0.44765068,-1.060003701,-0.425518225
967,49,Ejura-Sekyedumase,2011,0,1193.828341,24.79468527,0.608036226,0.006247548,86877.18456,0.499557441,0.483525013,-0.640178057,-0.243202002,0.353561003,-0.953898808,-0.425518225
968,49,Ejura-Sekyedumase,2012,0,1275.749209,24.6395814,0.586686866,0.006247548,87140.09223,0.515115504,0.499557441,-0.837525562,0.061905619,0.200777965,-0.850692107,-0.425518225
969,49,Ejura-Sekyedumase,2013,0,1195.25569,24.48952558,0.595582695,0.006247548,87726.12986,0.530132178,0.515115504,-1.028450131,-0.237885958,0.264439446,-0.75053907,-0.425518225
970,49,Ejura-Sekyedumase,2014,0,1237.56676,24.9400186,0.603819078,0.006431293,88425.85406,0.544567177,0.530132178,-0.45526217,-0.080301814,0.323381705,-0.653871159,-0.424883175
971,49,Ejura-Sekyedumase,2015,0,1024.869023,25.19462016,0.588397281,0.006431293,126800.878,0.558285054,0.544567177,-0.1313181,-0.872477261,0.213018262,-0.5609477,-0.424883175
972,49,Ejura-Sekyedumase,2016,0,1248.465178,25.24097984,0.544652325,0.006431293,129726.0284,0.571423038,0.558285054,-0.072332023,-0.039711539,-0.100035016,-0.47264063,-0.424883175
973,49,Ejura-Sekyedumase,2017,0,1137.580465,24.95416124,0.554758484,0.006431293,132705.1612,0.583801926,0.571423038,-0.437267688,-0.452692649,-0.027712027,-0.388066539,-0.424883175
974,49,Ejura-Sekyedumase,2018,0,1297.530729,25.21832868,0.576955693,0.006431293,135547.8249,0.826888508,0.583801926,-0.101152389,0.143029119,0.131138496,-0.308379038,-0.424883175
975,49,Ejura-Sekyedumase,2019,0,1324.520434,25.90691163,0.567413197,0.006431293,138327.0851,0.831604682,0.826888508,0.774970956,0.243550085,0.062849259,1.256459664,-0.424883175
976,49,Ejura-Sekyedumase,2020,0,1094.888,25.67989147,0.536954928,0.006431293,141099.6989,0.836116683,0.831604682,0.486120268,-0.611697268,-0.15512012,1.286819428,-0.424883175
977,49,Ejura-Sekyedumase,2021,0,1052.572279,25.56154109,0.554760127,0.006431293,143946.1402,0.840439972,0.836116683,0.335536321,-0.769298734,-0.027700266,1.315864861,-0.424883175
978,49,Ejura-Sekyedumase,2022,0,1103.594667,24.7191969,0.559898535,0.006431293,146736.2114,0.844592342,0.840439972,-0.736226217,-0.579269995,0.009071871,1.343695479,-0.424883175
979,49,Ejura-Sekyedumase,2023,0,1338.56738,25.32178295,0.570009958,0.006431293,149580.3131,0.848574239,0.844592342,0.030478369,0.295866794,0.081432538,1.370425827,-0.424883175
980,49,Ejura-Sekyedumase,2024,1,892.3642791,25.41546977,0.551245588,0.006431293,152445.6207,0.852415451,0.848574239,0.149681455,-1.36598042,-0.052851464,1.396058778,-0.424883175
981,50,Atwima Nwabiagya,2005,0,1304.409905,24.24924454,0.629280502,0.093642558,86223.44189,0.394636223,0.37439936,-1.334173396,0.168650052,0.50559202,-1.656381206,-0.123468999
982,50,Atwima Nwabiagya,2006,0,1253.19502,24.61710968,0.662743171,0.094470645,86384.49197,0.414306041,0.394636223,-0.866117606,-0.022095629,0.745061878,-1.526108996,-0.120607015
983,50,Atwima Nwabiagya,2007,0,1662.853665,24.42814773,0.655127881,0.094470645,89021.39592,0.433068209,0.414306041,-1.106544666,1.50364473,0.690564358,-1.399487063,-0.120607015
984,50,Atwima Nwabiagya,2008,0,1649.692501,24.39153609,0.646831704,0.094470645,92464.50885,0.450902413,0.433068209,-1.153127743,1.454627043,0.63119419,-1.278708014,-0.120607015
985,50,Atwima Nwabiagya,2009,0,1477.358142,24.44662843,0.60166588,0.096467744,94971.30543,0.46797126,0.450902413,-1.083030626,0.812781717,0.307972717,-1.16390261,-0.113704764
986,50,Atwima Nwabiagya,2010,0,1469.974259,24.9211108,0.680658,0.098123821,94089.68182,0.484425174,0.46797126,-0.479319648,0.785281042,0.873266277,-1.0540241,-0.107981132
987,50,Atwima Nwabiagya,2011,0,1324.433128,24.56084219,0.643368505,0.101114418,96378.01574,0.500429659,0.484425174,-0.937709939,0.243224921,0.606410399,-0.948104137,-0.097645219
988,50,Atwima Nwabiagya,2012,0,1487.623951,24.34924454,0.631600767,0.103598553,99422.41525,0.515960606,0.500429659,-1.206937694,0.851015888,0.522196604,-0.845077314,-0.089059704
989,50,Atwima Nwabiagya,2013,0,1331.872692,24.22814773,0.610713524,0.10497223,104848.2584,0.530951107,0.515960606,-1.36101607,0.270932971,0.372720628,-0.745098833,-0.084312086
990,50,Atwima Nwabiagya,2014,0,1357.76441,24.74662843,0.631750377,0.10714139,105884.7988,0.545360948,0.530951107,-0.70132352,0.367364572,0.523267261,-0.648599404,-0.07681517
991,50,Atwima Nwabiagya,2015,0,1183.20845,24.91810297,0.595541599,0.112109727,200592.9488,0.553234894,0.545360948,-0.483146687,-0.282754925,0.264145349,-0.555837901,-0.059643912
992,50,Atwima Nwabiagya,2016,0,1361.794908,24.9934667,0.599804323,0.119945536,205243.8404,0.552263979,0.553234894,-0.387257106,0.382375835,0.294650804,-0.505150387,-0.032562273
993,50,Atwima Nwabiagya,2017,0,1387.162003,24.6934667,0.634041298,0.125118442,210029.1907,0.558385675,0.552263979,-0.768964212,0.476853523,0.53966184,-0.511400529,-0.014683993
994,50,Atwima Nwabiagya,2018,0,1466.229155,24.94853106,0.637888224,0.128430746,214570.4988,0.845772616,0.558385675,-0.444431291,0.771332708,0.567191709,-0.471992895,-0.003236214
995,50,Atwima Nwabiagya,2019,0,1557.551483,25.50205652,0.609189571,0.129258848,218984.7558,0.847257578,0.845772616,0.259850716,1.111455303,0.361814719,1.378023688,-0.000374179
996,50,Atwima Nwabiagya,2020,0,1196.504757,25.38901791,0.603949906,0.13694167,223406.8074,0.847299334,0.847257578,0.116025244,-0.23323391,0.324317958,1.387582942,0.026178716
997,50,Atwima Nwabiagya,2021,0,1269.01399,25.50139899,0.653952529,0.138597696,227969.33,0.849490109,0.847299334,0.259014108,0.036820841,0.682153155,1.387851741,0.03190217
998,50,Atwima Nwabiagya,2022,0,1455.519866,24.42220201,0.599032559,0.139425709,232446.8814,0.851805872,0.849490109,-1.114109744,0.73144683,0.289127802,1.401954577,0.034763896
999,50,Atwima Nwabiagya,2023,0,1307.216284,25.06719362,0.570829542,0.141081734,236997.1906,0.854588559,0.851805872,-0.293450146,0.179102184,0.087297747,1.416861999,0.040487349
1000,50,Atwima Nwabiagya,2024,0,1104.769166,24.82477616,0.536548627,0.146878344,241564.2014,0.858277205,0.854588559,-0.601891702,-0.574895667,-0.158027746,1.43477519,0.060521232
1001,51,Atwima Mponua,2005,1,1310.497392,24.25697772,0.664621634,0.00410167,128422.8333,0.394636223,0.37439936,-1.324334034,0.191322403,0.758504774,-1.656381206,-0.432934675
1002,51,Atwima Mponua,2006,0,1310.955663,24.58223411,0.712575874,0.0042327,131018.374,0.413473164,0.394636223,-0.910491786,0.193029195,1.101681072,-1.526108996,-0.432481816
1003,51,Atwima Mponua,2007,0,1680.262974,24.39659402,0.682216059,0.0042327,132410.67,0.431109128,0.413473164,-1.146692251,1.568484287,0.884416261,-1.404848605,-0.432481816
1004,51,Atwima Mponua,2008,0,1708.756874,24.32482981,0.706074226,0.004363715,133385.1541,0.447768307,0.431109128,-1.238001949,1.674607502,1.055153146,-1.291319346,-0.432029012
1005,51,Atwima Mponua,2009,0,1547.830873,24.37142605,0.677671995,0.004363715,137056.5817,0.464354958,0.447768307,-1.178714904,1.075251679,0.851897451,-1.184078018,-0.432029012
1006,51,Atwima Mponua,2010,0,1553.201043,24.92038502,0.712067923,0.004363715,141369.5599,0.47864229,0.464354958,-0.480243095,1.095252443,1.098046009,-1.07730358,-0.432029012
1007,51,Atwima Mponua,2011,0,1376.09756,24.49124083,0.70834782,0.004625774,143559.4806,0.493771835,0.47864229,-1.026267725,0.435644902,1.071423733,-0.985330709,-0.431123298
1008,51,Atwima Mponua,2012,0,1518.278844,24.35697772,0.664597168,0.005149891,143759.6572,0.509509765,0.493771835,-1.197098332,0.965187547,0.758329691,-0.887936201,-0.429311878
1009,51,Atwima Mponua,2013,0,1301.440633,24.18900407,0.654802073,0.005542979,143829.4936,0.524700046,0.509509765,-1.410820789,0.15759124,0.688232768,-0.786625297,-0.427953312
1010,51,Atwima Mponua,2014,0,1360.181018,24.66684422,0.675768857,0.005674009,146443.1292,0.539301928,0.524700046,-0.802837513,0.376365036,0.838277969,-0.68883981,-0.427500453
1011,51,Atwima Mponua,2015,0,1208.392671,24.87875519,0.691674963,0.005674009,141590.9675,0.553178397,0.539301928,-0.533211101,-0.188958339,0.952107287,-0.594842065,-0.427500453
1012,51,Atwima Mponua,2016,0,1366.549377,24.96615905,0.656576075,0.005936065,144810.9116,0.56547988,0.553178397,-0.422002193,0.400083469,0.700928111,-0.505514079,-0.426594751
1013,51,Atwima Mponua,2017,0,1407.962868,24.64899876,0.704805596,0.005936065,148099.7686,0.578030428,0.56547988,-0.82554331,0.554324654,1.046074415,-0.426324859,-0.426594751
1014,51,Atwima Mponua,2018,0,1539.856644,24.91870524,0.698995688,0.005936065,151237.0009,0.589731493,0.578030428,-0.482380376,1.045552312,1.004496801,-0.345532316,-0.426594751
1015,51,Atwima Mponua,2019,0,1586.902396,25.41785872,0.69279118,0.005936065,154322.9126,0.600908669,0.589731493,0.152721057,1.220770395,0.960095303,-0.270208208,-0.426594751
1016,51,Atwima Mponua,2020,0,1205.434223,25.23204403,0.676190959,0.005936065,157389.5862,0.611601964,0.600908669,-0.083701573,-0.199976836,0.841298667,-0.198256573,-0.426594751
1017,51,Atwima Mponua,2021,0,1342.974671,25.45915702,0.732514269,0.006198109,160551.5918,0.621848015,0.611601964,0.205267231,0.312281391,1.244366781,-0.129419859,-0.425689092
1018,51,Atwima Mponua,2022,0,1411.338299,24.40707497,0.700483271,0.006329123,163638.4935,0.631688994,0.621848015,-1.133356743,0.566896173,1.015142432,-0.063462215,-0.425236289
1019,51,Atwima Mponua,2023,0,1381.311688,25.13151578,0.658074635,0.006460152,166782.8456,0.641125958,0.631688994,-0.211609393,0.455064497,0.711652299,-0.000112175,-0.424783434
1020,51,Atwima Mponua,2024,0,1108.659491,24.70944877,0.656633176,0.006460152,169950.6185,0.650229503,0.641125958,-0.748629322,-0.560406469,0.701336749,0.06063707,-0.424783434
1021,52,Adansi South,2005,0,1492.38108,24.63652198,0.727695957,0.003297432,60955.07889,0.40836828,0.388590469,-0.84141823,0.868733428,1.209885359,-1.565027758,-0.435714232
1022,52,Adansi South,2006,0,1331.4335,24.9941458,0.753988863,0.003297432,61861.43169,0.427591908,0.40836828,-0.386393055,0.269297239,1.398046029,-1.43771064,-0.435714232
1023,52,Adansi South,2007,0,1892.008904,24.83114079,0.725003006,0.003297432,61928.83377,0.445928476,0.427591908,-0.593793622,2.357114806,1.190613712,-1.313960996,-0.435714232
1024,52,Adansi South,2008,0,1816.46355,24.77951029,0.74501979,0.003297432,59461.6978,0.463358129,0.445928476,-0.659486045,2.075752272,1.333860396,-1.195921696,-0.435714232
1025,52,Adansi South,2009,0,1351.683695,24.75390651,0.671744701,0.003297432,65165.12061,0.480039786,0.463358129,-0.692063199,0.344717445,0.809479787,-1.083720534,-0.435714232
1026,52,Adansi South,2010,0,1747.249416,25.36006121,0.725853592,0.003297432,62572.24695,0.49612046,0.480039786,0.079181992,1.817969849,1.196700786,-0.976334506,-0.435714232
1027,52,Adansi South,2011,0,1385.239065,24.91108514,0.718934635,0.003297432,65300.0195,0.5117619,0.49612046,-0.492075865,0.469691695,1.147186455,-0.872817229,-0.435714232
1028,52,Adansi South,2012,0,1669.346244,24.71108514,0.695646572,0.003297432,65109.37494,0.526940544,0.5117619,-0.746547269,1.527825811,0.980529428,-0.772127464,-0.435714232
1029,52,Adansi South,2013,0,1512.514079,24.62689482,0.690887944,0.003297432,65798.65335,0.53979189,0.526940544,-0.85366741,0.943717149,0.946475121,-0.674416892,-0.435714232
1030,52,Adansi South,2014,0,1517.23773,25.05390651,0.720198476,0.003297432,67098.56514,0.549208736,0.53979189,-0.310356093,0.961310002,1.156230918,-0.591688003,-0.435714232
1031,52,Adansi South,2015,0,1275.898275,25.25104619,0.726991909,0.003297432,78195.54944,0.562786806,0.549208736,-0.059524041,0.062460802,1.204846961,-0.531068264,-0.435714232
1032,52,Adansi South,2016,0,1543.314302,25.33344463,0.711704252,0.003297432,79998.76341,0.575790894,0.562786806,0.045316195,1.058430077,1.095443463,-0.443661178,-0.435714232
1033,52,Adansi South,2017,0,1594.471007,25.04719533,0.733068477,0.003297432,81836.16241,0.588043622,0.575790894,-0.318895117,1.248959073,1.248332872,-0.359949028,-0.435714232
1034,52,Adansi South,2018,0,1518.572955,25.35190317,0.741603643,0.003297432,83589.33229,0.599467025,0.588043622,0.068802051,0.96628294,1.309413325,-0.281073664,-0.435714232
1035,52,Adansi South,2019,0,1396.579188,25.99310518,0.734861882,0.003627181,85303.58064,0.61037897,0.599467025,0.884639921,0.511927061,1.261167072,-0.207536972,-0.434574572
1036,52,Adansi South,2020,0,1235.054981,25.88673344,0.718665777,0.003627181,87013.02305,0.620818516,0.61037897,0.749297103,-0.089656732,1.145262419,-0.137292724,-0.434574572
1037,52,Adansi South,2021,0,1391.214914,26.08646633,0.743283618,0.003627181,88769.36296,0.630821433,0.620818516,1.003428645,0.491948258,1.321435782,-0.070089482,-0.434574572
1038,52,Adansi South,2022,0,1389.817028,24.96649972,0.68676561,0.003627181,90491.61854,0.640428889,0.630821433,-0.421568735,0.486741948,0.916974342,-0.00569699,-0.434574572
1039,52,Adansi South,2023,1,1626.150028,25.65815248,0.691579262,0.003627181,92245.62093,0.649641917,0.640428889,0.458460503,1.366945012,0.951422421,0.056149775,-0.434574572
1040,52,Adansi South,2024,0,1255.020033,25.33056205,0.697783827,0.003627181,94012.50514,0.658529437,0.649641917,0.041648521,-0.015298514,0.995824326,0.115457461,-0.434574572
1041,53,Adansi Asokwa,2005,0,1420.487973,24.16464699,0.693976653,0.008854637,60945.65797,0.40836828,0.388590469,-1.441811687,0.60097339,0.968578934,-1.565027758,-0.416507762
1042,53,Adansi Asokwa,2006,0,1283.701339,24.53548303,0.750739334,0.008854637,61393.15573,0.427591908,0.40836828,-0.969975846,0.091522681,1.37479133,-1.43771064,-0.416507762
1043,53,Adansi Asokwa,2007,0,1830.564296,24.3452867,0.720517512,0.008854637,62237.10847,0.445928476,0.427591908,-1.211973486,2.128269354,1.158514046,-1.313960996,-0.416507762
1044,53,Adansi Asokwa,2008,0,1737.64556,24.35653361,0.744116479,0.008854637,65514.37093,0.463358129,0.445928476,-1.197663398,1.782201067,1.327396005,-1.195921696,-0.416507762
1045,53,Adansi Asokwa,2009,0,1323.356391,24.27679105,0.641569512,0.008854637,60378.04363,0.480039786,0.463358129,-1.299124399,0.239214699,0.593536217,-1.083720534,-0.416507762
1046,53,Adansi Asokwa,2010,0,1639.203355,24.87794175,0.721355461,0.008854637,63766.15808,0.49612046,0.480039786,-0.534246092,1.415561068,1.164510683,-0.976334506,-0.416507762
1047,53,Adansi Asokwa,2011,0,1328.927058,24.45658562,0.704263319,0.008854637,62365.96699,0.5117619,0.49612046,-1.070361522,0.259962196,1.042193697,-0.872817229,-0.416507762
1048,53,Adansi Asokwa,2012,0,1594.149265,24.25657262,0.687785531,0.008854637,62652.29927,0.526940544,0.5117619,-1.32484947,1.247760771,0.924273235,-0.772127464,-0.416507762
1049,53,Adansi Asokwa,2013,0,1439.006631,24.16986088,0.685294638,0.008854637,62755.0859,0.541591001,0.526940544,-1.435177762,0.669944629,0.906447589,-0.674416892,-0.416507762
1050,53,Adansi Asokwa,2014,0,1438.340138,24.57670004,0.691704974,0.008854637,62054.43714,0.555673969,0.541591001,-0.917533098,0.667462329,0.952322057,-0.580106454,-0.416507762
1051,53,Adansi Asokwa,2015,0,1225.891041,24.81422442,0.714072466,0.008854637,66751.77928,0.569057303,0.555673969,-0.615317286,-0.123787078,1.112391175,-0.48944915,-0.416507762
1052,53,Adansi Asokwa,2016,0,1483.241321,24.87230529,0.716683659,0.008854637,68287.58737,0.581874887,0.569057303,-0.541417679,0.834693139,1.131077731,-0.403295654,-0.416507762
1053,53,Adansi Asokwa,2017,0,1514.653361,24.56759849,0.716388128,0.008854637,69853.02076,0.593951887,0.581874887,-0.929113515,0.951684731,1.128962815,-0.3207841,-0.416507762
1054,53,Adansi Asokwa,2018,0,1479.330126,24.88987128,0.75262372,0.008854637,71346.53901,0.605211456,0.593951887,-0.519067473,0.820126211,1.388276621,-0.243039965,-0.416507762
1055,53,Adansi Asokwa,2019,0,1428.337277,25.51855415,0.736428966,0.008854637,72807.19335,0.615966902,0.605211456,0.280841598,0.630207487,1.272381637,-0.170557933,-0.416507762
1056,53,Adansi Asokwa,2020,0,1189.698739,25.42826681,0.717064864,0.008854637,74263.94181,0.626256725,0.615966902,0.165963856,-0.258582371,1.133805765,-0.101321126,-0.416507762
1057,53,Adansi Asokwa,2021,0,1325.306072,25.60069562,0.721380284,0.008854637,75760.13724,0.63611618,0.626256725,0.385354866,0.24647613,1.164688326,-0.035081711,-0.416507762
1058,53,Adansi Asokwa,2022,0,1378.684696,24.44496164,0.691326009,0.008854637,77226.4891,0.645585846,0.63611618,-1.08515137,0.445280481,0.949610057,0.028387266,-0.416507762
1059,53,Adansi Asokwa,2023,0,1536.046028,25.13994279,0.68364346,0.008854637,78720.86075,0.654666741,0.645585846,-0.200887229,1.031359982,0.89463121,0.089347027,-0.416507762
1060,53,Adansi Asokwa,2024,0,1173.349239,24.82668054,0.687394368,0.008854637,80226.17414,0.663426797,0.654666741,-0.599468658,-0.319474754,0.921473943,0.147804124,-0.416507762
1061,54,Bosome Freho,2005,0,1415.824546,24.02058436,0.69405649,0.007756247,46698.51396,0.335318711,0.332922021,-1.625110788,0.583604835,0.969150276,-1.923386259,-0.420303951
1062,54,Bosome Freho,2006,0,1274.710896,24.41895138,0.733532847,0.007756247,47286.36969,0.337080868,0.335318711,-1.118245716,0.058038506,1.251656061,-1.907957875,-0.420303951
1063,54,Bosome Freho,2007,0,1814.531634,24.21562683,0.712176656,0.007756247,48241.98862,0.340276344,0.337080868,-1.376947129,2.068557008,1.09882414,-1.896614215,-0.420303951
1064,54,Bosome Freho,2008,0,1739.727739,24.17491945,0.732541506,0.007756247,49626.40587,0.342159153,0.340276344,-1.428741451,1.789955973,1.244561695,-1.876043746,-0.420303951
1065,54,Bosome Freho,2009,0,1337.901142,24.17361599,0.65445691,0.007756247,50034.59861,0.362608313,0.342159153,-1.430399913,0.293385446,0.68576267,-1.863923403,-0.420303951
1066,54,Bosome Freho,2010,0,1614.197862,24.7514792,0.717093663,0.007756247,51560.48494,0.38232076,0.362608313,-0.695151601,1.322430141,1.134011856,-1.732284558,-0.420303951
1067,54,Bosome Freho,2011,0,1346.97481,24.32433363,0.708370362,0.007756247,52512.30172,0.401494773,0.38232076,-1.238633275,0.327179583,1.071585051,-1.60538821,-0.420303951
1068,54,Bosome Freho,2012,0,1577.439953,24.11698155,0.689630794,0.007756247,54308.06474,0.420101468,0.401494773,-1.502459149,1.185528295,0.93747854,-1.481957961,-0.420303951
1069,54,Bosome Freho,2013,0,1437.427797,24.04536467,0.67097974,0.007756247,55273.5977,0.438060687,0.420101468,-1.593581378,0.66406439,0.804005469,-1.362179746,-0.420303951
1070,54,Bosome Freho,2014,0,1455.668424,24.45742531,0.684139419,0.007756247,56372.94512,0.455324252,0.438060687,-1.069293139,0.732000124,0.898180455,-1.246569575,-0.420303951
1071,54,Bosome Freho,2015,0,1228.083626,24.70724956,0.693454584,0.007756247,56846.37861,0.471730173,0.455324252,-0.751427497,-0.115620975,0.964842842,-1.135437588,-0.420303951
1072,54,Bosome Freho,2016,0,1486.888987,24.75366139,0.671734216,0.007756247,58163.7624,0.48744257,0.471730173,-0.692375075,0.848278573,0.809404751,-1.029826579,-0.420303951
1073,54,Bosome Freho,2017,0,1499.239016,24.45393966,0.692146338,0.007756247,59506.7154,0.502247124,0.48744257,-1.073728127,0.894275254,0.955480601,-0.928680036,-0.420303951
1074,54,Bosome Freho,2018,0,1468.119801,24.74666813,0.73806099,0.007756247,60788.79475,0.908012207,0.502247124,-0.701273002,0.778374265,1.28406094,-0.833377618,-0.420303951
1075,54,Bosome Freho,2019,0,1430.50952,25.41230961,0.744562269,0.007756247,62039.61664,0.910518282,0.908012207,0.145660603,0.638297827,1.330586228,1.778683075,-0.420303951
1076,54,Bosome Freho,2020,0,1190.120972,25.30095929,0.734437732,0.007756247,63289.81145,0.912915864,0.910518282,0.003983239,-0.257009796,1.25813171,1.794815613,-0.420303951
1077,54,Bosome Freho,2021,0,1319.477885,25.39979496,0.733660325,0.007756247,64570.57813,0.915213169,0.912915864,0.129737506,0.224769521,1.25256833,1.810249743,-0.420303951
1078,54,Bosome Freho,2022,0,1398.258348,24.28005272,0.714941551,0.007756247,65824.58997,0.932387051,0.915213169,-1.294974391,0.518180957,1.118610636,1.825038346,-0.420303951
1079,54,Bosome Freho,2023,0,1542.563562,24.93894259,0.692887508,0.007756247,67103.43657,0.934119448,0.932387051,-0.456631246,1.055634008,0.960784655,1.935593008,-0.420303951
1080,54,Bosome Freho,2024,1,1142.354277,24.70768893,0.685487937,0.007756247,68391.74438,0.935790638,0.934119448,-0.750868465,-0.434912976,0.9078309,1.946745093,-0.420303951
1081,55,Asante Mampong,2005,0,1189.801041,23.26146027,0.672507776,0.009947561,83582.93025,0.402484799,0.382510308,-2.59098765,-0.258201353,0.814940598,-1.604168016,-0.412730467
1082,55,Asante Mampong,2006,0,1159.21309,23.63946325,0.677105971,0.009947561,84480.16107,0.421899597,0.402484799,-2.110032912,-0.372123693,0.847846796,-1.475584793,-0.412730467
1083,55,Asante Mampong,2007,0,1473.59638,23.41838354,0.645790033,0.009947561,85344.36076,0.440418512,0.421899597,-2.391325229,0.798771341,0.623739649,-1.350604521,-0.412730467
1084,55,Asante Mampong,2008,0,1487.831412,23.38749845,0.64621727,0.009947561,85802.27343,0.458021495,0.440418512,-2.430622087,0.85178856,0.626797099,-1.231391379,-0.412730467
1085,55,Asante Mampong,2009,0,1299.088137,23.43209372,0.641546914,0.009947561,88387.39318,0.474869043,0.458021495,-2.373880989,0.148829559,0.593374498,-1.118074433,-0.412730467
1086,55,Asante Mampong,2010,0,1322.824594,23.94041155,0.677668293,0.009947561,87915.90621,0.491109631,0.474869043,-1.727119219,0.237234066,0.851870954,-1.009620505,-0.412730467
1087,55,Asante Mampong,2011,0,1220.376596,23.53099665,0.656218115,0.009947561,89632.72972,0.506906617,0.491109631,-2.248041142,-0.144325183,0.69836643,-0.9050738,-0.412730467
1088,55,Asante Mampong,2012,0,1324.810338,23.36146027,0.64552635,0.009947561,90647.53602,0.522236205,0.506906617,-2.463751948,0.24462981,0.621852648,-0.803382726,-0.412730467
1089,55,Asante Mampong,2013,0,1223.648072,23.21739804,0.643301981,0.009947561,91942.30563,0.537032353,0.522236205,-2.647050537,-0.132140835,0.605934334,-0.704700472,-0.412730467
1090,55,Asante Mampong,2014,0,1265.745011,23.67560431,0.664549786,0.009947561,92817.30089,0.55125537,0.537032353,-2.064048569,0.024645793,0.757990608,-0.609452164,-0.412730467
1091,55,Asante Mampong,2015,0,1064.760382,23.91442916,0.647383696,0.009947561,106872.9658,0.564771794,0.55125537,-1.760178105,-0.723905135,0.635144428,-0.517893318,-0.412730467
1092,55,Asante Mampong,2016,0,1266.722202,23.94293418,0.617415683,0.009947561,109330.9689,0.577716843,0.564771794,-1.723909542,0.028285262,0.420683479,-0.430883069,-0.412730467
1093,55,Asante Mampong,2017,0,1201.865749,23.69328747,0.627228178,0.009947561,111840.3061,0.589284816,0.577716843,-2.041549285,-0.213267328,0.490904917,-0.347550979,-0.412730467
1094,55,Asante Mampong,2018,0,1315.053428,23.95924755,0.645184096,0.009947561,114231.8141,0.857373713,0.589284816,-1.703153104,0.208290988,0.619403369,-0.273083634,-0.412730467
1095,55,Asante Mampong,2019,0,1297.784802,24.5555101,0.641642785,0.009947561,116576.4161,0.860307566,0.857373713,-0.944494262,0.143975395,0.594060581,1.452704263,-0.412730467
1096,55,Asante Mampong,2020,0,1081.940498,24.28945085,0.626053312,0.009947561,118911.8927,0.860382761,0.860307566,-1.283016621,-0.659919187,0.482497194,1.471590564,-0.412730467
1097,55,Asante Mampong,2021,0,1074.471923,24.32440808,0.6401642,0.009947561,121313.9043,0.861755405,0.860382761,-1.23853854,-0.68773529,0.583479344,1.472074628,-0.412730467
1098,55,Asante Mampong,2022,0,1179.774266,23.39280402,0.639979656,0.009947561,123665.7672,0.865353065,0.861755405,-2.423871513,-0.295545265,0.582158681,1.480910848,-0.412730467
1099,55,Asante Mampong,2023,0,1328.397174,23.99584108,0.634153783,0.009947561,126061.8757,0.868596846,0.865353065,-1.656593071,0.257988687,0.540466822,1.50407032,-0.412730467
1100,55,Asante Mampong,2024,0,971.7364572,24.01469567,0.621708155,0.009947561,128473.8557,0.871400919,0.868596846,-1.632603297,-1.070365189,0.451401821,1.524951743,-0.412730467
1101,56,Agona West,2005,0,1526.565309,24.62058131,0.674852532,0.036962367,107661.8564,0.366833406,0.353254052,-0.86170045,0.996049816,0.83172044,-1.792501417,-0.319363566
1102,56,Agona West,2006,0,1233.069663,24.96881619,0.718309795,0.036962367,110217.7641,0.384384402,0.366833406,-0.418621358,-0.097050884,1.142714895,-1.705086063,-0.319363566
1103,56,Agona West,2007,0,1747.736173,24.87401742,0.706768541,0.036962367,112663.2382,0.404105082,0.384384402,-0.539239246,1.819782737,1.060121889,-1.592103777,-0.319363566
1104,56,Agona West,2008,0,1838.921393,24.90358908,0.746097681,0.036962367,115248.0333,0.422850391,0.404105082,-0.501613532,2.159394685,1.34157414,-1.465154429,-0.319363566
1105,56,Agona West,2009,0,1265.871264,24.80429513,0.632198605,0.037049447,120940.9624,0.440791242,0.422850391,-0.627950888,0.025116013,0.526474924,-1.344483904,-0.319062606
1106,56,Agona West,2010,0,1810.91951,25.40429513,0.745413165,0.037049447,120306.9147,0.458085746,0.440791242,0.135463324,2.055103946,1.336675517,-1.228991976,-0.319062606
1107,56,Agona West,2011,0,1391.943045,24.96273241,0.686135641,0.037049447,125007.8069,0.47490786,0.458085746,-0.426362103,0.494660126,0.912466077,-1.117660827,-0.319062606
1108,56,Agona West,2012,0,1653.44787,24.72940692,0.692787841,0.037049447,127265.3951,0.491232245,0.47490786,-0.723235426,1.468613609,0.960071407,-1.009370621,-0.319062606
1109,56,Agona West,2013,0,1455.595434,24.66774535,0.704596485,0.037049447,130971.1782,0.506988573,0.491232245,-0.801690955,0.731728279,1.044577943,-0.90428449,-0.319062606
1110,56,Agona West,2014,0,1578.190398,25.01489762,0.715872285,0.037049447,132543.4708,0.522134577,0.506988573,-0.359989325,1.188323265,1.125271272,-0.802855147,-0.319062606
1111,56,Agona West,2015,0,1276.67663,25.33405507,0.693531037,0.0377434,119061.3945,0.536528135,0.522134577,0.046092895,0.065359721,0.965389966,-0.70535469,-0.316664208
1112,56,Agona West,2016,0,1544.810779,25.36983996,0.717378707,0.038257746,121787.9401,0.550313238,0.536528135,0.091624052,1.064003586,1.136051722,-0.612698005,-0.314886559
1113,56,Agona West,2017,0,1608.686514,25.07399388,0.708407597,0.039095898,124557.3217,0.563301855,0.550313238,-0.284797787,1.301903575,1.071851511,-0.52395817,-0.311989789
1114,56,Agona West,2018,0,1388.065192,25.41289715,0.719985177,0.039095898,127198.949,0.575411338,0.563301855,0.14640817,0.480217375,1.154704484,-0.440345616,-0.311989789
1115,56,Agona West,2019,0,1336.99341,25.95234173,0.737299619,0.039789836,129768.6469,0.586978646,0.575411338,0.832774262,0.290004672,1.278612317,-0.36239237,-0.309591444
1116,56,Agona West,2020,0,1217.695693,25.62136973,0.714486014,0.039789836,132337.775,0.798521562,0.586978646,0.411659723,-0.154309988,1.115350661,-0.287929309,-0.309591444
1117,56,Agona West,2021,0,1252.157449,26.2097317,0.743699918,0.039789836,134962.0752,0.803836621,0.798521562,1.160266202,-0.025959977,1.324414958,1.07385109,-0.309591444
1118,56,Agona West,2022,0,1328.102612,24.96934573,0.695603263,0.039789836,137526.0824,0.808941552,0.803836621,-0.417947598,0.256891617,0.980219494,1.108066101,-0.309591444
1119,56,Agona West,2023,0,1431.308779,25.79530478,0.710960342,0.040483789,140138.4254,0.813836903,0.808941552,0.632967196,0.641274602,1.090119797,1.140928437,-0.307193046
1120,56,Agona West,2024,1,1208.883031,25.30276536,0.695838322,0.040483789,142770.0476,0.818559295,0.813836903,0.006281206,-0.187132031,0.981901652,1.172441632,-0.307193046
1121,57,Agona East,2005,0,1398.251081,24.64252099,0.672619685,0.017303873,82009.74772,0.366833406,0.353254052,-0.833785352,0.518153893,0.81574146,-1.792501417,-0.387306038
1122,57,Agona East,2006,0,1127.961842,25.01190537,0.70536741,0.017303873,83672.01284,0.384384402,0.366833406,-0.363796543,-0.48851643,1.050094937,-1.705086063,-0.387306038
1123,57,Agona East,2007,0,1587.343933,24.92002035,0.696719381,0.017303873,85688.40513,0.404105082,0.384384402,-0.480707088,1.222414863,0.988206798,-1.592103777,-0.387306038
1124,57,Agona East,2008,0,1688.66319,24.9365683,0.715925805,0.017303873,86659.93663,0.422850391,0.404105082,-0.459652185,1.599770209,1.125654283,-1.465154429,-0.387306038
1125,57,Agona East,2009,0,1170.823709,24.84244467,0.623994992,0.017964199,88130.78547,0.440791242,0.422850391,-0.57941105,-0.328880886,0.467767178,-1.344483904,-0.385023859
1126,57,Agona East,2010,0,1661.287967,25.4339481,0.727363978,0.017964199,92759.32312,0.458085746,0.440791242,0.173192497,1.497813415,1.207509607,-1.228991976,-0.385023859
1127,57,Agona East,2011,0,1295.788349,24.99839735,0.666987191,0.017964199,95268.5686,0.47490786,0.458085746,-0.380983558,0.136539767,0.775433478,-1.117660827,-0.385023859
1128,57,Agona East,2012,0,1506.531163,24.76255406,0.66786184,0.017964199,97320.91574,0.491232245,0.47490786,-0.681060432,0.921434263,0.781692757,-1.009370621,-0.385023859
1129,57,Agona East,2013,0,1315.227169,24.6806029,0.676544384,0.017964199,98859.73281,0.506988573,0.491232245,-0.785331563,0.208938073,0.843827895,-0.90428449,-0.385023859
1130,57,Agona East,2014,0,1454.487917,25.04173238,0.692600256,0.017964199,102387.1265,0.522134577,0.506988573,-0.325845929,0.727603419,0.958728991,-0.802855147,-0.385023859
1131,57,Agona East,2015,0,1171.924701,25.38820911,0.679495603,0.020984514,99855.74594,0.536528135,0.522134577,0.114996162,-0.324780331,0.864947784,-0.70535469,-0.374585232
1132,57,Agona East,2016,0,1415.73798,25.40245485,0.683895892,0.020984514,102171.8746,0.550313238,0.536528135,0.133121828,0.583282428,0.896437696,-0.612698005,-0.374585232
1133,57,Agona East,2017,0,1478.717629,25.09093106,0.711510987,0.021582653,104534.4471,0.559730387,0.550313238,-0.263247647,0.817845016,1.094060389,-0.52395817,-0.372517983
1134,57,Agona East,2018,0,1263.737726,25.43378275,0.705974253,0.021582653,106786.4321,0.571938906,0.559730387,0.17298211,0.017169824,1.054437705,-0.463336481,-0.372517983
1135,57,Agona East,2019,0,1224.808446,25.97000763,0.712651893,0.022337735,109001.8757,0.583600815,0.571938906,0.855251599,-0.127819119,1.102225092,-0.384745706,-0.369908316
1136,57,Agona East,2020,0,1127.127703,25.57426863,0.705543893,0.022337735,111204.5188,0.796873802,0.583600815,0.351730307,-0.491623113,1.05135791,-0.309673661,-0.369908316
1137,57,Agona East,2021,0,1153.911473,26.22790639,0.723972675,0.023092822,113475.359,0.80223233,0.796873802,1.183390888,-0.391869136,1.183240323,1.063243846,-0.367298631
1138,57,Agona East,2022,0,1238.909438,24.91477995,0.696476707,0.023847898,115707.9101,0.80737901,0.80223233,-0.487374744,-0.075301119,0.986470148,1.097738679,-0.364688984
1139,57,Agona East,2023,1,1297.379802,25.81475452,0.703595085,0.024602974,117979.3955,0.812314397,0.80737901,0.657714207,0.142467003,1.037411597,1.130869775,-0.362079337
1140,57,Agona East,2024,0,1107.771559,25.31401679,0.684262939,0.024602974,120267.1113,0.817075411,0.812314397,0.020597046,-0.563713497,0.899064411,1.162640696,-0.362079337
1141,58,Assin North,2005,0,1539.530464,24.65841811,0.724375851,0,81735.1889,0.389535339,0.370804185,-0.813558535,1.044337481,1.186125588,-1.679524684,-0.447110612
1142,58,Assin North,2006,0,1372.422023,24.99469536,0.735550245,0,86144.19979,0.406843842,0.389535339,-0.385693816,0.421955665,1.266093219,-1.558945284,-0.447110612
1143,58,Assin North,2007,0,1937.537731,24.85403018,0.730345152,0,89534.55449,0.424554669,0.406843842,-0.56467014,2.526683225,1.228843866,-1.447524012,-0.447110612
1144,58,Assin North,2008,0,1865.798547,24.78712689,0.746946024,0,91952.72183,0.440429167,0.424554669,-0.649795021,2.25949646,1.347645158,-1.333512832,-0.447110612
1145,58,Assin North,2009,0,1368.819117,24.76471772,0.706167849,0,96519.08398,0.452382142,0.440429167,-0.678307482,0.408536931,1.055823138,-1.231322791,-0.447110612
1146,58,Assin North,2010,0,1835.087535,25.38411962,0.727533279,0,101519.7539,0.465904624,0.452382142,0.109792874,2.145115791,1.208721178,-1.154377048,-0.447110612
1147,58,Assin North,2011,0,1421.607826,24.91643376,0.70175423,0,105503.3383,0.479313684,0.465904624,-0.48527051,0.605144191,1.024237836,-1.067327799,-0.447110612
1148,58,Assin North,2012,0,1716.84047,24.71643376,0.713686578,0,107866.6791,0.49456312,0.479313684,-0.739741914,1.704714198,1.109629636,-0.981008698,-0.447110612
1149,58,Assin North,2013,0,1551.002683,24.62311347,0.703203941,0,112775.7154,0.507482366,0.49456312,-0.858478641,1.087064829,1.034612443,-0.882842406,-0.447110612
1150,58,Assin North,2014,0,1568.076244,25.06176076,0.710469052,0,114531.0729,0.517690539,0.507482366,-0.300362684,1.15065392,1.086603967,-0.799676417,-0.447110612
1151,58,Assin North,2015,0,1315.434433,25.23490218,0.697717898,0,84770.75617,0.532217953,0.517690539,-0.080064983,0.20971001,0.995352518,-0.733962616,-0.447110612
1152,58,Assin North,2016,0,1576.027725,25.34429849,0.71905302,0,86692.11394,0.54083095,0.532217953,0.059126181,1.180268566,1.148033662,-0.640444245,-0.447110612
1153,58,Assin North,2017,0,1658.227278,25.0543488,0.728887618,0,88639.79566,0.547005831,0.54083095,-0.309793346,1.486414125,1.218413275,-0.584999188,-0.447110612
1154,58,Assin North,2018,0,1557.081722,25.35862493,0.737836458,0,90499.83866,1,0.547005831,0.077354527,1.109705715,1.282454115,-0.545249181,-0.447110612
1155,58,Assin North,2019,0,1383.634209,25.98151481,0.71449001,0,92323.15138,0.996412476,1,0.869892842,0.463714539,1.115379261,2.370842699,-0.447110612
1156,58,Assin North,2020,0,1237.910788,25.89151481,0.719337763,0,94131.43466,0.992873603,0.996412476,0.75538071,-0.079020508,1.150071377,2.347748472,-0.447110612
1157,58,Assin North,2021,0,1418.006372,26.09151481,0.73683149,0,96001.95069,0.9930616,0.992873603,1.009852114,0.59173087,1.275262235,2.324967434,-0.447110612
1158,58,Assin North,2022,0,1382.345109,25.00030184,0.679172137,0,97814.00565,0.993242164,0.9930616,-0.378560367,0.458913391,0.862632957,2.326177637,-0.447110612
1159,58,Assin North,2023,0,1661.037786,25.73889324,0.69075953,0,99661.97494,0.993415315,0.993242164,0.561191576,1.496881636,0.94555615,2.327339995,-0.447110612
1160,58,Assin North,2024,0,1289.169816,25.37884852,0.675951575,0,101524.5308,0.993582348,0.993415315,0.103086152,0.111889577,0.839585555,2.328454633,-0.447110612
1161,59,Assin South,2005,0,1526.004318,24.36157022,0.702346234,0.003109321,93442.16762,0.383316588,0.370804185,-1.191255037,0.993960447,1.028474408,-1.679524684,-0.436364369
1162,59,Assin South,2006,0,1354.555673,24.71039236,0.729300165,0.003109321,97344.24461,0.40335421,0.383316588,-0.747428728,0.355413895,1.221365596,-1.598977696,-0.436364369
1163,59,Assin South,2007,0,1862.474474,24.5971671,0.730047744,0.003109321,99482.79795,0.422467209,0.40335421,-0.891491694,2.247116219,1.226715519,-1.469988072,-0.436364369
1164,59,Assin South,2008,0,1850.700424,24.61836464,0.759684109,0.003109321,102952.6333,0.440634894,0.422467209,-0.864520848,2.203264729,1.438803082,-1.346950588,-0.436364369
1165,59,Assin South,2009,0,1323.081351,24.5002083,0.699864211,0.003109321,107542.2395,0.458022909,0.440634894,-1.014857896,0.238190338,1.010712239,-1.22999845,-0.436364369
1166,59,Assin South,2010,0,1856.40456,25.11204363,0.74827547,0.003109321,110672.7534,0.474784493,0.458022909,-0.236384922,2.224509319,1.357159114,-1.118065333,-0.436364369
1167,59,Assin South,2011,0,1389.795107,24.67583321,0.730214107,0.003109321,113214.6033,0.491088245,0.474784493,-0.791400315,0.486660303,1.227906063,-1.010164783,-0.436364369
1168,59,Assin South,2012,0,1699.381154,24.48999394,0.719678422,0.003109321,116724.5716,0.506909603,0.491088245,-1.027854211,1.639688396,1.152509245,-0.905211472,-0.436364369
1169,59,Assin South,2013,0,1544.813437,24.37357976,0.720326179,0.003109321,120037.7104,0.52218041,0.506909603,-1.17597461,1.064013486,1.157144802,-0.803363504,-0.436364369
1170,59,Assin South,2014,0,1557.442357,24.76199061,0.726043724,0.003109321,124105.6386,0.536684852,0.52218041,-0.681777342,1.111048873,1.198061433,-0.705059643,-0.436364369
1171,59,Assin South,2015,0,1303.719891,24.99804575,0.708525018,0.003109321,96089.88684,0.550640148,0.536684852,-0.381430924,0.166080151,1.072691819,-0.61168916,-0.436364369
1172,59,Assin South,2016,0,1549.16399,25.09185729,0.71449328,0.003109321,98305.09728,0.564005516,0.550640148,-0.262069147,1.080216768,1.115402663,-0.52185373,-0.436364369
1173,59,Assin South,2017,0,1663.295334,24.80674519,0.744467597,0.003109321,100563.5892,0.576598649,0.564005516,-0.624833535,1.505289689,1.329908725,-0.435815889,-0.436364369
1174,59,Assin South,2018,0,1503.640963,25.1560256,0.74139984,0.003109321,102718.7242,0.588339417,0.576598649,-0.18042415,0.910669951,1.307954846,-0.35474921,-0.436364369
1175,59,Assin South,2019,0,1338.193077,25.69804954,0.745034628,0.003109321,104821.5429,0.599554518,0.588339417,0.509223809,0.294472732,1.33396658,-0.279169521,-0.436364369
1176,59,Assin South,2020,0,1241.709892,25.52661718,0.743070256,0.003109321,106922.9107,0.610284096,0.599554518,0.291100644,-0.064871053,1.319908894,-0.206973747,-0.436364369
1177,59,Assin South,2021,0,1404.084078,25.84649296,0.75818847,0.003109321,109076.886,0.620564913,0.610284096,0.698096834,0.539878416,1.4280998,-0.137903464,-0.436364369
1178,59,Assin South,2022,0,1388.867369,24.82916604,0.706857887,0.003109321,111187.7044,0.630439283,0.620564913,-0.596306215,0.483205017,1.060761283,-0.07172202,-0.436364369
1179,59,Assin South,2023,1,1597.659143,25.57063702,0.717703521,0.003109321,113340.3345,0.639908268,0.630439283,0.347109604,1.260833024,1.138376204,-0.008157028,-0.436364369
1180,59,Assin South,2024,0,1296.536434,25.09736025,0.726538312,0.003109321,115510.1799,0.649042702,0.639908268,-0.255067425,0.139325949,1.201600865,0.052798344,-0.436364369
1181,60,Asikuma-Odoben-Brakwa,2005,0,1591.356286,24.69295752,0.698814495,0.009246036,98494.00448,0.403755369,0.383823353,-0.769612078,1.237358546,1.003200124,-1.595715459,-0.415155035
1182,60,Asikuma-Odoben-Brakwa,2006,0,1329.27143,25.03189385,0.748299376,0.009246036,100855.7288,0.423128883,0.403755369,-0.338364058,0.261244784,1.357330191,-1.467405659,-0.415155035
1183,60,Asikuma-Odoben-Brakwa,2007,0,1875.777538,24.93323424,0.735918683,0.009246036,103085.2739,0.441608419,0.423128883,-0.463894298,2.296662401,1.268729882,-1.342691147,-0.415155035
1184,60,Asikuma-Odoben-Brakwa,2008,0,1918.987137,24.91714409,0.764307591,0.00956588,105351.7481,0.459173971,0.441608419,-0.484366716,2.457593043,1.471890238,-1.223731503,-0.414049611
1185,60,Asikuma-Odoben-Brakwa,2009,0,1331.0454,24.84693006,0.672813758,0.00956588,107905.6486,0.475985694,0.459173971,-0.573704031,0.267851792,0.817130304,-1.110655517,-0.414049611
1186,60,Asikuma-Odoben-Brakwa,2010,0,1896.416171,25.44693006,0.758047394,0.00956588,110732.7865,0.492191748,0.475985694,0.189710181,2.373529316,1.427090211,-1.002432208,-0.414049611
1187,60,Asikuma-Odoben-Brakwa,2011,0,1445.218679,25.00880986,0.723236126,0.00956588,113265.1807,0.507955143,0.492191748,-0.367735135,0.693080897,1.177969342,-0.898107813,-0.414049611
1188,60,Asikuma-Odoben-Brakwa,2012,0,1735.031672,24.80439952,0.715904521,0.00956588,115893.4433,0.523252133,0.507955143,-0.627818059,1.772465855,1.125501967,-0.796632978,-0.414049611
1189,60,Asikuma-Odoben-Brakwa,2013,0,1559.662307,24.71330667,0.740568975,0.00956588,118597.508,0.538016819,0.523252133,-0.743720692,1.119316895,1.302008904,-0.698160564,-0.414049611
1190,60,Asikuma-Odoben-Brakwa,2014,0,1639.312182,25.09222787,0.741707083,0.009885721,121226.7613,0.552209591,0.538016819,-0.261597646,1.415966389,1.310153574,-0.603114794,-0.412944195
1191,60,Asikuma-Odoben-Brakwa,2015,0,1337.797968,25.3672684,0.716168798,0.010205562,119035.0967,0.565697274,0.552209591,0.088352111,0.293001181,1.12739322,-0.511750642,-0.41183878
1192,60,Asikuma-Odoben-Brakwa,2016,0,1613.369257,25.41814939,0.728967069,0.010525408,121761.4642,0.578614796,0.565697274,0.15309089,1.319344071,1.218981853,-0.424925412,-0.410733348
1193,60,Asikuma-Odoben-Brakwa,2017,0,1689.786726,25.13547725,0.750408701,0.010525408,124542.8259,0.590785959,0.578614796,-0.206568996,1.603954726,1.372425213,-0.341770522,-0.410733348
1194,60,Asikuma-Odoben-Brakwa,2018,0,1495.361258,25.47527835,0.753929173,0.010525408,127194.7941,0.602133318,0.590785959,0.225779322,0.879832861,1.397618866,-0.263420221,-0.410733348
1195,60,Asikuma-Odoben-Brakwa,2019,0,1388.009945,26.02258134,0.761254039,0.010525408,129793.3,0.612972624,0.602133318,0.922144129,0.480011612,1.450038019,-0.190373052,-0.410733348
1196,60,Asikuma-Odoben-Brakwa,2020,0,1249.947573,25.78203437,0.757547704,0.010525408,132379.0374,0.811201841,0.612972624,0.616082506,-0.034190479,1.423514266,-0.120596411,-0.410733348
1197,60,Asikuma-Odoben-Brakwa,2021,0,1338.588369,26.25563723,0.768322977,0.010845223,135037.4457,0.816182391,0.811201841,1.218674422,0.295944965,1.500625661,1.15547876,-0.409628024
1198,60,Asikuma-Odoben-Brakwa,2022,0,1379.136526,25.07322452,0.713110478,0.010845223,137638.4259,0.820966037,0.816182391,-0.285776693,0.446963283,1.105506878,1.18754041,-0.409628024
1199,60,Asikuma-Odoben-Brakwa,2023,0,1540.983353,25.85853421,0.716869739,0.010845223,140287.2174,0.825553293,0.820966037,0.713417612,1.049748649,1.13240938,1.218334517,-0.409628024
1200,60,Asikuma-Odoben-Brakwa,2024,1,1268.06248,25.43202897,0.721271887,0.011165069,142953.6909,0.829978477,0.825553293,0.170750672,0.033277019,1.163912597,1.247864392,-0.408522592
1201,61,Efutu,2005,0,1141.027484,24.92848837,0.540209652,0.158248561,56892.78951,0.392812958,0.373884814,-0.469932742,-0.439854506,-0.131828248,-1.659693526,0.099818272
1202,61,Efutu,2006,0,943.1057082,25.29154334,0.543094605,0.158248561,58513.06766,0.410714046,0.392812958,-0.007997205,-1.176998088,-0.111182575,-1.537846027,0.099818272
1203,61,Efutu,2007,0,1267.399577,25.20285412,0.543301771,0.158248561,60944.71347,0.42959128,0.410714046,-0.120841554,0.030808092,-0.109700024,-1.422610067,0.099818272
1204,61,Efutu,2008,0,1384.552854,25.1948203,0.538232672,0.158248561,63113.22273,0.44753486,0.42959128,-0.131063449,0.467135958,-0.145976162,-1.301090294,0.099818272
1205,61,Efutu,2009,0,961.435518,25.0948203,0.510313845,0.158248561,65424.16783,0.462205828,0.44753486,-0.258299151,-1.1087302,-0.345772463,-1.185580802,0.099818272
1206,61,Efutu,2010,0,1363.130021,25.69223044,0.554691852,0.158248561,66696.6398,0.478838048,0.462205828,0.501819844,0.387348357,-0.028188865,-1.091138325,0.099818272
1207,61,Efutu,2011,0,1044.530655,25.27848837,0.541768163,0.158248561,69720.95108,0.495015969,0.478838048,-0.024607785,-0.799249109,-0.120675028,-0.98407054,0.099818272
1208,61,Efutu,2012,0,1230.031712,24.99270613,0.535045836,0.158248561,72310.54352,0.510715221,0.495015969,-0.388224826,-0.108365486,-0.168782208,-0.879927248,0.099818272
1209,61,Efutu,2013,0,1091.616279,24.94524313,0.483020353,0.158248561,75121.77581,0.525868169,0.510715221,-0.44861471,-0.623882527,-0.541093663,-0.778865331,0.099818272
1210,61,Efutu,2014,0,1156.377378,25.31781184,0.539182596,0.158248561,77838.67743,0.540434165,0.525868169,0.025425704,-0.382685071,-0.139178196,-0.681320168,0.099818272
1211,61,Efutu,2015,0,953.5264271,25.63176533,0.529079921,0.158248561,90850.50103,0.55427653,0.540434165,0.424886629,-1.138186967,-0.211476256,-0.587553436,0.099818272
1212,61,Efutu,2016,0,1151.737844,25.6948203,0.524623888,0.158248561,92944.6337,0.567533741,0.55427653,0.505115061,-0.399964642,-0.243365094,-0.498444987,0.099818272
1213,61,Efutu,2017,0,1215.991543,25.36828753,0.518554691,0.158248561,95069.63623,0.580024965,0.567533741,0.089648799,-0.160656955,-0.286798262,-0.413103394,0.099818272
1214,61,Efutu,2018,0,1027.567653,25.70835095,0.487388359,0.158248561,97100.53271,0.888233753,0.580024965,0.522330885,-0.862426433,-0.509834772,-0.332692736,0.099818272
1215,61,Efutu,2019,0,1029.207188,25.88060254,0.509887005,0.158248561,99069.2659,0.891278664,0.888233753,0.741496399,-0.856320118,-0.348827072,1.651361815,0.099818272
1216,61,Efutu,2020,0,939.910148,25.36178647,0.49829852,0.164477752,101057.7365,0.894191755,0.891278664,0.081377133,-1.188899693,-0.431758079,1.670963037,0.121347219
1217,61,Efutu,2021,0,1010.320296,26.22653277,0.478600687,0.164477752,103087.5118,0.896983006,0.894191755,1.181643159,-0.926662814,-0.572722243,1.689715686,0.121347219
1218,61,Efutu,2022,0,1113.135307,25.00549683,0.485615759,0.164477752,105079.0203,0.899663908,0.896983006,-0.371950492,-0.543736657,-0.522520083,1.707684012,0.121347219
1219,61,Efutu,2023,0,1127.466173,26.09260042,0.504388528,0.164477752,107109.5706,0.902234746,0.899663908,1.011233397,-0.490362507,-0.388175981,1.724941969,0.121347219
1220,61,Efutu,2024,0,987.2716702,25.54640592,0.498749791,0.164477752,109158.3556,0.904714754,0.902234746,0.316278987,-1.012505549,-0.428528634,1.741491412,0.121347219
1221,62,Gomoa East,2005,0,1139.201762,24.82077093,0.56989488,0.085238694,162966.1238,0.364461032,0.350162908,-0.606987792,-0.44665426,0.080608997,-1.812400259,-0.152513912
1222,62,Gomoa East,2006,0,942.5215859,25.19632159,0.572320878,0.085238694,169246.1982,0.375433566,0.364461032,-0.129153273,-1.179173604,0.097970241,-1.720357921,-0.152513912
1223,62,Gomoa East,2007,0,1274.212335,25.11561674,0.580943532,0.085238694,173481.2559,0.391397378,0.375433566,-0.23183865,0.056181655,0.159676784,-1.649723639,-0.152513912
1224,62,Gomoa East,2008,0,1384.087665,25.10060573,0.600605898,0.085238694,184228.0726,0.404924195,0.391397378,-0.250938018,0.4654034,0.300387138,-1.546958643,-0.152513912
1225,62,Gomoa East,2009,0,967.1085903,25.00701542,0.508593437,0.085238694,191823.9925,0.413633563,0.404924195,-0.370018304,-1.087601303,-0.358084269,-1.459881496,-0.152513912
1226,62,Gomoa East,2010,0,1359.039427,25.59798458,0.588171211,0.085238694,197003.5095,0.422114012,0.413633563,0.381905459,0.372113272,0.211400428,-1.403816052,-0.152513912
1227,62,Gomoa East,2011,0,1062.547137,25.17718062,0.552018213,0.085889264,207395.8589,0.428551298,0.422114012,-0.153507419,-0.732148188,-0.047322305,-1.34922425,-0.150265453
1228,62,Gomoa East,2012,0,1221.43348,24.90951542,0.53488312,0.087187848,219816.4838,0.433858268,0.428551298,-0.494073113,-0.140388904,-0.169946656,-1.307785048,-0.145777367
1229,62,Gomoa East,2013,0,1081.948238,24.83726872,0.525076792,0.087838423,226909.0281,0.442012248,0.433858268,-0.585996704,-0.659890361,-0.240123964,-1.273622112,-0.143528891
1230,62,Gomoa East,2014,0,1172.174229,25.21237885,0.560765275,0.089129353,235994.5517,0.451897106,0.442012248,-0.108722694,-0.323850984,0.015274546,-1.221131908,-0.139067257
1231,62,Gomoa East,2015,0,954.7944934,25.54754405,0.528658399,0.0917316,330762.6105,0.457198525,0.451897106,0.317727099,-1.133464157,-0.214492805,-1.157499405,-0.130073533
1232,62,Gomoa East,2016,0,1153.872026,25.59301762,0.550203902,0.09303274,338384.2789,0.457211754,0.457198525,0.375585713,-0.392016052,-0.060306109,-1.123372195,-0.125576614
1233,62,Gomoa East,2017,0,1219.237004,25.24825991,0.553742121,0.094984431,346162.7483,0.455818151,0.457211754,-0.063069179,-0.148569499,-0.034985448,-1.123287035,-0.1188313
1234,62,Gomoa East,2018,0,1030.361454,25.61221366,0.529276514,0.095634991,353547.3817,0.455086357,0.455818151,0.400009923,-0.85202115,-0.210069378,-1.132258178,-0.116582874
1235,62,Gomoa East,2019,0,1050.652203,25.9510022,0.57112155,0.095634991,360809.9453,0.45894605,0.455086357,0.831069908,-0.776449903,0.089387456,-1.136969007,-0.116582874
1236,62,Gomoa East,2020,0,974.6136564,25.42129956,0.530852091,0.098237171,368038.5474,0.730320187,0.45894605,0.157099031,-1.059649294,-0.198794028,-1.112122727,-0.107589381
1237,62,Gomoa East,2021,0,987.1433921,26.2414978,0.539551475,0.098237171,375489.6122,0.731049358,0.730320187,1.200684017,-1.012983311,-0.136538376,0.634813484,-0.107589381
1238,62,Gomoa East,2022,0,1097.572247,24.93879956,0.536998515,0.098887726,382761.1677,0.738048495,0.731049358,-0.456813231,-0.601700009,-0.154808194,0.639507426,-0.105340971
1239,62,Gomoa East,2023,0,1089.857269,25.97095815,0.538131445,0.100188809,390180.9082,0.744760287,0.738048495,0.856460997,-0.630433818,-0.146700579,0.684563474,-0.10084425
1240,62,Gomoa East,2024,0,967.8147577,25.4178304,0.515806383,0.102984904,397645.2318,0.74592606,0.744760287,0.152685017,-1.08497124,-0.306466056,0.727769775,-0.091180558
1241,63,Abura-Asebu-Kwamankese,2005,0,1375.013354,24.4407189,0.660684552,0.034293744,102430.7289,0.404448383,0.384539534,-1.090549659,0.431606865,0.730329721,-1.591105136,-0.328586695
1242,63,Abura-Asebu-Kwamankese,2006,0,1244.583574,24.83248386,0.67727402,0.034293744,105016.8806,0.42379938,0.404448383,-0.592084753,-0.054168257,0.849049405,-1.46294447,-0.328586695
1243,63,Abura-Asebu-Kwamankese,2007,0,1640.854218,24.72713109,0.680059992,0.034293744,107648.8461,0.442257437,0.42379938,-0.72613109,1.421709573,0.868986737,-1.338374913,-0.328586695
1244,63,Abura-Asebu-Kwamankese,2008,0,1684.563098,24.76154017,0.705494625,0.034293744,110727.0957,0.459802572,0.442257437,-0.682350455,1.584499749,1.051005331,-1.219553536,-0.328586695
1245,63,Abura-Asebu-Kwamankese,2009,0,1198.963276,24.6273314,0.62560454,0.034293744,113340.7945,0.476594755,0.459802572,-0.853111924,-0.224077353,0.47928563,-1.106608978,-0.328586695
1246,63,Abura-Asebu-Kwamankese,2010,0,1699.790563,25.22996884,0.717020714,0.034293744,116556.9152,0.492781972,0.476594755,-0.086341952,1.641213206,1.133489809,-0.998511456,-0.328586695
1247,63,Abura-Asebu-Kwamankese,2011,0,1240.125751,24.81997552,0.664776339,0.034293744,119045.6346,0.508527046,0.492781972,-0.607999835,-0.070771058,0.759611895,-0.894308318,-0.328586695
1248,63,Abura-Asebu-Kwamankese,2012,0,1525.335411,24.65210327,0.658650635,0.034293744,122572.1383,0.523806256,0.508527046,-0.821593265,0.991469158,0.715774342,-0.792951426,-0.328586695
1249,63,Abura-Asebu-Kwamankese,2013,0,1400.319163,24.52045404,0.669899142,0.034293744,126289.1017,0.538553781,0.523806256,-0.98909809,0.525856296,0.796272354,-0.694593467,-0.328586695
1250,63,Abura-Asebu-Kwamankese,2014,0,1383.720009,24.83001335,0.70247172,0.034293744,129103.0359,0.552730057,0.538553781,-0.595228123,0.464034094,1.02937243,-0.599658169,-0.328586695
1251,63,Abura-Asebu-Kwamankese,2015,0,1183.803695,25.15962609,0.64537746,0.03495126,107141.2064,0.566202063,0.552730057,-0.175843051,-0.280537984,0.620787141,-0.508400209,-0.32631423
1252,63,Abura-Asebu-Kwamankese,2016,0,1396.603606,25.25025595,0.667266863,0.03495126,109628.5739,0.579104571,0.566202063,-0.060529501,0.512018004,0.777434902,-0.421675896,-0.32631423
1253,63,Abura-Asebu-Kwamankese,2017,0,1519.387492,24.95743379,0.700081209,0.03495126,112154.4915,0.591261588,0.579104571,-0.433103842,0.969316616,1.012265147,-0.338617657,-0.32631423
1254,63,Abura-Asebu-Kwamankese,2018,0,1345.219452,25.33611173,0.686603607,0.036034225,114574.0721,0.907574341,0.591261588,0.048709698,0.320641898,0.915814996,-0.260358422,-0.322571352
1255,63,Abura-Asebu-Kwamankese,2019,0,1266.298242,25.69857556,0.705326397,0.036691534,116921.6599,0.910092345,0.907574341,0.5098931,0.026706257,1.049801438,1.775864368,-0.320299603
1256,63,Abura-Asebu-Kwamankese,2020,0,1148.029602,25.40613176,0.68446372,0.036712162,119287.5063,0.91250134,0.910092345,0.137800176,-0.413775688,0.900501263,1.792073697,-0.320228311
1257,63,Abura-Asebu-Kwamankese,2021,0,1466.024928,26.04661696,0.690463651,0.038444702,121694.7922,0.91480958,0.91250134,0.952726015,0.77057208,0.943438744,1.807581294,-0.314240413
1258,63,Abura-Asebu-Kwamankese,2022,0,1413.359671,24.8551302,0.690010252,0.038444702,124042.9805,0.917026564,0.91480958,-0.563270524,0.574424607,0.940194068,1.822440292,-0.314240413
1259,63,Abura-Asebu-Kwamankese,2023,0,1558.654351,25.75499666,0.704848102,0.038444702,126452.2043,0.919152532,0.917026564,0.581680882,1.115562846,1.046378597,1.836711846,-0.314240413
1260,63,Abura-Asebu-Kwamankese,2024,0,1305.190741,25.07522813,0.696417242,0.038444702,128882.5387,0.91912895,0.919152532,-0.283227378,0.171558213,0.986044592,1.850397491,-0.314240413
1261,64,Jomoro,2005,0,1835.044661,24.72607501,0.647003597,0.007488854,127243.8561,0.402645798,0.383294509,-0.727474808,2.144956109,0.632424315,-1.599119826,-0.421228098
1262,64,Jomoro,2006,0,1741.732723,25.12557687,0.681709634,0.007488854,131113.045,0.422055365,0.402645798,-0.219165811,1.797423373,0.880792122,-1.474548381,-0.421228098
1263,64,Jomoro,2007,0,2138.929573,24.91888634,0.687300059,0.007488854,135124.5251,0.44056929,0.422055365,-0.48214995,3.276750789,0.920799034,-1.349601784,-0.421228098
1264,64,Jomoro,2008,0,2172.676897,24.90277412,0.704235098,0.007488854,139350.4568,0.456670555,0.44056929,-0.502650452,3.402439954,1.041991743,-1.230420764,-0.421228098
1265,64,Jomoro,2009,0,1712.806756,24.82919553,0.64065362,0.007488854,143532.5595,0.472572529,0.456670555,-0.596268682,1.689690961,0.586981796,-1.126770934,-0.421228098
1266,64,Jomoro,2010,0,2403.045004,25.49471801,0.672495323,0.007488854,147689.3037,0.484330334,0.472572529,0.250513509,4.260427263,0.814851481,-1.02440402,-0.421228098
1267,64,Jomoro,2011,0,1734.803493,25.01785857,0.677616482,0.007658223,152403.7059,0.496033935,0.484330334,-0.356221938,1.771616019,0.851500178,-0.948714659,-0.420642737
1268,64,Jomoro,2012,0,1947.49917,24.8360521,0.616888331,0.007827591,156928.1661,0.503489639,0.496033935,-0.587544677,2.563783796,0.416909576,-0.873374223,-0.420057376
1269,64,Jomoro,2013,0,1619.535356,24.7027913,0.636771119,0.007827591,161509.7385,0.510316473,0.503489639,-0.7571,1.342309206,0.55919734,-0.825379085,-0.420057376
1270,64,Jomoro,2014,0,1702.311938,25.13435729,0.670303505,0.007827591,166346.5461,0.516905602,0.510316473,-0.207993985,1.650603863,0.799166109,-0.78143222,-0.420057376
1271,64,Jomoro,2015,0,1668.585514,25.32138849,0.647714627,0.007827591,116447.6202,0.53145666,0.516905602,0.029976482,1.524992534,0.637512675,-0.739015545,-0.420057376
1272,64,Jomoro,2016,0,1709.74698,25.4787661,0.653570357,0.007827591,119138.9799,0.543029264,0.53145666,0.230216992,1.678295071,0.679418208,-0.645344977,-0.420057376
1273,64,Jomoro,2017,0,2142.696192,25.11045806,0.669069182,0.007827591,121880.7037,0.556228268,0.543029264,-0.238402334,3.290779255,0.790332892,-0.570847822,-0.420057376
1274,64,Jomoro,2018,0,2081.906556,25.51743773,0.705135097,0.007827591,124496.4672,0.5685339,0.556228268,0.279421111,3.064373191,1.04843243,-0.485880921,-0.420057376
1275,64,Jomoro,2019,0,2009.662926,25.60987117,0.648227304,0.007827591,127053.029,0.580288574,0.5685339,0.397029445,2.795307657,0.641181567,-0.406664997,-0.420057376
1276,64,Jomoro,2020,0,1731.6714,25.4175637,0.657093131,0.007827591,129605.0145,0.591534365,0.580288574,0.152345683,1.759950794,0.704628335,-0.330995792,-0.420057376
1277,64,Jomoro,2021,0,2088.876668,26.01014887,0.693647938,0.007827591,132223.2897,0.602309806,0.591534365,0.906325584,3.090332806,0.966226544,-0.25860245,-0.420057376
1278,64,Jomoro,2022,0,1998.117778,24.98346693,0.67907305,0.007827591,134789.6087,0.612659245,0.602309806,-0.399980383,2.752308693,0.861923858,-0.189236932,-0.420057376
1279,64,Jomoro,2023,0,2205.906098,25.87112224,0.656572388,0.007827591,137405.9097,0.622583794,0.612659245,0.729434082,3.526199415,0.700901729,-0.122613747,-0.420057376
1280,64,Jomoro,2024,0,1745.343258,25.10526482,0.662039171,0.007827591,140041.6816,0.632157697,0.622583794,-0.245009994,1.810870519,0.74002382,-0.058725734,-0.420057376
1281,65,Ellembelle,2005,0,1739.648587,24.63571548,0.679827108,0.00832808,87629.58069,0.399839203,0.379776272,-0.842444383,1.789661181,0.867320145,-1.621768027,-0.418327618
1282,65,Ellembelle,2006,0,1701.081566,25.02519071,0.705434784,0.00832808,87620.02771,0.419339963,0.399839203,-0.346892842,1.646021441,1.050577088,-1.49261548,-0.418327618
1283,65,Ellembelle,2007,0,2085.341604,24.82181239,0.703454246,0.00832808,87859.35069,0.437940873,0.419339963,-0.605662677,3.07716675,1.036403704,-1.367081837,-0.418327618
1284,65,Ellembelle,2008,0,2094.91659,24.84458463,0.730456311,0.00832808,88426.18689,0.455621797,0.437940873,-0.576688263,3.112828006,1.229639356,-1.24734086,-0.418327618
1285,65,Ellembelle,2009,0,1646.062118,24.73659988,0.643827255,0.00832808,87982.75608,0.47254394,0.455621797,-0.714083409,1.441105974,0.60969337,-1.133522185,-0.418327618
1286,65,Ellembelle,2010,0,2280.722776,25.4144899,0.703325098,0.00832808,91139.96969,0.488856436,0.47254394,0.148434712,3.804848059,1.035479481,-1.024588059,-0.418327618
1287,65,Ellembelle,2011,0,1700.199178,24.92305306,0.713500659,0.00832808,91639.81608,0.504723366,0.488856436,-0.476848395,1.642735061,1.108299136,-0.919578456,-0.418327618
1288,65,Ellembelle,2012,0,1884.793445,24.74589236,0.645433613,0.00832808,92785.74952,0.520120828,0.504723366,-0.702260056,2.330241414,0.621188995,-0.817437128,-0.418327618
1289,65,Ellembelle,2013,0,1598.326348,24.64509598,0.686816967,0.00832808,91858.29284,0.534982488,0.520120828,-0.830509036,1.263317975,0.917341868,-0.718317943,-0.418327618
1290,65,Ellembelle,2014,0,1651.338335,25.03878364,0.685598364,0.00832808,91297.07011,0.54926848,0.534982488,-0.329597788,1.460756818,0.908621149,-0.622647907,-0.418327618
1291,65,Ellembelle,2015,0,1589.179479,25.23675497,0.652308747,0.00832808,111013.0194,0.56284475,0.54926848,-0.077707577,1.229251204,0.670389712,-0.53068367,-0.418327618
1292,65,Ellembelle,2016,0,1648.86361,25.43105457,0.681021952,0.00832808,113575.1813,0.573539558,0.56284475,0.169510891,1.451539904,0.875870842,-0.443288168,-0.418327618
1293,65,Ellembelle,2017,0,2077.431805,25.04212843,0.703550831,0.00832808,116186.5838,0.578989926,0.573539558,-0.325342021,3.047707344,1.0370949,-0.374441715,-0.418327618
1294,65,Ellembelle,2018,0,1977.306815,25.42409674,0.717777741,0.00832808,118679.1485,0.590664385,0.578989926,0.160658042,2.674799951,1.138907342,-0.33935567,-0.418327618
1295,65,Ellembelle,2019,0,1860.057172,25.58677592,0.685941776,0.00832808,121116.4147,0.601816145,0.590664385,0.367644046,2.238113175,0.911078717,-0.264202838,-0.418327618
1296,65,Ellembelle,2020,0,1627.175287,25.43198089,0.692049804,0.00832808,123546.8656,0.612485125,0.601816145,0.170689493,1.370763507,0.954789775,-0.19241481,-0.418327618
1297,65,Ellembelle,2021,0,2029.01291,25.97541286,0.712990799,0.00832808,126043.4877,0.622707879,0.612485125,0.862128978,2.867375101,1.104650415,-0.123734621,-0.418327618
1298,65,Ellembelle,2022,0,1856.549166,24.97114595,0.69000066,0.00832808,128490.1859,0.63252648,0.622707879,-0.415657078,2.225047892,0.940125425,-0.057926955,-0.418327618
1299,65,Ellembelle,2023,1,1983.466426,25.80187778,0.676227418,0.008558734,130983.4731,0.641941986,0.63252648,0.641330398,2.697740922,0.841559576,0.005279035,-0.417530446
1300,65,Ellembelle,2024,2,1691.380585,25.05625786,0.688605048,0.008806864,133495.1298,0.651024831,0.641941986,-0.307364339,1.609890926,0.930137967,0.065890145,-0.416672873
1301,66,Prestea-Huni Valley,2005,0,1729.287269,24.4887006,0.698614042,0.01366264,159142.9788,0.408221555,0.388438839,-1.029499796,1.751071291,1.001765615,-1.566003857,-0.39989064
1302,66,Prestea-Huni Valley,2006,0,1659.194541,24.87397058,0.729139676,0.013799262,160885.8602,0.427449951,0.408221555,-0.539298836,1.490016617,1.220217081,-1.438655164,-0.399418458
1303,66,Prestea-Huni Valley,2007,0,2162.673122,24.68471665,0.737205484,0.014072505,161546.0733,0.445791065,0.427449951,-0.780097404,3.365181708,1.277938653,-1.31487483,-0.39847409
1304,66,Prestea-Huni Valley,2008,0,2071.942546,24.69622585,0.737407068,0.014072505,162296.5021,0.463225042,0.445791065,-0.765453593,3.027263046,1.279381255,-1.196806256,-0.39847409
1305,66,Prestea-Huni Valley,2009,0,1599.164108,24.59740397,0.684776175,0.014072505,163473.3269,0.479910836,0.463225042,-0.8911903,1.266438144,0.902737294,-1.084577269,-0.39847409
1306,66,Prestea-Huni Valley,2010,0,2166.857472,25.28866833,0.730717189,0.014345739,166541.5737,0.495995498,0.479910836,-0.011655249,3.38076598,1.231506282,-0.977164608,-0.397529756
1307,66,Prestea-Huni Valley,2011,0,1692.009407,24.79036289,0.732823815,0.014482359,167068.1224,0.511640817,0.495995498,-0.645677669,1.61223292,1.246581994,-0.873621659,-0.397057578
1308,66,Prestea-Huni Valley,2012,0,1956.512335,24.58797436,0.695708149,0.014796877,167858.353,0.526823225,0.511640817,-0.903188133,2.597352596,0.980970088,-0.772906923,-0.395970562
1309,66,Prestea-Huni Valley,2013,0,1648.550145,24.49622585,0.698954692,0.015070109,168351.266,0.541477315,0.526823225,-1.019924997,1.450372431,1.004203419,-0.675172119,-0.395026233
1310,66,Prestea-Huni Valley,2014,0,1690.49389,24.8887006,0.70423493,0.015889927,170224.4529,0.555563776,0.541477315,-0.520556988,1.606588503,1.041990537,-0.580838292,-0.392192829
1311,66,Prestea-Huni Valley,2015,0,1535.280306,25.06395306,0.678540184,0.016029233,212724.0749,0.568950429,0.555563776,-0.297573297,1.028508113,0.858110495,-0.490158505,-0.39171137
1312,66,Prestea-Huni Valley,2016,0,1688.426984,25.28477659,0.695753515,0.016165889,217621.3246,0.581771192,0.568950429,-0.016606922,1.598890478,0.981294749,-0.403983642,-0.391239068
1313,66,Prestea-Huni Valley,2017,0,1969.46521,24.90536035,0.713227743,0.016237702,222610.0247,0.589126329,0.581771192,-0.499359838,2.645594527,1.106346066,-0.321451626,-0.39099087
1314,66,Prestea-Huni Valley,2018,0,1867.839996,25.26907133,0.732165274,0.016237702,227368.969,0.600519709,0.589126329,-0.036589621,2.267099673,1.241869258,-0.274103876,-0.39099087
1315,66,Prestea-Huni Valley,2019,0,1611.568497,25.70226172,0.703386262,0.016510942,232018.407,0.611402975,0.600519709,0.514583213,1.312637286,1.035917193,-0.200760453,-0.390046516
1316,66,Prestea-Huni Valley,2020,0,1498.320791,25.5995412,0.7065173,0.016510942,236660.3108,0.621815084,0.611402975,0.383886034,0.890855401,1.058323925,-0.130700822,-0.390046516
1317,66,Prestea-Huni Valley,2021,0,1766.975976,25.86765113,0.727899681,0.01678421,241423.9584,0.631791711,0.621815084,0.725017582,1.891439822,1.211343272,-0.063674204,-0.389102063
1318,66,Prestea-Huni Valley,2022,0,1656.570065,24.91458939,0.67985449,0.017057492,246089.3831,0.641373916,0.631791711,-0.487617216,1.480241971,0.867516102,0.000549051,-0.388157564
1319,66,Prestea-Huni Valley,2023,0,1818.345875,25.67708305,0.675063076,0.017740768,250846.92,0.650562731,0.641373916,0.482546945,2.082762839,0.833227168,0.06223327,-0.385796069
1320,66,Prestea-Huni Valley,2024,0,1482.35127,25.14565408,0.662207742,0.018280891,255640.0951,0.659426893,0.650562731,-0.193620431,0.831378218,0.74123017,0.121385083,-0.383929329
1321,67,Ahanta West,2005,0,1505.810115,24.18451696,0.693458548,0.009075308,105639.9517,0.359500573,0.345584842,-1.416529992,0.91874878,0.964871204,-1.841870969,-0.415745096
1322,67,Ahanta West,2006,0,1553.708964,24.55783616,0.683739931,0.009075308,106996.9379,0.376390391,0.359500573,-0.941534687,1.097144154,0.895321591,-1.752290236,-0.415745096
1323,67,Ahanta West,2007,0,1847.078892,24.33748486,0.697211688,0.009075308,108578.6211,0.393040379,0.376390391,-1.221900213,2.189776625,0.99172991,-1.643564201,-0.415745096
1324,67,Ahanta West,2008,0,1881.266657,24.36741369,0.719476024,0.009075308,110080.0247,0.412133755,0.393040379,-1.183820055,2.317106179,1.151060814,-1.536382035,-0.415745096
1325,67,Ahanta West,2009,0,1474.6596,24.28451696,0.674247646,0.009075308,112054.7345,0.430407736,0.412133755,-1.28929429,0.802731217,0.82739168,-1.413470875,-0.415745096
1326,67,Ahanta West,2010,0,2002.816929,24.9617656,0.708578045,0.009241739,114030.9456,0.448023367,0.430407736,-0.427592232,2.769810298,1.073071299,-1.295834468,-0.415169887
1327,67,Ahanta West,2011,0,1542.693519,24.4488189,0.696603865,0.009241739,114991.5555,0.465157838,0.448023367,-1.080243566,1.056118023,0.98738013,-1.182436099,-0.415169887
1328,67,Ahanta West,2012,0,1705.017111,24.25641278,0.679550589,0.00968848,116834.5274,0.481785337,0.465157838,-1.32505284,1.660679059,0.865341281,-1.072135138,-0.413625886
1329,67,Ahanta West,2013,0,1472.24152,24.18748486,0.688260189,0.010581955,118191.5948,0.497834233,0.481785337,-1.412753766,0.793725275,0.927670044,-0.965097745,-0.410537915
1330,67,Ahanta West,2014,0,1470.948667,24.56232586,0.702274412,0.011214391,119302.1834,0.51326147,0.497834233,-0.935822181,0.788910149,1.02796043,-0.86178504,-0.408352127
1331,67,Ahanta West,2015,0,1400.766202,24.72733192,0.654422449,0.014059527,140644.8164,0.527922291,0.51326147,-0.725875566,0.527521257,0.685516056,-0.762474175,-0.398518945
1332,67,Ahanta West,2016,0,1446.617807,24.9615536,0.692688839,0.015464559,143889.3662,0.540401604,0.527922291,-0.427861963,0.698291837,0.95936292,-0.668097021,-0.39366296
1333,67,Ahanta West,2017,0,1877.073289,24.57695336,0.712505037,0.016352772,147197.5236,0.552429142,0.540401604,-0.917210781,2.301488322,1.101174143,-0.587763042,-0.390593173
1334,67,Ahanta West,2018,0,1706.613416,24.93436554,0.720843145,0.017692982,150353.5658,0.564840122,0.552429142,-0.462454892,1.666624368,1.160844384,-0.51033731,-0.385961221
1335,67,Ahanta West,2019,0,1538.561175,25.03047396,0.709928534,0.017692982,153440.5773,0.576695427,0.564840122,-0.34017067,1.040727443,1.082735838,-0.430443219,-0.385961221
1336,67,Ahanta West,2020,0,1445.073289,24.86600545,0.718001733,0.018010083,156522.0654,0.588037494,0.576695427,-0.549433325,0.692539403,1.140510307,-0.354126211,-0.384865276
1337,67,Ahanta West,2021,0,1955.774379,25.50814658,0.720782456,0.019797044,159685.345,0.598905183,0.588037494,0.267599445,2.594604141,1.16041007,-0.28111311,-0.378689293
1338,67,Ahanta West,2022,0,1667.122956,24.47291793,0.700992973,0.021093465,162785.6041,0.609343224,0.598905183,-1.049580994,1.519545355,1.01879003,-0.211153754,-0.374208684
1339,67,Ahanta West,2023,0,2043.988795,25.37977741,0.699663616,0.022433699,165944.8322,0.619352737,0.609343224,0.10426803,2.923151568,1.009276711,-0.143960209,-0.369576651
1340,67,Ahanta West,2024,0,1707.349334,24.60405058,0.711773253,0.02332717,169126.8982,0.629008602,0.619352737,-0.882733451,1.669365233,1.095937257,-0.079525251,-0.36648869
1341,68,Nzema East,2005,0,1692.875674,24.58341298,0.680797814,0.000333394,56287.91654,0.399839203,0.379776272,-0.90899184,1.615459265,0.874266837,-1.621768027,-0.445958357
1342,68,Nzema East,2006,0,1680.015261,24.96827116,0.69701623,0.000333394,56987.90359,0.419339963,0.399839203,-0.419314836,1.5675617,0.990331146,-1.49261548,-0.445958357
1343,68,Nzema East,2007,0,2068.17088,24.7631725,0.703991254,0.000333394,57021.53715,0.437940873,0.419339963,-0.680273554,3.013215782,1.040246711,-1.367081837,-0.445958357
1344,68,Nzema East,2008,0,2064.316787,24.80600817,0.729483053,0.000333394,56618.16772,0.455621797,0.437940873,-0.625771287,2.998861526,1.2226744,-1.24734086,-0.445958357
1345,68,Nzema East,2009,0,1614.701788,24.68341298,0.659344226,0.000333394,57860.09626,0.47254394,0.455621797,-0.781756138,1.324306974,0.720737911,-1.133522185,-0.445958357
1346,68,Nzema East,2010,0,2214.437567,25.36768537,0.703965513,0.000333394,55394.21893,0.488856436,0.47254394,0.088882642,3.557974181,1.040062502,-1.024588059,-0.445958357
1347,68,Nzema East,2011,0,1684.569215,24.8680592,0.724540767,0.000333394,55529.27102,0.504723366,0.488856436,-0.54682023,1.584522532,1.187305779,-0.919578456,-0.445958357
1348,68,Nzema East,2012,0,1871.837059,24.69749114,0.654999915,0.000333394,54981.58451,0.520120828,0.504723366,-0.763843697,2.281986408,0.689648595,-0.817437128,-0.445958357
1349,68,Nzema East,2013,0,1591.213735,24.60993911,0.700289261,0.000333394,56397.45425,0.534982488,0.520120828,-0.875241134,1.236827628,1.013754037,-0.718317943,-0.445958357
1350,68,Nzema East,2014,0,1628.535995,24.98000231,0.692379676,0.000333394,57557.18381,0.54926848,0.534982488,-0.404388619,1.375831354,0.957150448,-0.622647907,-0.445958357
1351,68,Nzema East,2015,0,1545.342531,25.16524973,0.631403758,0.000333394,89745.07328,0.56284475,0.54926848,-0.168687766,1.065984053,0.520786739,-0.53068367,-0.445958357
1352,68,Nzema East,2016,0,1620.16903,25.40041236,0.681409916,0.000333394,91794.19107,0.575847115,0.56284475,0.130523061,1.344669273,0.878647235,-0.443288168,-0.445958357
1353,68,Nzema East,2017,0,2032.299908,25.00331047,0.700878632,0.000333394,93884.98001,0.588098219,0.575847115,-0.374732325,2.879617257,1.017971765,-0.359587112,-0.445958357
1354,68,Nzema East,2018,0,1909.293356,25.36951981,0.711892406,0.000333394,95879.27556,0.599520108,0.588098219,0.091216702,2.421489345,1.096789949,-0.280722202,-0.445958357
1355,68,Nzema East,2019,0,1742.987128,25.63601819,0.68700328,0.000333394,97831.61515,0.610430607,0.599520108,0.430297789,1.802095304,0.918675186,-0.207195255,-0.445958357
1356,68,Nzema East,2020,0,1566.756975,25.49971096,0.707616877,0.000333394,99776.81812,0.62086877,0.610430607,0.256866328,1.145740412,1.066192864,-0.136960317,-0.445958357
1357,68,Nzema East,2021,0,1969.301757,25.97167797,0.715470249,0.000333394,101776.0616,0.630870361,0.62086877,0.857376867,2.644985763,1.122394171,-0.069765981,-0.445958357
1358,68,Nzema East,2022,0,1751.704563,24.94364884,0.684179596,0.000333394,103728.764,0.640476543,0.630870361,-0.45064322,1.834562683,0.898467981,-0.005382024,-0.445958357
1359,68,Nzema East,2023,0,1842.242793,25.79133652,0.661477108,0.000333394,105722.1183,0.64968835,0.640476543,0.627918155,2.171764969,0.736001513,0.056456545,-0.445958357
1360,68,Nzema East,2024,0,1602.926083,25.06819793,0.659215168,0.000333394,107729.1605,0.658574693,0.64968835,-0.2921723,1.280449316,0.719814327,0.11575637,-0.445958357
1361,69,Tarkwa-Nsuaem,2005,0,1716.551209,24.40484407,0.67648837,0.042886321,82334.49703,0.408221555,0.388438839,-1.13619525,1.703636869,0.843427039,-1.566003857,-0.298889564
1362,69,Tarkwa-Nsuaem,2006,0,1699.507843,24.7814726,0.689276818,0.046983615,82010.22613,0.427449951,0.408221555,-0.656989297,1.640160237,0.934945375,-1.438655164,-0.28472875
1363,69,Tarkwa-Nsuaem,2007,0,2133.041521,24.58334102,0.698975555,0.048895698,83155.49315,0.445791065,0.427449951,-0.909083396,3.254821214,1.004352722,-1.31487483,-0.278120325
1364,69,Tarkwa-Nsuaem,2008,0,2099.237682,24.62522144,0.716639549,0.051354028,84674.03312,0.463225042,0.445791065,-0.855796549,3.128921563,1.130762067,-1.196806256,-0.269623997
1365,69,Tarkwa-Nsuaem,2009,0,1621.785385,24.50583595,0.648694993,0.05463176,84289.02789,0.479910836,0.463225042,-1.007697522,1.350689254,0.644528503,-1.084577269,-0.258295703
1366,69,Tarkwa-Nsuaem,2010,0,2219.136003,25.20207142,0.700677709,0.057090156,82711.32372,0.495995498,0.479910836,-0.121837437,3.575473122,1.016533897,-0.977164608,-0.249799147
1367,69,Tarkwa-Nsuaem,2011,0,1713.731039,24.69589408,0.692679669,0.062006958,83891.06755,0.511640817,0.495995498,-0.765875727,1.693133376,0.959297291,-0.873621659,-0.232806002
1368,69,Tarkwa-Nsuaem,2012,0,1964.606293,24.50112567,0.660855726,0.066841278,84978.22155,0.526823225,0.511640817,-1.013690678,2.627497886,0.731554699,-0.772906923,-0.216097923
1369,69,Tarkwa-Nsuaem,2013,0,1645.821185,24.42793412,0.673162517,0.069026647,86471.19556,0.541477315,0.526823225,-1.106816458,1.440208639,0.819626139,-0.675172119,-0.208544986
1370,69,Tarkwa-Nsuaem,2014,0,1670.599742,24.8064034,0.673350103,0.070665686,86001.93097,0.555563776,0.541477315,-0.62526842,1.532494362,0.820968572,-0.580838292,-0.202880242
1371,69,Tarkwa-Nsuaem,2015,0,1548.427108,24.98174017,0.616681536,0.072025023,198535.1969,0.568950429,0.555563776,-0.402177439,1.07747231,0.415429684,-0.490158505,-0.198182186
1372,69,Tarkwa-Nsuaem,2016,0,1664.639417,25.2111921,0.6627743,0.073937168,203140.872,0.579403155,0.568950429,-0.110232667,1.510295616,0.745284649,-0.403983642,-0.191573548
1373,69,Tarkwa-Nsuaem,2017,0,2034.991973,24.81792766,0.696799901,0.074612021,207833.3385,0.591551547,0.579403155,-0.610605438,2.889643635,0.988783028,-0.336695559,-0.18924116
1374,69,Tarkwa-Nsuaem,2018,0,1889.735006,25.2026158,0.704214269,0.07488517,212309.8189,0.602877677,0.591551547,-0.12114479,2.348645861,1.041842682,-0.258491842,-0.188297121
1375,69,Tarkwa-Nsuaem,2019,0,1627.861229,25.54798395,0.665803995,0.076250991,216687.1739,0.613696704,0.602877677,0.318286799,1.373318242,0.766966143,-0.185581336,-0.183576656
1376,69,Tarkwa-Nsuaem,2020,0,1561.346005,25.39412253,0.684583089,0.078163219,221049.5437,0.624047355,0.613696704,0.122520149,1.125587691,0.901355508,-0.115935237,-0.176967731
1377,69,Tarkwa-Nsuaem,2021,0,1929.115335,25.79425171,0.703706058,0.078982754,225529.8501,0.633965093,0.624047355,0.631627314,2.495314696,1.038205759,-0.04930425,-0.174135305
1378,69,Tarkwa-Nsuaem,2022,0,1709.061174,24.772315,0.665402986,0.079802223,229934.7238,0.643490739,0.633965093,-0.668641025,1.675740842,0.764096385,0.014539921,-0.171303106
1379,69,Tarkwa-Nsuaem,2023,1,1818.537184,25.65202528,0.658497772,0.083080127,234415.2848,0.652625315,0.643490739,0.450664523,2.083475352,0.714680411,0.075860043,-0.159974217
1380,69,Tarkwa-Nsuaem,2024,0,1553.384296,24.99697822,0.642701857,0.085005132,238928.6833,0.661437156,0.652625315,-0.382789198,1.095934953,0.601639646,0.134662708,-0.153321135
1381,70,Sefwi-Akontombra,2005,0,1525.557449,24.67278985,0.644833845,0,82323.06788,0.381018016,0.362865152,-0.795272552,0.992296122,0.616896858,-1.730631189,-0.447110612
1382,70,Sefwi-Akontombra,2006,0,1490.990624,25.07399539,0.716765115,0,83709.2877,0.398192399,0.381018016,-0.284795872,0.863554787,1.131660658,-1.613774454,-0.447110612
1383,70,Sefwi-Akontombra,2007,0,1933.16178,24.814459,0.658816771,0,84908.17731,0.416379706,0.398192399,-0.615018818,2.510385352,0.71696327,-1.503216568,-0.447110612
1384,70,Sefwi-Akontombra,2008,0,1872.310984,24.78091978,0.719826229,0,85401.4011,0.433652065,0.416379706,-0.657692677,2.283751503,1.153567,-1.386138113,-0.447110612
1385,70,Sefwi-Akontombra,2009,0,1518.740586,24.84234261,0.651343952,0,87233.30528,0.451257143,0.433652065,-0.579540907,0.96690727,0.663485322,-1.274949514,-0.447110612
1386,70,Sefwi-Akontombra,2010,0,1985.81024,25.42189686,0.674773434,0,88176.33374,0.46822797,0.451257143,0.15785901,2.706470264,0.831154392,-1.161619081,-0.447110612
1387,70,Sefwi-Akontombra,2011,0,1582.775487,24.92066156,0.686329782,0,89711.43624,0.48473525,0.46822797,-0.479891246,1.205400059,0.913855413,-1.052371556,-0.447110612
1388,70,Sefwi-Akontombra,2012,0,1750.216624,24.80118693,0.696492848,0,91252.28331,0.500754114,0.48473525,-0.631905623,1.829020977,0.986585657,-0.946108062,-0.447110612
1389,70,Sefwi-Akontombra,2013,0,1376.19549,24.63932877,0.65396059,0,92146.55811,0.516215554,0.500754114,-0.837846993,0.436009636,0.68221084,-0.842988676,-0.447110612
1390,70,Sefwi-Akontombra,2014,0,1541.239693,25.1220122,0.675668228,0,93615.91576,0.526100173,0.516215554,-0.223701336,1.050703367,0.837557835,-0.743457639,-0.447110612
1391,70,Sefwi-Akontombra,2015,0,1396.476336,25.25959592,0.640522886,0,62140.52757,0.540374285,0.526100173,-0.048645727,0.511543997,0.586046215,-0.679826673,-0.447110612
1392,70,Sefwi-Akontombra,2016,0,1518.83636,25.43225554,0.673235779,0,63582.79482,0.554044992,0.540374285,0.171038955,0.96726397,0.820150431,-0.587938905,-0.447110612
1393,70,Sefwi-Akontombra,2017,0,1687.519646,25.14044501,0.692648408,0,65052.18246,0.566925822,0.554044992,-0.20024823,1.595511171,0.959073576,-0.499935484,-0.447110612
1394,70,Sefwi-Akontombra,2018,0,1809.528129,25.32695342,0.721947966,0,66455.86527,0.578934814,0.566925822,0.037057053,2.049921859,1.168750847,-0.417016794,-0.447110612
1395,70,Sefwi-Akontombra,2019,0,1710.737014,25.69241703,0.683261334,0,67826.22907,0.59040613,0.578934814,0.502057244,1.681982375,0.891896591,-0.339710447,-0.447110612
1396,70,Sefwi-Akontombra,2020,0,1331.250112,25.52367912,0.682570524,0,69196.76488,0.601380831,0.59040613,0.287362383,0.268614222,0.886952934,-0.265865323,-0.447110612
1397,70,Sefwi-Akontombra,2021,0,1622.654487,25.86553803,0.726370309,0,70605.13742,0.611896519,0.601380831,0.722328963,1.353926156,1.200398582,-0.195217093,-0.447110612
1398,70,Sefwi-Akontombra,2022,0,1465.860321,24.92285682,0.710978222,0,71986.00527,0.619963376,0.611896519,-0.477098082,0.769959018,1.090247755,-0.127523699,-0.447110612
1399,70,Sefwi-Akontombra,2023,1,1596.898646,25.72285682,0.647498937,0,73391.63637,0.62724191,0.619963376,0.540787534,1.258000615,0.635969129,-0.075594338,-0.447110612
1400,70,Sefwi-Akontombra,2024,0,1171.91085,25.10044277,0.701335382,0,74808.8272,0.635712836,0.62724191,-0.251145352,-0.324831919,1.021240422,-0.028739711,-0.447110612
1401,72,Akyemansa,2005,0,1591.869814,24.74383188,0.720152344,0.017298385,74542.88981,0.613880243,0.600972546,-0.704881729,1.239271141,1.155900781,-0.197845374,-0.387325005
1402,72,Akyemansa,2006,0,1366.011326,25.11423308,0.740790307,0.017298385,77286.14901,0.626426262,0.613880243,-0.233599161,0.398079544,1.303592828,-0.114753726,-0.387325005
1403,72,Akyemansa,2007,0,1959.267877,24.97916212,0.72002064,0.017298385,80085.63654,0.638393354,0.626426262,-0.405457646,2.607615389,1.154958269,-0.033990338,-0.387325005
1404,72,Akyemansa,2008,0,1927.810317,24.78503002,0.740566151,0.017298385,82594.97503,0.649768561,0.638393354,-0.652462981,2.490454261,1.301988692,0.043046279,-0.387325005
1405,72,Akyemansa,2009,0,1399.607123,24.8964315,0.644453993,0.017298385,85547.98887,0.6606556,0.649768561,-0.510720534,0.523204362,0.614178508,0.116272719,-0.387325005
1406,72,Akyemansa,2010,0,1836.436954,25.4964315,0.728385121,0.017298385,89142.42006,0.671150416,0.6606556,0.252693678,2.150141593,1.214817238,0.186356634,-0.387325005
1407,72,Akyemansa,2011,0,1487.917303,25.0670101,0.694747999,0.017298385,92151.02586,0.681358572,0.671150416,-0.293683652,0.852108456,0.974098943,0.253915666,-0.387325005
1408,72,Akyemansa,2012,0,1749.923854,24.8670101,0.710207297,0.017298385,95883.41084,0.689555512,0.681358572,-0.548155056,1.827930576,1.084730759,0.319629363,-0.387325005
1409,72,Akyemansa,2013,0,1594.470524,24.78309225,0.691815775,0.017298385,99032.42489,0.696534415,0.689555512,-0.65492852,1.248957273,0.953114982,0.372396113,-0.387325005
1410,72,Akyemansa,2014,0,1634.225983,25.16994405,0.711240143,0.017298385,102928.7823,0.702922102,0.696534415,-0.162714915,1.39702325,1.092122143,0.417321908,-0.387325005
1411,72,Akyemansa,2015,0,1341.688182,25.44248772,0.681480559,0.017298385,84027.31246,0.711870245,0.702922102,0.184057934,0.307489969,0.879152785,0.458441823,-0.387325005
1412,72,Akyemansa,2016,0,1639.3372,25.47698553,0.696685172,0.017298385,85965.4778,0.720440125,0.711870245,0.227951473,1.416059564,0.987961989,0.516044345,-0.387325005
1413,72,Akyemansa,2017,0,1672.20524,25.16917303,0.684070883,0.017298385,87940.89536,0.728514848,0.720440125,-0.163695922,1.538473911,0.897689991,0.571211851,-0.387325005
1414,72,Akyemansa,2018,0,1554.013783,25.49104803,0.723194872,0.017298385,89825.27048,0.736043034,0.728514848,0.245843994,1.098279426,1.177674116,0.623191844,-0.387325005
1415,72,Akyemansa,2019,0,1444.454831,26.18393832,0.73604819,0.017298385,91668.34162,0.742106486,0.736043034,1.127447811,0.690236006,1.269656681,0.671653578,-0.387325005
1416,72,Akyemansa,2020,0,1251.365175,26.04366812,0.719921496,0.017298385,93506.01713,0.925620922,0.742106486,0.948974041,-0.028910738,1.154248757,0.710686272,-0.387325005
1417,72,Akyemansa,2021,0,1410.368723,26.22534116,0.734980825,0.017298385,95393.14801,0.927583063,0.925620922,1.180127003,0.563285064,1.262018266,1.892036919,-0.387325005
1418,72,Akyemansa,2022,0,1439.175082,25.07472707,0.68437507,0.017298385,97244.35827,0.929467632,0.927583063,-0.283864903,0.67057201,0.899866851,1.904667953,-0.387325005
1419,72,Akyemansa,2023,0,1723.55595,25.76259552,0.668629144,0.017298385,99130.25442,0.931274831,0.929467632,0.591349348,1.729725459,0.787183833,1.916799625,-0.387325005
1420,72,Akyemansa,2024,0,1281.689001,25.52901201,0.674470945,0.017298385,101030.1701,0.93301818,0.931274831,0.294147722,0.084027891,0.828989681,1.928433239,-0.387325005
1421,73,Kwahu South,2005,0,1423.2013,23.55141539,0.605100788,0.0139466,76607.35935,0.611550415,0.598564833,-2.222061217,0.611078957,0.332554044,-0.213344718,-0.398909238
1422,73,Kwahu South,2006,0,1273.491403,23.89302265,0.626006687,0.0139466,77235.95299,0.624172136,0.611550415,-1.787414828,0.053496602,0.482163527,-0.129751699,-0.398909238
1423,73,Kwahu South,2007,0,1770.000629,23.77158733,0.621735816,0.0139466,78370.54409,0.636211436,0.624172136,-1.941923899,1.902704895,0.451599774,-0.048500987,-0.398909238
1424,73,Kwahu South,2008,0,1745.529985,23.76076746,0.60678673,0.0139466,79051.98016,0.647655281,0.636211436,-1.955690647,1.81156597,0.344619202,0.029000464,-0.398909238
1425,73,Kwahu South,2009,0,1352.042671,23.70192388,0.593744461,0.0139466,78619.84726,0.658608012,0.647655281,-2.03056068,0.346054423,0.251284434,0.10266875,-0.398909238
1426,73,Kwahu South,2010,0,1657.981967,24.22500524,0.612054062,0.0139466,78974.92915,0.669166153,0.658608012,-1.365014441,1.485500484,0.382313961,0.173175548,-0.398909238
1427,73,Kwahu South,2011,0,1461.955127,23.87555567,0.609833615,0.0139466,79407.9673,0.679435904,0.669166153,-1.809639055,0.755414438,0.366423708,0.241142227,-0.398909238
1428,73,Kwahu South,2012,0,1553.938876,23.65862864,0.599431566,0.0139466,79520.56652,0.689401796,0.679435904,-2.085647683,1.098000442,0.291983228,0.307252437,-0.398909238
1429,73,Kwahu South,2013,0,1398.648773,23.56176871,0.622877085,0.0139466,80288.03641,0.699020895,0.689401796,-2.208888093,0.519635065,0.459767069,0.371406589,-0.398909238
1430,73,Kwahu South,2014,0,1550.581359,23.89245125,0.615488266,0.0139466,80859.05083,0.708267396,0.699020895,-1.788141851,1.085495641,0.40689025,0.433328304,-0.398909238
1431,73,Kwahu South,2015,0,1232.988677,24.30061858,0.612779944,0.0139466,86950.0764,0.717054536,0.708267396,-1.268807282,-0.097352512,0.387508606,0.492851468,-0.398909238
1432,73,Kwahu South,2016,0,1481.939715,24.24802894,0.601717499,0.0139466,88917.55533,0.725470219,0.717054536,-1.335720082,0.829845413,0.30834212,0.549417553,-0.398909238
1433,73,Kwahu South,2017,0,1472.022961,23.82176033,0.614392726,0.0139466,90947.62062,0.733399654,0.725470219,-1.87808594,0.792911267,0.399050206,0.603592435,-0.398909238
1434,73,Kwahu South,2018,0,1476.872091,24.28911722,0.625918826,0.0139466,92883.36058,0.740792387,0.733399654,-1.283441122,0.810971458,0.481534766,0.654637158,-0.398909238
1435,73,Kwahu South,2019,0,1430.806983,24.92064898,0.629839943,0.0139466,94804.65764,0.744744398,0.740792387,-0.479907244,0.639405704,0.509595567,0.702226924,-0.398909238
1436,73,Kwahu South,2020,0,1192.27532,24.74376704,0.60956443,0.0139466,96677.33059,0.925531446,0.744744398,-0.70496423,-0.248986104,0.364497336,0.727667492,-0.398909238
1437,73,Kwahu South,2021,0,1167.930803,24.88626022,0.63214612,0.0139466,98634.55333,0.927495948,0.925531446,-0.523662025,-0.339655279,0.526099328,1.891460929,-0.398909238
1438,73,Kwahu South,2022,1,1324.853114,23.85765884,0.61674819,0.0139466,100563.1496,0.926816809,0.927495948,-1.832410217,0.244789124,0.415906678,1.904107158,-0.398909238
1439,73,Kwahu South,2023,0,1478.715664,24.35586601,0.628111219,0.0139466,102519.2178,0.924226667,0.926816809,-1.198512825,0.817837696,0.497224249,1.899735288,-0.398909238
1440,73,Kwahu South,2024,0,1099.890858,24.51860453,0.604466246,0.0139466,104481.4962,0.92279531,0.924226667,-0.991451327,-0.593064531,0.328013051,1.883061586,-0.398909238
1441,74,Asene Manso Akroso,2005,0,1687.155728,24.41284805,0.671140458,0.008249158,59175.41853,0.564850932,0.561397557,-1.126011325,1.594155788,0.805155623,-0.452604288,-0.418600383
1442,74,Asene Manso Akroso,2006,0,1368.682379,24.76366348,0.708420624,0.008249158,61145.22499,0.565991678,0.564850932,-0.679648845,0.408027661,1.071944742,-0.430373632,-0.418600383
1443,74,Asene Manso Akroso,2007,0,1977.838305,24.66979912,0.71694439,0.008249158,63688.25923,0.570701311,0.565991678,-0.799077822,2.676779443,1.132943613,-0.423030222,-0.418600383
1444,74,Asene Manso Akroso,2008,0,2033.592084,24.64223349,0.744154029,0.008249158,64748.38863,0.574691831,0.570701311,-0.834151148,2.884429865,1.327664726,-0.392712568,-0.418600383
1445,74,Asene Manso Akroso,2009,0,1424.181782,24.59629077,0.63832398,0.008249158,70414.72575,0.565236252,0.574691831,-0.892606691,0.614730682,0.570310121,-0.367024107,-0.418600383
1446,74,Asene Manso Akroso,2010,0,1980.816428,25.19629077,0.739718217,0.008249158,76901.18779,0.556166559,0.565236252,-0.129192479,2.687871219,1.295920596,-0.427893182,-0.418600383
1447,74,Asene Manso Akroso,2011,0,1570.081344,24.76273866,0.68740948,0.008249158,77575.4612,0.547999349,0.556166559,-0.680825548,1.158121754,0.921582091,-0.486278166,-0.418600383
1448,74,Asene Manso Akroso,2012,0,1834.188345,24.56273866,0.716758161,0.008249158,80792.43215,0.541036646,0.547999349,-0.935296952,2.141766832,1.131610895,-0.538853532,-0.418600383
1449,74,Asene Manso Akroso,2013,0,1602.175219,24.45632458,0.706621735,0.008249158,82696.71248,0.537656636,0.541036646,-1.070693655,1.277652783,1.059071297,-0.583675041,-0.418600383
1450,74,Asene Manso Akroso,2014,0,1753.099642,24.81284805,0.731657507,0.008249158,86982.2937,0.533920311,0.537656636,-0.617068517,1.839758541,1.238235512,-0.605433422,-0.418600383
1451,74,Asene Manso Akroso,2015,0,1405.490453,25.14720565,0.697754443,0.008249158,69894.93967,0.543142083,0.533920311,-0.191646281,0.545116347,0.995614044,-0.629485538,-0.418600383
1452,74,Asene Manso Akroso,2016,0,1716.642403,25.15886038,0.693523996,0.008249158,71511.49729,0.556730467,0.543142083,-0.176817299,1.703976514,0.965339574,-0.57012156,-0.418600383
1453,74,Asene Manso Akroso,2017,0,1773.485084,24.8438743,0.723709705,0.008249158,73155.64936,0.56953373,0.556730467,-0.577592046,1.915682463,1.18135843,-0.482648082,-0.418600383
1454,74,Asene Manso Akroso,2018,0,1558.789777,25.20056683,0.72668299,0.008249158,74726.62495,0.581470406,0.56953373,-0.123751812,1.116067229,1.202636235,-0.400228716,-0.418600383
1455,74,Asene Manso Akroso,2019,0,1427.627685,25.82632259,0.727739605,0.008249158,76261.0572,0.592872643,0.581470406,0.672432932,0.627564668,1.210197714,-0.323387897,-0.418600383
1456,74,Asene Manso Akroso,2020,0,1276.196698,25.56796937,0.73879632,0.008249158,77790.0459,0.603781256,0.592872643,0.343715396,0.063572256,1.2893232,-0.249987457,-0.418600383
1457,74,Asene Manso Akroso,2021,0,1380.022076,25.99203461,0.737795683,0.008249158,79360.67899,0.61423362,0.603781256,0.883277775,0.450261445,1.282162316,-0.17976466,-0.418600383
1458,74,Asene Manso Akroso,2022,0,1445.440931,24.78771877,0.65808659,0.008249158,80890.90226,0.624272755,0.61423362,-0.649041928,0.693908655,0.711737855,-0.112478906,-0.418600383
1459,74,Asene Manso Akroso,2023,0,1645.090493,25.53656523,0.689490062,0.008249158,82455.51922,0.63389974,0.624272755,0.303758122,1.437487238,0.936471415,-0.047853262,-0.418600383
1460,74,Asene Manso Akroso,2024,0,1314.409507,25.18346261,0.676993079,0.008249158,84031.7602,0.638823591,0.63389974,-0.145514482,0.205892757,0.847038901,0.014119218,-0.418600383
1461,75,Upper Manya-Krobo,2005,0,1384.108071,24.31758343,0.55858226,0.001436272,72218.82654,0.601534976,0.588214586,-1.247221934,0.465479401,-0.000347823,-0.279973106,-0.442146659
1462,75,Upper Manya-Krobo,2006,0,1213.179763,24.70372526,0.580184518,0.001436272,72878.5143,0.614482125,0.601534976,-0.755911664,-0.171129202,0.154245028,-0.194224799,-0.442146659
1463,75,Upper Manya-Krobo,2007,0,1653.79414,24.65746508,0.558768646,0.001436272,73014.27628,0.626831835,0.614482125,-0.814771136,1.469903265,0.000986016,-0.110879192,-0.442146659
1464,75,Upper Manya-Krobo,2008,0,1685.415017,24.58259119,0.5622312,0.001436272,73229.15961,0.638570739,0.626831835,-0.910037449,1.587672654,0.025765189,-0.031379512,-0.442146659
1465,75,Upper Manya-Krobo,2009,0,1270.564804,24.51104482,0.547068043,0.001436272,73827.42021,0.649805864,0.638570739,-1.001069977,0.042596722,-0.082747347,0.044188172,-0.442146659
1466,75,Upper Manya-Krobo,2010,0,1655.860497,25.07425786,0.553561691,0.001436272,74061.28586,0.660636227,0.649805864,-0.284461914,1.477599241,-0.036276669,0.116512854,-0.442146659
1467,75,Upper Manya-Krobo,2011,0,1413.401533,24.69186554,0.578102581,0.001436272,74533.97373,0.671170765,0.660636227,-0.771001462,0.574580519,0.139346003,0.186231926,-0.442146659
1468,75,Upper Manya-Krobo,2012,0,1476.512321,24.38999806,0.55972707,0.001436272,74945.65867,0.681393609,0.671170765,-1.155084672,0.809631523,0.007844813,0.254046663,-0.442146659
1469,75,Upper Manya-Krobo,2013,0,1334.583042,24.38515231,0.55962627,0.001436272,75452.74214,0.690323172,0.681393609,-1.161250197,0.281027452,0.007123452,0.319854908,-0.442146659
1470,75,Upper Manya-Krobo,2014,0,1531.373787,24.67126504,0.579608565,0.001436272,75701.50509,0.698612906,0.690323172,-0.797212659,1.013958601,0.15012332,0.377337824,-0.442146659
1471,75,Upper Manya-Krobo,2015,0,1200.737485,25.09186554,0.57871864,0.001436272,65974.92588,0.707690844,0.698612906,-0.262058654,-0.217469455,0.143754727,0.430701926,-0.442146659
1472,75,Upper Manya-Krobo,2016,0,1396.77532,25.06247575,0.553224464,0.001436272,67494.8606,0.716385033,0.707690844,-0.299452965,0.51265754,-0.038689978,0.489139988,-0.442146659
1473,75,Upper Manya-Krobo,2017,0,1409.966725,24.64706054,0.583568184,0.001436272,69044.51276,0.724576882,0.716385033,-0.828009426,0.561787856,0.178459658,0.545107714,-0.442146659
1474,75,Upper Manya-Krobo,2018,0,1376.722934,25.10771731,0.574725188,0.001436272,70522.62195,0.732214266,0.724576882,-0.241889549,0.437974055,0.115176272,0.597841692,-0.442146659
1475,75,Upper Manya-Krobo,2019,0,1369.419965,25.70422002,0.578743263,0.001436272,71969.05933,0.739509704,0.732214266,0.51707487,0.410774742,0.143930933,0.647006376,-0.442146659
1476,75,Upper Manya-Krobo,2020,0,1091.814998,25.42351087,0.570036945,0.001436272,73409.6513,0.924871983,0.739509704,0.159912602,-0.623142414,0.081625662,0.693969818,-0.442146659
1477,75,Upper Manya-Krobo,2021,0,1128.325378,25.70676659,0.604108473,0.001436272,74891.43442,0.926853882,0.924871983,0.52031501,-0.487162468,0.325452711,1.887215726,-0.442146659
1478,75,Upper Manya-Krobo,2022,1,1134.704501,24.58638921,0.572970904,0.001436272,76339.34683,0.928757427,0.926853882,-0.90520501,-0.463403942,0.102622038,1.899973944,-0.442146659
1479,75,Upper Manya-Krobo,2023,0,1271.696934,25.37059565,0.592552297,0.001436272,77816.91802,0.930582824,0.928757427,0.092585561,0.04681325,0.242752917,1.912227773,-0.442146659
1480,75,Upper Manya-Krobo,2024,0,1064.519305,25.24065774,0.559917386,0.001436272,79304.48606,0.932343727,0.930582824,-0.072741854,-0.724803005,0.009206775,1.923978528,-0.442146659
1481,76,Achiase,2005,0,1675.742467,24.53603857,0.692303491,0.007016269,62665.82086,0.564850932,0.561397557,-0.969269004,1.551648024,0.956605242,-0.452604288,-0.422861417
1482,76,Achiase,2006,0,1408.041985,24.86737646,0.723485561,0.007016269,65400.72454,0.565991678,0.564850932,-0.547688917,0.554619318,1.179754381,-0.430373632,-0.422861417
1483,76,Achiase,2007,0,2015.912816,24.756137,0.721289064,0.007016269,67815.06431,0.570701311,0.565991678,-0.689225217,2.818584867,1.164035522,-0.423030222,-0.422861417
1484,76,Achiase,2008,0,2027.220571,24.61442346,0.757379133,0.007016269,67043.23507,0.574691831,0.570701311,-0.869535434,2.860699679,1.422307917,-0.392712568,-0.422861417
1485,76,Achiase,2009,0,1429.02732,24.68392929,0.646915204,0.007016269,73115.24739,0.565236252,0.574691831,-0.781099209,0.632777496,0.631791746,-0.367024107,-0.422861417
1486,76,Achiase,2010,0,1983.907593,25.28392929,0.727924454,0.007016269,77776.12656,0.556166559,0.565236252,-0.017684997,2.699384013,1.211520556,-0.427893182,-0.422861417
1487,76,Achiase,2011,0,1556.478104,24.83851949,0.705801909,0.007016269,80208.35435,0.547999349,0.556166559,-0.584405287,1.107457589,1.053204354,-0.486278166,-0.422861417
1488,76,Achiase,2012,0,1830.304138,24.63851949,0.71569079,0.007016269,85214.46503,0.541036646,0.547999349,-0.838876691,2.127300418,1.123972439,-0.538853532,-0.422861417
1489,76,Achiase,2013,0,1628.246886,24.53729409,0.706957547,0.007016269,87356.5375,0.537656636,0.541036646,-0.967671528,1.374754592,1.061474483,-0.583675041,-0.422861417
1490,76,Achiase,2014,0,1733.225994,24.94094014,0.736813424,0.007016269,91820.58805,0.533920311,0.537656636,-0.454089652,1.765740755,1.275132946,-0.605433422,-0.422861417
1491,76,Achiase,2015,0,1403.807553,25.19008638,0.70065369,0.007016269,43648.72822,0.543142083,0.533920311,-0.137086681,0.538848522,1.016362011,-0.629485538,-0.422861417
1492,76,Achiase,2016,0,1710.393532,25.24174367,0.722496702,0.007612461,44659.88384,0.556730467,0.543142083,-0.071360162,1.680703101,1.172677779,-0.57012156,-0.420800895
1493,76,Achiase,2017,0,1775.919446,24.96426276,0.71675259,0.007612461,45687.05464,0.56953373,0.556730467,-0.424414954,1.924749047,1.131571027,-0.482648082,-0.420800895
1494,76,Achiase,2018,0,1597.415629,25.28283447,0.730690514,0.007612461,46662.28687,0.581470406,0.56953373,-0.019077995,1.259926077,1.231315392,-0.400228716,-0.420800895
1495,76,Achiase,2019,0,1456.563479,25.90167738,0.746062582,0.007612461,47607.0613,0.592872643,0.581470406,0.768311124,0.735333684,1.341322961,-0.323387897,-0.420800895
1496,76,Achiase,2020,0,1291.549417,25.72645641,0.745374587,0.007612461,48558.56525,0.603781256,0.592872643,0.54536749,0.120752211,1.336399442,-0.249987457,-0.420800895
1497,76,Achiase,2021,0,1419.432905,26.09176376,0.753092014,0.007612461,49516.71349,0.61423362,0.603781256,1.010168864,0.597043875,1.391627884,-0.17976466,-0.420800895
1498,76,Achiase,2022,0,1438.19325,24.88880072,0.690815931,0.008208663,50457.99195,0.624272755,0.61423362,-0.520429601,0.666915258,0.945959769,-0.112478906,-0.418740341
1499,76,Achiase,2023,0,1676.714745,25.67148453,0.700383611,0.008804864,51416.74764,0.63389974,0.624272755,0.475423637,1.555269195,1.014429236,-0.047853262,-0.416679787
1500,76,Achiase,2024,0,1328.121535,25.28880072,0.691351777,0.008804864,52382.74445,0.643186592,0.63389974,-0.011486793,0.256962092,0.949794464,0.014119218,-0.416679787
1501,77,Okere,2005,0,1289.595238,24.03594426,0.703876017,0.004652571,57073.84813,0.604993919,0.597478414,-1.605567504,0.113474029,1.039422039,-0.2203384,-0.431030684
1502,77,Okere,2006,0,1096.736201,24.46209416,0.720111469,0.004652571,57206.34703,0.612850499,0.604993919,-1.063352698,-0.604813792,1.155608266,-0.171958297,-0.431030684
1503,77,Okere,2007,0,1519.186688,24.44642857,0.7065283,0.004652571,58694.25388,0.62040357,0.612850499,-1.083284914,0.968568741,1.058402648,-0.121382572,-0.431030684
1504,77,Okere,2008,0,1582.765422,24.36351461,0.708285231,0.004652571,62086.22263,0.628352806,0.62040357,-1.188781074,1.205362571,1.070975823,-0.072760645,-0.431030684
1505,77,Okere,2009,0,1143.613095,24.2773539,0.71103309,0.004652571,64004.00815,0.639206806,0.628352806,-1.298408264,-0.430224608,1.090640408,-0.021588462,-0.431030684
1506,77,Okere,2010,0,1552.849838,24.85487013,0.733332119,0.004652571,68006.46116,0.650364963,0.639206806,-0.56360143,1.093944407,1.250219587,0.048282771,-0.431030684
1507,77,Okere,2011,0,1304.800595,24.43594426,0.722113627,0.004728366,67630.56226,0.661218341,0.650364963,-1.096624696,0.170105147,1.169936371,0.120111977,-0.430768726
1508,77,Okere,2012,0,1354.30276,24.14283009,0.712775796,0.004728366,67151.62224,0.670690308,0.661218341,-1.469570577,0.354471938,1.103111781,0.189979211,-0.430768726
1509,77,Okere,2013,0,1208.579545,24.10466721,0.716492602,0.004728366,67744.95252,0.679407038,0.670690308,-1.518127384,-0.18826234,1.129710467,0.250953778,-0.430768726
1510,77,Okere,2014,0,1412.987825,24.41428571,0.735565258,0.004728366,69925.12112,0.682126879,0.679407038,-1.124182104,0.573039697,1.266200661,0.307066612,-0.430768726
1511,77,Okere,2015,0,1102.518398,24.84642857,0.716573622,0.004728366,47306.24454,0.691701385,0.682126879,-0.574342106,-0.583278469,1.130290272,0.32457524,-0.430768726
1512,77,Okere,2016,0,1303.525703,24.82636634,0.687217477,0.004728366,48387.02366,0.70087115,0.691701385,-0.599868424,0.165356916,0.920208053,0.386209893,-0.430768726
1513,77,Okere,2017,0,1336.893939,24.43372565,0.72252475,0.004728366,49494.03043,0.709511097,0.70087115,-1.099447566,0.289634201,1.1728785,0.445239082,-0.430768726
1514,77,Okere,2018,0,1243.547619,24.86274351,0.722837094,0.004728366,50552.50965,0.717566251,0.709511097,-0.553583684,-0.058026589,1.175113736,0.500857635,-0.430768726
1515,77,Okere,2019,0,1217.129058,25.55152868,0.73029759,0.004728366,51608.85254,0.725260752,0.717566251,0.322796967,-0.156420373,1.228503493,0.552711652,-0.430768726
1516,77,Okere,2020,0,987.5395022,25.14301948,0.724013889,0.005217881,52641.54537,0.920762443,0.725260752,-0.196972581,-1.011508031,1.183535265,0.602244019,-0.429076895
1517,77,Okere,2021,0,1125.637716,25.54054383,0.752763517,0.005217881,53720.50661,0.922852752,0.920762443,0.308820318,-0.497172446,1.38927705,1.860761085,-0.429076895
1518,77,Okere,2022,0,1110.039773,24.28955628,0.728210386,0.005217881,54769.03725,0.924860422,0.922852752,-1.282882479,-0.555265721,1.213566778,1.874217184,-0.429076895
1519,77,Okere,2023,0,1172.222944,25.13376623,0.718930208,0.005217881,55834.12278,0.926785669,0.924860422,-0.208746014,-0.32366955,1.147154779,1.887141303,-0.429076895
1520,77,Okere,2024,0,972.034632,24.8827381,0.704441192,0.005217881,56899.49966,0.928642894,0.926785669,-0.528143428,-1.069254661,1.043466618,1.89953483,-0.429076895
1521,78,Yilo-Krobo,2005,0,1370.030109,23.89874546,0.690586384,0.013427683,84385.59217,0.618647035,0.605898688,-1.780133368,0.413047174,0.944317056,-0.166133964,-0.400702687
1522,78,Yilo-Krobo,2006,0,1174.150199,24.31864509,0.709927854,0.013427683,84403.85869,0.631038169,0.618647035,-1.245871118,-0.316491645,1.082730974,-0.084068113,-0.400702687
1523,78,Yilo-Krobo,2007,0,1622.64942,24.30517391,0.69142494,0.013427683,84413.47831,0.642857522,0.631038169,-1.26301128,1.353907284,0.950318043,-0.004301778,-0.400702687
1524,78,Yilo-Krobo,2008,0,1672.645786,24.21643018,0.699167792,0.013427683,84222.74291,0.654092299,0.642857522,-1.375924984,1.54011469,1.005728436,0.071783792,-0.400702687
1525,78,Yilo-Krobo,2009,0,1223.880775,24.13469458,0.686612671,0.013427683,84490.27312,0.664844933,0.654092299,-1.479921841,-0.131274152,0.915879864,0.144106225,-0.400702687
1526,78,Yilo-Krobo,2010,0,1639.306974,24.72228759,0.704704064,0.013427683,84425.92139,0.675210186,0.664844933,-0.732293751,1.415946988,1.045347816,0.213324928,-0.400702687
1527,78,Yilo-Krobo,2011,0,1385.927323,24.2989358,0.709631355,0.013938439,84866.98907,0.685292319,0.675210186,-1.270948374,0.472255056,1.08060913,0.280049918,-0.398937441
1528,78,Yilo-Krobo,2012,0,1445.479322,23.99735248,0.689315921,0.013938439,86756.38893,0.695076143,0.685292319,-1.654670027,0.694051639,0.935225207,0.344952355,-0.398937441
1529,78,Yilo-Krobo,2013,0,1294.046548,24.00079599,0.699103308,0.013938439,86596.99534,0.70451951,0.695076143,-1.650288663,0.13005257,1.005266968,0.407934468,-0.398937441
1530,78,Yilo-Krobo,2014,0,1502.827998,24.28136356,0.718913056,0.013938439,87169.77366,0.713597085,0.70451951,-1.293306543,0.907642127,1.147032033,0.46872493,-0.398937441
1531,78,Yilo-Krobo,2015,0,1179.069043,24.70185153,0.690745564,0.014449175,115721.8011,0.722223692,0.713597085,-0.758295718,-0.298171809,0.945456202,0.52716066,-0.397172268
1532,78,Yilo-Krobo,2016,0,1383.392109,24.68648555,0.676573105,0.014823715,118399.0943,0.730485628,0.722223692,-0.777846731,0.462812859,0.844033428,0.582693334,-0.395877807
1533,78,Yilo-Krobo,2017,0,1406.749957,24.30061429,0.694719734,0.014823715,121138.7059,0.7382702,0.730485628,-1.268812735,0.549807264,0.973896667,0.63587849,-0.395877807
1534,78,Yilo-Krobo,2018,0,1330.925593,24.73134625,0.695454963,0.014823715,123745.9296,0.900206285,0.7382702,-0.720767901,0.267405578,0.979158207,0.685990672,-0.395877807
1535,78,Yilo-Krobo,2019,0,1305.514276,25.41578128,0.715065539,0.014823715,126304.8701,0.902925021,0.900206285,0.150077806,0.172763192,1.119497935,1.728433452,-0.395877807
1536,78,Yilo-Krobo,2020,0,1058.566361,25.06999481,0.702082295,0.014823715,128842.6184,0.905526058,0.902925021,-0.289886034,-0.746974263,1.026585572,1.745934969,-0.395877807
1537,78,Yilo-Krobo,2021,0,1183.204188,25.41769337,0.733251164,0.015334459,131459.5551,0.908018308,0.905526058,0.152510674,-0.282770799,1.249640239,1.762678812,-0.394112605
1538,78,Yilo-Krobo,2022,0,1165.723482,24.19768126,0.704462578,0.015334459,134028.4056,0.918700978,0.908018308,-1.399780302,-0.347876269,1.043619661,1.77872235,-0.394112605
1539,78,Yilo-Krobo,2023,0,1271.602526,25.00266482,0.700939905,0.015334459,136640.131,0.920176387,0.918700978,-0.375553817,0.046461635,1.018410254,1.847490673,-0.394112605
1540,78,Yilo-Krobo,2024,1,1042.913134,24.80024226,0.685269842,0.015334459,139265.8908,0.919783213,0.920176387,-0.633107588,-0.805273437,0.906270134,1.856988428,-0.394112605
1541,79,Atiwa West,2005,0,1650.114387,23.11614672,0.664460469,0.005784662,53533.91756,0.608843159,0.596923604,-2.775878362,1.456198324,0.757351423,-0.22390992,-0.42711802
1542,79,Atiwa West,2006,0,1384.328632,23.51168091,0.718384861,0.005784662,59548.64269,0.620854581,0.608843159,-2.272617661,0.466300863,1.143252096,-0.147179311,-0.42711802
1543,79,Atiwa West,2007,0,1989.22906,23.46126781,0.721523963,0.005784662,60213.78797,0.633000156,0.620854581,-2.336761129,2.719203383,1.16571654,-0.069857322,-0.42711802
1544,79,Atiwa West,2008,0,1997.474786,23.39337607,0.721673687,0.005784662,61934.14757,0.64454502,0.633000156,-2.423143659,2.749913921,1.16678801,0.00832826,-0.42711802
1545,79,Atiwa West,2009,0,1454.30584,23.32690883,0.666545632,0.005784662,69858.85725,0.655594433,0.64454502,-2.507713714,0.726925292,0.772273536,0.082646839,-0.42711802
1546,79,Atiwa West,2010,0,1922.0849,23.91680199,0.735202202,0.005784662,71407.64748,0.666245775,0.655594433,-1.757159007,2.469130413,1.26360251,0.153776024,-0.42711802
1547,79,Atiwa West,2011,0,1616.884188,23.53811966,0.672592405,0.005784662,73744.14804,0.676606181,0.666245775,-2.238978136,1.332435145,0.815546233,0.222342667,-0.42711802
1548,79,Atiwa West,2012,0,1781.336895,23.31547721,0.68567763,0.005784662,76680.2892,0.686660045,0.676606181,-2.522258821,1.944925896,0.909188401,0.289036454,-0.42711802
1549,79,Atiwa West,2013,0,1588.00114,23.21665242,0.7018428,0.005784662,79955.16022,0.696364054,0.686660045,-2.647999231,1.224862576,1.02487167,0.353756915,-0.42711802
1550,79,Atiwa West,2014,0,1770.926638,23.51230057,0.706897222,0.005784662,82769.65711,0.705692177,0.696364054,-2.271829234,1.906153741,1.061042778,0.416225233,-0.42711802
1551,79,Atiwa West,2015,0,1407.25812,23.93895299,0.673507187,0.005784662,55168.63721,0.714556884,0.705692177,-1.728975031,0.551699876,0.822092714,0.476273827,-0.42711802
1552,79,Atiwa West,2016,0,1689.258262,23.91003561,0.677115049,0.005784662,56452.97816,0.723046855,0.714556884,-1.765768261,1.601986506,0.847911755,0.533339239,-0.42711802
1553,79,Atiwa West,2017,0,1714.029487,23.52061966,0.669144628,0.006206103,57762.32465,0.731046286,0.723046855,-2.261244384,1.694244922,0.79087281,0.587992341,-0.425661462
1554,79,Atiwa West,2018,0,1591.797863,23.92293447,0.718500467,0.006206103,59011.96128,0.738504276,0.731046286,-1.749356305,1.239003165,1.144079408,0.639487652,-0.425661462
1555,79,Atiwa West,2019,0,1485.11567,24.64864672,0.713846898,0.006206103,60231.94606,0.745628352,0.738504276,-0.825991228,0.841673998,1.11077694,0.687497509,-0.425661462
1556,79,Atiwa West,2020,0,1250.8151,24.4039886,0.708645428,0.006206103,61450.49723,0.926636663,0.745628352,-1.137283704,-0.030959448,1.073553508,0.733357829,-0.425661462
1557,79,Atiwa West,2021,0,1373.787179,24.6525,0.722929221,0.007048978,62700.20179,0.928572009,0.926636663,-0.821088485,0.427040077,1.175773024,1.898575624,-0.42274837
1558,79,Atiwa West,2022,0,1426.882621,23.49580484,0.667485164,0.007048978,63924.89974,0.930430842,0.928572009,-2.292817688,0.624789738,0.778997134,1.911034165,-0.42274837
1559,79,Atiwa West,2023,0,1720.272934,24.16047721,0.643738177,0.007048978,65174.23348,0.932213361,0.930430842,-1.447117139,1.717498135,0.609055894,1.923000163,-0.42274837
1560,79,Atiwa West,2024,0,1268.354131,24.01181624,0.632465906,0.007470423,66433.12781,0.933932903,0.932213361,-1.636266966,0.03436325,0.528387821,1.934474905,-0.421291799
1561,80,New Juaben North,2005,0,1439.781546,24.02724763,0.717604475,0.07248644,76775.99758,0.59474893,0.583882918,-1.616632722,0.672830735,1.137667392,-0.307857658,-0.196587462
1562,80,New Juaben North,2006,0,1216.410095,24.42496057,0.742398663,0.07248644,79898.54664,0.607916574,0.59474893,-1.110599879,-0.159098095,1.315102755,-0.237909105,-0.196587462
1563,80,New Juaben North,2007,0,1713.907729,24.41660095,0.724229849,0.07248644,79998.17812,0.620476606,0.607916574,-1.121236302,1.693791443,1.185080745,-0.153144082,-0.196587462
1564,80,New Juaben North,2008,0,1762.524448,24.23604101,0.731437009,0.07248644,80665.91906,0.63150382,0.620476606,-1.350973005,1.874860466,1.236657554,-0.072290485,-0.196587462
1565,80,New Juaben North,2009,0,1272.945584,24.26660095,0.671964472,0.07248644,75597.46021,0.642308095,0.63150382,-1.312089855,0.051463743,0.811052536,-0.001304208,-0.196587462
1566,80,New Juaben North,2010,0,1710.540221,24.86660095,0.721195188,0.07248644,84618.47014,0.651706656,0.642308095,-0.548675643,1.681249433,1.163363716,0.068246927,-0.196587462
1567,80,New Juaben North,2011,0,1444.828076,24.42496057,0.715519492,0.07248644,80777.19427,0.660685557,0.651706656,-1.110599879,0.691626126,1.12274657,0.128748953,-0.196587462
1568,80,New Juaben North,2012,0,1523.644322,24.12724763,0.703102034,0.07248644,82971.15563,0.669315927,0.660685557,-1.48939702,0.985170834,1.033883163,0.186549479,-0.196587462
1569,80,New Juaben North,2013,0,1342.073344,24.13793375,0.689922369,0.07248644,80963.477,0.677453716,0.669315927,-1.475800461,0.308924472,0.93956515,0.242106382,-0.196587462
1570,80,New Juaben North,2014,0,1567.016562,24.42724763,0.706814936,0.07248644,84646.95983,0.686503467,0.677453716,-1.107689914,1.146707219,1.060453907,0.294492354,-0.196587462
1571,80,New Juaben North,2015,0,1236.011041,24.82496057,0.68089283,0.07248644,78103.76935,0.695946147,0.686503467,-0.601657071,-0.086095962,0.874946803,0.352748963,-0.196587462
1572,80,New Juaben North,2016,0,1457.768139,24.80642744,0.668166208,0.074827677,79904.22249,0.70498966,0.695946147,-0.62523782,0.739820341,0.783870914,0.413535009,-0.188495825
1573,80,New Juaben North,2017,0,1485.637224,24.44641167,0.679990888,0.074827677,81741.48855,0.71351065,0.70498966,-1.083306416,0.843616485,0.868492205,0.471751463,-0.188495825
1574,80,New Juaben North,2018,0,1388.022082,24.84641167,0.702141939,0.077168914,83495.07499,0.948028156,0.71351065,-0.574363608,0.480056816,1.027012409,0.526604241,-0.180404187
1575,80,New Juaben North,2019,0,1343.913249,25.55875394,0.688836212,0.077168914,85224.29928,0.949444054,0.948028156,0.331990081,0.31577705,0.931792252,2.036280618,-0.180404187
1576,80,New Juaben North,2020,0,1129.14511,25.15264196,0.672608282,0.077168914,86943.86532,0.950798656,0.949444054,-0.184729357,-0.484109442,0.815659853,2.045395281,-0.180404187
1577,80,New Juaben North,2021,0,1260.694006,25.56478707,0.709002519,0.077168914,88716.50583,0.952096601,0.950798656,0.339666368,0.005833738,1.076108968,2.054115353,-0.180404187
1578,80,New Juaben North,2022,0,1235.827287,24.32531546,0.67008552,0.077168914,90449.60193,0.953343233,0.952096601,-1.237384035,-0.086780339,0.797606143,2.062470711,-0.180404187
1579,80,New Juaben North,2023,0,1379.73265,25.12531546,0.652497395,0.077168914,92220.57032,0.954538685,0.953343233,-0.219498419,0.449183499,0.671739737,2.070495745,-0.180404187
1580,80,New Juaben North,2024,0,1078.315457,24.92531546,0.650529458,0.079510131,94000.36405,0.955691901,0.954538685,-0.473969823,-0.673420357,0.657656537,2.078191315,-0.172312616
1581,81,Fanteakwa North,2005,0,1472.03027,23.15517276,0.618833199,0.003548359,60507.48706,0.40836828,0.388590469,-2.726223314,0.792938489,0.43082769,-1.565027758,-0.434846994
1582,81,Fanteakwa North,2006,0,1301.798666,23.50710445,0.639095969,0.003548359,63720.12024,0.427591908,0.40836828,-2.278440553,0.158924704,0.575834732,-1.43771064,-0.434846994
1583,81,Fanteakwa North,2007,0,1794.421985,23.42038733,0.621247059,0.003548359,67783.70542,0.445928476,0.427591908,-2.388775685,1.993660254,0.448102062,-1.313960996,-0.434846994
1584,81,Fanteakwa North,2008,0,1793.555412,23.36479638,0.613909343,0.003548359,66907.42096,0.463358129,0.445928476,-2.459507231,1.99043277,0.395590958,-1.195921696,-0.434846994
1585,81,Fanteakwa North,2009,0,1367.240566,23.30977298,0.611787776,0.003548359,72078.23514,0.480039786,0.463358129,-2.52951664,0.402657746,0.380408331,-1.083720534,-0.434846994
1586,81,Fanteakwa North,2010,0,1734.937568,23.85496863,0.63285173,0.003548359,71416.23392,0.49612046,0.480039786,-1.835833116,1.772115373,0.531148906,-0.976334506,-0.434846994
1587,81,Fanteakwa North,2011,0,1507.446978,23.50589963,0.635835005,0.003548359,73245.78834,0.5117619,0.49612046,-2.279973513,0.924845143,0.552498198,-0.872817229,-0.434846994
1588,81,Fanteakwa North,2012,0,1582.707558,23.23036941,0.626572882,0.003548359,74317.73937,0.526940544,0.5117619,-2.630546323,1.20514706,0.486215404,-0.772127464,-0.434846994
1589,81,Fanteakwa North,2013,0,1418.260679,23.18373494,0.64103491,0.003548359,75772.73259,0.541591001,0.526940544,-2.68988202,0.592678015,0.589710428,-0.674416892,-0.434846994
1590,81,Fanteakwa North,2014,0,1617.566265,23.50440108,0.643579879,0.003548359,77332.84025,0.555376541,0.541591001,-2.281880212,1.334975485,0.60792306,-0.580106454,-0.434846994
1591,81,Fanteakwa North,2015,0,1281.407448,23.91245644,0.626178706,0.003548359,56250.74797,0.568768834,0.555376541,-1.762688107,0.082979269,0.483394553,-0.491363808,-0.434846994
1592,81,Fanteakwa North,2016,0,1505.911779,23.86694713,0.616157271,0.003548359,57503.72529,0.581594998,0.568768834,-1.820592197,0.91912742,0.41167787,-0.405152641,-0.434846994
1593,81,Fanteakwa North,2017,0,1505.50931,23.44671413,0.631031924,0.003548359,58785.5535,0.593680081,0.581594998,-2.355278602,0.917628456,0.518125772,-0.322585855,-0.434846994
1594,81,Fanteakwa North,2018,0,1498.42557,23.90966843,0.644608769,0.003548359,60008.43333,0.604947187,0.593680081,-1.766235453,0.891245642,0.615286138,-0.244789678,-0.434846994
1595,81,Fanteakwa North,2019,0,1474.288659,24.55395798,0.649488312,0.003548359,61205.53203,0.615709833,0.604947187,-0.946469115,0.801349676,0.650205752,-0.172259127,-0.434846994
1596,81,Fanteakwa North,2020,0,1193.225032,24.32742706,0.63167887,0.003548359,62393.52889,0.889166858,0.615709833,-1.234697318,-0.245448977,0.522755529,-0.102975974,-0.434846994
1597,81,Fanteakwa North,2021,0,1214.999104,24.5974659,0.65528222,0.003548359,63617.27774,0.892090668,0.889166858,-0.891111513,-0.164353216,0.691668861,1.657368559,-0.434846994
1598,81,Fanteakwa North,2022,0,1277.32092,23.45471971,0.632705843,0.003548359,64814.47497,0.894898887,0.892090668,-2.345092652,0.067759328,0.530104889,1.676190212,-0.434846994
1599,81,Fanteakwa North,2023,1,1416.949218,24.10018421,0.640345803,0.003548359,66031.58631,0.897591816,0.894898887,-1.52383136,0.587793586,0.584778955,1.694267759,-0.434846994
1600,81,Fanteakwa North,2024,0,1149.661356,24.04378672,0.634579604,0.003548359,67256.06935,0.900189601,0.897591816,-1.595589104,-0.407698351,0.543514138,1.711603145,-0.434846994
1601,82,Birim North,2005,0,1509.333773,24.425,0.698157164,0.014431788,71733.09265,0.613880243,0.600972546,-1.110549707,0.931872359,0.998496044,-0.197845374,-0.397232361
1602,82,Birim North,2006,0,1313.92635,24.82081866,0.732291557,0.014431788,74440.25253,0.626426262,0.613880243,-0.606927054,0.204093278,1.242772977,-0.114753726,-0.397232361
1603,82,Birim North,2007,0,1885.466256,24.68256309,0.718573173,0.014431788,76851.71236,0.638393354,0.626426262,-0.782837506,2.332747246,1.144599715,-0.033990338,-0.397232361
1604,82,Birim North,2008,0,1840.152729,24.56771567,0.720469366,0.014431788,79774.23712,0.649768561,0.638393354,-0.928964424,2.163980694,1.1581695,0.043046279,-0.397232361
1605,82,Birim North,2009,0,1383.461708,24.61086414,0.674425123,0.014431788,82937.94705,0.6606556,0.649768561,-0.87406416,0.463072072,0.828661764,0.116272719,-0.397232361
1606,82,Birim North,2010,0,1726.583187,25.17757482,0.723424034,0.014431788,85450.14604,0.671150416,0.6606556,-0.153005847,1.741000157,1.179314073,0.186356634,-0.397232361
1607,82,Birim North,2011,0,1466.780223,24.78539466,0.696595858,0.014431788,89001.46649,0.681358572,0.671150416,-0.651999032,0.773385116,0.98732283,0.253915666,-0.397232361
1608,82,Birim North,2012,0,1663.161825,24.58630428,0.69963745,0.018352197,92079.96598,0.691264691,0.681358572,-0.905313069,1.504792446,1.009089462,0.319629363,-0.383682886
1609,82,Birim North,2013,0,1514.402289,24.48753668,0.692969107,0.020094569,95621.00955,0.700826096,0.691264691,-1.030980725,0.950749633,0.961368604,0.383398733,-0.377661006
1610,82,Birim North,2014,0,1586.349472,24.83934126,0.69373368,0.022708158,98904.84083,0.710017139,0.700826096,-0.583359702,1.218711074,0.96684014,0.444949056,-0.368628083
1611,82,Birim North,2015,0,1291,25.18630428,0.675816068,0.024014941,75730.00357,0.718751576,0.710017139,-0.141898857,0.11870595,0.838615822,0.504115214,-0.364111659
1612,82,Birim North,2016,0,1572.389525,25.1866564,0.688358392,0.024450538,77484.67882,0.727116784,0.718751576,-0.141450844,1.166718384,0.928372813,0.560342029,-0.362606176
1613,82,Birim North,2017,0,1583.452318,24.8304284,0.679828777,0.024450538,79271.97307,0.73499866,0.727116784,-0.594700032,1.20792086,0.86733209,0.614191983,-0.362606176
1614,82,Birim North,2018,0,1514.055164,25.18331866,0.727911762,0.024450538,80978.23606,0.94221831,0.73499866,-0.145697634,0.949456796,1.21142973,0.664930552,-0.362606176
1615,82,Birim North,2019,0,1452.657864,25.87931338,0.712644547,0.024450538,82645.74267,0.943792489,0.94221831,0.739856132,0.720787536,1.102172518,1.998880476,-0.362606176
1616,82,Birim North,2020,0,1214.180751,25.80355047,0.72078966,0.024450538,84309.44919,0.945298519,0.943792489,0.64345866,-0.167401104,1.160461622,2.009014053,-0.362606176
1617,82,Birim North,2021,0,1342.253668,25.86203785,0.736682846,0.024450538,86015.79949,0.946741559,0.945298519,0.717875492,0.309596074,1.274198484,2.018708927,-0.362606176
1618,82,Birim North,2022,0,1422.162852,24.71781103,0.684437542,0.024886153,87690.49268,0.94812755,0.946741559,-0.737989534,0.607211342,0.900313923,2.027998317,-0.36110063
1619,82,Birim North,2023,0,1682.656837,25.31021127,0.670094768,0.024886153,89396.01061,0.94945664,0.94812755,0.015755063,1.577400034,0.797672319,2.036920455,-0.36110063
1620,82,Birim North,2024,0,1168.09463,25.22052523,0.662639101,0.024886153,91114.68022,0.950738772,0.94945664,-0.09835759,-0.339045118,0.744317118,2.045476301,-0.36110063
1621,83,Asuogyaman,2005,0,1274.24374,25.08096016,0.491354883,0.008295359,85878.50791,0.597125117,0.585293746,-0.275934197,0.056298622,-0.481449025,-0.298775639,-0.418440705
1622,83,Asuogyaman,2006,0,1127.719138,25.49801872,0.509901932,0.008295359,87037.29502,0.608859072,0.597125117,0.254713199,-0.489420361,-0.34872025,-0.222612703,-0.418440705
1623,83,Asuogyaman,2007,0,1497.690181,25.44902569,0.492702884,0.008295359,89649.71193,0.621388912,0.608859072,0.19237657,0.888506744,-0.471802286,-0.147076874,-0.418440705
1624,83,Asuogyaman,2008,0,1547.204768,25.34940126,0.490902216,0.008295359,92021.22439,0.633299035,0.621388912,0.065618729,1.072919804,-0.48468846,-0.066417635,-0.418440705
1625,83,Asuogyaman,2009,0,1180.998803,25.26795667,0.493920872,0.008295359,93011.53543,0.644698033,0.633299035,-0.038007866,-0.290984577,-0.463085967,0.010252257,-0.418440705
1626,83,Asuogyaman,2010,0,1552.622469,25.814914,0.497969329,0.008295359,96186.76149,0.653952832,0.644698033,0.657917127,1.09309759,-0.434113877,0.083631847,-0.418440705
1627,83,Asuogyaman,2011,0,1302.271174,25.47458633,0.517093479,0.008295359,99842.10139,0.658371844,0.653952832,0.224898824,0.160684521,-0.297255177,0.143208425,-0.418440705
1628,83,Asuogyaman,2012,0,1364.616046,25.16045069,0.50918064,0.008295359,101521.8088,0.659938654,0.658371844,-0.174793864,0.392882936,-0.353882049,0.171655251,-0.418440705
1629,83,Asuogyaman,2013,0,1269.733616,25.11492489,0.514674515,0.008295359,103604.8347,0.660812372,0.659938654,-0.232718936,0.039501031,-0.314566075,0.181741385,-0.418440705
1630,83,Asuogyaman,2014,0,1426.126061,25.40298824,0.515340624,0.008295359,106319.7632,0.661335261,0.660812372,0.133800499,0.621971993,-0.309799183,0.187365832,-0.418440705
1631,83,Asuogyaman,2015,0,1100.663292,25.87502722,0.515187866,0.008295359,94386.36668,0.668442703,0.661335261,0.734402599,-0.590187662,-0.310892371,0.190731868,-0.418440705
1632,83,Asuogyaman,2016,0,1273.485739,25.84181363,0.488224866,0.008295359,96566.28176,0.673342033,0.668442703,0.69214306,0.053475508,-0.503848453,0.236485115,-0.418440705
1633,83,Asuogyaman,2017,0,1292.919443,25.38057914,0.515117131,0.008295359,98787.80528,0.678279026,0.673342033,0.105288123,0.125854758,-0.311398575,0.268023919,-0.418440705
1634,83,Asuogyaman,2018,0,1259.575441,25.88486828,0.514268715,0.008295359,100908.2274,0.906255543,0.678279026,0.746923944,0.001667732,-0.317470117,0.299805179,-0.418440705
1635,83,Asuogyaman,2019,0,1249.786414,26.44567821,0.513030381,0.008295359,102983.8045,0.908809476,0.906255543,1.460474393,-0.034790704,-0.326332038,1.767374776,-0.418440705
1636,83,Asuogyaman,2020,0,983.0899194,26.18805247,0.517578911,0.008295359,105051.642,0.911252844,0.908809476,1.132682481,-1.02808014,-0.293781262,1.783815392,-0.418440705
1637,83,Asuogyaman,2021,0,992.9468757,26.46018398,0.544345585,0.008295359,107173.1728,0.91359402,0.911252844,1.478930911,-0.991368707,-0.10223015,1.799544263,-0.418440705
1638,83,Asuogyaman,2022,0,1036.844111,25.35071304,0.5324387,0.008295359,109255.8355,0.915842638,0.91359402,0.06728778,-0.827877021,-0.187439732,1.814615279,-0.418440705
1639,83,Asuogyaman,2023,0,1144.898324,26.13683322,0.522100363,0.008295359,111379.4458,0.91799894,0.915842638,1.067513313,-0.425437879,-0.261424271,1.829090471,-0.418440705
1640,83,Asuogyaman,2024,0,995.5133899,26.05491509,0.505773121,0.008295359,113518.1898,0.919985577,0.91799894,0.963284197,-0.981809933,-0.378267377,1.842971392,-0.418440705
1641,84,Kwahu East,2005,0,1346.038574,24.23254138,0.663835412,0.013056606,64029.08078,0.611550415,0.598564833,-1.355425787,0.323692651,0.752878309,-0.213344718,-0.40198518
1642,84,Kwahu East,2006,0,1217.830753,24.5966898,0.682926684,0.013056606,64357.23075,0.624172136,0.611550415,-0.892098982,-0.153806969,0.889501727,-0.129751699,-0.40198518
1643,84,Kwahu East,2007,0,1702.424453,24.43934196,0.668876405,0.013056606,64418.8019,0.636211436,0.624172136,-1.092301608,1.651022914,0.788953315,-0.048500987,-0.40198518
1644,84,Kwahu East,2008,0,1662.63094,24.47205019,0.665022247,0.013056606,65258.18215,0.647655281,0.636211436,-1.050685072,1.502815206,0.761371693,0.029000464,-0.40198518
1645,84,Kwahu East,2009,0,1305.252936,24.43385611,0.646396899,0.013056606,66486.19004,0.658608012,0.647655281,-1.099281569,0.171789855,0.628082583,0.10266875,-0.40198518
1646,84,Kwahu East,2010,0,1541.092899,24.93136679,0.682825811,0.013056606,67052.81463,0.669166153,0.658608012,-0.466270366,1.050156644,0.888779847,0.173175548,-0.40198518
1647,84,Kwahu East,2011,0,1376.871329,24.55308996,0.676316788,0.013056606,67982.31772,0.679435904,0.669166153,-0.947573544,0.438526743,0.842199141,0.241142227,-0.40198518
1648,84,Kwahu East,2012,0,1479.26575,24.37877736,0.650111219,0.013056606,68891.43448,0.689401796,0.679435904,-1.169361404,0.819886448,0.654663481,0.307252437,-0.40198518
1649,84,Kwahu East,2013,0,1339.998398,24.28003203,0.678213282,0.013056606,68780.92154,0.699020895,0.689401796,-1.295000716,0.301196506,0.855771074,0.371406589,-0.40198518
1650,84,Kwahu East,2014,0,1446.266951,24.59807795,0.676056277,0.013056606,69517.78983,0.708267396,0.699020895,-0.890332763,0.696985102,0.840334841,0.433328304,-0.40198518
1651,84,Kwahu East,2015,0,1168.611185,24.98356247,0.658975534,0.013056606,64993.87266,0.717054536,0.708267396,-0.399858832,-0.337121251,0.718099427,0.492851468,-0.40198518
1652,84,Kwahu East,2016,0,1423.717565,24.94788441,0.653272483,0.013056606,66557.51234,0.725470219,0.717054536,-0.445254057,0.613001745,0.677286521,0.549417553,-0.40198518
1653,84,Kwahu East,2017,0,1400.90283,24.56004405,0.667574842,0.013056606,68103.51182,0.733399654,0.725470219,-0.938725466,0.528030115,0.779638905,0.603592435,-0.40198518
1654,84,Kwahu East,2018,0,1421.050187,24.97924453,0.690338698,0.013056606,69587.73885,0.740792387,0.733399654,-0.405352792,0.60306731,0.942544538,0.654637158,-0.40198518
1655,84,Kwahu East,2019,0,1367.259343,25.59545515,0.693651183,0.013056606,71002.031,0.747854125,0.740792387,0.378687122,0.402727682,0.966249768,0.702226924,-0.40198518
1656,84,Kwahu East,2020,0,1174.124132,25.39815136,0.676802686,0.013056606,72457.76961,0.927278598,0.747854125,0.127646259,-0.316588727,0.845676386,0.747685962,-0.40198518
1657,84,Kwahu East,2021,0,1177.721303,25.50579952,0.685670265,0.013056606,73912.17468,0.92919701,0.927278598,0.264613149,-0.303191359,0.909135699,1.902708001,-0.40198518
1658,84,Kwahu East,2022,0,1356.785238,24.49219834,0.667887199,0.013056606,75326.90941,0.931039578,0.92919701,-1.025049421,0.363717725,0.781874233,1.915057529,-0.40198518
1659,84,Kwahu East,2023,0,1494.87173,24.95462493,0.679782869,0.013056606,76784.42388,0.9328065,0.931039578,-0.436677705,0.878009652,0.867003558,1.926918824,-0.40198518
1660,84,Kwahu East,2024,0,1029.155099,25.15995061,0.66578275,0.013056606,78264.62998,0.934510995,0.9328065,-0.175430134,-0.856514121,0.766814106,1.938293161,-0.40198518
1661,85,Kwahu West,2005,0,1485.024912,23.78674486,0.698477173,0.027052907,81671.52994,0.611550415,0.598564833,-1.922638113,0.841335978,1.000786137,-0.213344718,-0.353612029
1662,85,Kwahu West,2006,0,1307.821258,24.16633797,0.716848535,0.027052907,82611.7963,0.624172136,0.611550415,-1.439660157,0.18135536,1.132257641,-0.129751699,-0.353612029
1663,85,Kwahu West,2007,0,1855.437824,24.05965331,0.729107898,0.027052907,84024.85821,0.636211436,0.624172136,-1.575401131,2.220908791,1.219989667,-0.048500987,-0.353612029
1664,85,Kwahu West,2008,0,1817.129749,24.01767698,0.715838695,0.027052907,84920.58922,0.647655281,0.636211436,-1.628810014,2.078233474,1.125030896,0.029000464,-0.353612029
1665,85,Kwahu West,2009,0,1385.824372,23.9850737,0.66716672,0.027052907,85808.73362,0.658608012,0.647655281,-1.670293027,0.471871623,0.776718251,0.10266875,-0.353612029
1666,85,Kwahu West,2010,0,1718.703758,24.53733652,0.716982914,0.027052907,86654.88254,0.669166153,0.658608012,-0.967617552,1.711653863,1.133219298,0.173175548,-0.353612029
1667,85,Kwahu West,2011,0,1502.54972,24.15607224,0.675620495,0.027052907,87794.2631,0.679435904,0.669166153,-1.452721825,0.906605702,0.837216239,0.241142227,-0.353612029
1668,85,Kwahu West,2012,0,1630.9672,23.96764584,0.684880164,0.027052907,88452.07539,0.689401796,0.679435904,-1.692467486,1.384886177,0.903481473,0.307252437,-0.353612029
1669,85,Kwahu West,2013,0,1470.361013,23.85467096,0.708103256,0.027052907,89788.37825,0.699020895,0.689401796,-1.836211869,0.786721478,1.069673552,0.371406589,-0.353612029
1670,85,Kwahu West,2014,0,1597.552419,24.17385302,0.682173995,0.027052907,90489.14741,0.708267396,0.699020895,-1.43009833,1.260435539,0.884115236,0.433328304,-0.353612029
1671,85,Kwahu West,2015,0,1276.368694,24.57730953,0.648516993,0.027052907,131080.4416,0.714771877,0.708267396,-0.916757609,0.06421284,0.643254675,0.492851468,-0.353612029
1672,85,Kwahu West,2016,0,1550.818144,24.53943326,0.666881429,0.027052907,134098.9942,0.720082248,0.714771877,-0.964949749,1.086377529,0.774676611,0.53472323,-0.353612029
1673,85,Kwahu West,2017,0,1552.023459,24.14991696,0.677680971,0.027052907,137180.6034,0.727042637,0.720082248,-1.460553543,1.090866625,0.851961685,0.568908065,-0.353612029
1674,85,Kwahu West,2018,0,1516.193481,24.56361843,0.709565206,0.027668166,140118.7334,0.734611647,0.727042637,-0.934177569,0.957420785,1.080135741,0.613714672,-0.351485607
1675,85,Kwahu West,2019,0,1417.760847,25.22680091,0.71387142,0.027668166,142989.5525,0.741841771,0.734611647,-0.090372686,0.590816431,1.110952424,0.662439204,-0.351485607
1676,85,Kwahu West,2020,0,1213.829147,25.10617604,0.712799603,0.028283431,145857.8564,0.925544575,0.741841771,-0.243850587,-0.168710626,1.10328215,0.708982202,-0.349359168
1677,85,Kwahu West,2021,0,1278.132863,25.19212165,0.729027713,0.028283431,148801.551,0.927508731,0.925544575,-0.134497087,0.070783343,1.219415839,1.891545448,-0.349359168
1678,85,Kwahu West,2022,0,1385.005605,24.0743305,0.681231511,0.028283431,151682.9529,0.929395234,0.927508731,-1.556726512,0.468822193,0.877370515,1.904189447,-0.349359168
1679,85,Kwahu West,2023,0,1608.626323,24.64416649,0.670032016,0.02889869,154621.7804,0.931204288,0.929395234,-0.83169168,1.301679399,0.797223244,1.916333572,-0.347232746
1680,85,Kwahu West,2024,0,1135.932946,24.66264272,0.684501772,0.02889869,157581.1578,0.932949427,0.931204288,-0.808183319,-0.458828701,0.900773573,1.927979127,-0.347232746
1681,86,Bibiani-Anhwiaso-Bekwai,2005,0,1395.912686,24.88906579,0.674557784,0.027536525,115413.4,0.401455406,0.381446504,-0.520092347,0.509444732,0.829611129,-1.611016121,-0.351940578
1682,86,Bibiani-Anhwiaso-Bekwai,2006,0,1386.177531,25.27460198,0.708614351,0.027536525,116852.7582,0.420903652,0.401455406,-0.02955266,0.473186935,1.073331117,-1.482211377,-0.351940578
1683,86,Bibiani-Anhwiaso-Bekwai,2007,0,1804.342145,25.07267448,0.680134204,0.028128774,119175.9952,0.439454471,0.420903652,-0.28647654,2.030607082,0.869517824,-1.357015789,-0.349893683
1684,86,Bibiani-Anhwiaso-Bekwai,2008,0,1760.643136,24.85704916,0.711374689,0.028128774,121065.6628,0.45708778,0.439454471,-0.56082892,1.867853672,1.093084999,-1.237597269,-0.349893683
1685,86,Bibiani-Anhwiaso-Bekwai,2009,0,1480.760689,25.03018424,0.653231099,0.028128774,122188.3764,0.473964353,0.45708778,-0.340539292,0.825454226,0.676990363,-1.124085102,-0.349893683
1686,86,Bibiani-Anhwiaso-Bekwai,2010,0,1716.718334,25.62407129,0.685401233,0.029017144,124111.4081,0.49023292,0.473964353,0.41509707,1.704259313,0.907210417,-1.01544433,-0.346823354
1687,86,Bibiani-Anhwiaso-Bekwai,2011,0,1475.603284,25.16527486,0.694536856,0.029905527,126628.4772,0.506057122,0.49023292,-0.168655796,0.806245892,0.972587937,-0.910717513,-0.343752982
1688,86,Bibiani-Anhwiaso-Bekwai,2012,0,1621.302894,24.99221488,0.663551299,0.030201655,129590.1145,0.521413119,0.506057122,-0.388849874,1.348892255,0.750845108,-0.808851247,-0.342729521
1689,86,Bibiani-Anhwiaso-Bekwai,2013,0,1354.673576,24.83491539,0.672152721,0.030201655,131541.9225,0.536234758,0.521413119,-0.588990983,0.355853012,0.81239971,-0.709998984,-0.342729521
1690,86,Bibiani-Anhwiaso-Bekwai,2014,0,1420.790227,25.32756584,0.66774256,0.030497705,133761.7816,0.550482278,0.536234758,0.03783627,0.602099112,0.780839151,-0.614586583,-0.341706331
1691,86,Bibiani-Anhwiaso-Bekwai,2015,0,1287.305297,25.48906579,0.693936716,0.030793831,153474.9827,0.564021988,0.550482278,0.243321865,0.104945329,0.968293132,-0.522870001,-0.34068288
1692,86,Bibiani-Anhwiaso-Bekwai,2016,0,1430.176129,25.63580154,0.661686336,0.031682208,157033.2497,0.571120134,0.564021988,0.430022135,0.637056141,0.737498818,-0.435709851,-0.337612525
1693,86,Bibiani-Anhwiaso-Bekwai,2017,0,1519.105137,25.2666166,0.709978246,0.031682208,160651.9722,0.581981347,0.571120134,-0.039712916,0.968265008,1.083091596,-0.390016444,-0.337612525
1694,86,Bibiani-Anhwiaso-Bekwai,2018,0,1632.280865,25.58295284,0.701352221,0.031978398,164102.8326,0.59298473,0.581981347,0.362779716,1.389778818,1.021360924,-0.320098782,-0.33658885
1695,86,Bibiani-Anhwiaso-Bekwai,2019,0,1644.202563,26.07344548,0.682565299,0.031978398,167480.9815,0.604073276,0.59298473,0.98686147,1.434180215,0.886915537,-0.249265912,-0.33658885
1696,86,Bibiani-Anhwiaso-Bekwai,2020,0,1233.346751,25.88318314,0.681402987,0.032570707,170844.6932,0.614163,0.604073276,0.744779845,-0.096018895,0.878597655,-0.177884819,-0.33454175
1697,86,Bibiani-Anhwiaso-Bekwai,2021,0,1418.833484,26.11214579,0.725257167,0.032866897,174298.7741,0.623767466,0.614163,1.036102082,0.594811379,1.192432571,-0.112933517,-0.333518076
1698,86,Bibiani-Anhwiaso-Bekwai,2022,0,1375.286573,25.1379243,0.692632889,0.033163025,177685.7433,0.632077953,0.623767466,-0.203455467,0.432624445,0.958962519,-0.051105994,-0.332494616
1699,86,Bibiani-Anhwiaso-Bekwai,2023,0,1494.062581,25.8379243,0.634868496,0.033163025,181142.4736,0.638301498,0.632077953,0.687194447,0.874996044,0.545581546,0.002391695,-0.332494616
1700,86,Bibiani-Anhwiaso-Bekwai,2024,0,1124.658556,25.39925403,0.67746043,0.033163025,184623.4955,0.644295419,0.638301498,0.129049247,-0.500819249,0.850383422,0.042454971,-0.332494616
1701,87,Upper Denkyira East,2005,0,1473.734242,24.03469982,0.702734704,0.009350077,61946.93002,0.390344045,0.373631382,-1.607150885,0.799284797,1.031254431,-1.661324968,-0.414795456
1702,87,Upper Denkyira East,2006,0,1360.676035,24.42161151,0.771160746,0.009350077,63081.50861,0.409363212,0.390344045,-1.114861078,0.378208685,1.52093367,-1.553739342,-0.414795456
1703,87,Upper Denkyira East,2007,0,1914.372859,24.22276734,0.728659262,0.009350077,64830.02646,0.428283718,0.409363212,-1.367861855,2.440407541,1.216779086,-1.431305894,-0.414795456
1704,87,Upper Denkyira East,2008,0,1774.807417,24.19171794,0.729337291,0.009350077,64951.06542,0.44626843,0.428283718,-1.407367768,1.920607387,1.221631278,-1.309507558,-0.414795456
1705,87,Upper Denkyira East,2009,0,1355.625644,24.1262764,0.65927527,0.009350077,67419.04457,0.463481325,0.44626843,-1.490632775,0.359398915,0.72024444,-1.19373328,-0.414795456
1706,87,Upper Denkyira East,2010,0,1771.197905,24.79891901,0.723656247,0.009350077,67474.7958,0.480074099,0.463481325,-0.634791231,1.90716405,1.180975862,-1.082927476,-0.414795456
1707,87,Upper Denkyira East,2011,0,1355.326626,24.30335107,0.734406489,0.009842185,70194.09733,0.49621365,0.480074099,-1.265330574,0.358285244,1.25790813,-0.976113626,-0.413094662
1708,87,Upper Denkyira East,2012,0,1676.09995,24.10419923,0.714477956,0.009842185,72667.13983,0.511875667,0.49621365,-1.518722813,1.552979442,1.115292998,-0.872217331,-0.413094662
1709,87,Upper Denkyira East,2013,0,1469.502245,23.98908199,0.707216952,0.009842185,74046.05384,0.526992677,0.511875667,-1.665193049,0.783523067,1.063330865,-0.771395105,-0.413094662
1710,87,Upper Denkyira East,2014,0,1469.365375,24.42437219,0.699284793,0.010826421,75612.03379,0.541524127,0.526992677,-1.111348501,0.783013305,1.006565728,-0.674081292,-0.409693008
1711,87,Upper Denkyira East,2015,0,1292.967238,24.60335107,0.680639743,0.012302741,94627.45227,0.555333661,0.541524127,-0.883623468,0.126032767,0.873135624,-0.580536949,-0.404590641
1712,87,Upper Denkyira East,2016,0,1497.37868,24.77173624,0.701600379,0.013286965,96848.59295,0.568559429,0.555333661,-0.66937742,0.887346583,1.023136823,-0.49163984,-0.401189027
1713,87,Upper Denkyira East,2017,0,1606.883419,24.43292034,0.716522073,0.013863984,99104.47489,0.581021029,0.568559429,-1.100472208,1.295188093,1.129921367,-0.406500654,-0.399194768
1714,87,Upper Denkyira East,2018,0,1577.504573,24.74586729,0.74122497,0.014356104,101257.391,0.592639166,0.581021029,-0.702291961,1.185768968,1.306703419,-0.326280707,-0.397493934
1715,87,Upper Denkyira East,2019,0,1432.835689,25.27501247,0.731086987,0.014356104,103353.193,0.603737126,0.592639166,-0.02903037,0.646961457,1.234152682,-0.25149044,-0.397493934
1716,87,Upper Denkyira East,2020,0,1248.040246,25.17868784,0.692989817,0.014356104,105452.3302,0.614354635,0.603737126,-0.151589689,-0.041294164,0.961516815,-0.180048743,-0.397493934
1717,87,Upper Denkyira East,2021,0,1446.861134,25.46765342,0.739221322,0.014356104,107598.51,0.62452807,0.614354635,0.216077688,0.699198088,1.292364658,-0.111699891,-0.397493934
1718,87,Upper Denkyira East,2022,0,1352.861134,24.38581407,0.714414148,0.014356104,109712.3671,0.634299304,0.62452807,-1.160408201,0.349102721,1.114836369,-0.046209705,-0.397493934
1719,87,Upper Denkyira East,2023,0,1603.19857,25.09108598,0.691430815,0.01534034,111861.705,0.643669386,0.634299304,-0.263050534,1.281464171,0.950360084,0.016691358,-0.394092279
1720,87,Upper Denkyira East,2024,0,1282.665059,24.68581407,0.658095437,0.015832452,114027.1817,0.652708411,0.643669386,-0.778701095,0.08766314,0.711801168,0.077010058,-0.392391472
1721,88,Amansie Central,2005,0,1351.171409,24.26176903,0.687877668,0.005478958,70755.97015,0.355043367,0.339687475,-1.318237772,0.342809477,0.924932594,-1.879834517,-0.428174576
1722,88,Amansie Central,2006,0,1265.332025,24.63001374,0.753592054,0.005478958,72261.50277,0.374782397,0.355043367,-0.849699041,0.023107662,1.395206338,-1.780982928,-0.428174576
1723,88,Amansie Central,2007,0,1766.635106,24.42253728,0.697533543,0.005478958,72847.97416,0.391040929,0.374782397,-1.113683161,1.890170278,0.994033209,-1.653915454,-0.428174576
1724,88,Amansie Central,2008,0,1654.040914,24.41581142,0.723576024,0.005478958,70646.50651,0.410197202,0.391040929,-1.122240861,1.470822355,1.180401761,-1.549253241,-0.428174576
1725,88,Amansie Central,2009,0,1305.936715,24.3389325,0.662278004,0.005478958,74908.93713,0.428531381,0.410197202,-1.2200583,0.174336533,0.741732991,-1.425937185,-0.428174576
1726,88,Amansie Central,2010,0,1580.675726,24.94868524,0.731006319,0.005478958,77529.26187,0.446205042,0.428531381,-0.444235112,1.197579668,1.233575397,-1.30791326,-0.428174576
1727,88,Amansie Central,2011,0,1278.930828,24.56215659,0.715258647,0.005478958,77602.55425,0.463395958,0.446205042,-0.936037553,0.0737553,1.12087988,-1.194141333,-0.428174576
1728,88,Amansie Central,2012,0,1545.03542,24.35856554,0.70657588,0.005478958,80352.19702,0.480078231,0.463395958,-1.195078057,1.064840242,1.058743146,-1.083477018,-0.428174576
1729,88,Amansie Central,2013,0,1356.353807,24.21778846,0.677540676,0.005478958,82158.27678,0.496179995,0.480078231,-1.374196763,0.362110897,0.850957686,-0.976087022,-0.428174576
1730,88,Amansie Central,2014,0,1349.451432,24.6367396,0.676810084,0.005738724,83859.13118,0.511658053,0.496179995,-0.841141341,0.336403564,0.845729331,-0.872433984,-0.42727679
1731,88,Amansie Central,2015,0,1193.703199,24.86599294,0.676654544,0.005738724,84019.75241,0.52636717,0.511658053,-0.54944925,-0.243668085,0.844616236,-0.772795968,-0.42727679
1732,88,Amansie Central,2016,0,1397.044839,24.95278159,0.683740355,0.005738724,85956.58391,0.540454492,0.52636717,-0.439023092,0.513661342,0.895324628,-0.678107916,-0.42727679
1733,88,Amansie Central,2017,0,1452.244113,24.63292288,0.686661061,0.005738724,87930.48601,0.553727866,0.540454492,-0.84599757,0.719246555,0.916226154,-0.587422586,-0.42727679
1734,88,Amansie Central,2018,0,1478.265993,24.97258634,0.716382698,0.005738724,89812.79591,0.566102832,0.553727866,-0.413824381,0.816162934,1.128923961,-0.501976945,-0.42727679
1735,88,Amansie Central,2019,0,1510.471841,25.51993721,0.692920378,0.005738724,91659.26433,0.577923737,0.566102832,0.282601333,0.936110998,0.961019886,-0.422314683,-0.42727679
1736,88,Amansie Central,2020,0,1149.24529,25.38151001,0.668707905,0.005738724,93497.39264,0.589232892,0.577923737,0.106472516,-0.409247954,0.787747477,-0.346219126,-0.42727679
1737,88,Amansie Central,2021,0,1290.723607,25.58595467,0.705250022,0.005738724,95386.5568,0.600069047,0.589232892,0.366599118,0.117676546,1.049254867,-0.273417888,-0.42727679
1738,88,Amansie Central,2022,0,1350.450942,24.52914541,0.649986278,0.005738724,97233.03667,0.610476798,0.600069047,-0.978039566,0.340126156,0.653769357,-0.203661534,-0.42727679
1739,88,Amansie Central,2023,0,1425.121566,25.18989894,0.626502133,0.005738724,99116.23931,0.620457267,0.610476798,-0.137325171,0.618230831,0.485709098,-0.136662965,-0.42727679
1740,88,Amansie Central,2024,0,1159.184262,24.85991464,0.559349052,0.005738724,101013.1128,0.630085114,0.620457267,-0.557183013,-0.372231061,0.005139591,-0.072414979,-0.42727679
1741,89,Amansie South,2005,0,1349.787546,24.48010975,0.690782008,0.011254274,69141.62746,0.361047194,0.339687475,-1.040430424,0.337655392,0.945717009,-1.879834517,-0.408214286
1742,89,Amansie South,2006,0,1295.295218,24.84731773,0.735908895,0.011254274,68993.18868,0.381808406,0.361047194,-0.57321078,0.13470314,1.268659838,-1.742334064,-0.408214286
1743,89,Amansie South,2007,0,1752.241684,24.65072237,0.678521251,0.011254274,69373.39548,0.401611605,0.381808406,-0.823350271,1.836563148,0.857975001,-1.608686424,-0.408214286
1744,89,Amansie South,2008,0,1673.802217,24.61681599,0.731467024,0.011254274,69638.12955,0.420435353,0.401611605,-0.866491282,1.544421723,1.236872349,-1.481205866,-0.408214286
1745,89,Amansie South,2009,0,1375.423228,24.58143689,0.671274513,0.011254274,76115.19061,0.438451276,0.420435353,-0.911506131,0.433133406,0.806114965,-1.360030404,-0.408214286
1746,89,Amansie South,2010,0,1596.032366,25.17123418,0.725259593,0.011254274,76147.57887,0.455818147,0.438451276,-0.161073409,1.254774228,1.192449935,-1.244055209,-0.408214286
1747,89,Amansie South,2011,0,1338.716766,24.77551238,0.698084463,0.011254274,76220.27763,0.472710652,0.455818147,-0.664572826,0.296423169,0.997975776,-1.132258204,-0.408214286
1748,89,Amansie South,2012,0,1552.529063,24.5791914,0.677883673,0.011254274,80148.60841,0.489103345,0.472710652,-0.914363198,1.092749706,0.853412285,-1.023514866,-0.408214286
1749,89,Amansie South,2013,0,1343.816665,24.43518311,0.646253811,0.011254274,83206.0218,0.504925604,0.489103345,-1.097593154,0.315417329,0.627058601,-0.91798901,-0.408214286
1750,89,Amansie South,2014,0,1361.692799,24.88143689,0.659036642,0.011254274,85478.77713,0.520134985,0.504925604,-0.529799025,0.381995538,0.718536736,-0.816135243,-0.408214286
1751,89,Amansie South,2015,0,1215.849927,25.09096203,0.643903244,0.011585331,104696.4917,0.533242896,0.520134985,-0.263208238,-0.161184393,0.610237171,-0.718226804,-0.407070109
1752,89,Amansie South,2016,0,1393.734013,25.18979729,0.646818437,0.011585331,107103.6543,0.542461094,0.533242896,-0.137454507,0.501330438,0.631099246,-0.633846308,-0.407070109
1753,89,Amansie South,2017,0,1452.594803,24.85029679,0.6494062,0.012247388,109557.2651,0.555676509,0.542461094,-0.569420356,0.720552673,0.649618131,-0.574505344,-0.404781946
1754,89,Amansie South,2018,0,1516.356927,25.18601187,0.666386512,0.012247388,111901.8762,0.567997441,0.555676509,-0.14227091,0.958029524,0.771134826,-0.489432801,-0.404781946
1755,89,Amansie South,2019,0,1608.300594,25.71893269,0.646317371,0.012247388,114199.9845,0.579766729,0.567997441,0.535794636,1.300466244,0.627513453,-0.410118384,-0.404781946
1756,89,Amansie South,2020,0,1165.855079,25.57684511,0.626690749,0.012247388,116485.3681,0.591026504,0.579766729,0.355008506,-0.347386146,0.487058899,-0.334355097,-0.404781946
1757,89,Amansie South,2021,0,1310.17348,25.77684511,0.660377052,0.012247388,118830.4483,0.601815342,0.591026504,0.60947991,0.190116018,0.728129155,-0.261871745,-0.404781946
1758,89,Amansie South,2022,0,1357.771979,24.71756076,0.617852488,0.012578372,121126.5068,0.612177648,0.601815342,-0.738307974,0.367392764,0.423809403,-0.192419982,-0.40363802
1759,89,Amansie South,2023,2,1417.650913,25.3790906,0.580811037,0.012909424,123471.8025,0.622114537,0.612177648,0.10339417,0.59040699,0.158728602,-0.125713962,-0.402493861
1760,89,Amansie South,2024,0,1137.703774,25.01592564,0.552763934,0.013389676,125832.7391,0.631700344,0.622114537,-0.358681326,-0.452233394,-0.041985682,-0.061746515,-0.400834044
1761,90,Upper Denkyira West,2005,0,1397.623524,24.60925713,0.696650309,0.01023317,60071.82574,0.390344045,0.373631382,-0.876108859,0.515816608,0.987712499,-1.661324968,-0.411743363
1762,90,Upper Denkyira West,2006,0,1335.16038,24.99289519,0.741822521,0.01023317,61703.82427,0.409363212,0.390344045,-0.387984274,0.2831777,1.310979687,-1.553739342,-0.411743363
1763,90,Upper Denkyira West,2007,0,1806.985747,24.79851713,0.679112983,0.01023317,62523.7654,0.428283718,0.409363212,-0.635302562,2.040452964,0.862209633,-1.431305894,-0.411743363
1764,90,Upper Denkyira West,2008,0,1709.600777,24.73861935,0.724279408,0.01023317,64617.92456,0.44626843,0.428283718,-0.711513927,1.677750553,1.185435411,-1.309507558,-0.411743363
1765,90,Upper Denkyira West,2009,0,1366.190469,24.71510942,0.673015132,0.01023317,64651.24168,0.463481325,0.44626843,-0.741426956,0.398746747,0.818571406,-1.19373328,-0.411743363
1766,90,Upper Denkyira West,2010,0,1686.737547,25.34082925,0.718727847,0.01023317,67385.38597,0.480074099,0.463481325,0.054712074,1.592598307,1.145706615,-1.082927476,-0.411743363
1767,90,Upper Denkyira West,2011,0,1375.15966,24.90192917,0.681190259,0.010659659,67661.00164,0.49621365,0.480074099,-0.503725532,0.432151771,0.877075298,-0.976113626,-0.410269357
1768,90,Upper Denkyira West,2012,0,1605.080334,24.70485891,0.674284516,0.014345866,68202.4498,0.511875667,0.49621365,-0.754469256,1.288472649,0.827655533,-0.872217331,-0.397529317
1769,90,Upper Denkyira West,2013,0,1374.514109,24.56389289,0.646755415,0.015578492,69700.13472,0.526992677,0.511875667,-0.933828366,0.429747467,0.630648244,-0.771395105,-0.393269191
1770,90,Upper Denkyira West,2014,0,1396.917938,25.00949467,0.662077277,0.01685794,71568.37375,0.541524127,0.526992677,-0.366863807,0.513188711,0.740296521,-0.674081292,-0.388847243
1771,90,Upper Denkyira West,2015,0,1257.572992,25.19818601,0.637760148,0.017710912,90139.99344,0.552603862,0.541524127,-0.126781064,-0.005790228,0.566275157,-0.580536949,-0.385899254
1772,90,Upper Denkyira West,2016,0,1424.290527,25.34026058,0.629150313,0.017710912,92188.83432,0.565910823,0.552603862,0.053988519,0.615135694,0.504660349,-0.509212571,-0.385899254
1773,90,Upper Denkyira West,2017,0,1512.618917,24.98266628,0.664074134,0.017710912,94284.78681,0.57527457,0.565910823,-0.400999097,0.944107611,0.754586684,-0.423550717,-0.385899254
1774,90,Upper Denkyira West,2018,0,1557.619637,25.32207745,0.666155214,0.018137395,96283.37128,0.587052054,0.57527457,0.03085309,1.111709138,0.769479577,-0.363272799,-0.384425271
1775,90,Upper Denkyira West,2019,0,1536.886985,25.8263389,0.634488231,0.018563816,98246.51367,0.598302227,0.587052054,0.67245368,1.034492059,0.542860243,-0.287456754,-0.382951501
1776,90,Upper Denkyira West,2020,0,1185.818889,25.71801756,0.630170384,0.019416808,100195.5927,0.609065359,0.598302227,0.534630267,-0.273032558,0.511960312,-0.215035206,-0.380003442
1777,90,Upper Denkyira West,2021,0,1378.877483,25.93049957,0.668221289,0.02026979,102203.4318,0.619378327,0.609065359,0.804983237,0.445998501,0.784265089,-0.145748924,-0.377055418
1778,90,Upper Denkyira West,2022,0,1341.288943,24.90289375,0.632749462,0.021122707,104162.7991,0.629283577,0.619378327,-0.502498237,0.306003036,0.530417039,-0.079360515,-0.374107619
1779,90,Upper Denkyira West,2023,0,1481.481428,25.5866254,0.595036138,0.021122707,106164.6327,0.638782173,0.629283577,0.36745252,0.828138561,0.260528105,-0.01559674,-0.374107619
1780,90,Upper Denkyira West,2024,0,1179.986035,25.19044054,0.575018694,0.021122707,108179.9409,0.647945173,0.638782173,-0.136636061,-0.294756547,0.117276699,0.045549255,-0.374107619
1781,92,Komenda-Edna-Eguafo-Abirem,2005,0,1435.706099,24.37908605,0.679493354,0.037523325,127137.6747,0.402701828,0.38590172,-1.168968642,0.657652065,0.864931689,-1.582336237,-0.317424817
1782,92,Komenda-Edna-Eguafo-Abirem,2006,0,1373.574166,24.76367238,0.667806701,0.037523325,130417.2183,0.422109575,0.402701828,-0.679637528,0.426246727,0.781298165,-1.474187694,-0.317424817
1783,92,Komenda-Edna-Eguafo-Abirem,2007,0,1751.496775,24.61106505,0.667530628,0.037523325,133751.7734,0.440621763,0.422109575,-0.873808541,1.833788795,0.779322489,-1.349252816,-0.317424817
1784,92,Komenda-Edna-Eguafo-Abirem,2008,0,1777.703704,24.64931822,0.680230867,0.037523325,136937.9569,0.458218352,0.440621763,-0.825136841,1.931394371,0.870209579,-1.230082975,-0.317424817
1785,92,Komenda-Edna-Eguafo-Abirem,2009,0,1317.714207,24.53678828,0.6159007,0.037523325,139758.9804,0.475059781,0.458218352,-0.968315103,0.218200844,0.409841766,-1.116807189,-0.317424817
1786,92,Komenda-Edna-Eguafo-Abirem,2010,0,1822.002027,25.17908605,0.684789908,0.037523325,144160.5256,0.49129447,0.475059781,-0.151083026,2.096379879,0.902835574,-1.008392653,-0.317424817
1787,92,Komenda-Edna-Eguafo-Abirem,2011,0,1362.440759,24.72504146,0.656277737,0.037523325,147452.9577,0.507085719,0.49129447,-0.72878985,0.384781256,0.698793107,-0.903883922,-0.317424817
1788,92,Komenda-Edna-Eguafo-Abirem,2012,0,1649.52202,24.54718076,0.635362886,0.037523325,150569.0905,0.522409738,0.507085719,-0.955092156,1.453992098,0.549119562,-0.802229784,-0.317424817
1789,92,Komenda-Edna-Eguafo-Abirem,2013,0,1460.660402,24.43678828,0.652243703,0.037523325,154165.4967,0.537200512,0.522409738,-1.095550805,0.750592339,0.669924236,-0.703583373,-0.317424817
1790,92,Komenda-Edna-Eguafo-Abirem,2014,0,1436.50562,24.7639672,0.678344671,0.037523325,158408.7038,0.551418363,0.537200512,-0.679262409,0.660629816,0.856711341,-0.608369661,-0.317424817
1791,92,Komenda-Edna-Eguafo-Abirem,2015,0,1264.79344,25.03455869,0.633824527,0.038069898,152657.3779,0.564929878,0.551418363,-0.334973431,0.021101746,0.538110558,-0.516844072,-0.315535786
1792,92,Komenda-Edna-Eguafo-Abirem,2016,0,1435.867883,25.17846877,0.649286815,0.042442747,156185.8787,0.576016941,0.564929878,-0.151868432,0.658254616,0.648763775,-0.429865426,-0.300422616
1793,92,Komenda-Edna-Eguafo-Abirem,2017,0,1651.754929,24.85921319,0.683536698,0.042989361,159782.5377,0.587680407,0.576016941,-0.558075503,1.462308388,0.893867192,-0.358493877,-0.298533444
1794,92,Komenda-Edna-Eguafo-Abirem,2018,0,1475.32412,25.24564216,0.672883812,0.04408251,163213.422,0.599113882,0.587680407,-0.066399895,0.805206167,0.817631639,-0.283411813,-0.29475537
1795,92,Komenda-Edna-Eguafo-Abirem,2019,0,1290.107057,25.43265156,0.687541178,0.04408251,166567.44,0.610035448,0.599113882,0.171542825,0.115380258,0.922524561,-0.209810284,-0.29475537
1796,92,Komenda-Edna-Eguafo-Abirem,2020,0,1196.633131,25.07247098,0.656384731,0.04408251,169914.3347,0.80976904,0.610035448,-0.286735462,-0.232755791,0.699558794,-0.139504103,-0.29475537
1797,92,Komenda-Edna-Eguafo-Abirem,2021,0,1792.252441,25.84197531,0.654901996,0.045175659,173349.0125,0.814787387,0.80976904,0.692348774,1.985579964,0.688947849,1.146255284,-0.290977295
1798,92,Komenda-Edna-Eguafo-Abirem,2022,0,1625.688778,24.71032799,0.672019135,0.045175659,176715.2953,0.819607336,0.814787387,-0.747510636,1.365227126,0.811443722,1.178560252,-0.290977295
1799,92,Komenda-Edna-Eguafo-Abirem,2023,0,1767.079233,25.5879215,0.685822052,0.045184232,180147.8829,0.824229406,0.819607336,0.369101632,1.891824394,0.910221933,1.209588058,-0.290947664
1800,92,Komenda-Edna-Eguafo-Abirem,2024,0,1458.163258,24.9652939,0.673800874,0.045184232,183605.4463,0.828688172,0.824229406,-0.42310297,0.741291929,0.824194431,1.239342037,-0.290947664
1801,93,Sefwi-Wiawso,2005,0,1422.631831,24.90524602,0.67215535,0.011715191,133730.1236,0.381018016,0.362865152,-0.499505308,0.608958014,0.812418526,-1.730631189,-0.406621293
1802,93,Sefwi-Wiawso,2006,0,1428.64782,25.29165911,0.721804071,0.011715191,135647.1828,0.398192399,0.381018016,-0.007849903,0.631364078,1.167721085,-1.613774454,-0.406621293
1803,93,Sefwi-Wiawso,2007,0,1830.75101,25.0308209,0.665559775,0.011959356,137500.5215,0.416379706,0.398192399,-0.33972923,2.128964754,0.765218422,-1.503216568,-0.405777425
1804,93,Sefwi-Wiawso,2008,0,1819.975933,24.88010797,0.702682496,0.011959356,139553.1037,0.433652065,0.416379706,-0.531489887,2.088833858,1.030880808,-1.386138113,-0.405777425
1805,93,Sefwi-Wiawso,2009,0,1527.221215,25.05196571,0.657834375,0.011959356,140863.7677,0.445998245,0.433652065,-0.31282548,0.998492682,0.709932921,-1.274949514,-0.405777425
1806,93,Sefwi-Wiawso,2010,0,1803.99967,25.64081019,0.681908998,0.011959356,142781.8493,0.459505363,0.445998245,0.436394919,2.029331563,0.882218834,-1.195472562,-0.405777425
1807,93,Sefwi-Wiawso,2011,0,1522.739059,25.14785708,0.70430226,0.011959356,144414.0625,0.475273088,0.459505363,-0.190817422,0.981799256,1.042472371,-1.108522226,-0.405777425
1808,93,Sefwi-Wiawso,2012,0,1672.252617,25.00852633,0.685896444,0.011959356,146261.4633,0.490696851,0.475273088,-0.368095881,1.538650361,0.910754304,-1.007019515,-0.405777425
1809,93,Sefwi-Wiawso,2013,0,1335.74285,24.85241078,0.645468634,0.011959356,148307.0664,0.501729535,0.490696851,-0.5667306,0.285347062,0.621439614,-0.907731018,-0.405777425
1810,93,Sefwi-Wiawso,2014,0,1468.581637,25.34153136,0.672435138,0.011959356,150289.643,0.51590523,0.501729535,0.055605404,0.780094336,0.814420777,-0.83670953,-0.405777425
1811,93,Sefwi-Wiawso,2015,0,1314.592351,25.50498228,0.665945621,0.011959356,139011.7713,0.530486419,0.51590523,0.263573328,0.206573747,0.767979664,-0.745455314,-0.405777425
1812,93,Sefwi-Wiawso,2016,0,1453.384983,25.66061568,0.675623531,0.011959356,142217.2484,0.544451222,0.530486419,0.461594573,0.723495633,0.837237967,-0.651590777,-0.405777425
1813,93,Sefwi-Wiawso,2017,0,1564.149015,25.33232918,0.710667911,0.011959356,145483.7577,0.557609155,0.544451222,0.043896951,1.136027275,1.088027065,-0.56169415,-0.405777425
1814,93,Sefwi-Wiawso,2018,0,1708.878843,25.56094536,0.705578451,0.011959356,148603.3136,0.569876495,0.557609155,0.33477834,1.675061766,1.051605216,-0.476991641,-0.405777425
1815,93,Sefwi-Wiawso,2019,0,1693.637518,25.9881027,0.683205722,0.011959356,151650.7139,0.581594592,0.569876495,0.87827498,1.618296687,0.891498619,-0.398022213,-0.405777425
1816,93,Sefwi-Wiawso,2020,0,1270.459243,25.79893678,0.679662443,0.011959356,154692.8788,0.59280539,0.581594592,0.637588405,0.04220357,0.866141745,-0.322588469,-0.405777425
1817,93,Sefwi-Wiawso,2021,0,1496.492541,26.07337839,0.730591486,0.012203432,157817.1714,0.6035473,0.59280539,0.986776108,0.884046232,1.230606714,-0.250420393,-0.404933865
1818,93,Sefwi-Wiawso,2022,0,1391.967774,25.14465919,0.697054294,0.012203432,160879.1119,0.613864535,0.6035473,-0.19488628,0.494752225,0.990603547,-0.18127072,-0.404933865
1819,93,Sefwi-Wiawso,2023,0,1531.79733,25.87512981,0.64102229,0.012203432,163995.692,0.623758202,0.613864535,0.734533138,1.01553605,0.58962012,-0.114854847,-0.404933865
1820,93,Sefwi-Wiawso,2024,0,1121.728427,25.33856837,0.672975529,0.012203432,167134.9188,0.632520278,0.623758202,0.051835418,-0.511732279,0.818287996,-0.051165635,-0.404933865
1821,94,Asunafo South,2005,0,1300.737351,24.61628117,0.662500882,0.002672342,88416.62195,0.588699957,0.574950501,-0.867171767,0.154971923,0.743327975,-0.365358948,-0.437874629
1822,94,Asunafo South,2006,0,1348.797073,24.95881821,0.701399687,0.002672342,90816.70014,0.602064148,0.588699957,-0.431342354,0.333966454,1.021700606,-0.276848589,-0.437874629
1823,94,Asunafo South,2007,0,1657.931695,24.67245211,0.659110849,0.002672342,93002.90045,0.614811657,0.602064148,-0.795702273,1.485313251,0.719067789,-0.190818323,-0.437874629
1824,94,Asunafo South,2008,0,1740.081948,24.65960878,0.685218563,0.002672342,95470.56319,0.626928684,0.614811657,-0.812043576,1.791275197,0.905903168,-0.108757867,-0.437874629
1825,94,Asunafo South,2009,0,1593.13661,24.76082851,0.641725621,0.002672342,97802.11655,0.638525706,0.626928684,-0.683255939,1.243989219,0.594653385,-0.030756061,-0.437874629
1826,94,Asunafo South,2010,0,1605.387062,25.28475786,0.660699477,0.002672342,100495.994,0.649704928,0.638525706,-0.016630758,1.289615032,0.730436532,0.043898283,-0.437874629
1827,94,Asunafo South,2011,0,1394.01536,24.81282978,0.68749954,0.002672342,102694.6851,0.660578795,0.649704928,-0.617091765,0.502378292,0.922226585,0.115863087,-0.437874629
1828,94,Asunafo South,2012,1,1525.228948,24.71628117,0.662314681,0.002672342,105298.937,0.670261048,0.660578795,-0.739936065,0.991072647,0.74199546,0.185862215,-0.437874629
1829,94,Asunafo South,2013,0,1244.578515,24.52734008,0.637778637,0.002672342,107897.7779,0.679290792,0.670261048,-0.980336589,-0.054187102,0.566407469,0.248190474,-0.437874629
1830,94,Asunafo South,2014,0,1371.384351,24.99853632,0.673140726,0.002672342,110020.1902,0.687598487,0.679290792,-0.380806743,0.418090939,0.819470195,0.306318293,-0.437874629
1831,94,Asunafo South,2015,0,1203.717745,25.21628117,0.649216541,0.002672342,85759.1144,0.697008185,0.687598487,-0.103757555,-0.206369721,0.648260867,0.359798017,-0.437874629
1832,94,Asunafo South,2016,0,1352.94597,25.31429346,0.646336116,0.002672342,87738.17578,0.70602011,0.697008185,0.020949068,0.349418686,0.627647604,0.420371742,-0.437874629
1833,94,Asunafo South,2017,0,1405.988254,25.04494037,0.701841031,0.002672342,89754.27258,0.714511336,0.70602011,-0.321764227,0.546970366,1.024859011,0.47838485,-0.437874629
1834,94,Asunafo South,2018,0,1590.178442,25.24212595,0.711594489,0.002672342,91677.67284,0.722427835,0.714511336,-0.07087377,1.232971764,1.094657961,0.533046031,-0.437874629
1835,94,Asunafo South,2019,0,1584.934948,25.64621883,0.687880973,0.002672342,93555.31151,0.729989889,0.722427835,0.443276643,1.213442793,0.924956248,0.584007475,-0.437874629
1836,94,Asunafo South,2020,0,1201.469462,25.46625407,0.679303748,0.002672342,95429.60666,0.737224568,0.729989889,0.214297213,-0.21474327,0.863574806,0.632687233,-0.437874629
1837,94,Asunafo South,2021,0,1371.986809,25.69372967,0.730153213,0.002672342,97352.83813,0.74415666,0.737224568,0.503727396,0.420334743,1.227470288,0.679259552,-0.437874629
1838,94,Asunafo South,2022,0,1356.705457,24.74856794,0.68459092,0.002672342,99238.34642,0.750814694,0.74415666,-0.698855763,0.36342059,0.90141155,0.723884001,-0.437874629
1839,94,Asunafo South,2023,0,1455.223437,25.52395645,0.666333002,0.002939616,101160.5155,0.757199387,0.750814694,0.287715248,0.730342805,0.770751888,0.766744243,-0.436950892
1840,94,Asunafo South,2024,0,1115.390585,24.99555927,0.661863029,0.002939616,103098.3196,0.763358502,0.757199387,-0.384594615,-0.535337053,0.738763292,0.807844886,-0.436950892
1841,95,Nkoranza South,2005,0,1129.865489,24.49801659,0.630399984,0.003468256,89380.37677,0.605341454,0.592148311,-1.017646538,-0.481426452,0.513603401,-0.254650255,-0.43512384
1842,95,Nkoranza South,2006,0,1145.108997,24.81770195,0.641488042,0.003468256,91603.4512,0.61816492,0.605341454,-0.610892628,-0.424653241,0.592953188,-0.169721088,-0.43512384
1843,95,Nkoranza South,2007,0,1368.16841,24.54194915,0.600718995,0.003468256,94263.43487,0.630396656,0.61816492,-0.961748632,0.406113425,0.301196491,-0.087171669,-0.43512384
1844,95,Nkoranza South,2008,0,1423.274612,24.54326091,0.612919131,0.003468256,96497.5231,0.642023419,0.630396656,-0.96007961,0.611352002,0.388504676,-0.008431438,-0.43512384
1845,95,Nkoranza South,2009,0,1295.867202,24.62215561,0.617686493,0.003468256,98783.34626,0.653151217,0.642023419,-0.859697386,0.136833447,0.422621483,0.066414358,-0.43512384
1846,95,Nkoranza South,2010,0,1244.421475,25.09913902,0.632617586,0.003468256,101296.2042,0.663878119,0.653151217,-0.252804194,-0.054771984,0.529473293,0.138048134,-0.43512384
1847,95,Nkoranza South,2011,0,1159.044086,24.68858637,0.61528317,0.003468256,103696.6717,0.674312022,0.663878119,-0.775173741,-0.372753136,0.405422516,0.20710119,-0.43512384
1848,95,Nkoranza South,2012,0,1262.482149,24.59295889,0.600451019,0.003468256,106275.8809,0.684437209,0.674312022,-0.896846035,0.012493531,0.29927877,0.274268102,-0.43512384
1849,95,Nkoranza South,2013,0,1164.69771,24.37386405,0.62273842,0.003468256,109363.7816,0.694210058,0.684437209,-1.175612897,-0.351696672,0.458774732,0.339447691,-0.43512384
1850,95,Nkoranza South,2014,0,1202.122701,24.89684908,0.620614881,0.003468256,111813.4482,0.703604355,0.694210058,-0.510189217,-0.212310332,0.443577991,0.40235916,-0.43512384
1851,95,Nkoranza South,2015,0,1006.882348,25.08743689,0.593450961,0.003468256,105612.8766,0.712531948,0.703604355,-0.267693478,-0.939467174,0.249184053,0.462833739,-0.43512384
1852,95,Nkoranza South,2016,0,1216.903444,25.12898035,0.559663418,0.003468256,108049.0058,0.721082147,0.712531948,-0.214835372,-0.157260656,0.007389292,0.520303974,-0.43512384
1853,95,Nkoranza South,2017,0,1111.45357,24.79158853,0.588326456,0.003735043,110531.6639,0.729138326,0.721082147,-0.644118215,-0.550000147,0.212511412,0.575344785,-0.434201786
1854,95,Nkoranza South,2018,0,1301.158763,25.06368103,0.613140571,0.003735043,112900.0229,0.920069803,0.729138326,-0.297919413,0.156541438,0.390089371,0.627205405,-0.434201786
1855,95,Nkoranza South,2019,0,1284.166787,25.71894609,0.601202796,0.003735043,115216.002,0.922247386,0.920069803,0.535811681,0.093256203,0.304658736,1.856302302,-0.434201786
1856,95,Nkoranza South,2020,0,1109.1685,25.42235846,0.573806317,0.003735043,117525.4526,0.924330697,0.922247386,0.158446327,-0.558510706,0.108600527,1.870320215,-0.434201786
1857,95,Nkoranza South,2021,0,1069.440498,25.38687342,0.598673889,0.003735043,119897.4214,0.926326875,0.924330697,0.113296694,-0.706474424,0.286561046,1.883731267,-0.434201786
1858,95,Nkoranza South,2022,0,1133.973585,24.5793049,0.600366804,0.003735043,122222.3227,0.928244135,0.926326875,-0.914218779,-0.466126182,0.298676103,1.896581406,-0.434201786
1859,95,Nkoranza South,2023,0,1336.216823,25.26232871,0.617458835,0.003735043,124591.2053,0.930082683,0.928244135,-0.045168651,0.287112335,0.420992291,1.908923522,-0.434201786
1860,95,Nkoranza South,2024,0,863.7570321,25.21308601,0.596907051,0.003735043,126977.0981,0.931856274,0.930082683,-0.107822943,-1.472525789,0.273916971,1.920758939,-0.434201786
1861,96,Bole,2005,0,973.0443928,25.47619377,0.545540907,0.000516991,71122.07505,0.520113658,0.517449436,0.226944066,-1.065493889,-0.093676033,-0.735514681,-0.445323819
1862,96,Bole,2006,0,1102.174804,25.71186248,0.556018388,0.000516991,72992.38272,0.523284165,0.520113658,0.526798807,-0.584558157,-0.018695737,-0.718364098,-0.445323819
1863,96,Bole,2007,0,1092.569128,25.23467877,0.547891963,0.000516991,74471.28622,0.527857233,0.523284165,-0.080349236,-0.620333719,-0.076851106,-0.697954362,-0.445323819
1864,96,Bole,2008,0,1116.699217,25.29851711,0.508608351,0.000516991,76123.49702,0.532634075,0.527857233,0.000875914,-0.530463162,-0.357977543,-0.668515823,-0.445323819
1865,96,Bole,2009,0,1188.533815,25.68465795,0.55540737,0.000516991,78981.84561,0.536639946,0.532634075,0.492184933,-0.262921034,-0.023068382,-0.63776552,-0.445323819
1866,96,Bole,2010,0,1016.939354,25.7457716,0.550814287,0.000516991,79439.09818,0.541470945,0.536639946,0.569943313,-0.902010668,-0.055937993,-0.611978235,-0.445323819
1867,96,Bole,2011,0,1003.828124,25.54113823,0.565195336,0.000516991,82100.06633,0.548380787,0.541470945,0.309576604,-0.950842382,0.04697752,-0.580879296,-0.445323819
1868,96,Bole,2012,0,1126.872033,25.43759352,0.547167699,0.000516991,85389.41301,0.550492693,0.548380787,0.177830767,-0.492575334,-0.082034172,-0.536398074,-0.445323819
1869,96,Bole,2013,0,998.459254,25.24952585,0.545063532,0.000516991,87276.80876,0.56441375,0.550492693,-0.061458454,-0.970838302,-0.097092283,-0.522802953,-0.445323819
1870,96,Bole,2014,0,1112.68647,25.80713038,0.547633018,0.000516991,89580.63025,0.577795571,0.56441375,0.64801359,-0.545408312,-0.0787042,-0.433187936,-0.445323819
1871,96,Bole,2015,0,883.5229083,25.91886056,0.518676844,0.000516991,106347.3389,0.590512591,0.577795571,0.790174266,-1.398909388,-0.285924097,-0.347044175,-0.445323819
1872,96,Bole,2016,0,1115.685342,26.02617026,0.503606838,0.000516991,108797.9023,0.596478764,0.590512591,0.926710519,-0.534239258,-0.393770008,-0.265179992,-0.445323819
1873,96,Bole,2017,0,857.2323335,25.75194563,0.538144909,0.000516991,111296.1229,0.606735486,0.596478764,0.577798877,-1.496826499,-0.146604222,-0.226773515,-0.445323819
1874,96,Bole,2018,0,1249.994426,25.80947763,0.546803242,0.000516991,113678.8963,0.61764057,0.606735486,0.651000123,-0.034015981,-0.084642347,-0.160747184,-0.445323819
1875,96,Bole,2019,0,1073.67696,26.3217377,0.547095687,0.000516991,116009.9314,0.628057404,0.61764057,1.30277782,-0.690696064,-0.082549514,-0.090547102,-0.445323819
1876,96,Bole,2020,0,894.7516018,26.19165267,0.543931492,0.000516991,118333.9322,0.638023272,0.628057404,1.137263226,-1.357089031,-0.105193534,-0.023490075,-0.445323819
1877,96,Bole,2021,4,868.4929012,25.8306982,0.538891652,0.000516991,120719.1529,0.758636869,0.638023272,0.678000261,-1.454887429,-0.14126029,0.040663927,-0.445323819
1878,96,Bole,2022,0,1021.212897,25.59765746,0.552474137,0.000516991,123056.1238,0.783920182,0.758636869,0.38148924,-0.886094205,-0.044059563,0.817098492,-0.445323819
1879,96,Bole,2023,0,1029.468495,26.17308157,0.571099862,0.000516991,125437.8943,0.789456638,0.783920182,1.113634153,-0.855346901,0.089232245,0.97985658,-0.445323819
1880,96,Bole,2024,0,850.3554111,26.42473707,0.549992432,0.000516991,127836.9707,0.794797484,0.789456638,1.43382979,-1.522439038,-0.061819457,1.015496801,-0.445323819
1881,97,Lower-Manya Krobo,2005,0,1275.828125,24.82138158,0.628008115,0.020858143,80825.93494,0.601534976,0.588214586,-0.606210823,0.062199534,0.496486401,-0.279973106,-0.375021988
1882,97,Lower-Manya Krobo,2006,0,1103.031798,25.24934211,0.633021645,0.020858143,81807.37398,0.614482125,0.601534976,-0.061692243,-0.581366353,0.532364873,-0.194224799,-0.375021988
1883,97,Lower-Manya Krobo,2007,0,1488.311129,25.24449013,0.627310573,0.020858143,82200.88567,0.626831835,0.614482125,-0.067865685,0.853575229,0.491494567,-0.110879192,-0.375021988
1884,97,Lower-Manya Krobo,2008,0,1553.988213,25.14965735,0.633367967,0.020858143,82162.41599,0.638570739,0.626831835,-0.188526845,1.098184192,0.534843266,-0.031379512,-0.375021988
1885,97,Lower-Manya Krobo,2009,0,1148.687774,25.05324836,0.632744227,0.020858143,83570.26365,0.649805864,0.638570739,-0.311193502,-0.411324378,0.53037958,0.044188172,-0.375021988
1886,97,Lower-Manya Krobo,2010,0,1541.819627,25.61746162,0.631857218,0.021669566,83232.76611,0.660636227,0.649805864,0.40668721,1.052863284,0.524031848,0.116512854,-0.372217598
1887,97,Lower-Manya Krobo,2011,0,1290.20011,25.22138158,0.646027964,0.022480969,82863.43839,0.671170765,0.660636227,-0.097268015,0.115726824,0.625442367,0.186231926,-0.369413277
1888,97,Lower-Manya Krobo,2012,0,1352.691886,24.92347862,0.634113275,0.023292366,83280.34196,0.681393609,0.671170765,-0.476306938,0.34847237,0.540176932,0.254046663,-0.366608979
1889,97,Lower-Manya Krobo,2013,0,1239.721491,24.91347314,0.626621718,0.023292366,84114.23369,0.691260718,0.681393609,-0.489037484,-0.072276691,0.486564891,0.319854908,-0.366608979
1890,97,Lower-Manya Krobo,2014,0,1409.586897,25.17587719,0.648926974,0.023292366,83989.81701,0.700745622,0.691260718,-0.15516584,0.560373218,0.646188633,0.383373157,-0.366608979
1891,97,Lower-Manya Krobo,2015,0,1093.739857,25.62695998,0.625256518,0.023292366,105813.1209,0.707962315,0.700745622,0.418772509,-0.615973432,0.47679507,0.444431014,-0.366608979
1892,97,Lower-Manya Krobo,2016,0,1280.709978,25.61832511,0.621382002,0.023505574,108252.769,0.711809975,0.707962315,0.407785873,0.080381599,0.449067759,0.490887546,-0.365872104
1893,97,Lower-Manya Krobo,2017,0,1305.626919,25.19063871,0.640880169,0.023505574,110728.4945,0.720133969,0.711809975,-0.136383925,0.173182722,0.588603053,0.515656367,-0.365872104
1894,97,Lower-Manya Krobo,2018,0,1232.907346,25.66759868,0.637800502,0.023505574,113099.6885,0.727894554,0.720133969,0.470479452,-0.09765542,0.566563943,0.569241009,-0.365872104
1895,97,Lower-Manya Krobo,2019,0,1198.06716,26.32266996,0.663132932,0.024317003,115404.0176,0.735307676,0.727894554,1.303963983,-0.227414865,0.747851134,0.61919878,-0.363067691
1896,97,Lower-Manya Krobo,2020,0,950.7297149,25.99564145,0.659289409,0.024317003,117720.957,0.742399869,0.735307676,0.887866964,-1.148603094,0.720345623,0.6669198,-0.363067691
1897,97,Lower-Manya Krobo,2021,0,1047.970943,26.35903235,0.668930284,0.025939789,120084.8288,0.749195435,0.742399869,1.350229926,-0.786436037,0.789338892,0.712574888,-0.357459119
1898,97,Lower-Manya Krobo,2022,0,1058.898849,25.09868421,0.650587352,0.025939789,122401.987,0.755722341,0.749195435,-0.253382873,-0.74573594,0.65807084,0.756320469,-0.357459119
1899,97,Lower-Manya Krobo,2023,1,1134.855263,25.91702303,0.65615686,0.025939789,124770.658,0.761981289,0.755722341,0.787836264,-0.462842442,0.697928075,0.798336589,-0.357459119
1900,97,Lower-Manya Krobo,2024,0,974.0298794,25.73972039,0.630661222,0.025939789,127163.103,0.768019101,0.761981289,0.562244016,-1.061823524,0.515472912,0.838627765,-0.357459119
1901,98,Kintampo North,2005,0,1041.638943,25.71481387,0.565689783,0.001669279,90141.84714,0.717327207,0.707877665,0.530554028,-0.810019058,0.050515944,0.490342622,-0.441341353
1902,98,Kintampo North,2006,0,1077.479436,25.98614222,0.550915578,0.001719579,92000.63519,0.726511969,0.717327207,0.875780552,-0.676534051,-0.055213119,0.551172838,-0.441167509
1903,98,Kintampo North,2007,0,1169.549476,25.66153924,0.546431563,0.001719579,93323.56896,0.735272907,0.726511969,0.462769681,-0.333626665,-0.087302207,0.610298569,-0.441167509
1904,98,Kintampo North,2008,0,1219.433795,25.76437528,0.53506668,0.001719579,95156.80905,0.743600535,0.735272907,0.593613827,-0.147836569,-0.168633042,0.666695982,-0.441167509
1905,98,Kintampo North,2009,0,1214.07289,25.95088568,0.567801394,0.001719579,96778.48709,0.751570781,0.743600535,0.830921645,-0.167802823,0.065627323,0.72030402,-0.441167509
1906,98,Kintampo North,2010,0,1109.441701,26.14633598,0.58516864,0.001719579,98676.46192,0.759253887,0.751570781,1.079604211,-0.557493189,0.189913042,0.771611459,-0.441167509
1907,98,Kintampo North,2011,0,1073.793936,25.93608029,0.579405869,0.001719579,100953.9999,0.766727133,0.759253887,0.812083905,-0.690260396,0.148672759,0.821070467,-0.441167509
1908,98,Kintampo North,2012,0,1151.409396,25.7302937,0.567428788,0.001719579,103398.9351,0.773979262,0.766727133,0.550249893,-0.401187917,0.062960835,0.869178532,-0.441167509
1909,98,Kintampo North,2013,0,1038.262225,25.57602905,0.576571246,0.001719579,104632.8504,0.778174593,0.773979262,0.353970182,-0.82259537,0.128387265,0.915863182,-0.441167509
1910,98,Kintampo North,2014,0,1139.043079,26.08772863,0.570759667,0.001719579,107190.808,0.784989382,0.778174593,1.005034738,-0.447245261,0.086797698,0.942870087,-0.441167509
1911,98,Kintampo North,2015,0,907.5289287,26.28859479,0.545105647,0.001719579,121832.1518,0.791465615,0.784989382,1.260608212,-1.309500914,-0.0967909,0.986739412,-0.441167509
1912,98,Kintampo North,2016,0,1146.189776,26.33337405,0.534416605,0.001719579,124607.0238,0.79766808,0.791465615,1.317583417,-0.420627971,-0.173285191,1.028429332,-0.441167509
1913,98,Kintampo North,2017,0,930.9735824,25.97380807,0.543425378,0.001719579,127427.6387,0.803512174,0.79766808,0.860087113,-1.222183205,-0.108815458,1.068356905,-0.441167509
1914,98,Kintampo North,2018,0,1238.376362,26.21015728,0.56167305,0.001719579,130120.5417,0.808960711,0.803512174,1.160807695,-0.077286518,0.021770885,1.105977512,-0.441167509
1915,98,Kintampo North,2019,0,1076.195867,26.78496641,0.570785907,0.001719579,132745.8422,0.814165302,0.808960711,1.892170116,-0.6813146,0.086985481,1.141051771,-0.441167509
1916,98,Kintampo North,2020,0,946.450168,26.70113,0.570045589,0.001719579,135382.7781,0.819144576,0.814165302,1.785500278,-1.164541919,0.081687524,1.174555657,-0.441167509
1917,98,Kintampo North,2021,0,942.5157793,26.30880417,0.546892313,0.001719579,138071.3109,0.823915594,0.819144576,1.286321749,-1.17919523,-0.084004931,1.206609097,-0.441167509
1918,98,Kintampo North,2022,0,1046.668584,26.06032441,0.569200096,0.001719579,140688.6429,0.828497992,0.823915594,0.970166784,-0.791286567,0.075636896,1.237321913,-0.441167509
1919,98,Kintampo North,2023,0,1246.291052,26.40280973,0.575858504,0.001719579,143359.8852,0.832892263,0.828497992,1.40593039,-0.047808897,0.123286652,1.266820513,-0.441167509
1920,98,Kintampo North,2024,0,818.6726051,26.80194866,0.583342293,0.001719579,146055.6478,0.837131279,0.832892263,1.913777604,-1.640439076,0.176843108,1.295108067,-0.441167509
1921,99,Atebubu-Amanten,2005,0,1145.744816,25.33341036,0.596223322,0.002250116,95530.41245,0.602027057,0.588723116,0.045272597,-0.422285186,0.269023981,-0.276699508,-0.4393339
1922,99,Atebubu-Amanten,2006,0,1126.142455,25.65184874,0.596943182,0.002250116,98972.63651,0.614958216,0.602027057,0.450439906,-0.49529259,0.274175536,-0.191057095,-0.4393339
1923,99,Atebubu-Amanten,2007,0,1373.460635,25.50365792,0.570597058,0.002250116,102688.448,0.621902293,0.614958216,0.261888268,0.425823889,0.085634014,-0.107814414,-0.4393339
1924,99,Atebubu-Amanten,2008,0,1416.385641,25.46391149,0.588316268,0.002250116,106802.4029,0.6241923,0.621902293,0.211316618,0.585694586,0.212438506,-0.06311281,-0.4393339
1925,99,Atebubu-Amanten,2009,0,1261.360442,25.54506157,0.570894972,0.002343862,110957.0668,0.630645962,0.6241923,0.314568497,0.008315823,0.087765987,-0.048371184,-0.439009903
1926,99,Atebubu-Amanten,2010,0,1292.973915,25.91350154,0.598148744,0.002343862,114655.3315,0.638502401,0.630645962,0.783355671,0.126057636,0.282802931,-0.006826561,-0.439009903
1927,99,Atebubu-Amanten,2011,0,1194.727278,25.57225617,0.586351874,0.002343862,119268.5586,0.646518334,0.638502401,0.349169728,-0.239853983,0.198380659,0.04374826,-0.439009903
1928,99,Atebubu-Amanten,2012,0,1232.151318,25.36493558,0.580076774,0.002343862,123295.1322,0.657507588,0.646518334,0.085383925,-0.100471185,0.153473982,0.0953498,-0.439009903
1929,99,Atebubu-Amanten,2013,0,1161.402292,25.26080123,0.586298651,0.002343862,127317.8104,0.665420546,0.657507588,-0.047112147,-0.363970189,0.197999776,0.166091709,-0.439009903
1930,99,Atebubu-Amanten,2014,0,1242.717845,25.66246795,0.590535979,0.002437607,132034.5172,0.675699297,0.665420546,0.463951323,-0.061117016,0.228323484,0.217030365,-0.438685906
1931,99,Atebubu-Amanten,2015,0,993.3153946,25.96727184,0.571922151,0.002437607,133598.5788,0.685467405,0.675699297,0.851770689,-0.989996189,0.095116819,0.283198506,-0.438685906
1932,99,Atebubu-Amanten,2016,0,1254.278261,25.98705245,0.552937467,0.002437607,136679.2765,0.694822588,0.685467405,0.8769387,-0.018061183,-0.040743823,0.346079448,-0.438685906
1933,99,Atebubu-Amanten,2017,0,1097.040236,25.62813796,0.551382685,0.002437607,139817.7575,0.703637241,0.694822588,0.420271322,-0.603681442,-0.051870353,0.406302242,-0.438685906
1934,99,Atebubu-Amanten,2018,0,1282.288676,25.92918104,0.576759778,0.002437607,142812.5559,0.711855274,0.703637241,0.803305604,0.086261333,0.129736464,0.463045435,-0.438685906
1935,99,Atebubu-Amanten,2019,0,1356.918927,26.73454684,0.573020438,0.002437607,145740.8493,0.719705363,0.711855274,1.828018423,0.364215643,0.102976521,0.515947971,-0.438685906
1936,99,Atebubu-Amanten,2020,0,1117.349584,26.58514831,0.549877706,0.002437607,148661.0819,0.727215606,0.719705363,1.637930161,-0.528040924,-0.062640475,0.566481912,-0.438685906
1937,99,Atebubu-Amanten,2021,0,1006.070024,26.35777011,0.540790193,0.002437607,151659.4139,0.734411737,0.727215606,1.34862391,-0.942492606,-0.127673705,0.614828143,-0.438685906
1938,99,Atebubu-Amanten,2022,0,1039.125613,25.71446864,0.568027241,0.002437607,154597.7927,0.741323372,0.734411737,0.530114774,-0.819379749,0.067243562,0.661152311,-0.438685906
1939,99,Atebubu-Amanten,2023,0,1347.626547,26.10518218,0.565303718,0.002437607,157592.5765,0.747951254,0.741323372,1.027241889,0.329606927,0.047753137,0.705645075,-0.438685906
1940,99,Atebubu-Amanten,2024,0,862.6689987,26.51786381,0.543145406,0.002437607,160608.8639,0.754344966,0.747951254,1.552320258,-1.476578081,-0.110819026,0.748311217,-0.438685906
1941,100,Kpandai,2005,0,1204.457434,25.93959813,0.535841649,0.000433793,53693.48066,0.568176173,0.553740622,0.816559851,-0.203614811,-0.163087111,-0.501894828,-0.445611363
1942,100,Kpandai,2006,0,1181.148452,26.1403338,0.526513297,0.000433793,55279.92695,0.582207234,0.568176173,1.071967291,-0.29042722,-0.229843862,-0.408967821,-0.445611363
1943,100,Kpandai,2007,0,1401.853232,26.02638533,0.533263949,0.000433793,57144.77601,0.595590841,0.582207234,0.92698416,0.53156981,-0.181533983,-0.318644663,-0.445611363
1944,100,Kpandai,2008,0,1449.829149,25.94926067,0.526388449,0.000433793,59597.86243,0.608312505,0.595590841,0.828854055,0.710252217,-0.230737313,-0.232489407,-0.445611363
1945,100,Kpandai,2009,0,1394.86875,26.18514384,0.526830956,0.000433793,63564.92381,0.620488216,0.608312505,1.128981664,0.505556677,-0.227570592,-0.150595328,-0.445611363
1946,100,Kpandai,2010,0,1407.762243,26.33986165,0.51900079,0.000433793,64858.53535,0.632225278,0.620488216,1.325837956,0.553577442,-0.283605828,-0.072215748,-0.445611363
1947,100,Kpandai,2011,0,1271.476173,26.17433204,0.510010085,0.000433793,68632.93652,0.643641749,0.632225278,1.115225194,0.045991042,-0.347946269,0.003340084,-0.445611363
1948,100,Kpandai,2012,0,1253.947442,25.87929507,0.511990025,0.000433793,72485.4092,0.654720432,0.643641749,0.739832839,-0.019293294,-0.333777169,0.076832154,-0.445611363
1949,100,Kpandai,2013,0,1137.17722,25.8502928,0.51788777,0.000433793,76074.49723,0.665413598,0.654720432,0.702931598,-0.454194503,-0.291570966,0.148149751,-0.445611363
1950,100,Kpandai,2014,0,1321.715687,26.16157675,0.49437754,0.000433793,76334.26387,0.675692562,0.665413598,1.098995913,0.233104032,-0.459817902,0.216985639,-0.445611363
1951,100,Kpandai,2015,0,1033.480638,26.4984518,0.515473116,0.000433793,81180.10317,0.685460873,0.675692562,1.527621243,-0.840404,-0.308851024,0.283155153,-0.445611363
1952,100,Kpandai,2016,0,1276.068443,26.58448503,0.491482019,0.000433793,83167.46663,0.694816251,0.685460873,1.637086231,0.063094579,-0.4805392,0.346037402,-0.445611363
1953,100,Kpandai,2017,0,1173.416807,26.09368275,0.500188291,0.000433793,85190.10229,0.703631086,0.694816251,1.0126105,-0.319223104,-0.418234257,0.406261446,-0.445611363
1954,100,Kpandai,2018,0,1370.137252,26.41462924,0.519861324,0.000433793,87136.22051,1,0.703631086,1.420969019,0.413446219,-0.277447568,0.463005817,-0.445611363
1955,100,Kpandai,2019,0,1334.821023,26.96874314,0.504102741,0.000433793,89037.742,1,1,2.125999731,0.281913793,-0.390221167,2.370842699,-0.445611363
1956,100,Kpandai,2020,0,1011.865603,26.84905205,0.516906631,0.000433793,90924.7585,1,1,1.97370993,-0.920907444,-0.298592323,2.370842699,-0.445611363
1957,100,Kpandai,2021,0,1021.889247,26.85166532,0.503494868,0.000433793,92865.04504,1,1,1.977034954,-0.883575197,-0.394571306,2.370842699,-0.445611363
1958,100,Kpandai,2022,0,1287.208257,26.22113681,0.506861742,0.000433793,94777.63609,1,1,1.174777576,0.104583912,-0.37047685,2.370842699,-0.445611363
1959,100,Kpandai,2023,0,1629.363883,26.62137106,0.51757685,0.000433793,96732.89329,1,1,1.684018425,1.378914754,-0.293796017,2.370842699,-0.445611363
1960,100,Kpandai,2024,1,1120.063905,27.01686187,0.483660968,0.000433793,98686.71067,1,1,2.187223938,-0.517931656,-0.536509206,2.370842699,-0.445611363
1961,101,Nkwanta North,2005,0,1177.062609,26.01013989,0.531389568,0.002127429,58790.58237,0.60699026,0.593852235,0.906314155,-0.305644611,-0.194947666,-0.243681459,-0.439757925
1962,101,Nkwanta North,2006,0,1159.617769,26.20742533,0.538779118,0.002127429,60731.33428,0.619265893,0.60699026,1.157331675,-0.370616499,-0.142065615,-0.15910711,-0.439757925
1963,101,Nkwanta North,2007,0,1370.441134,26.15160681,0.536435564,0.002127429,62563.31538,0.631462361,0.619265893,1.086310582,0.414578004,-0.158836859,-0.080084293,-0.439757925
1964,101,Nkwanta North,2008,0,1420.022457,26.02499811,0.533458111,0.002127429,64508.13439,0.643055599,0.631462361,0.92521912,0.599239616,-0.180144495,-0.0015711,-0.439757925
1965,101,Nkwanta North,2009,0,1376.185558,26.29908885,0.531669355,0.002127429,65811.86312,0.654151312,0.643055599,1.273960393,0.435972642,-0.192945419,0.073058888,-0.439757925
1966,101,Nkwanta North,2010,0,1396.607183,26.40742533,0.520203483,0.002127429,68337.07738,0.664847284,0.654151312,1.411803079,0.512031329,-0.274998966,0.144486117,-0.439757925
1967,101,Nkwanta North,2011,0,1238.943289,26.33516446,0.51438298,0.002127429,70553.90293,0.675251103,0.664847284,1.319861455,-0.075175042,-0.316652399,0.213340067,-0.439757925
1968,101,Nkwanta North,2012,0,1242.620189,25.97157656,0.522565136,0.002127429,73139.94467,0.685347094,0.675251103,0.857247835,-0.061480727,-0.258098197,0.280313312,-0.439757925
1969,101,Nkwanta North,2013,0,1104.359168,25.95848771,0.518641999,0.002127429,75692.73048,0.695091765,0.685347094,0.840594149,-0.576422671,-0.286173456,0.345304964,-0.439757925
1970,101,Nkwanta North,2014,0,1285.295652,26.26390548,0.51970091,0.002127429,78276.14989,0.704458975,0.695091765,1.229194592,0.09746057,-0.278595545,0.408035035,-0.439757925
1971,101,Nkwanta North,2015,0,1007.799698,26.58498677,0.517680813,0.002127429,113596.3929,0.713360826,0.704458975,1.63772462,-0.936050578,-0.293052023,0.468335244,-0.439757925
1972,101,Nkwanta North,2016,0,1216.866087,26.6854518,0.511062631,0.002127429,116238.1801,0.721886372,0.713360826,1.765552004,-0.157399789,-0.340413902,0.52563977,-0.439757925
1973,101,Nkwanta North,2017,0,1150.425331,26.19409452,0.494187661,0.002127429,118925.8452,0.728935363,0.721886372,1.140370122,-0.404852989,-0.461176733,0.580521878,-0.439757925
1974,101,Nkwanta North,2018,0,1345.118563,26.42469565,0.527339408,0.002127429,121492.1975,0.875029476,0.728935363,1.433777094,0.320266145,-0.223931939,0.625898852,-0.439757925
1975,101,Nkwanta North,2019,0,1194.060643,27.03910775,0.509366993,0.002127429,123994.8923,0.878434118,0.875029476,2.21552864,-0.242336814,-0.352548445,1.566360976,-0.439757925
1976,101,Nkwanta North,2020,0,987.8097543,26.9807259,0.514126887,0.002127429,126498.1187,0.881691367,0.878434118,2.14124608,-1.010501499,-0.31848508,1.588277925,-0.439757925
1977,101,Nkwanta North,2021,0,1006.9938,26.94259357,0.50124261,0.002127429,129065.995,0.892031019,0.881691367,2.092728149,-0.93905208,-0.4106892,1.609246047,-0.439757925
1978,101,Nkwanta North,2022,0,1333.956975,26.34627599,0.511543413,0.002127429,131581.4265,0.89484079,0.892031019,1.333999289,0.278695717,-0.33697327,1.675806231,-0.439757925
1979,101,Nkwanta North,2023,0,1634.926805,26.73626465,0.514065026,0.002127429,134145.8923,0.897535208,0.89484079,1.830204096,1.399633407,-0.318927782,1.693893771,-0.439757925
1980,101,Nkwanta North,2024,0,1054.053081,27.14534594,0.486518001,0.002127429,136730.7223,0.900134429,0.897535208,2.350701541,-0.763783607,-0.516063344,1.711238739,-0.439757925
1981,102,Biakoye,2005,0,1386.345557,25.16946913,0.487182574,0.003195773,84917.65696,0.607674399,0.594559245,-0.163319188,0.473812735,-0.511307439,-0.239130177,-0.436065578
1982,102,Biakoye,2006,0,1369.696536,25.4577372,0.502305643,0.003195773,86919.93875,0.619500349,0.607674399,0.203460718,0.411804808,-0.403081792,-0.154703053,-0.436065578
1983,102,Biakoye,2007,0,1712.7,25.38427711,0.482346053,0.003195773,87104.29294,0.628505857,0.619500349,0.109993256,1.689293355,-0.545919173,-0.078575018,-0.436065578
1984,102,Biakoye,2008,0,1689.116943,25.2800113,0.48584623,0.003195773,87942.7539,0.6401921,0.628505857,-0.022670084,1.601460174,-0.520870755,-0.02060321,-0.436065578
1985,102,Biakoye,2009,0,1467.242018,25.27158509,0.499964936,0.003195773,89377.47981,0.647692195,0.6401921,-0.033391224,0.775105035,-0.419832655,0.054625478,-0.436065578
1986,102,Biakoye,2010,0,1738.030422,25.75408133,0.49783811,0.003195773,90817.38917,0.654374133,0.647692195,0.580516247,1.783634454,-0.435052926,0.102906375,-0.436065578
1987,102,Biakoye,2011,0,1464.912199,25.44774096,0.497845167,0.003195773,91343.5075,0.661123715,0.654374133,0.190741938,0.766427812,-0.43500242,0.145920495,-0.436065578
1988,102,Biakoye,2012,0,1486.326958,25.17448042,0.486238662,0.003195773,92748.9442,0.667438528,0.661123715,-0.156943031,0.846185343,-0.518062385,0.189370065,-0.436065578
1989,102,Biakoye,2013,0,1473.717244,25.09521461,0.509329528,0.003195773,94041.62835,0.673532974,0.667438528,-0.257797445,0.799221488,-0.352816561,0.230020867,-0.436065578
1990,102,Biakoye,2014,0,1638.181627,25.44482681,0.497442219,0.003195773,96002.2332,0.678934238,0.673532974,0.18703409,1.411755725,-0.43788605,0.269253081,-0.436065578
1991,102,Biakoye,2015,0,1244.490512,25.85522967,0.527701929,0.003195773,65264.55078,0.688604908,0.678934238,0.709213052,-0.054514861,-0.221337623,0.304023024,-0.436065578
1992,102,Biakoye,2016,0,1403.832907,25.84425452,0.485938382,0.003195773,66771.34434,0.697866772,0.688604908,0.695248742,0.538942948,-0.520211289,0.366276721,-0.436065578
1993,102,Biakoye,2017,1,1386.148042,25.3387613,0.516607985,0.003195773,68315.9636,0.706593497,0.697866772,0.052080891,0.473077107,-0.30072953,0.425898785,-0.436065578
1994,102,Biakoye,2018,0,1521.280196,25.85499247,0.504258526,0.003195773,69789.27912,0.714729554,0.706593497,0.70891125,0.976365839,-0.389106315,0.482075957,-0.436065578
1995,102,Biakoye,2019,0,1776.394051,26.2569503,0.510840529,0.003195773,71236.49932,0.722501338,0.714729554,1.220345119,1.926516677,-0.342003339,0.534450783,-0.436065578
1996,102,Biakoye,2020,0,1231.535467,25.99049322,0.513915567,0.003195773,72672.61326,0.92407589,0.722501338,0.881316585,-0.102764874,-0.319997361,0.584480641,-0.436065578
1997,102,Biakoye,2021,0,1188.937877,26.40313253,0.532395586,0.003195773,74148.58,0.932378103,0.92407589,1.406341104,-0.261416141,-0.187748274,1.882090979,-0.436065578
1998,102,Biakoye,2022,0,1441.64759,25.34905497,0.530979338,0.003195773,75598.31893,0.934137887,0.932378103,0.065178121,0.679780667,-0.197883404,1.93553541,-0.436065578
1999,102,Biakoye,2023,0,1446.899172,26.05291792,0.508988297,0.003195773,77071.54987,0.935825424,0.934137887,0.960743089,0.699339755,-0.355258519,1.946863791,-0.436065578
2000,102,Biakoye,2024,2,1082.051054,25.95864081,0.513640045,0.003195773,78552.7889,0.937453338,0.935825424,0.840788948,-0.65950743,-0.321969087,1.957727093,-0.436065578
2001,103,Central Gonja,2005,0,1059.813455,25.8370224,0.510581703,0.000162422,73471.09088,0.526995793,0.511183613,0.68604691,-0.742329563,-0.343855586,-0.775850118,-0.446549258
2002,103,Central Gonja,2006,0,1058.536794,26.04662093,0.499963203,0.000162422,75240.26317,0.54236491,0.526995793,0.952731061,-0.747084383,-0.419845062,-0.674061234,-0.446549258
2003,103,Central Gonja,2007,0,1095.969333,25.70165008,0.494041803,0.000162422,76703.05845,0.55702483,0.54236491,0.513804984,-0.607669931,-0.462220547,-0.575124513,-0.446549258
2004,103,Central Gonja,2008,0,1185.355302,25.79019049,0.49589445,0.000162422,78187.65747,0.57095968,0.55702483,0.626459997,-0.27475915,-0.44896239,-0.480753161,-0.446549258
2005,103,Central Gonja,2009,0,1221.819768,26.1089968,0.517883428,0.000162422,80207.78152,0.584296514,0.57095968,1.032095442,-0.138950206,-0.291602043,-0.391049347,-0.446549258
2006,103,Central Gonja,2010,0,1127.236228,26.12466461,0.522009313,0.000162422,82041.74654,0.597152867,0.584296514,1.052030495,-0.491218919,-0.262075849,-0.305195189,-0.446549258
2007,103,Central Gonja,2011,0,1059.77631,26.05452498,0.515799351,0.000162422,83532.60782,0.609658057,0.597152867,0.962787839,-0.742467905,-0.306516381,-0.222434063,-0.446549258
2008,103,Central Gonja,2012,1,1103.090237,25.77892216,0.511713694,0.000162422,86056.88388,0.621793245,0.609658057,0.612122657,-0.581148704,-0.335754683,-0.141933507,-0.446549258
2009,103,Central Gonja,2013,0,986.934501,25.68519367,0.516240794,0.000162422,87980.15288,0.633506153,0.621793245,0.492866555,-1.013761309,-0.303357271,-0.063814789,-0.446549258
2010,103,Central Gonja,2014,0,1123.50011,26.13551864,0.51747948,0.000162422,89722.36577,0.644765359,0.633506153,1.065840697,-0.505133789,-0.294492828,0.011585553,-0.446549258
2011,103,Central Gonja,2015,0,914.7012758,26.33835737,0.489993742,0.000162422,127721.9176,0.655465213,0.644765359,1.323923978,-1.28278809,-0.4911898,0.084065247,-0.446549258
2012,103,Central Gonja,2016,0,1144.27174,26.37904601,0.487741445,0.000162422,130720.8053,0.662277605,0.655465213,1.375694453,-0.427771539,-0.507307975,0.152944188,-0.446549258
2013,103,Central Gonja,2017,0,936.6020737,26.08789156,0.50461971,0.000162422,133777.1128,0.662987548,0.662277605,1.005242041,-1.201220347,-0.386521563,0.196798084,-0.446549258
2014,103,Central Gonja,2018,0,1237.664504,26.20808325,0.522883268,0.000162422,136691.2584,0.797644343,0.662987548,1.158168789,-0.079937774,-0.255821547,0.201368249,-0.446549258
2015,103,Central Gonja,2019,0,988.2488108,26.94451654,0.52274118,0.000162422,139537.2266,0.803157232,0.797644343,2.095174849,-1.008866268,-0.256838373,1.068204103,-0.446549258
2016,103,Central Gonja,2020,0,953.0788597,26.87263037,0.534373035,0.000162422,142381.6317,0.808431458,0.803157232,2.003709981,-1.139853895,-0.173596992,1.103692619,-0.446549258
2017,103,Central Gonja,2021,3,880.9911879,26.37646266,0.508026696,0.000162422,145294.7698,0.838277827,0.808431458,1.372407505,-1.408338575,-0.362140054,1.13764477,-0.446549258
2018,103,Central Gonja,2022,1,1101.005524,26.09874888,0.529268527,0.000162422,148151.6728,0.87289622,0.838277827,1.019056426,-0.588913047,-0.210126531,1.329776945,-0.446549258
2019,103,Central Gonja,2023,0,1236.627239,26.49512429,0.53013259,0.000162422,151061.6445,0.876152908,0.87289622,1.523387466,-0.083800984,-0.203943011,1.552628416,-0.446549258
2020,103,Central Gonja,2024,0,991.4449243,26.51495813,0.521237696,0.000162422,153994.0263,0.879294532,0.876152908,1.548623193,-0.996962603,-0.267597795,1.573592923,-0.446549258
2021,104,Pru West,2005,0,1109.02806,25.39942201,0.584930503,0.000545475,48111.79447,0.596320227,0.588723116,0.129262974,-0.559033762,0.188208857,-0.276699508,-0.445225376
2022,104,Pru West,2006,0,1109.188699,25.72425173,0.582983384,0.000545475,50577.46615,0.609436816,0.596320227,0.542562348,-0.558435475,0.174274632,-0.22779408,-0.445225376
2023,104,Pru West,2007,0,1293.997794,25.51544033,0.573762706,0.000545475,52846.75562,0.621948148,0.609436816,0.276879702,0.129870989,0.108288432,-0.143357721,-0.445225376
2024,104,Pru West,2008,0,1342.944263,25.49939802,0.580171716,0.000545475,54627.26329,0.63384068,0.621948148,0.256468161,0.31216814,0.154153417,-0.062817621,-0.445225376
2025,104,Pru West,2009,0,1256.551324,25.616757,0.575644438,0.000545475,58467.80371,0.645222841,0.63384068,0.405790682,-0.009595346,0.121754728,0.013739023,-0.445225376
2026,104,Pru West,2010,0,1215.72784,25.91791779,0.599038235,0.000545475,58955.74009,0.656194941,0.645222841,0.788974718,-0.161639099,0.289168427,0.087010226,-0.445225376
2027,104,Pru West,2011,0,1150.577705,25.6613632,0.591066908,0.000545475,62073.31677,0.666867346,0.656194941,0.46254569,-0.404285483,0.232122986,0.157641718,-0.445225376
2028,104,Pru West,2012,0,1204.24151,25.42416059,0.585251661,0.000545475,63131.21262,0.677223977,0.666867346,0.160739285,-0.204419,0.190507169,0.226343953,-0.445225376
2029,104,Pru West,2013,0,1116.350585,25.29180017,0.602328454,0.000545475,66353.35572,0.687220218,0.677223977,-0.007670422,-0.531761612,0.31271431,0.293013436,-0.445225376
2030,104,Pru West,2014,0,1203.891932,25.73646153,0.60893773,0.000545475,67919.17047,0.696829252,0.687220218,0.558097578,-0.205720975,0.36001246,0.357362955,-0.445225376
2031,104,Pru West,2015,0,952.3542306,26.02239783,0.585637404,0.000545475,43520.84693,0.705960914,0.696829252,0.921910638,-1.142552717,0.193267674,0.419219881,-0.445225376
2032,104,Pru West,2016,0,1212.916875,26.06992757,0.560306971,0.000545475,44493.32205,0.714706557,0.705960914,0.982385435,-0.17210831,0.011994771,0.478003788,-0.445225376
2033,104,Pru West,2017,0,1027.457646,25.66779068,0.557630312,0.000545475,45501.90085,0.721842248,0.714706557,0.470723733,-0.862836146,-0.007160278,0.534302739,-0.445225376
2034,104,Pru West,2018,0,1272.897448,25.98051612,0.577366854,0.000545475,46466.36068,0.729555463,0.721842248,0.868622144,0.051284466,0.134080903,0.580237835,-0.445225376
2035,104,Pru West,2019,0,1186.579,26.69485083,0.588219154,0.000545475,47395.51763,0.736923335,0.729555463,1.777510924,-0.270201583,0.211743527,0.629890667,-0.445225376
2036,104,Pru West,2020,0,1055.995443,26.51187164,0.577935554,0.000545475,48336.28328,0.743972239,0.736923335,1.544696077,-0.756549438,0.138150706,0.677320403,-0.445225376
2037,104,Pru West,2021,0,987.6464409,26.29478607,0.565244617,0.000545475,49322.86832,0.750726325,0.743972239,1.268485726,-1.011109746,0.047330186,0.722696816,-0.445225376
2038,104,Pru West,2022,0,965.2451074,25.86262471,0.585952952,0.000545475,50273.04482,0.757213391,0.750726325,0.718622188,-1.094541694,0.19552584,0.766175378,-0.445225376
2039,104,Pru West,2023,0,1262.166059,26.22922103,0.589761452,0.000545475,51237.74411,0.763434135,0.757213391,1.185063584,0.011316279,0.222780713,0.807935035,-0.445225376
2040,104,Pru West,2024,0,835.3946182,26.68420472,0.577796524,0.000545475,52212.43735,0.769435093,0.763434135,1.763965278,-1.578159296,0.137155757,0.847980276,-0.445225376
2041,105,Savelugu,2005,0,1080.824482,26.11230318,0.425813425,0.001685448,77329.07382,0.561100384,0.546428295,1.036302336,-0.664075698,-0.950485236,-0.548966992,-0.441285471
2042,105,Savelugu,2006,0,1040.637734,26.31518991,0.439098942,0.001685448,80808.90152,0.575361356,0.561100384,1.294446693,-0.81374798,-0.85540971,-0.454517299,-0.441285471
2043,105,Savelugu,2007,0,1064.809922,25.85631808,0.438010004,0.001685448,84636.14893,0.588964265,0.575361356,0.710597896,-0.723720629,-0.863202511,-0.362714123,-0.441285471
2044,105,Savelugu,2008,0,1144.423613,25.67402788,0.446013019,0.001685448,89685.41227,0.601894384,0.588964265,0.478659684,-0.4272059,-0.805930305,-0.275147142,-0.441285471
2045,105,Savelugu,2009,0,1216.290987,26.44783283,0.448835392,0.001685448,89408.92657,0.614269604,0.601894384,1.463215851,-0.159541701,-0.785732473,-0.191911161,-0.441285471
2046,105,Savelugu,2010,0,1132.37045,26.26912918,0.456363727,0.001685448,94436.94665,0.626198987,0.614269604,1.235841005,-0.472096928,-0.731857237,-0.112247267,-0.441285471
2047,105,Savelugu,2011,0,1043.505108,26.30987923,0.41971923,0.001685448,99716.24736,0.637802527,0.626198987,1.287689608,-0.803068679,-0.994097299,-0.035453391,-0.441285471
2048,105,Savelugu,2012,0,1068.890344,25.97859642,0.445675903,0.001685448,103590.4278,0.649062743,0.637802527,0.866179607,-0.708523428,-0.808342814,0.039242907,-0.441285471
2049,105,Savelugu,2013,0,944.3930244,25.90979175,0.431960462,0.001685448,106516.0742,0.659931125,0.649062743,0.778635498,-1.172203583,-0.906495019,0.111729102,-0.441285471
2050,105,Savelugu,2014,0,1111.861279,26.31374231,0.418979271,0.001685448,111517.1123,0.670378519,0.659931125,1.292604831,-0.548481669,-0.999392689,0.181692922,-0.441285471
2051,105,Savelugu,2015,0,945.0055872,26.35256504,0.394692745,0.001685448,110847.5984,0.680306891,0.670378519,1.342001207,-1.169922143,-1.173195044,0.248946678,-0.441285471
2052,105,Savelugu,2016,0,1112.545911,26.56509115,0.401931197,0.001685448,113466.8642,0.687322682,0.680306891,1.612410285,-0.545931812,-1.121394309,0.312859304,-0.441285471
2053,105,Savelugu,2017,0,919.5141938,26.36950166,0.436627791,0.001685448,116136.305,0.695635442,0.687322682,1.363550637,-1.264862768,-0.873094082,0.358022559,-0.441285471
2054,105,Savelugu,2018,0,1192.960607,26.2329364,0.436608987,0.001685448,118677.6498,0.704075362,0.695635442,1.189790858,-0.246433807,-0.873228643,0.411534884,-0.441285471
2055,105,Savelugu,2019,0,839.8228455,27.11987697,0.430461082,0.001685448,121152.7805,0.712137404,0.704075362,2.318295921,-1.561666723,-0.917225073,0.465865789,-0.441285471
2056,105,Savelugu,2020,0,1169.065805,26.7372933,0.438260135,0.001685448,123637.3083,0.865483305,0.712137404,1.831512907,-0.335428057,-0.861412492,0.517764147,-0.441285471
2057,105,Savelugu,2021,0,825.3023308,26.5894125,0.413970945,0.001685448,126178.9564,0.869031894,0.865483305,1.643355725,-1.615747201,-1.035233911,1.504908721,-0.441285471
2058,105,Savelugu,2022,0,1136.33529,26.28602348,0.426926744,0.001685448,128673.5244,0.872440191,0.869031894,1.257336579,-0.457330203,-0.942517957,1.527752308,-0.441285471
2059,105,Savelugu,2023,0,937.4611434,26.82651391,0.436403824,0.001685448,131215.1207,0.875708563,0.872440191,1.945033377,-1.198020811,-0.874696861,1.549692784,-0.441285471
2060,105,Savelugu,2024,0,932.258141,26.78930527,0.403438884,0.001685448,133779.3019,0.877735913,0.875708563,1.897690695,-1.217398971,-1.110604805,1.570732509,-0.441285471
2061,106,Karaga,2005,0,1097.70913,25.90529407,0.434988531,0.000392104,78383.31195,0.562010484,0.547368818,0.772912846,-0.601190197,-0.88482516,-0.542912495,-0.445755448
2062,106,Karaga,2006,0,1044.309575,26.12551261,0.444527289,0.000392104,81308.19218,0.574828604,0.562010484,1.053109446,-0.800072505,-0.816562675,-0.448658652,-0.445755448
2063,106,Karaga,2007,0,1099.277668,25.70210466,0.448806926,0.000392104,85379.86005,0.588448579,0.574828604,0.514383378,-0.595348308,-0.78593619,-0.366143647,-0.445755448
2064,106,Karaga,2008,0,1174.419557,25.54814403,0.45191186,0.000392104,88944.7648,0.600630718,0.588448579,0.318490487,-0.315488442,-0.763716258,-0.278466805,-0.445755448
2065,106,Karaga,2009,0,1245.678414,26.26520226,0.455531295,0.000392104,92837.59218,0.61304522,0.600630718,1.230844563,-0.050090618,-0.737814392,-0.200045845,-0.445755448
2066,106,Karaga,2010,0,1157.791465,26.10948356,0.466829507,0.000392104,96604.30442,0.62501247,0.61304522,1.032714772,-0.377418421,-0.656960674,-0.120129082,-0.445755448
2067,106,Karaga,2011,0,1067.980554,26.13534011,0.43477553,0.000392104,99715.68058,0.633981482,0.62501247,1.065613534,-0.711911866,-0.886349466,-0.043091447,-0.445755448
2068,106,Karaga,2012,0,1083.165516,25.81039897,0.458382693,0.000392104,102828.9347,0.644564909,0.633981482,0.652172402,-0.655356709,-0.717408855,0.014645419,-0.445755448
2069,106,Karaga,2013,0,952.074027,25.71791809,0.445120219,0.000392104,105397.1304,0.654878965,0.644564909,0.534503699,-1.143596313,-0.812319475,0.082774875,-0.445755448
2070,106,Karaga,2014,0,1112.244861,26.07927349,0.42831954,0.000392104,114973.607,0.665481568,0.654878965,0.994276777,-0.54705305,-0.932550651,0.14917029,-0.445755448
2071,106,Karaga,2015,0,958.9542292,26.16468371,0.395070849,0.000392104,116246.4973,0.67555744,0.665481568,1.102949068,-1.117971559,-1.170489208,0.217423188,-0.445755448
2072,106,Karaga,2016,0,1119.738074,26.35751515,0.40890329,0.000392104,118856.9794,0.678609712,0.67555744,1.348299506,-0.519145184,-1.071499714,0.282285317,-0.445755448
2073,106,Karaga,2017,0,956.9635685,26.20263381,0.437002607,0.000392104,121515.5162,0.685334811,0.678609712,1.151235146,-1.125385613,-0.870411771,0.301933931,-0.445755448
2074,106,Karaga,2018,0,1185.164854,26.06147578,0.433048185,0.000392104,124044.8894,0.694060364,0.685334811,0.971631738,-0.275468455,-0.898710917,0.345225889,-0.445755448
2075,106,Karaga,2019,0,910.2388549,26.8667553,0.436428083,0.000392104,126512.9189,0.702395249,0.694060364,1.996234788,-1.299408014,-0.874523253,0.401395519,-0.445755448
2076,106,Karaga,2020,0,1189.290579,26.47653253,0.440554538,0.000392104,128988.8803,0.860930846,0.702395249,1.499732108,-0.26010253,-0.844992988,0.455050276,-0.445755448
2077,106,Karaga,2021,0,839.2676667,26.43489695,0.404712419,0.000392104,131537.3591,0.864599531,0.860930846,1.446756786,-1.563734441,-1.10149097,1.475602855,-0.445755448
2078,106,Karaga,2022,0,1232.423737,26.0703614,0.431670735,0.000392104,134033.2921,0.868123175,0.864599531,0.982937426,-0.099456583,-0.908568399,1.499219539,-0.445755448
2079,106,Karaga,2023,0,927.1393761,26.60395799,0.422047363,0.000392104,136572.1451,0.871502159,0.868123175,1.661862783,-1.236463395,-0.977436414,1.521902549,-0.445755448
2080,106,Karaga,2024,0,911.3373284,26.84522317,0.396967038,0.000392104,139136.0697,0.874761759,0.871502159,1.968838228,-1.295316839,-1.156919459,1.543654322,-0.445755448
2081,107,East Gonja,2005,0,1130.317869,25.79310696,0.500321532,0.000454029,107997.9897,0.568176173,0.553740622,0.630170791,-0.479741598,-0.417280739,-0.501894828,-0.445541427
2082,107,East Gonja,2006,0,1104.155716,26.03113093,0.494413947,0.000454029,111907.749,0.582207234,0.568176173,0.933022261,-0.577180413,-0.459557358,-0.408967821,-0.445541427
2083,107,East Gonja,2007,0,1263.013886,25.86189557,0.502582799,0.000454029,115745.2894,0.595590841,0.582207234,0.717694453,0.01447394,-0.401098368,-0.318644663,-0.445541427
2084,107,East Gonja,2008,0,1338.328659,25.84759682,0.478694615,0.000454029,118860.3243,0.608312505,0.595590841,0.699501349,0.294977697,-0.572050065,-0.232489407,-0.445541427
2085,107,East Gonja,2009,0,1286.826383,26.0202584,0.488892285,0.000454029,120646.4357,0.620488216,0.608312505,0.91918852,0.103161652,-0.499072183,-0.150595328,-0.445541427
2086,107,East Gonja,2010,0,1254.913927,26.19625347,0.498824807,0.000454029,125129.2455,0.628973162,0.620488216,1.143117077,-0.015693698,-0.427991792,-0.072215748,-0.445541427
2087,107,East Gonja,2011,0,1168.05516,26.05383772,0.483444543,0.000454029,125085.2999,0.638950525,0.628973162,0.961913406,-0.339192124,-0.538058021,-0.017594998,-0.445541427
2088,107,East Gonja,2012,0,1166.973516,25.73843855,0.490420398,0.000454029,129411.007,0.650175051,0.638950525,0.560613051,-0.343220617,-0.48813651,0.046632997,-0.445541427
2089,107,East Gonja,2013,0,1075.217205,25.69570402,0.492085692,0.000454029,132668.9769,0.661008986,0.650175051,0.506239469,-0.684959545,-0.476219114,0.118889444,-0.445541427
2090,107,East Gonja,2014,0,1211.623615,26.08475256,0.500822687,0.000454029,139360.9468,0.671423266,0.661008986,1.001248109,-0.17692495,-0.413694308,0.188631511,-0.445541427
2091,107,East Gonja,2015,0,960.6382975,26.3861235,0.493701099,0.000454029,147891.3382,0.68132017,0.671423266,1.384699545,-1.111699383,-0.464658736,0.255672105,-0.445541427
2092,107,East Gonja,2016,0,1225.371389,26.43955584,0.482328416,0.000454029,151128.8868,0.684247702,0.68132017,1.45268456,-0.125722483,-0.546045391,0.319382157,-0.445541427
2093,107,East Gonja,2017,0,1062.095407,25.98234555,0.486636293,0.000454029,154431.7795,0.681540173,0.684247702,0.870949834,-0.733830619,-0.515216806,0.338227764,-0.445541427
2094,107,East Gonja,2018,0,1280.813631,26.31510108,0.49834276,0.000454029,157560.6208,0.686276655,0.681540173,1.294333667,0.080767647,-0.431441485,0.320798394,-0.445541427
2095,107,East Gonja,2019,0,1223.734379,26.92989946,0.494063091,0.000454029,160628.052,0.689114255,0.686276655,2.076576704,-0.131819394,-0.462068197,0.35128889,-0.445541427
2096,107,East Gonja,2020,0,1004.557497,26.7866446,0.503993708,0.000454029,163696.5968,0.69744416,0.689114255,1.894305374,-0.948125891,-0.391001444,0.369555577,-0.445541427
2097,107,East Gonja,2021,2,1027.818996,26.59553083,0.478104798,0.000454029,166846.8342,0.745227433,0.69744416,1.65114043,-0.861490329,-0.576270986,0.423178273,-0.445541427
2098,107,East Gonja,2022,0,1006.336276,26.18638098,0.490920732,0.000454029,169922.5155,0.849953882,0.745227433,1.130555752,-0.941500973,-0.484555954,0.730776965,-0.445541427
2099,107,East Gonja,2023,0,1407.487915,26.50544546,0.492545129,0.000454029,173047.1457,0.853798404,0.849953882,1.53651968,0.552555731,-0.472931235,1.404940056,-0.445541427
2100,107,East Gonja,2024,1,969.7709473,27.04086855,0.482232025,0.000454029,176208.2247,0.854057383,0.853798404,2.217769,-1.07768557,-0.546735195,1.429688674,-0.445541427
2101,108,South Dayi,2005,0,1301.944937,25.09375875,0.501694234,0.007566268,40176.28556,0.604456831,0.594825427,-0.259649818,0.159469479,-0.407457236,-0.237416665,-0.420960544
2102,108,South Dayi,2006,0,1186.95007,25.49263882,0.513501019,0.007566268,40916.36648,0.617309041,0.604456831,0.247868046,-0.268819564,-0.322964002,-0.175415735,-0.420960544
2103,108,South Dayi,2007,0,1550.577695,25.39303546,0.49468846,0.007566268,42135.67588,0.629568194,0.617309041,0.121137011,1.085481995,-0.457592852,-0.092681282,-0.420960544
2104,108,South Dayi,2008,0,1579.244517,25.31985534,0.487724278,0.007566268,42713.46439,0.641221018,0.629568194,0.02802577,1.192249247,-0.507430828,-0.013764555,-0.420960544
2105,108,South Dayi,2009,0,1244.565329,25.25025665,0.492251161,0.007566268,43933.10546,0.652373759,0.641221018,-0.060528616,-0.054236211,-0.475034964,0.061249007,-0.420960544
2106,108,South Dayi,2010,0,1609.60126,25.76924872,0.487313091,0.007566268,45697.54211,0.663124706,0.652373759,0.599814584,1.30531047,-0.51037342,0.133043349,-0.420960544
2107,108,South Dayi,2011,1,1353.567662,25.48692254,0.511975533,0.007566268,45605.35615,0.673581996,0.663124706,0.240594889,0.351734127,-0.333880882,0.202251186,-0.420960544
2108,108,South Dayi,2012,0,1397.532664,25.15542464,0.502164008,0.007566268,46990.52084,0.683729878,0.673581996,-0.181188791,0.515478208,-0.404095378,0.269568653,-0.420960544
2109,108,South Dayi,2013,0,1329.086094,25.06924872,0.506436639,0.007566268,48145.26478,0.693524634,0.683729878,-0.29083533,0.260554516,-0.373519022,0.334894341,-0.420960544
2110,108,South Dayi,2014,0,1480.895707,25.3934321,0.507509411,0.007566268,49316.97861,0.702939987,0.693524634,0.121641679,0.82595709,-0.365841918,0.397946825,-0.420960544
2111,108,South Dayi,2015,0,1135.337144,25.88636258,0.51310396,0.007566268,52106.15262,0.711887591,0.702939987,0.748825225,-0.461047715,-0.325805485,0.458556958,-0.420960544
2112,108,South Dayi,2016,0,1295.871909,25.83369109,0.478168672,0.007566268,53314.1233,0.720456956,0.711887591,0.681808287,0.136850978,-0.575813881,0.516156012,-0.420960544
2113,108,South Dayi,2017,0,1307.789547,25.33624592,0.506865529,0.007566268,54543.22323,0.728531193,0.720456956,0.048880432,0.181237256,-0.370449745,0.571320196,-0.420960544
2114,108,South Dayi,2018,0,1330.220019,25.85124825,0.48937297,0.007566268,55716.44743,0.736058926,0.728531193,0.704147266,0.264777725,-0.49563225,0.623297061,-0.420960544
2115,108,South Dayi,2019,0,1357.690854,26.40928605,0.50328979,0.007566268,56859.84677,0.743249621,0.736058926,1.414170575,0.36709062,-0.396038911,0.671755876,-0.420960544
2116,108,South Dayi,2020,0,1071.864676,26.16100093,0.493974119,0.007566268,58003.73028,0.750129017,0.743249621,1.098263267,-0.69744577,-0.462704916,0.718045054,-0.420960544
2117,108,South Dayi,2021,0,1023.132058,26.51762716,0.533940914,0.007566268,59174.35401,0.756179295,0.750129017,1.552019148,-0.878946448,-0.176689398,0.762330287,-0.420960544
2118,108,South Dayi,2022,0,1103.614326,25.31434904,0.502175066,0.007566268,60323.67821,0.762394228,0.756179295,0.021019791,-0.579196777,-0.404016244,0.801278173,-0.420960544
2119,108,South Dayi,2023,0,1211.992767,26.14972002,0.491483603,0.007566268,61494.8451,0.768482227,0.762394228,1.083909916,-0.175550073,-0.48052786,0.841286009,-0.420960544
2120,108,South Dayi,2024,0,1053.525198,26.01434904,0.484981681,0.007566268,62676.19505,0.77435513,0.768482227,0.911669705,-0.765749664,-0.527057754,0.880476723,-0.420960544
2121,109,Wa East,2005,0,981.4509653,25.5237422,0.474041757,0,102543.5425,0.608374606,0.597198352,0.287442639,-1.034184292,-0.605347447,-0.222141262,-0.447110612
2122,109,Wa East,2006,0,1066.27177,25.68550668,0.463796089,0,106063.2027,0.612262665,0.608374606,0.49326481,-0.718276092,-0.67866881,-0.150195558,-0.447110612
2123,109,Wa East,2007,0,1027.407511,25.14323696,0.48146111,0,106081.2585,0.619619284,0.612262665,-0.196695868,-0.863022868,-0.552252119,-0.125166679,-0.447110612
2124,109,Wa East,2008,0,1064.004207,24.9578369,0.472770652,0,106630.7155,0.621828732,0.619619284,-0.432590933,-0.726721447,-0.614443892,-0.077809385,-0.447110612
2125,109,Wa East,2009,0,1159.239862,25.72824224,0.521242303,0,111513.3548,0.633584288,0.621828732,0.547639711,-0.372023985,-0.267564826,-0.063586348,-0.447110612
2126,109,Wa East,2010,0,1043.097224,25.62577274,0.509678237,0,110604.5619,0.636881957,0.633584288,0.417261919,-0.804587807,-0.350321083,0.012088535,-0.447110612
2127,109,Wa East,2011,2,964.6306983,25.54016809,0.491273385,0,112149.2997,0.640767818,0.636881957,0.308342242,-1.09683001,-0.482032252,0.033316855,-0.447110612
2128,109,Wa East,2012,0,1058.436692,25.38999808,0.499562895,0,116705.191,0.642165913,0.640767818,0.117272373,-0.747457205,-0.422709794,0.058331591,-0.447110612
2129,109,Wa East,2013,0,977.9004899,25.16492844,0.504970423,0,117839.5032,0.643145664,0.642165913,-0.169096561,-1.047407749,-0.384011745,0.067331644,-0.447110612
2130,109,Wa East,2014,0,1102.568168,25.73636442,0.50236534,0,119359.921,0.644466428,0.643145664,0.557974021,-0.583093105,-0.40265458,0.073638667,-0.447110612
2131,109,Wa East,2015,0,919.0280857,25.65416098,0.479950179,0,86581.84006,0.655175286,0.644466428,0.453381899,-1.266673238,-0.563064837,0.082140916,-0.447110612
2132,109,Wa East,2016,0,1111.188512,25.83588608,0.49068843,0,88587.08999,0.664597728,0.655175286,0.684601104,-0.550987334,-0.486218384,0.151077819,-0.447110612
2133,109,Wa East,2017,0,884.8904236,25.67333397,0.471277491,0,90627.23314,0.66613497,0.664597728,0.477776788,-1.393816188,-0.625129438,0.211733578,-0.447110612
2134,109,Wa East,2018,0,1209.32408,25.52225531,0.504304189,0,92571.88989,0.675392928,0.66613497,0.285550785,-0.18548938,-0.388779536,0.221629377,-0.447110612
2135,109,Wa East,2019,0,786.1080588,26.29825281,0.50376228,0,94463.26307,0.684236381,0.675392928,1.272896655,-1.761723084,-0.392657614,0.281226294,-0.447110612
2136,109,Wa East,2020,0,1059.389607,25.98086351,0.500959561,0,96364.44082,0.692696984,0.684236381,0.869064152,-0.74390815,-0.412714792,0.33815489,-0.447110612
2137,109,Wa East,2021,3,833.0281817,25.64714341,0.490954252,0,98309.84158,0.754543549,0.692696984,0.444453035,-1.586972896,-0.484316074,0.392618939,-0.447110612
2138,109,Wa East,2022,0,962.2502161,25.65631928,0.497039301,0,100226.4732,0.798095126,0.754543549,0.45612802,-1.105695923,-0.440769466,0.790748266,-0.447110612
2139,109,Wa East,2023,0,950.3150514,26.17207089,0.516297847,0,102167.8525,0.803268387,0.798095126,1.1123482,-1.150147475,-0.302948982,1.071105964,-0.447110612
2140,109,Wa East,2024,1,1002.263894,26.21756027,0.504365312,0,104125.087,0.808258871,0.803268387,1.17022694,-0.956668229,-0.388342123,1.104408169,-0.447110612
2141,110,Saboba,2005,0,1142.796029,25.84569892,0.471150674,0,57515.24837,0.569602746,0.555214885,0.697086543,-0.433267704,-0.626036983,-0.492404449,-0.447110612
2142,110,Saboba,2006,0,1082.703829,26.05096916,0.451701643,0,58870.31827,0.583587455,0.569602746,0.958263564,-0.657076222,-0.765220642,-0.399784435,-0.447110612
2143,110,Saboba,2007,0,1188.132899,25.74136484,0.467413931,0,60111.89262,0.596926848,0.583587455,0.564336334,-0.264414212,-0.652778343,-0.309759669,-0.447110612
2144,110,Saboba,2008,0,1266.831919,25.67721185,0.453519024,0,61677.32178,0.609606484,0.596926848,0.482710827,0.028693893,-0.752214866,-0.223889036,-0.447110612
2145,110,Saboba,2009,0,1335.647944,26.19828806,0.482248201,0,63044.08447,0.621741972,0.609606484,1.145705803,0.284993591,-0.546619433,-0.142265502,-0.447110612
2146,110,Saboba,2010,0,1271.524807,26.10196189,0.463767467,0,64678.09273,0.633440259,0.621741972,1.023144531,0.046172174,-0.678873636,-0.064144857,-0.447110612
2147,110,Saboba,2011,0,1156.872335,26.10686427,0.448517525,0,66301.76244,0.644819015,0.633440259,1.029382105,-0.380841644,-0.788007236,0.011161369,-0.447110612
2148,110,Saboba,2012,0,1141.148368,25.75804801,0.471430285,0,68020.07986,0.655861098,0.644819015,0.585563286,-0.439404283,-0.624035994,0.08441065,-0.447110612
2149,110,Saboba,2013,0,981.6501132,25.7728306,0.464757832,0,69613.30759,0.666518938,0.655861098,0.604372016,-1.033442582,-0.671786262,0.155492643,-0.447110612
2150,110,Saboba,2014,0,1156.80947,25.99832815,0.467140206,0,71219.39559,0.676763945,0.666518938,0.891285404,-0.381075782,-0.654737214,0.224101124,-0.447110612
2151,110,Saboba,2015,0,990.3991228,26.3340714,0.430077749,0,88592.09392,0.686133807,0.676763945,1.318470692,-1.000857606,-0.919968334,0.290052041,-0.447110612
2152,110,Saboba,2016,0,1131.474958,26.27628985,0.437847421,0,90635.20802,0.688664147,0.686133807,1.244951931,-0.475432116,-0.864366007,0.350369324,-0.447110612
2153,110,Saboba,2017,0,1045.77707,26.07922562,0.451460663,0,92719.20571,0.691314156,0.688664147,0.99421587,-0.794606937,-0.76694517,0.366658063,-0.447110612
2154,110,Saboba,2018,0,1232.957838,26.07078617,0.442130203,0,94707.43121,0.699873904,0.691314156,0.983477883,-0.097467368,-0.833717008,0.383717159,-0.447110612
2155,110,Saboba,2019,0,984.2966421,26.78372949,0.460913459,0,96654.1807,0.708050408,0.699873904,1.890596311,-1.0235858,-0.699297856,0.43881944,-0.447110612
2156,110,Saboba,2020,0,1188.203877,26.42241322,0.452549291,0,98595.52974,0.715872936,0.708050408,1.43087303,-0.264149863,-0.759154592,0.491454636,-0.447110612
2157,110,Saboba,2021,0,899.9938219,26.52241322,0.423553428,0,100591.0292,0.72336829,0.715872936,1.558108732,-1.337564808,-0.966658513,0.541811156,-0.447110612
2158,110,Saboba,2022,0,1489.61828,25.95964676,0.431911655,0,102546.8298,0.730567318,0.72336829,0.842068877,0.858443603,-0.906844295,0.590061533,-0.447110612
2159,110,Saboba,2023,0,1013.876108,26.47198406,0.419264619,0,104538.8837,0.737470795,0.730567318,1.493944831,-0.91341948,-0.997350642,0.636404355,-0.447110612
2160,110,Saboba,2024,1,1028.325693,26.84057018,0.424845437,0,106545.1105,0.744130363,0.737470795,1.962917963,-0.859603174,-0.957412476,0.680844601,-0.447110612
2161,111,Gushiegu,2005,0,1127.812309,25.62357719,0.446502908,0.000956936,74230.70019,0.562010484,0.547368818,0.414468389,-0.489073353,-0.802424493,-0.542912495,-0.443803308
2162,111,Gushiegu,2006,0,1061.93512,25.8609471,0.444826297,0.000956936,77434.43891,0.576241884,0.562010484,0.716487668,-0.734427593,-0.814422878,-0.448658652,-0.443803308
2163,111,Gushiegu,2007,0,1143.412408,25.49561344,0.437363836,0.000956936,80251.22413,0.589816586,0.576241884,0.251652818,-0.430972052,-0.867826696,-0.357045838,-0.443803308
2164,111,Gushiegu,2008,0,1224.642776,25.38311305,0.451118736,0.000956936,83531.77445,0.602719893,0.589816586,0.108512162,-0.128436144,-0.769392114,-0.269660435,-0.443803308
2165,111,Gushiegu,2009,0,1297.104283,25.99901028,0.475177045,0.000956936,86816.19299,0.615069452,0.602719893,0.892153326,0.141440857,-0.597222951,-0.186597052,-0.443803308
2166,111,Gushiegu,2010,0,1210.207115,25.87858135,0.471095336,0.000956936,90847.84188,0.626974099,0.615069452,0.738924733,-0.18220059,-0.626433001,-0.107098349,-0.443803308
2167,111,Gushiegu,2011,0,1114.105951,25.87216441,0.446004793,0.000956936,94771.20563,0.638553577,0.626974099,0.730760086,-0.540121572,-0.805989172,-0.030463712,-0.443803308
2168,111,Gushiegu,2012,0,1114.962542,25.56723435,0.46366908,0.000956936,99518.67905,0.649790444,0.638553577,0.342780188,-0.536931266,-0.679577727,0.044077696,-0.443803308
2169,111,Gushiegu,2013,0,970.3483,25.4719467,0.460818669,0.000956936,105522.0602,0.66063629,0.649790444,0.221540277,-1.075535267,-0.699976204,0.116413584,-0.443803308
2170,111,Gushiegu,2014,0,1133.29006,25.77855047,0.447903115,0.000956936,105894.5634,0.67106202,0.66063629,0.61164974,-0.468671916,-0.792404153,0.186232328,-0.443803308
2171,111,Gushiegu,2015,0,981.573449,26.02367446,0.407888442,0.000956936,136151.882,0.680969805,0.67106202,0.923534963,-1.033728111,-1.078762305,0.253346627,-0.443803308
2172,111,Gushiegu,2016,0,1141.618812,26.08166939,0.426717232,0.000956936,139295.8482,0.687378308,0.680969805,0.997325227,-0.437652152,-0.944017292,0.317126724,-0.443803308
2173,111,Gushiegu,2017,0,1006.830467,25.92941821,0.440763645,0.000956936,142500.8864,0.693945169,0.687378308,0.803607368,-0.9396604,-0.843496548,0.358380641,-0.443803308
2174,111,Gushiegu,2018,0,1212.846463,25.842266,0.443611728,0.000956936,145563.8448,0.899034826,0.693945169,0.692718642,-0.172370553,-0.823114733,0.400653966,-0.443803308
2175,111,Gushiegu,2019,0,981.9136584,26.5929639,0.4405632,0.000956936,148559.7142,0.901785477,0.899034826,1.647874381,-1.032461029,-0.844930999,1.720892337,-0.443803308
2176,111,Gushiegu,2020,0,1182.30269,26.19984869,0.453633429,0.000956936,151534.5964,0.904417047,0.901785477,1.147691478,-0.286128355,-0.751396147,1.7385993,-0.443803308
2177,111,Gushiegu,2021,0,844.8658864,26.25946021,0.416873165,0.000956936,154580.589,0.906938553,0.904417047,1.22353862,-1.542884327,-1.014464674,1.755539696,-0.443803308
2178,111,Gushiegu,2022,0,1315.6345,25.80098354,0.429502459,0.000956936,157566.6995,0.909360372,0.906938553,0.64019261,0.210455144,-0.924085294,1.771771566,-0.443803308
2179,111,Gushiegu,2023,0,962.6767131,26.28663805,0.426929335,0.000956936,160611.7236,0.911682765,0.909360372,1.258118536,-1.10410747,-0.942499416,1.787361716,-0.443803308
2180,111,Gushiegu,2024,1,959.5205509,26.61931723,0.408466204,0.000956936,163671.9476,0.913923105,0.911682765,1.68140523,-1.115862339,-1.074627651,1.802311823,-0.443803308
2181,112,Nanumba North,2005,0,1176.335031,25.72360648,0.51611317,0,77030.52007,0.557813772,0.543031814,0.541741363,-0.308354414,-0.304270591,-0.570831403,-0.447110612
2182,112,Nanumba North,2006,0,1138.318467,25.91435482,0.494444516,0,81156.65449,0.572181535,0.557813772,0.784441355,-0.449944022,-0.459338598,-0.475674443,-0.447110612
2183,112,Nanumba North,2007,0,1280.007329,25.69918643,0.511588741,0,85698.48357,0.585886306,0.572181535,0.510670336,0.077764642,-0.336648892,-0.383183816,-0.447110612
2184,112,Nanumba North,2008,0,1375.883278,25.68987613,0.495372874,0,88946.43155,0.598913249,0.585886306,0.498824318,0.434846825,-0.452694964,-0.294961108,-0.447110612
2185,112,Nanumba North,2009,0,1370.114157,25.97374757,0.521188566,0,92669.79034,0.611381139,0.598913249,0.860010138,0.413360203,-0.267949391,-0.211101831,-0.447110612
2186,112,Nanumba North,2010,0,1350.490197,26.07244842,0.52007988,0,96982.69008,0.623399853,0.611381139,0.985592853,0.340272357,-0.275883511,-0.13084139,-0.447110612
2187,112,Nanumba North,2011,0,1209.788104,26.01441712,0.510669054,0,104126.8299,0.635090283,0.623399853,0.911756325,-0.183761161,-0.343230475,-0.053472458,-0.447110612
2188,112,Nanumba North,2012,0,1194.202074,25.6097464,0.515558548,0,108884.0602,0.646434819,0.635090283,0.396870691,-0.241810064,-0.308239646,0.021783188,-0.447110612
2189,112,Nanumba North,2013,0,1062.472056,25.61980064,0.525787121,0,115341.9214,0.657384587,0.646434819,0.409663272,-0.732427818,-0.235040616,0.094812181,-0.447110612
2190,112,Nanumba North,2014,0,1244.907905,25.91425954,0.503521045,0,120567.9688,0.667910214,0.657384587,0.78432012,-0.052960315,-0.394383976,0.165299911,-0.447110612
2191,112,Nanumba North,2015,0,1007.517133,26.2597464,0.495676061,0,147525.7641,0.677912933,0.667910214,1.223902754,-0.937102968,-0.450525253,0.233057284,-0.447110612
2192,112,Nanumba North,2016,0,1231.282002,26.30914905,0.481327093,0,151091.8403,0.68749281,0.677912933,1.286760557,-0.103708882,-0.553211186,0.297448507,-0.447110612
2193,112,Nanumba North,2017,0,1108.075787,25.92476454,0.491393468,0,154677.9488,0.695402847,0.68749281,0.797686234,-0.562580426,-0.481172897,0.359117737,-0.447110612
2194,112,Nanumba North,2018,0,1309.952908,26.09724961,0.502354899,0,158069.6308,0.703849217,0.695402847,1.017148818,0.189294517,-0.402729297,0.410037582,-0.447110612
2195,112,Nanumba North,2019,0,1073.991498,26.7086543,0.491972517,0,161324.6248,0.711917419,0.703849217,1.795073878,-0.689524594,-0.477029036,0.464410006,-0.447110612
2196,112,Nanumba North,2020,0,1023.453219,26.57863635,0.511221684,0,164598.988,0.865380507,0.711917419,1.629644618,-0.877750307,-0.339275671,0.516348025,-0.447110612
2197,112,Nanumba North,2021,0,946.4226921,26.58691501,0.494697117,0,167934.839,0.868931808,0.865380507,1.640178038,-1.164644251,-0.457530901,1.504246974,-0.447110612
2198,112,Nanumba North,2022,0,1383.220361,25.98259428,0.499200812,0,171200.6904,0.87234271,0.868931808,0.871266304,0.462173197,-0.425300977,1.527108018,-0.447110612
2199,112,Nanumba North,2023,0,1466.194891,26.41142852,0.502467082,0,174531.0162,0.875613579,0.87234271,1.416896564,0.771205096,-0.401926475,1.549065262,-0.447110612
2200,112,Nanumba North,2024,0,1041.186682,26.89508191,0.487111527,0,177897.9848,0.878768885,0.875613579,2.032276347,-0.811703465,-0.511815878,1.570121065,-0.447110612
2201,113,Nanumba South,2005,0,1188.577968,25.87291599,0.530120971,0.000549018,107064.5991,0.547387224,0.543031814,0.731716369,-0.26275659,-0.204026162,-0.570831403,-0.445213131
2202,113,Nanumba South,2006,0,1165.303957,26.07246471,0.525559967,0.000549018,111973.4693,0.551731454,0.547387224,0.985613578,-0.349438753,-0.236666209,-0.542794012,-0.445213131
2203,113,Nanumba South,2007,0,1340.369961,25.94584355,0.523944737,0.000549018,117183.4606,0.552600817,0.551731454,0.824506266,0.30258036,-0.248225322,-0.514828586,-0.445213131
2204,113,Nanumba South,2008,0,1417.697663,25.87818792,0.517010836,0.000549018,124016.8297,0.557214442,0.552600817,0.738424144,0.590581106,-0.297846595,-0.509232176,-0.445213131
2205,113,Nanumba South,2009,0,1385.57607,26.13117797,0.5321957,0.000549018,131003.136,0.559251596,0.557214442,1.060317808,0.470946844,-0.189178717,-0.479532555,-0.445213131
2206,113,Nanumba South,2010,0,1387.130386,26.26088868,0.527879148,0.000549018,137654.5299,0.567178331,0.559251596,1.225356147,0.476735768,-0.220069383,-0.466418636,-0.445213131
2207,113,Nanumba South,2011,0,1237.888822,26.1941333,0.517061568,0.000549018,142449.6899,0.579203482,0.567178331,1.14041947,-0.079102319,-0.297483544,-0.4153913,-0.445213131
2208,113,Nanumba South,2012,0,1230.071419,25.80094423,0.523807852,0.000549018,149970.4601,0.586581851,0.579203482,0.640142588,-0.108217603,-0.249204914,-0.337980929,-0.445213131
2209,113,Nanumba South,2013,0,1096.750197,25.79924786,0.524402473,0.000549018,156678.6663,0.588450287,0.586581851,0.637984204,-0.604761668,-0.244949611,-0.290483629,-0.445213131
2210,113,Nanumba South,2014,0,1276.052904,26.09721592,0.507534207,0.000549018,164951.8115,0.590844914,0.588450287,1.017105961,0.063036707,-0.365664465,-0.278455806,-0.445213131
2211,113,Nanumba South,2015,0,1018.912613,26.44537144,0.50585066,0.000549018,125271.2291,0.601291072,0.590844914,1.46008408,-0.894661428,-0.37771248,-0.263040707,-0.445213131
2212,113,Nanumba South,2016,0,1243.05147,26.52071974,0.490584179,0.000549018,128003.7915,0.613149923,0.601291072,1.555954017,-0.059874458,-0.486964435,-0.195794904,-0.445213131
2213,113,Nanumba South,2017,0,1139.958621,26.05715112,0.492171701,0.000549018,130835.5986,0.620945176,0.613149923,0.966129231,-0.443835401,-0.475603609,-0.119455071,-0.445213131
2214,113,Nanumba South,2018,0,1337.381578,26.27248554,0.506066515,0.000549018,133566.8059,0.631456231,0.620945176,1.240111484,0.291450372,-0.376167756,-0.069274125,-0.445213131
2215,113,Nanumba South,2019,0,1136.690905,26.88007406,0.507426711,0.000549018,136297.9536,0.641496676,0.631456231,2.013181004,-0.456005744,-0.366433742,-0.001610558,-0.445213131
2216,113,Nanumba South,2020,0,1013.061884,26.800567,0.519609739,0.000549018,138991.4962,0.83247326,0.641496676,1.91201964,-0.916451993,-0.279247992,0.063023521,-0.445213131
2217,113,Nanumba South,2021,0,988.3410785,26.78064106,0.505962984,0.000549018,141787.3668,0.836892663,0.83247326,1.886666726,-1.008522625,-0.376908658,1.292410789,-0.445213131
2218,113,Nanumba South,2022,0,1334.334274,26.19251331,0.505816189,0.000549018,144532.911,0.841137348,0.836892663,1.138358257,0.280100937,-0.377959171,1.320860133,-0.445213131
2219,113,Nanumba South,2023,0,1578.790511,26.62534598,0.511199609,0.000549018,147328.204,0.845207769,0.841137348,1.689075953,1.19055834,-0.339433647,1.348184745,-0.445213131
2220,113,Nanumba South,2024,0,1055.839759,27.04843786,0.489505818,0.000549018,150130.5676,0.848405968,0.845207769,2.227399873,-0.75712927,-0.494681546,1.374387562,-0.445213131
2221,114,Wenchi,2005,0,1050.886903,24.92318225,0.594579166,0.004943217,77852.36022,0.606019423,0.592848944,-0.476684027,-0.775575779,0.25725786,-0.25014002,-0.430026171
2222,114,Wenchi,2006,0,1156.34757,25.22492918,0.629501526,0.004943217,78954.76163,0.61882086,0.606019423,-0.092754201,-0.38279609,0.507173744,-0.16535675,-0.430026171
2223,114,Wenchi,2007,0,1270.670734,24.90122031,0.597535603,0.004943217,80471.01895,0.631031583,0.61882086,-0.504627453,0.042991251,0.278415093,-0.082949139,-0.430026171
2224,114,Wenchi,2008,0,1320.505048,25.00618145,0.59234842,0.004943217,82533.80299,0.642638373,0.631031583,-0.371079411,0.228595107,0.241293906,-0.004344173,-0.430026171
2225,114,Wenchi,2009,0,1293.688676,25.13901722,0.632949788,0.004943217,83342.96484,0.653747056,0.642638373,-0.202064891,0.128719705,0.53185064,0.070373048,-0.430026171
2226,114,Wenchi,2010,0,1150.877896,25.50602891,0.611130367,0.004943217,84075.1147,0.66445553,0.653747056,0.264905015,-0.403167446,0.375703692,0.141883767,-0.430026171
2227,114,Wenchi,2011,0,1093.476865,25.15456526,0.605082253,0.004943217,85423.41015,0.674871509,0.66445553,-0.182282221,-0.616952926,0.332421405,0.210818199,-0.430026171
2228,114,Wenchi,2012,0,1229.12283,25.00246241,0.592862166,0.004943217,87011.78621,0.684979302,0.674871509,-0.375811356,-0.111750545,0.244970442,0.277869729,-0.430026171
2229,114,Wenchi,2013,0,1093.977119,24.81915087,0.620453613,0.004943217,88626.5084,0.694735363,0.684979302,-0.609049083,-0.61508977,0.442423904,0.342937348,-0.430026171
2230,114,Wenchi,2014,0,1163.697756,25.37685407,0.619236148,0.004943217,90247.95464,0.704113522,0.694735363,0.100548503,-0.355420922,0.433711329,0.405740743,-0.430026171
2231,114,Wenchi,2015,0,983.8954747,25.50374446,0.59371748,0.004943217,113704.9603,0.713025778,0.704113522,0.261998381,-1.025079915,0.251091351,0.466111436,-0.430026171
2232,114,Wenchi,2016,0,1181.09225,25.55461611,0.57191918,0.004943217,116322.1598,0.719671839,0.713025778,0.326725282,-0.290636541,0.095095553,0.523482944,-0.430026171
2233,114,Wenchi,2017,0,1034.974214,25.36894022,0.592530612,0.004943217,118983.3147,0.727768753,0.719671839,0.090479257,-0.8348413,0.242597733,0.566266108,-0.430026171
2234,114,Wenchi,2018,0,1305.56788,25.43423404,0.623258246,0.004943217,121522.8254,0.735317628,0.727768753,0.173556306,0.172962835,0.462494779,0.618388954,-0.430026171
2235,114,Wenchi,2019,0,1220.750708,26.06406988,0.615971923,0.004943217,123998.6691,0.742528519,0.735317628,0.974932357,-0.142931832,0.410351462,0.666983869,-0.430026171
2236,114,Wenchi,2020,0,995.5755793,25.75536065,0.609339302,0.004943217,126476.2221,0.749427237,0.742528519,0.582143999,-0.981578314,0.362886244,0.713403054,-0.430026171
2237,114,Wenchi,2021,2,982.028256,25.74291058,0.630523119,0.004943217,129015.6628,0.85474139,0.749427237,0.566303075,-1.03203422,0.514484597,0.757812665,-0.430026171
2238,114,Wenchi,2022,0,1056.535629,25.00883635,0.623719278,0.004943217,131503.2898,0.86667022,0.85474139,-0.367701432,-0.754537561,0.465794075,1.435759025,-0.430026171
2239,114,Wenchi,2023,0,1170.04598,25.82369071,0.621263394,0.004943217,134043.0028,0.870086432,0.86667022,0.669084236,-0.331777477,0.448218967,1.512549339,-0.430026171
2240,114,Wenchi,2024,0,799.7515799,25.59398199,0.610139519,0.004943217,136601.8438,0.871916562,0.870086432,0.376812729,-1.710908898,0.368612859,1.534540763,-0.430026171
2241,115,Tano South,2005,0,1171.513283,23.88286785,0.643441316,0.010584265,51547.08227,0.612978396,0.600040551,-1.800335357,-0.326312623,0.606931462,-0.203844972,-0.410529932
2242,115,Tano South,2006,0,1202.365974,24.20664169,0.683817289,0.010584265,53082.59095,0.625553719,0.612978396,-1.388379437,-0.211404281,0.895875191,-0.12055925,-0.410529932
2243,115,Tano South,2007,0,1446.691247,23.90594346,0.663515667,0.010584265,54437.52042,0.637548761,0.625553719,-1.770974939,0.698565355,0.750590113,-0.039607225,-0.410529932
2244,115,Tano South,2008,0,1509.84094,23.98728713,0.640547572,0.010584265,56528.91955,0.648950538,0.637548761,-1.667476756,0.93376126,0.58622288,0.037609323,-0.410529932
2245,115,Tano South,2009,0,1401.907357,24.0103968,0.660876071,0.010584265,55953.86206,0.659863005,0.648950538,-1.638073001,0.531771395,0.731700297,0.111006797,-0.410529932
2246,115,Tano South,2010,0,1307.606608,24.49197888,0.681981752,0.010584265,58614.62476,0.670382333,0.659863005,-1.025328655,0.180555912,0.882739481,0.181254404,-0.410529932
2247,115,Tano South,2011,0,1205.634537,24.04349455,0.652760808,0.010584265,58815.78026,0.680614332,0.670382333,-1.595960844,-0.199230785,0.673624811,0.248971231,-0.410529932
2248,115,Tano South,2012,0,1332.043937,23.98286785,0.646376749,0.010584265,61260.72124,0.690543588,0.680614332,-1.673099655,0.271570762,0.627938383,0.314838413,-0.410529932
2249,115,Tano South,2013,0,1191.091962,23.74660252,0.677367436,0.010584265,62986.53825,0.700127326,0.690543588,-1.973713503,-0.253393425,0.849717923,0.378756727,-0.410529932
2250,115,Tano South,2014,0,1243.80092,24.33475817,0.664764739,0.010584265,64151.21554,0.709339836,0.700127326,-1.225369528,-0.057083192,0.759528882,0.440450811,-0.410529932
2251,115,Tano South,2015,0,1076.809264,24.44660252,0.642599593,0.010584265,80525.46489,0.718094673,0.709339836,-1.083063589,-0.679030051,0.600907815,0.499755162,-0.410529932
2252,115,Tano South,2016,0,1247.907698,24.49873978,0.637413069,0.010584265,82384.44604,0.726479419,0.718094673,-1.016726378,-0.041787831,0.563791343,0.556113304,-0.410529932
2253,115,Tano South,2017,0,1202.602691,24.19594687,0.68044287,0.010584265,84280.45696,0.734379705,0.726479419,-1.40198707,-0.21052265,0.87172674,0.610089033,-0.410529932
2254,115,Tano South,2018,0,1373.298876,24.46925238,0.686785134,0.010584265,86089.39595,0.934342152,0.734379705,-1.054244875,0.425221431,0.917114061,0.66094611,-0.410529932
2255,115,Tano South,2019,0,1298.957255,24.99661104,0.66416081,0.010584265,87859.62462,0.936130906,0.934342152,-0.383256394,0.148342099,0.755206967,1.948178724,-0.410529932
2256,115,Tano South,2020,0,1085.110354,24.77977691,0.657469558,0.010584265,89625.28922,0.937842221,0.936130906,-0.659146819,-0.648113316,0.707322169,1.959693597,-0.410529932
2257,115,Tano South,2021,0,1175.248978,24.93827486,0.707925549,0.010584265,91439.90902,0.939481961,0.937842221,-0.457480831,-0.312399331,1.06840182,1.970709969,-0.410529932
2258,115,Tano South,2022,1,1326.101839,23.85407868,0.65642317,0.010584265,93218.66982,0.941056875,0.939481961,-1.836965459,0.2494399,0.699833871,1.981265585,-0.410529932
2259,115,Tano South,2023,1,1284.417575,24.75384026,0.637847468,0.010584265,95030.69732,0.942567132,0.941056875,-0.692147495,0.094190243,0.566900047,1.99140389,-0.410529932
2260,115,Tano South,2024,0,951.6069482,24.32558753,0.627972045,0.010584265,96855.72677,0.944024029,0.942567132,-1.237037856,-1.14533591,0.496228278,2.001125974,-0.410529932
2261,116,Sunyani Municipal,2005,0,1091.342576,24.25373257,0.628301827,0.043720881,92343.67801,0.594176575,0.580610199,-1.328463027,-0.624901912,0.498588307,-0.328925371,-0.296005208
2262,116,Sunyani Municipal,2006,0,1184.050041,24.60074651,0.67229272,0.044693408,93759.37483,0.607362817,0.594176575,-0.886937397,-0.279620487,0.813401591,-0.241593561,-0.292644021
2263,116,Sunyani Municipal,2007,0,1347.469565,24.21858901,0.664361363,0.044693408,96084.00082,0.619940588,0.607362817,-1.373178183,0.32902226,0.756642191,-0.156708821,-0.292644021
2264,116,Sunyani Municipal,2008,0,1458.463495,24.35041838,0.664641635,0.044693408,97276.17976,0.631896272,0.619940588,-1.20544416,0.742410137,0.758647909,-0.075741031,-0.292644021
2265,116,Sunyani Municipal,2009,0,1400.292371,24.45753897,0.640975051,0.044693408,102058.1739,0.643338876,0.631896272,-1.069148525,0.52575651,0.589282059,0.001222151,-0.292644021
2266,116,Sunyani Municipal,2010,0,1238.011485,24.85983593,0.673537993,0.046152191,101102.3851,0.654369241,0.643338876,-0.557283158,-0.078645471,0.822313173,0.074882443,-0.287602267
2267,116,Sunyani Municipal,2011,0,1142.439212,24.43254307,0.624488841,0.048322217,105250.8058,0.665098319,0.654369241,-1.100952232,-0.434596639,0.471301324,0.145889008,-0.280102357
2268,116,Sunyani Municipal,2012,0,1261.717801,24.35373257,0.631060156,0.052212461,107231.9585,0.675509947,0.665098319,-1.201227325,0.00964678,0.51832781,0.214956071,-0.266657134
2269,116,Sunyani Municipal,2013,0,1090.589007,24.11624282,0.676149987,0.054157538,109322.0965,0.68555927,0.675509947,-1.50339907,-0.627708517,0.841005457,0.281979588,-0.259934679
2270,116,Sunyani Municipal,2014,0,1180.431337,24.72532404,0.647421625,0.055364567,107160.0731,0.695219331,0.68555927,-0.728430312,-0.293098056,0.635415858,0.34667082,-0.25576302
2271,116,Sunyani Municipal,2015,0,1029.101559,24.81265792,0.598695661,0.058514807,177712.9459,0.704399486,0.695219331,-0.617310436,-0.856713527,0.286716848,0.408856224,-0.244875358
2272,116,Sunyani Municipal,2016,0,1182.43872,24.89552092,0.595563444,0.059487348,181816.075,0.71319157,0.704399486,-0.511879113,-0.28562172,0.264301676,0.46795229,-0.241514122
2273,116,Sunyani Municipal,2017,0,1134.997703,24.64662018,0.645644123,0.063243958,186002.1745,0.721475658,0.71319157,-0.828569715,-0.462311936,0.622695474,0.524550204,-0.228530757
2274,116,Sunyani Municipal,2018,0,1345.640361,24.86348646,0.675319328,0.064702669,189997.3745,0.729199038,0.721475658,-0.552638376,0.322209537,0.835060991,0.577877959,-0.22348925
2275,116,Sunyani Municipal,2019,0,1268.044135,25.28212469,0.687055028,0.064702669,193907.6493,0.736576621,0.729199038,-0.019981088,0.033208694,0.919045515,0.62759623,-0.22348925
2276,116,Sunyani Municipal,2020,0,997.84758,25.20426579,0.618857757,0.068766309,197804.9775,0.895889936,0.736576621,-0.119045407,-0.973116432,0.431003434,0.675088474,-0.209444748
2277,116,Sunyani Municipal,2021,0,1119.405578,25.32155865,0.698107437,0.069252556,201806.121,0.902169215,0.895889936,0.030192991,-0.520383539,0.998140183,1.700647513,-0.207764213
2278,116,Sunyani Municipal,2022,0,1310.174077,24.24941756,0.607816938,0.07022503,205740.8424,0.90471515,0.902169215,-1.333953263,0.190118243,0.351991708,1.741069562,-0.204403208
2279,116,Sunyani Municipal,2023,0,1172.076292,25.14941756,0.630951472,0.073121697,209740.8988,0.907156564,0.90471515,-0.188831945,-0.324215743,0.517550036,1.757458698,-0.194391928
2280,116,Sunyani Municipal,2024,2,917.7684988,24.6688105,0.601828748,0.073607982,213769.2568,0.909511721,0.907156564,-0.800335705,-1.271364467,0.309138251,1.773174988,-0.192711261
2281,117,Asante Akim South,2005,0,1402.899293,24.28799812,0.695283771,0.013012,106756.6746,0.379800556,0.359961751,-1.284865007,0.535465778,0.977933103,-1.749321459,-0.402139343
2282,117,Asante Akim South,2006,0,1258.073997,24.69448094,0.722009408,0.013012,108848.0511,0.399952423,0.379800556,-0.76767374,-0.003924276,1.169190541,-1.621611698,-0.402139343
2283,117,Asante Akim South,2007,0,1791.054794,24.50599913,0.71376047,0.013012,110865.8991,0.419174396,0.399952423,-1.007489891,1.981119421,1.110158432,-1.491886637,-0.402139343
2284,117,Asante Akim South,2008,0,1730.022091,24.46947372,0.714230296,0.013012,112978.2356,0.437445664,0.419174396,-1.053963255,1.753808075,1.113520662,-1.368147653,-0.402139343
2285,117,Asante Akim South,2009,0,1334.451704,24.48725816,0.673133846,0.013012,115202.4163,0.454932817,0.437445664,-1.031335103,0.280538292,0.819420965,-1.250528709,-0.402139343
2286,117,Asante Akim South,2010,0,1596.327173,25.01810208,0.7298294,0.013012,117625.6763,0.471789967,0.454932817,-0.355912113,1.255872211,1.225152975,-1.137957404,-0.402139343
2287,117,Asante Akim South,2011,0,1376.862619,24.62433945,0.717563755,0.013012,119716.3415,0.488186675,0.471789967,-0.856918764,0.438494303,1.137375989,-1.029441657,-0.402139343
2288,117,Asante Akim South,2012,0,1550.057609,24.41677736,0.71259692,0.013012,122178.029,0.50409824,0.488186675,-1.12101184,1.083544978,1.101831683,-0.923889953,-0.402139343
2289,117,Asante Akim South,2013,0,1419.444051,24.33086919,0.683711406,0.013012,124281.1655,0.519456113,0.50409824,-1.230317706,0.597085389,0.895117457,-0.821461297,-0.402139343
2290,117,Asante Akim South,2014,0,1475.494874,24.71895394,0.701003503,0.013012,126576.8575,0.531899408,0.519456113,-0.736535346,0.805842128,1.018865387,-0.722596954,-0.402139343
2291,117,Asante Akim South,2015,0,1220.723145,25.01677736,0.683074325,0.013012,111317.7151,0.545998845,0.531899408,-0.357597628,-0.14303449,0.890558292,-0.64249484,-0.402139343
2292,117,Asante Akim South,2016,0,1477.860598,25.03364135,0.697967136,0.013012,113863.3946,0.559399912,0.545998845,-0.336140611,0.814653072,0.997136145,-0.551731527,-0.402139343
2293,117,Asante Akim South,2017,0,1476.964265,24.70932717,0.69187802,0.013012,116474.1981,0.572126072,0.559399912,-0.748784033,0.811314754,0.953560431,-0.465463872,-0.402139343
2294,117,Asante Akim South,2018,0,1455.346737,25.02910049,0.744915453,0.013012,118958.4243,0.583990863,0.572126072,-0.341918207,0.730802026,1.333113728,-0.38354085,-0.402139343
2295,117,Asante Akim South,2019,0,1401.842044,25.69563601,0.737826905,0.013012,121397.1988,0.595324434,0.583990863,0.506152939,0.531528144,1.282385751,-0.307162779,-0.402139343
2296,117,Asante Akim South,2020,0,1182.930479,25.62204014,0.743410196,0.013012,123823.4254,0.606167353,0.595324434,0.412512716,-0.283790203,1.322341616,-0.234204369,-0.402139343
2297,117,Asante Akim South,2021,0,1298.321181,25.6602801,0.744372422,0.013012,126320.0973,0.616556772,0.606167353,0.461167605,0.145973095,1.329227616,-0.164404466,-0.402139343
2298,117,Asante Akim South,2022,1,1403.008663,24.51962172,0.729857735,0.013012,128769.3225,0.626535449,0.616556772,-0.990157104,0.53587312,1.225355749,-0.097523918,-0.402139343
2299,117,Asante Akim South,2023,0,1564.952931,25.12326018,0.696074142,0.013012,131257.4098,0.636104458,0.626535449,-0.222113467,1.139021395,0.983589254,-0.033287461,-0.402139343
2300,117,Asante Akim South,2024,0,1095.16503,25.03616806,0.705186514,0.013012,133761.0185,0.645335384,0.636104458,-0.332925733,-0.610665491,1.048800386,0.02831181,-0.402139343
2301,118,Ada East,2005,0,1021.962062,25.42812047,0.378346297,0.131330766,59952.92362,0.377485054,0.362434504,0.165777671,-0.883304002,-1.290175598,-1.73340343,0.006786654
2302,118,Ada East,2006,0,919.2444251,25.78883579,0.387022816,0.133901942,63297.38264,0.392213324,0.377485054,0.624736341,-1.265867499,-1.228083579,-1.636517443,0.015672997
2303,118,Ada East,2007,0,1173.162467,25.84409209,0.362458605,0.135616273,63337.28742,0.409698785,0.392213324,0.69504208,-0.320170371,-1.40387314,-1.541706098,0.021597958
2304,118,Ada East,2008,0,1260.015639,25.74283232,0.369041319,0.136473441,65117.53901,0.426404993,0.409698785,0.566203496,0.003307212,-1.356765079,-1.429145684,0.02456045
2305,118,Ada East,2009,0,979.9939183,25.61000579,0.364552267,0.136473441,67167.47476,0.44352548,0.426404993,0.397200731,-1.039610945,-1.388890208,-1.321601614,0.02456045
2306,118,Ada East,2010,0,1300.820446,26.09984072,0.382823682,0.136473441,67741.47918,0.45635698,0.44352548,1.020445638,0.155281404,-1.258133959,-1.211390669,0.02456045
2307,118,Ada East,2011,0,1067.188242,25.82966985,0.379849377,0.139044733,71246.42027,0.468557539,0.45635698,0.67669184,-0.714862767,-1.279419067,-1.128789533,0.03344719
2308,118,Ada East,2012,0,1115.748045,25.47442803,0.350631135,0.140758923,76714.96446,0.480192136,0.468557539,0.224697418,-0.534005724,-1.488514402,-1.050250003,0.039371668
2309,118,Ada East,2013,0,1038.881842,25.4318274,0.329841334,0.140758923,79135.26656,0.489481945,0.480192136,0.170494199,-0.820287656,-1.63729305,-0.975353777,0.039371668
2310,118,Ada East,2014,0,1172.21199,25.73360846,0.372240071,0.141616098,79516.59563,0.498011779,0.489481945,0.554467449,-0.323710348,-1.333873761,-0.915551823,0.042334183
2311,118,Ada East,2015,0,898.7381987,26.22442803,0.357853336,0.141616098,72468.82924,0.513131928,0.498011779,1.178965183,-1.342241274,-1.436829964,-0.860642108,0.042334183
2312,118,Ada East,2016,0,1041.038807,26.20144802,0.358453179,0.142473273,74140.72093,0.523564161,0.513131928,1.149726397,-0.812254215,-1.432537285,-0.763308084,0.045296699
2313,118,Ada East,2017,0,1072.684912,25.72371851,0.364042989,0.144187369,75844.90882,0.537276851,0.523564161,0.541883901,-0.694390868,-1.392534772,-0.696151922,0.051220851
2314,118,Ada East,2018,0,984.196351,26.24000869,0.371584291,0.145044484,77467.46175,0.550107999,0.537276851,1.198789339,-1.023959326,-1.338566737,-0.60787824,0.05418316
2315,118,Ada East,2019,0,1144.590501,26.45250507,0.385184208,0.148472804,79057.33061,0.56236466,0.550107999,1.469160599,-0.426584339,-1.241241258,-0.525279373,0.066031906
2316,118,Ada East,2020,0,850.1772372,25.71120765,0.368343942,0.149329919,80639.67916,0.765196351,0.56236466,0.52596562,-1.523102632,-1.361755739,-0.44637869,0.068994214
2317,118,Ada East,2021,0,1046.327541,26.94207935,0.371299209,0.155329651,82268.14474,0.771390539,0.765196351,2.092073875,-0.792556753,-1.340606877,0.859324315,0.089730118
2318,118,Ada East,2022,0,1055.356212,25.46377063,0.367904744,0.155329651,83863.08082,0.777339842,0.771390539,0.211137401,-0.758930202,-1.364898781,0.899198604,0.089730118
2319,118,Ada East,2023,0,1003.004054,26.85380828,0.380884164,0.155329651,85490.47581,0.783044901,0.777339842,1.979761562,-0.953911562,-1.272013791,0.937496482,0.089730118
2320,118,Ada East,2024,0,920.2855488,26.28913988,0.367359288,0.155329651,87128.54485,0.788548393,0.783044901,1.261301753,-1.261989919,-1.368802246,0.974222065,0.089730118
2321,119,Shai-Osudoku,2005,0,1135.7658,25.56688049,0.52201644,0,48050.86607,0.390810905,0.372562405,0.342329949,-0.459451222,-0.26202485,-1.66820637,-0.447110612
2322,119,Shai-Osudoku,2006,0,976.5829172,25.970316,0.530153798,0,48001.13391,0.410605017,0.390810905,0.855643951,-1.052314942,-0.203791239,-1.55073399,-0.447110612
2323,119,Shai-Osudoku,2007,0,1290.159377,25.9827794,0.523755354,0,49321.30731,0.429485744,0.410605017,0.871501853,0.115575117,-0.249580606,-1.423311928,-0.447110612
2324,119,Shai-Osudoku,2008,0,1387.181849,25.87348459,0.538714668,0,49212.37723,0.447432644,0.429485744,0.732439826,0.476927438,-0.14252684,-1.301769671,-0.447110612
2325,119,Shai-Osudoku,2009,0,1011.372395,25.77806527,0.492240079,0,51730.01337,0.464609349,0.447432644,0.611032383,-0.922744355,-0.47511427,-1.186238807,-0.447110612
2326,119,Shai-Osudoku,2010,0,1389.957551,26.29771397,0.531381602,0,52571.25567,0.481167236,0.464609349,1.272211054,0.487265314,-0.195004672,-1.07566597,-0.447110612
2327,119,Shai-Osudoku,2011,0,1146.577751,25.96688049,0.538008548,0,54319.53235,0.497272854,0.481167236,0.851272757,-0.419182988,-0.147580068,-0.969076695,-0.447110612
2328,119,Shai-Osudoku,2012,0,1204.51481,25.64012829,0.521311213,0,53673.97842,0.512901942,0.497272854,0.435527307,-0.203401118,-0.267071683,-0.865398841,-0.447110612
2329,119,Shai-Osudoku,2013,0,1110.521354,25.57564147,0.502949728,0,52962.67997,0.527987169,0.512901942,0.353477041,-0.553472112,-0.398472503,-0.764788593,-0.447110612
2330,119,Shai-Osudoku,2014,0,1247.66549,25.91031083,0.54195993,0,56777.35322,0.542488066,0.527987169,0.779295957,-0.042689913,-0.119302685,-0.66767938,-0.447110612
2331,119,Shai-Osudoku,2015,0,957.6096952,26.36604529,0.509682518,0,97975.30692,0.555094109,0.542488066,1.359152894,-1.122979166,-0.350290447,-0.574331713,-0.447110612
2332,119,Shai-Osudoku,2016,0,1143.695712,26.35424488,0.52933518,0,100237.9694,0.566537353,0.555094109,1.344138555,-0.429916908,-0.209649541,-0.493181928,-0.447110612
2333,119,Shai-Osudoku,2017,0,1178.119511,25.92406148,0.542043924,0.000255128,102542.6645,0.577742671,0.566537353,0.796791687,-0.301708265,-0.118701594,-0.419517513,-0.446228854
2334,119,Shai-Osudoku,2018,0,1073.064233,26.37585242,0.530046327,0.000255128,104743.5229,0.784701872,0.577742671,1.371631064,-0.692978117,-0.204560342,-0.347384711,-0.446228854
2335,119,Shai-Osudoku,2019,0,1193.089461,26.96685035,0.560984006,0.000255128,106893.4937,0.79056736,0.784701872,2.123591433,-0.245953901,0.01683986,0.984888607,-0.446228854
2336,119,Shai-Osudoku,2020,0,856.6387119,26.51380231,0.542809063,0.000255128,109034.9803,0.79617892,0.79056736,1.547152572,-1.499037394,-0.113226009,1.022646934,-0.446228854
2337,119,Shai-Osudoku,2021,0,1129.949371,27.07614947,0.556685058,0.000510243,111237.391,0.801555779,0.79617892,2.262658938,-0.481114037,-0.013924828,1.058770632,-0.445347143
2338,119,Shai-Osudoku,2022,0,1093.329086,25.66033666,0.542412347,0.000765357,113394.7914,0.806720066,0.801555779,0.461239568,-0.617503318,-0.11606504,1.09338347,-0.444465433
2339,119,Shai-Osudoku,2023,0,1020.159549,26.65793439,0.559144912,0.000765357,115594.917,0.811672336,0.806720066,1.730540039,-0.890017316,0.003678698,1.126627906,-0.444465433
2340,119,Shai-Osudoku,2024,0,900.7955915,26.3927286,0.521930864,0.001275606,117810.7616,0.816449637,0.811672336,1.393103595,-1.334578682,-0.262637262,1.158507513,-0.442701943
2341,120,Ada West,2005,0,1084.290323,25.54923257,0.360458985,0.13280995,51272.13109,0.377485054,0.362434504,0.319875496,-0.651167457,-1.418183081,-1.73340343,0.011898919
2342,120,Ada West,2006,0,955.2211238,25.91382674,0.369837081,0.135104359,52025.71689,0.392213324,0.377485054,0.783769451,-1.131875206,-1.351070343,-1.636517443,0.019828714
2343,120,Ada West,2007,0,1231.092872,25.96886056,0.361537038,0.136633987,55732.30147,0.409698785,0.392213324,0.853792117,-0.104413283,-1.410468183,-1.541706098,0.025115318
2344,120,Ada West,2008,0,1329.688606,25.85793444,0.360276746,0.139693135,58048.19771,0.426404993,0.409698785,0.712654491,0.26279852,-1.41948724,-1.429145684,0.035688157
2345,120,Ada West,2009,0,1003.569979,25.7305411,0.324417427,0.141987556,60337.01125,0.44352548,0.426404993,0.55056468,-0.951803821,-1.676108313,-1.321601614,0.043617993
2346,120,Ada West,2010,0,1367.344953,26.22764048,0.335700373,0.145811551,64206.72101,0.45635698,0.44352548,1.18305256,0.403046529,-1.595363841,-1.211390669,0.056834248
2347,120,Ada West,2011,0,1115.093913,25.94923257,0.358930275,0.145811551,65099.27673,0.468557539,0.45635698,0.828818304,-0.536441987,-1.42912303,-1.128789533,0.056834248
2348,120,Ada West,2012,0,1170.694849,25.60463059,0.308163958,0.146576296,64117.20909,0.480192136,0.468557539,0.390361559,-0.329360815,-1.79242348,-1.050250003,0.059477313
2349,120,Ada West,2013,0,1092.175338,25.53990635,0.300990777,0.146576296,66430.3966,0.488849168,0.480192136,0.308009211,-0.621800357,-1.843757119,-0.975353777,0.059477313
2350,120,Ada West,2014,0,1223.918054,25.86520552,0.360297838,0.14810584,71397.63345,0.496997069,0.488849168,0.72190589,-0.13113531,-1.419336303,-0.919625239,0.06476363
2351,120,Ada West,2015,0,933.2398543,26.35131374,0.347384174,0.14810584,67246.60598,0.511337285,0.496997069,1.340409097,-1.21374266,-1.511750728,-0.867174173,0.06476363
2352,120,Ada West,2016,0,1097.26743,26.3280437,0.351821645,0.14810584,68796.47698,0.522467072,0.511337285,1.31080131,-0.602835275,-1.479994726,-0.774860871,0.06476363
2353,120,Ada West,2017,0,1126.684183,25.87898023,0.360836939,0.14810584,70372.64563,0.53467383,0.522467072,0.739432244,-0.493274966,-1.415478319,-0.703214292,0.06476363
2354,120,Ada West,2018,0,1031.648283,26.35391519,0.366911416,0.148870651,71874.71958,0.547577158,0.53467383,1.343719079,-0.847228458,-1.372007365,-0.624634857,0.067406922
2355,120,Ada West,2019,0,1202.779396,26.69378252,0.376620502,0.151165126,73341.09648,0.559902768,0.547577158,1.776151657,-0.209864523,-1.302525957,-0.541571335,0.075336942
2356,120,Ada West,2020,0,848.0780437,26.01192768,0.365088856,0.151165126,74805.39784,0.763875477,0.559902768,0.908588866,-1.530920908,-1.385050204,-0.462226801,0.075336942
2357,120,Ada West,2021,0,1148.827263,27.06402185,0.359547582,0.152694747,76309.7195,0.77010451,0.763875477,2.247228273,-0.410804862,-1.42470538,0.850821359,0.080623526
2358,120,Ada West,2022,0,1105.943288,25.56568678,0.366278772,0.153393553,77784.62599,0.776087281,0.77010451,0.340811131,-0.570522745,-1.376534774,0.890919958,0.083038695
2359,120,Ada West,2023,0,1027.114724,26.86521852,0.385165992,0.153393553,79283.97048,0.781824433,0.776087281,1.99427946,-0.86411333,-1.24137162,0.929433278,0.083038695
2360,120,Ada West,2024,0,926.5626951,26.4219563,0.360155051,0.154158304,80795.81483,0.787358884,0.781824433,1.430291654,-1.238611197,-1.420358131,0.966365459,0.085681781
2361,121,Ningo Prampram,2005,0,1080.714497,25.42465404,0.410242164,0.132661037,64919.0245,0.390810905,0.372562405,0.161367125,-0.66448533,-1.061918296,-1.66820637,0.011384257
2362,121,Ningo Prampram,2006,0,924.2453312,25.79454521,0.40949792,0.135448569,67572.97481,0.410605017,0.390810905,0.632000755,-1.247242031,-1.067244347,-1.55073399,0.021018352
2363,121,Ningo Prampram,2007,0,1216.404407,25.82658202,0.426271282,0.136643239,68823.00888,0.429485744,0.410605017,0.672763019,-0.159119279,-0.947208663,-1.423311928,0.025147297
2364,121,Ningo Prampram,2008,0,1326.085718,25.72114067,0.41273709,0.137439755,72010.43106,0.447432644,0.429485744,0.538603972,0.249379858,-1.044063787,-1.301769671,0.027900164
2365,121,Ningo Prampram,2009,0,959.9336289,25.63133145,0.366012362,0.138634464,72154.4757,0.464609349,0.447432644,0.424334585,-1.114323864,-1.378441293,-1.186238807,0.032029246
2366,121,Ningo Prampram,2010,0,1331.846433,26.11844015,0.393670105,0.140625634,74441.11019,0.481167236,0.464609349,1.044110749,0.270835173,-1.180513395,-1.07566597,0.038911005
2367,121,Ningo Prampram,2011,0,1092.62233,25.82465404,0.429945557,0.141023857,75382.24062,0.497272854,0.481167236,0.670309933,-0.620135573,-0.920914337,-0.969076695,0.040287317
2368,121,Ningo Prampram,2012,0,1145.829101,25.48738412,0.386529898,0.143422725,78552.20808,0.512901942,0.497272854,0.241182185,-0.421971274,-1.231611065,-0.865398841,0.048578136
2369,121,Ningo Prampram,2013,0,1053.194277,25.39156926,0.332490921,0.14382099,82449.92289,0.527987169,0.512901942,0.119271476,-0.766982155,-1.618331735,-0.764788593,0.049954596
2370,121,Ningo Prampram,2014,0,1180.526132,25.77076448,0.416456022,0.144219222,82244.62278,0.542488066,0.527987169,0.601743172,-0.292745,-1.017449883,-0.66767938,0.05133094
2371,121,Ningo Prampram,2015,0,900.7232299,26.21829907,0.384358856,0.146608679,197338.225,0.547172857,0.542488066,1.171166957,-1.334848187,-1.247147752,-0.574331713,0.059589233
2372,121,Ningo Prampram,2016,0,1093.181916,26.21574634,0.382228049,0.147405145,201874.589,0.551663591,0.547172857,1.167918968,-0.61805144,-1.262396506,-0.544173975,0.06234193
2373,121,Ningo Prampram,2017,0,1133.257826,25.79701733,0.383150731,0.149794531,206512.1365,0.555486215,0.551663591,0.635146176,-0.468791966,-1.255793491,-0.515265446,0.070599979
2374,121,Ningo Prampram,2018,0,1010.344082,26.22598415,0.368175876,0.15377697,210925.3738,0.688152192,0.555486215,1.180945114,-0.926574226,-1.362958477,-0.490657797,0.084363836
2375,121,Ningo Prampram,2019,0,1218.515518,26.60028214,0.398663324,0.15616639,215259.5421,0.689654449,0.688152192,1.6571858,-0.151256617,-1.144780281,0.363362424,0.092622003
2376,121,Ningo Prampram,2020,0,800.3432756,26.01385194,0.394424814,0.157361088,219548.176,0.691180496,0.689654449,0.911037214,-1.708705175,-1.175112446,0.373033005,0.096751043
2377,121,Ningo Prampram,2021,0,1246.970308,26.84345022,0.377299089,0.162139956,223970.499,0.694315842,0.691180496,1.96658241,-0.045279063,-1.297669764,0.382856741,0.113267471
2378,121,Ningo Prampram,2022,0,1046.881096,25.45177348,0.402596081,0.164961989,228305.8081,0.702270927,0.694315842,0.195872736,-0.790495082,-1.116636178,0.403040128,0.123020808
2379,121,Ningo Prampram,2023,0,1019.128846,26.64048771,0.408095943,0.165360233,232711.1484,0.708852683,0.702270927,1.708341629,-0.893856085,-1.07727736,0.45424997,0.124397194
2380,121,Ningo Prampram,2024,0,856.8231896,26.27249093,0.371115715,0.166554943,237140.6014,0.716147387,0.708852683,1.240118348,-1.498350322,-1.341920023,0.496619179,0.128526277
2381,122,Techiman North,2005,0,1110.997024,23.82080765,0.62376359,0.01104783,65441.78892,0.593876465,0.580300056,-1.879298083,-0.551700515,0.466111187,-0.330921878,-0.408927787
2382,122,Techiman North,2006,0,1192.316047,24.12369819,0.640809002,0.01104783,63837.55486,0.607072458,0.593876465,-1.493913176,-0.24883442,0.588093757,-0.243525485,-0.408927787
2383,122,Techiman North,2007,0,1340.759192,23.82379384,0.632740113,0.01104783,66519.73796,0.61965953,0.607072458,-1.87549859,0.304030021,0.530350136,-0.158577973,-0.408927787
2384,122,Techiman North,2008,0,1403.835282,23.92080765,0.616896892,0.01104783,64490.93609,0.631624056,0.61965953,-1.752062381,0.538951794,0.416970838,-0.077550306,-0.408927787
2385,122,Techiman North,2009,0,1344.1356,24.01366631,0.671024527,0.01104783,61650.59756,0.643075121,0.631624056,-1.633913012,0.316605179,0.804325982,-0.000530209,-0.408927787
2386,122,Techiman North,2010,0,1220.89543,24.41896918,0.646616361,0.01104783,64884.79349,0.654113644,0.643075121,-1.118223061,-0.142392826,0.629653129,0.073184556,-0.408927787
2387,122,Techiman North,2011,0,1152.862487,24.06194474,0.616788522,0.01104783,63678.12444,0.664850656,0.654113644,-1.572485616,-0.395776,0.416195306,0.144243631,-0.408927787
2388,122,Techiman North,2012,0,1282.484591,23.92080765,0.632632137,0.01104783,64999.87171,0.675269983,0.664850656,-1.752062381,0.086991,0.529577421,0.21336177,-0.408927787
2389,122,Techiman North,2013,0,1152.751328,23.7175983,0.653730749,0.01104783,67704.28323,0.685326738,0.675269983,-2.010617227,-0.39619,0.680566026,0.280434851,-0.408927787
2390,122,Techiman North,2014,0,1212.49203,24.27379384,0.66606991,0.011680082,68083.2378,0.694993943,0.685326738,-1.302937931,-0.17369061,0.768869115,0.345173923,-0.406742635
2391,122,Techiman North,2015,0,1029.409989,24.4170882,0.629498405,0.011680082,85085.79915,0.704180886,0.694993943,-1.120616336,-0.855564801,0.507151412,0.407405314,-0.406742635
2392,122,Techiman North,2016,0,1231.573007,24.46850159,0.604547182,0.011680082,87094.61296,0.712979472,0.704180886,-1.055200149,-0.102625058,0.328592255,0.466545082,-0.406742635
2393,122,Techiman North,2017,1,1095.518172,24.21529224,0.647224482,0.011680082,89113.66627,0.721269686,0.712979472,-1.377372845,-0.609350243,0.634005037,0.523184851,-0.406742635
2394,122,Techiman North,2018,0,1354.285654,24.35548353,0.671149469,0.011680082,91044.30092,0.728998778,0.721269686,-1.198999478,0.354408228,0.805220107,0.576552042,-0.406742635
2395,122,Techiman North,2019,0,1272.248672,24.98825717,0.662628437,0.011680082,92872.24497,0.736381817,0.728998778,-0.393885489,0.04886815,0.744240806,0.62630708,-0.406742635
2396,122,Techiman North,2020,1,1075.17577,24.7814559,0.650312566,0.011680082,94766.51967,0.874565633,0.736381817,-0.657010543,-0.685113866,0.656104387,0.673834445,-0.406742635
2397,122,Techiman North,2021,0,1014.56068,24.71246546,0.67782347,0.011680082,96635.55892,0.877874628,0.874565633,-0.744791008,-0.910869848,0.85298145,1.563375048,-0.406742635
2398,122,Techiman North,2022,0,1078.844421,23.96767269,0.687677209,0.011680082,98422.60471,0.881052803,0.877874628,-1.692433322,-0.671450276,0.923498043,1.584676277,-0.406742635
2399,122,Techiman North,2023,0,1276.781084,24.71113709,0.659702248,0.011908205,100238.1676,0.8841005,0.881052803,-0.746481174,0.065748752,0.723300032,1.605135371,-0.40595421
2400,122,Techiman North,2024,0,860.029118,24.48712009,0.666022766,0.011908205,102069.5688,0.887040519,0.8841005,-1.031510781,-1.486410102,0.768531736,1.624754531,-0.40595421
2401,123,Banda,2005,0,965.8012709,25.24342865,0.573146239,0.000237949,32729.87587,0.554092278,0.552563936,-0.069216264,-1.092470308,0.103876791,-0.50946959,-0.446288228
2402,123,Banda,2006,0,1126.326618,25.52596223,0.596934457,0.000237949,34081.08644,0.556158733,0.554092278,0.290267319,-0.49460669,0.274113094,-0.499631089,-0.446288228
2403,123,Banda,2007,0,1147.077701,25.07580698,0.562945699,0.000237949,34171.40696,0.559678694,0.556158733,-0.282490883,-0.417320966,0.030878379,-0.486328549,-0.446288228
2404,123,Banda,2008,0,1167.04015,25.16820118,0.54417173,0.000237949,35559.95061,0.563454515,0.559678694,-0.164932463,-0.342972444,-0.103474315,-0.463669248,-0.446288228
2405,123,Banda,2009,0,1218.259424,25.4595122,0.588000014,0.000237949,37635.6904,0.566502325,0.563454515,0.205719158,-0.152210419,0.210175289,-0.439362887,-0.446288228
2406,123,Banda,2010,0,1034.658218,25.66325823,0.578909044,0.000237949,38773.35125,0.570409778,0.566502325,0.464956847,-0.836018201,0.145117317,-0.419743002,-0.446288228
2407,123,Banda,2011,0,1019.273397,25.34839327,0.593099102,0.000237949,41771.07804,0.5764213,0.570409778,0.064336202,-0.893317717,0.246666038,-0.394589271,-0.446288228
2408,123,Banda,2012,0,1160.408218,25.27023577,0.548918754,0.000237949,40965.59148,0.577661465,0.5764213,-0.035108036,-0.367672538,-0.069503054,-0.355890869,-0.446288228
2409,123,Banda,2013,0,1003.883774,25.07383918,0.56069889,0.000237949,41148.71874,0.586844059,0.577661465,-0.284994618,-0.950635118,0.014799474,-0.347907465,-0.446288228
2410,123,Banda,2014,0,1119.906701,25.60897783,0.563730989,0.000237949,43465.3119,0.596377594,0.586844059,0.395892797,-0.518517147,0.036498167,-0.288795696,-0.446288228
2411,123,Banda,2015,0,910.3683925,25.74370306,0.537896041,0.000237949,26546.40986,0.608534913,0.596377594,0.567311391,-1.298925562,-0.148385209,-0.227424788,-0.446288228
2412,123,Banda,2016,0,1118.470826,25.82664464,0.502342568,0.000237949,27152.04629,0.62017831,0.608534913,0.672842692,-0.523864947,-0.402817543,-0.149163603,-0.446288228
2413,123,Banda,2017,0,900.0346259,25.67983824,0.530725356,0.000237949,27769.03399,0.631148965,0.62017831,0.486052541,-1.337412836,-0.199700987,-0.074210732,-0.446288228
2414,123,Banda,2018,0,1263.661792,25.65246606,0.540938451,0.000237949,28356.49234,0.641377072,0.631148965,0.451225351,0.016887016,-0.126612721,-0.003588547,-0.446288228
2415,123,Banda,2019,0,1186.818999,26.231862,0.544439884,0.000237949,28931.72494,0.651147238,0.641377072,1.188423845,-0.269307727,-0.101555318,0.062253583,-0.446288228
2416,123,Banda,2020,0,880.8513865,25.89547408,0.541514593,0.000237949,29505.58926,0.862126576,0.651147238,0.760418306,-1.408859254,-0.122489657,0.125147775,-0.446288228
2417,123,Banda,2021,3,874.8649986,25.72916306,0.53628877,0.000237949,30094.80152,0.878389789,0.862126576,0.548811312,-1.43115507,-0.159887368,1.483300208,-0.446288228
2418,123,Banda,2022,0,936.3774552,25.35285601,0.544432081,0.000237949,30672.3254,0.905644796,0.878389789,0.070014398,-1.20205692,-0.10161116,1.587992559,-0.446288228
2419,123,Banda,2023,0,1001.234294,26.08937753,0.567131934,0.000237949,31260.38718,0.908062391,0.905644796,1.007132724,-0.960502892,0.060836453,1.763443175,-0.446288228
2420,123,Banda,2024,0,761.2713388,26.04282207,0.55624688,0.000237949,31852.57959,0.910394569,0.908062391,0.947897558,-1.854225431,-0.017060572,1.779006129,-0.446288228
2421,124,Jaman North,2005,0,965.6832003,24.3073393,0.622113486,0.005911488,83738.44302,0.612978396,0.600040551,-1.260256123,-1.092910052,0.454302502,-0.203844972,-0.426679694
2422,124,Jaman North,2006,0,1164.496008,24.60770223,0.662563032,0.005911488,85878.27083,0.625553719,0.612978396,-0.878087237,-0.352447896,0.743772744,-0.12055925,-0.426679694
2423,124,Jaman North,2007,0,1202.411727,24.21589241,0.612406415,0.005911488,87370.9885,0.637548761,0.625553719,-1.376609216,-0.211233879,0.384835515,-0.039607225,-0.426679694
2424,124,Jaman North,2008,0,1213.096621,24.26531172,0.606506372,0.005911488,88730.08758,0.648950538,0.637548761,-1.313730213,-0.17143886,0.342612866,0.037609323,-0.426679694
2425,124,Jaman North,2009,0,1251.37382,24.47127591,0.627726062,0.005911488,90636.58124,0.659863005,0.648950538,-1.051670229,-0.028878537,0.49446794,0.111006797,-0.426679694
2426,124,Jaman North,2010,0,1082.926849,24.80754496,0.646597687,0.005911488,92119.39636,0.670382333,0.659863005,-0.623815938,-0.656245604,0.629519486,0.181254404,-0.426679694
2427,124,Jaman North,2011,0,1042.27841,24.47065892,0.618375843,0.005911488,94064.58606,0.680614332,0.670382333,-1.052455255,-0.807637415,0.4275547,0.248971231,-0.426679694
2428,124,Jaman North,2012,0,1193.7574,24.37045729,0.628655257,0.005911488,95271.18779,0.690543588,0.680614332,-1.179947501,-0.243466217,0.501117568,0.314838413,-0.426679694
2429,124,Jaman North,2013,0,994.9184612,24.13945479,0.648732842,0.005911488,96529.31547,0.700127326,0.690543588,-1.473865154,-0.984025697,0.644799358,0.378756727,-0.426679694
2430,124,Jaman North,2014,0,1124.497056,24.64958061,0.670885809,0.005911488,97740.24707,0.709339836,0.700127326,-0.82480299,-0.501420743,0.803333267,0.440450811,-0.426679694
2431,124,Jaman North,2015,0,943.7690136,24.81727559,0.634557409,0.005911488,109120.3339,0.712928249,0.709339836,-0.611435111,-1.174527661,0.543355306,0.499755162,-0.426679694
2432,124,Jaman North,2016,0,1095.654488,24.97315106,0.606788615,0.005911488,111637.1964,0.719142709,0.712928249,-0.413105857,-0.608842545,0.344632689,0.522855111,-0.426679694
2433,124,Jaman North,2017,0,972.6828777,24.75493588,0.654438423,0.005911488,114201.5307,0.727254906,0.719142709,-0.690753472,-1.066840322,0.685630375,0.562859901,-0.426679694
2434,124,Jaman North,2018,0,1276.080248,24.79213646,0.664694593,0.005911488,116646.5204,0.73481803,0.727254906,-0.643421052,0.063138547,0.759026895,0.61508113,-0.426679694
2435,124,Jaman North,2019,0,1173.94677,25.18563191,0.683137447,0.005911488,119038.9947,0.742042532,0.73481803,-0.142754362,-0.3172493,0.891010015,0.66376777,-0.426679694
2436,124,Jaman North,2020,0,919.0079039,24.85417372,0.664131978,0.005911488,121426.1299,0.748954271,0.742042532,-0.564487507,-1.266748403,0.755000636,0.710274573,-0.426679694
2437,124,Jaman North,2021,0,981.4116461,24.95345996,0.689463468,0.005911488,123875.9456,0.755576929,0.748954271,-0.438159972,-1.034330733,0.936281105,0.754768009,-0.426679694
2438,124,Jaman North,2022,0,1053.974514,24.27565126,0.666285916,0.005911488,126275.4751,0.761937764,0.755576929,-1.300574622,-0.764076224,0.770414927,0.797400523,-0.426679694
2439,124,Jaman North,2023,1,1060.082991,25.24946367,0.670273465,0.005911488,128721.6119,0.768037459,0.761937764,-0.061537573,-0.741325699,0.798951132,0.838347581,-0.426679694
2440,124,Jaman North,2024,0,769.3472861,24.80887168,0.654282171,0.005911488,131185.0553,0.773921644,0.768037459,-0.622127876,-1.824147221,0.684512185,0.877613584,-0.426679694
2441,125,Tain,2005,0,1003.045209,24.70387409,0.610610468,0.003766537,68404.49627,0.606019423,0.592848944,-0.755722305,-0.953758285,0.371983129,-0.25014002,-0.434092939
2442,125,Tain,2006,0,1153.150788,25.0094889,0.648936385,0.003766537,69047.36055,0.61882086,0.606019423,-0.36687115,-0.394702247,0.646255979,-0.16535675,-0.434092939
2443,125,Tain,2007,0,1231.042894,24.68995279,0.601302063,0.003766537,70686.35753,0.631031583,0.61882086,-0.77343516,-0.104599422,0.30536912,-0.082949139,-0.434092939
2444,125,Tain,2008,0,1266.720167,24.76060551,0.607109686,0.003766537,70730.47667,0.642638373,0.631031583,-0.68353968,0.028277684,0.34693038,-0.004344173,-0.434092939
2445,125,Tain,2009,0,1272.209614,24.93009169,0.644316703,0.003766537,70956.24284,0.653747056,0.642638373,-0.467892751,0.048722683,0.613196019,0.070373048,-0.434092939
2446,125,Tain,2010,0,1112.434252,25.2958218,0.617245383,0.003766537,72388.80239,0.66445553,0.653747056,-0.002553481,-0.546347678,0.419464758,0.141883767,-0.434092939
2447,125,Tain,2011,0,1057.853161,24.94397894,0.636800658,0.003766537,71524.13616,0.674871509,0.66445553,-0.450223211,-0.749630517,0.559408731,0.210818199,-0.434092939
2448,125,Tain,2012,0,1204.964096,24.7838818,0.610299878,0.003766537,74131.17024,0.684979302,0.674871509,-0.653923926,-0.201727787,0.369760445,0.277869729,-0.434092939
2449,125,Tain,2013,0,1041.926558,24.60772321,0.630671328,0.003766537,75865.65324,0.694735363,0.684979302,-0.87806055,-0.808947858,0.515545229,0.342937348,-0.434092939
2450,125,Tain,2014,0,1133.182243,25.15432118,0.649579199,0.003766537,75663.13304,0.704113522,0.694735363,-0.182592779,-0.469073469,0.650856167,0.405740743,-0.434092939
2451,125,Tain,2015,0,964.6287958,25.26991058,0.620966278,0.003766537,104985.916,0.713025778,0.704113522,-0.035521799,-1.096837096,0.446092704,0.466111436,-0.434092939
2452,125,Tain,2016,0,1138.251237,25.36294086,0.601386547,0.003766537,107414.3989,0.72156129,0.713025778,0.082845925,-0.450194414,0.305973717,0.523482944,-0.434092939
2453,125,Tain,2017,0,1011.161727,25.21744133,0.631568158,0.003766537,109889.2675,0.729603629,0.72156129,-0.102281415,-0.923528974,0.52196324,0.578429203,-0.434092939
2454,125,Tain,2018,0,1284.456811,25.22063683,0.65901668,0.003766537,112253.1548,0.737101624,0.729603629,-0.098215601,0.094336374,0.718393881,0.630200733,-0.434092939
2455,125,Tain,2019,0,1250.047161,25.75233081,0.640133198,0.003766537,114562.4066,0.744263912,0.737101624,0.578288963,-0.033819574,0.583257484,0.678468112,-0.434092939
2456,125,Tain,2020,0,970.9560619,25.39298942,0.629518661,0.003766537,116865.9966,0.751116132,0.744263912,0.121078432,-1.073271707,0.507296368,0.724574425,-0.434092939
2457,125,Tain,2021,1,987.3527756,25.46518996,0.663320701,0.003766537,119230.7908,0.882782491,0.751116132,0.21294329,-1.012203479,0.749194874,0.768684709,-0.434092939
2458,125,Tain,2022,0,1068.280559,24.70785938,0.652789995,0.003766537,121549.5925,0.885832944,0.882782491,-0.750651589,-0.710794521,0.673833679,1.616270014,-0.434092939
2459,125,Tain,2023,0,1125.485452,25.6389247,0.646900846,0.003766537,123912.8188,0.888758163,0.885832944,0.433995903,-0.497739542,0.631688995,1.635906917,-0.434092939
2460,125,Tain,2024,0,765.2712541,25.31207617,0.632567292,0.003766537,126294.248,0.891580031,0.888758163,0.018127879,-1.839328071,0.52911337,1.654737639,-0.434092939
2461,126,Sekyere Kumawu,2005,0,1228.550268,23.20526544,0.684803057,0.007724976,48120.25426,0.392946133,0.372652771,-2.662487535,-0.113883007,0.902929673,-1.667624645,-0.42041203
2462,126,Sekyere Kumawu,2006,0,1158.682193,23.62673224,0.692209831,0.007724976,46708.13319,0.412670866,0.392946133,-2.126231291,-0.374100977,0.95593498,-1.536988734,-0.42041203
2463,126,Sekyere Kumawu,2007,0,1571.319254,23.40174309,0.680418771,0.007724976,45444.51705,0.431485415,0.412670866,-2.412497816,1.162732246,0.871554281,-1.41001329,-0.42041203
2464,126,Sekyere Kumawu,2008,0,1538.33965,23.4095617,0.67839655,0.007724976,44578.73107,0.44936941,0.431485415,-2.402549763,1.039902391,0.857082599,-1.288897043,-0.42041203
2465,126,Sekyere Kumawu,2009,0,1270.727615,23.43698105,0.64419592,0.007724976,44112.97148,0.466485911,0.44936941,-2.367662554,0.043203097,0.612331655,-1.173771119,-0.42041203
2466,126,Sekyere Kumawu,2010,0,1378.577173,23.91165196,0.703024638,0.007724976,46034.47368,0.482985762,0.466485911,-1.76371169,0.444880021,1.033329288,-1.063585843,-0.42041203
2467,126,Sekyere Kumawu,2011,0,1258.01273,23.53698105,0.675123599,0.007724976,43628.16455,0.499034929,0.482985762,-2.240426852,-0.004152459,0.833660286,-0.957370167,-0.42041203
2468,126,Sekyere Kumawu,2012,0,1364.913062,23.31156517,0.655799662,0.007724976,44352.00797,0.514609237,0.499034929,-2.527236333,0.393989149,0.695371846,-0.854055708,-0.42041203
2469,126,Sekyere Kumawu,2013,0,1253.483437,23.2057645,0.678593839,0.007724976,41050.55976,0.529641589,0.514609237,-2.661852553,-0.021021442,0.858494467,-0.753798101,-0.42041203
2470,126,Sekyere Kumawu,2014,0,1312.30797,23.63525242,0.68844027,0.007724976,42710.66551,0.544091661,0.529641589,-2.115390581,0.198065756,0.92895876,-0.65702926,-0.42041203
2471,126,Sekyere Kumawu,2015,0,1096.990163,23.9090988,0.666577775,0.007724976,58505.75704,0.55782386,0.544091661,-1.766960221,-0.603867931,0.77250356,-0.564008779,-0.42041203
2472,126,Sekyere Kumawu,2016,0,1311.373065,23.94996384,0.640065316,0.007724976,59869.89381,0.570975562,0.55782386,-1.714965305,0.194583777,0.582771697,-0.475609507,-0.42041203
2473,126,Sekyere Kumawu,2017,0,1275,23.65661797,0.671843728,0.007724976,61255.19607,0.583367374,0.570975562,-2.088205982,0.05911525,0.810188454,-0.390947113,-0.42041203
2474,126,Sekyere Kumawu,2018,0,1340.419644,23.92788225,0.699742782,0.007724976,62574.69236,0.594920448,0.583367374,-1.743060965,0.302765402,1.009843251,-0.311176411,-0.42041203
2475,126,Sekyere Kumawu,2019,0,1310.715608,24.53959931,0.697575616,0.007724976,63850.41346,0.605956258,0.594920448,-0.964738476,0.192135132,0.994334301,-0.23680498,-0.42041203
2476,126,Sekyere Kumawu,2020,0,1098.364386,24.25186605,0.681561914,0.007724976,65131.82546,0.923884693,0.605956258,-1.330837905,-0.598749751,0.879734985,-0.165763367,-0.42041203
2477,126,Sekyere Kumawu,2021,0,1135.601909,24.40849848,0.701826794,0.00815247,66436.39601,0.925892637,0.923884693,-1.131545531,-0.460061619,1.024757127,1.880860171,-0.418934551
2478,126,Sekyere Kumawu,2022,0,1337.252423,23.36219442,0.682306566,0.00815247,67715.39928,0.927821197,0.925892637,-2.462817853,0.290969344,0.88506396,1.893786051,-0.418934551
2479,126,Sekyere Kumawu,2023,0,1334.300304,23.95318241,0.680733237,0.00815247,69010.35532,0.929670582,0.927821197,-1.71087013,0.279974415,0.873804701,1.906200912,-0.418934551
2480,126,Sekyere Kumawu,2024,0,984.714885,23.97051208,0.657600631,0.00815247,70314.21255,0.929667532,0.929670582,-1.688820604,-1.022028088,0.70826017,1.918106089,-0.418934551
2481,127,Sekyere Afram Plains,2005,0,1225.737952,25.05809686,0.620234513,0,59717.11382,0.392946133,0.372652771,-0.305024479,-0.124357248,0.440855954,-1.667624645,-0.447110612
2482,127,Sekyere Afram Plains,2006,0,1164.971882,25.3754936,0.642461655,0,60588.96156,0.412670866,0.392946133,0.098817492,-0.35067554,0.599920684,-1.536988734,-0.447110612
2483,127,Sekyere Afram Plains,2007,0,1533.66544,25.22914042,0.611297748,0,61233.19547,0.431485415,0.412670866,-0.087395993,1.022493676,0.376901526,-1.41001329,-0.447110612
2484,127,Sekyere Afram Plains,2008,0,1520.456821,25.21887458,0.634794472,0,62542.76714,0.44936941,0.431485415,-0.100457814,0.973299246,0.545051807,-1.288897043,-0.447110612
2485,127,Sekyere Afram Plains,2009,0,1281.396032,25.24482226,0.618451541,0,63554.92605,0.466485911,0.44936941,-0.067443102,0.082936753,0.428096419,-1.173771119,-0.447110612
2486,127,Sekyere Afram Plains,2010,0,1409.839832,25.65822895,0.645551996,0,62252.66305,0.482985762,0.466485911,0.458557808,0.561315254,0.622036179,-1.063585843,-0.447110612
2487,127,Sekyere Afram Plains,2011,0,1289.482179,25.3431734,0.637427147,0,63535.11169,0.499034929,0.482985762,0.057694666,0.113052948,0.563892094,-0.957370167,-0.447110612
2488,127,Sekyere Afram Plains,2012,0,1340.254594,25.13106645,0.626478027,0,62227.71444,0.514609237,0.499034929,-0.212181103,0.302150686,0.485536592,-0.854055708,-0.447110612
2489,127,Sekyere Afram Plains,2013,0,1247.77343,25.03185078,0.635027502,0,65528.33691,0.516297963,0.514609237,-0.338418861,-0.042287901,0.546719443,-0.753798101,-0.447110612
2490,127,Sekyere Afram Plains,2014,0,1340.72144,25.3717017,0.63485129,0,65460.12562,0.517347622,0.516297963,0.093992842,0.303889415,0.545458415,-0.742927146,-0.447110612
2491,127,Sekyere Afram Plains,2015,0,1066.115373,25.75403368,0.632948934,0,32379.87012,0.531885366,0.517347622,0.580455632,-0.718858581,0.531844526,-0.736170097,-0.447110612
2492,127,Sekyere Afram Plains,2016,0,1316.788809,25.74141368,0.611621322,0,33117.63408,0.539104516,0.531885366,0.564398476,0.214754277,0.37921713,-0.642585236,-0.447110612
2493,127,Sekyere Afram Plains,2017,0,1236.040266,25.30587125,0.609488485,0,33871.23434,0.552416882,0.539104516,0.010233014,-0.085987116,0.363953848,-0.59611288,-0.447110612
2494,127,Sekyere Afram Plains,2018,0,1334.6799,25.73388295,0.635717411,0,34592.05532,0.564828202,0.552416882,0.554816706,0.281388191,0.551656659,-0.510416231,-0.447110612
2495,127,Sekyere Afram Plains,2019,0,1471.344514,26.38918925,0.64411008,0,35297.39546,0.576683832,0.564828202,1.388600277,0.790384449,0.611717359,-0.430519951,-0.447110612
2496,127,Sekyere Afram Plains,2020,0,1150.267992,26.28561083,0.647564514,0,36004.20936,0.918230296,0.576683832,1.256811546,-0.405438984,0.636438421,-0.354200852,-0.447110612
2497,127,Sekyere Afram Plains,2021,0,1085.576911,26.1240134,0.622686163,0,36726.52891,0.920387405,0.918230296,1.051201917,-0.646375662,0.458400764,1.844460717,-0.447110612
2498,127,Sekyere Afram Plains,2022,0,1243.864011,25.31341377,0.634368387,0,37432.21381,0.922459233,0.920387405,0.019829791,-0.056848215,0.5420026,1.858346825,-0.447110612
2499,127,Sekyere Afram Plains,2023,0,1461.494185,25.71382658,0.62865149,0,38158.01372,0.924446003,0.922459233,0.529297833,0.753697698,0.501090605,1.871683952,-0.447110612
2500,127,Sekyere Afram Plains,2024,0,951.5426368,26.10108391,0.642586301,0,38889.78999,0.926362579,0.924446003,1.022027416,-1.145575433,0.600812689,1.884473532,-0.447110612
2501,128,Asante Akim North,2005,0,1259.144157,24.49207101,0.654902489,0.007901801,78996.02716,0.373998004,0.35307122,-1.025211442,6.14E-05,0.68895138,-1.79367837,-0.419800896
2502,128,Asante Akim North,2006,0,1166.035059,24.87915311,0.670715247,0.007901801,81697.60182,0.392921484,0.373998004,-0.532704814,-0.346715824,0.802112674,-1.658964886,-0.419800896
2503,128,Asante Akim North,2007,0,1607.860577,24.68702663,0.654007173,0.007901801,82801.86275,0.411003519,0.392921484,-0.777158289,1.298827438,0.682544203,-1.537147409,-0.419800896
2504,128,Asante Akim North,2008,0,1568.135799,24.69997041,0.65144549,0.007901801,85189.8331,0.429531821,0.411003519,-0.76068917,1.150875728,0.664211957,-1.420746626,-0.419800896
2505,128,Asante Akim North,2009,0,1265.239571,24.71098003,0.638827348,0.007901801,87652.04494,0.447264978,0.429531821,-0.746681009,0.022763324,0.573912393,-1.301473055,-0.419800896
2506,128,Asante Akim North,2010,0,1426.449408,25.17949334,0.662622258,0.007901801,86290.56621,0.46435927,0.447264978,-0.150564805,0.623176272,0.744196588,-1.187318131,-0.419800896
2507,128,Asante Akim North,2011,0,1292.577293,24.81259246,0.649425691,0.007901801,87296.78773,0.480986642,0.46435927,-0.617393725,0.12458045,0.649757612,-1.077275818,-0.419800896
2508,128,Asante Akim North,2012,0,1387.571672,24.61283284,0.637429202,0.007901801,87092.55189,0.497122045,0.480986642,-0.871559274,0.478379299,0.563906798,-0.970239245,-0.419800896
2509,128,Asante Akim North,2013,0,1272.534615,24.5074926,0.647239459,0.007901801,89684.24254,0.512695969,0.497122045,-1.005589664,0.049933125,0.634112219,-0.866369654,-0.419800896
2510,128,Asante Akim North,2014,0,1349.059246,24.8791642,0.659455263,0.007901801,90656.74379,0.524477654,0.512695969,-0.532690698,0.334942896,0.72153253,-0.766114518,-0.419800896
2511,128,Asante Akim North,2015,0,1103.976183,25.21283284,0.637256306,0.007901801,78601.28692,0.538800637,0.524477654,-0.108145062,-0.577849067,0.5626695,-0.690271434,-0.419800896
2512,128,Asante Akim North,2016,0,1342.918639,25.21474112,0.635660886,0.007901801,80416.13213,0.550207327,0.538800637,-0.105717044,0.312072705,0.551252144,-0.598069065,-0.419800896
2513,128,Asante Akim North,2017,0,1308.373077,24.86012574,0.642082107,0.007901801,82265.01155,0.563199003,0.550207327,-0.556914418,0.183410564,0.597204516,-0.52463996,-0.419800896
2514,128,Asante Akim North,2018,0,1356.085577,25.21359837,0.67389946,0.007901801,84029.13611,0.87689582,0.563199003,-0.107171032,0.361111896,0.824899949,-0.441007713,-0.419800896
2515,128,Asante Akim North,2019,0,1353.528107,25.8158395,0.677314247,0.007901801,85753.4389,0.880249616,0.87689582,0.659094691,0.351586805,0.849337287,1.578375325,-0.419800896
2516,128,Asante Akim North,2020,0,1131.793639,25.7004216,0.65492473,0.007901801,87474.23757,0.883458221,0.880249616,0.512241916,-0.474245212,0.689110542,1.599964959,-0.419800896
2517,128,Asante Akim North,2021,0,1144.275296,25.71985947,0.663582834,0.007901801,89240.52426,0.886532626,0.883458221,0.536973826,-0.427758295,0.751070779,1.620619938,-0.419800896
2518,128,Asante Akim North,2022,0,1371.989719,24.66410873,0.65037602,0.007901801,90972.57667,0.889485487,0.886532626,-0.806318039,0.420345582,0.656558479,1.64041103,-0.419800896
2519,128,Asante Akim North,2023,0,1409.227367,25.17309541,0.658163236,0.007901801,92737.96263,0.892317119,0.889485487,-0.158705255,0.559034177,0.712286356,1.65941969,-0.419800896
2520,128,Asante Akim North,2024,0,984.9055473,25.3402034,0.641453274,0.007901801,94516.75291,0.895048707,0.892317119,0.053915767,-1.021317982,0.592704377,1.677647962,-0.419800896
2521,129,Asante Akim Central,2005,0,1320.031059,24.22420965,0.684306671,0.042719207,51894.55233,0.373998004,0.35307122,-1.366026718,0.226829773,0.89937737,-1.79367837,-0.299467131
2522,129,Asante Akim Central,2006,0,1211.652246,24.66480865,0.712834226,0.042719207,50721.26441,0.392921484,0.373998004,-0.805427485,-0.176818315,1.103529926,-1.658964886,-0.299467131
2523,129,Asante Akim Central,2007,0,1713.461453,24.42684415,0.711559996,0.042719207,51047.02469,0.411003519,0.392921484,-1.108203292,1.692129326,1.094411116,-1.537147409,-0.299467131
2524,129,Asante Akim Central,2008,0,1644.921242,24.4406406,0.716217121,0.042719207,49905.09914,0.429531821,0.411003519,-1.090649281,1.436856877,1.12773903,-1.420746626,-0.299467131
2525,129,Asante Akim Central,2009,0,1297.680255,24.4552274,0.663902956,0.042719207,48681.09788,0.447264978,0.429531821,-1.072089664,0.143586018,0.75336168,-1.301473055,-0.299467131
2526,129,Asante Akim Central,2010,0,1493.020244,24.93643927,0.744567658,0.042719207,51678.92969,0.46435927,0.447264978,-0.459816364,0.871113944,1.330624789,-1.187318131,-0.299467131
2527,129,Asante Akim Central,2011,0,1310.892402,24.57113145,0.698717451,0.042719207,52205.00615,0.480986642,0.46435927,-0.924618334,0.192793584,1.002505647,-1.077275818,-0.299467131
2528,129,Asante Akim Central,2012,0,1460.603993,24.3349695,0.706662855,0.042719207,54009.29625,0.497122045,0.480986642,-1.225100652,0.750382251,1.05936557,-0.970239245,-0.299467131
2529,129,Asante Akim Central,2013,0,1345.820854,24.25449251,0.661377781,0.042719207,52952.57102,0.512695969,0.497122045,-1.327496106,0.32288177,0.735290698,-0.866369654,-0.299467131
2530,129,Asante Akim Central,2014,0,1395.666667,24.67414032,0.689762556,0.042719207,53124.37567,0.527666633,0.512695969,-0.79355427,0.508528451,0.938421471,-0.766114518,-0.299467131
2531,129,Asante Akim Central,2015,0,1169.659179,24.9349695,0.67820175,0.042719207,84612.38196,0.536379364,0.527666633,-0.46168644,-0.333218083,0.855688548,-0.669742785,-0.299467131
2532,129,Asante Akim Central,2016,0,1401.730449,24.97412646,0.675759483,0.042719207,86561.55524,0.54867156,0.536379364,-0.411864806,0.531112516,0.838210886,-0.613655697,-0.299467131
2533,129,Asante Akim Central,2017,0,1394.053799,24.67412646,0.684050208,0.043540728,88549.51979,0.561707594,0.54867156,-0.793571912,0.502521457,0.897542038,-0.534526266,-0.296627841
2534,129,Asante Akim Central,2018,0,1407.032169,24.95237105,0.732543541,0.043540728,90445.93397,0.884963543,0.561707594,-0.439545452,0.55085834,1.244576257,-0.450608466,-0.296627841
2535,129,Asante Akim Central,2019,0,1365.096229,25.59597892,0.717473329,0.043540728,92302.34326,0.888097545,0.884963543,0.379353547,0.394671336,1.136728873,1.630310255,-0.296627841
2536,129,Asante Akim Central,2020,0,1155.268164,25.50700222,0.710736014,0.044362227,94152.66848,0.891095872,0.888097545,0.266143411,-0.38681625,1.088514433,1.650484997,-0.293788627
2537,129,Asante Akim Central,2021,0,1254.058791,25.56695785,0.724946092,0.046826717,96055.4626,0.893968794,0.891095872,0.342428377,-0.018878583,1.190206419,1.669786336,-0.285271009
2538,129,Asante Akim Central,2022,0,1399.888519,24.41537715,0.707091839,0.048469708,97921.26997,0.896728136,0.893968794,-1.122793409,0.524252397,1.062435519,1.688280404,-0.279592606
2539,129,Asante Akim Central,2023,0,1452.466167,25.03514975,0.678364698,0.050112721,99821.41607,0.899374196,0.896728136,-0.334221389,0.720073579,0.856854655,1.706043318,-0.273914127
2540,129,Asante Akim Central,2024,0,1047.276761,24.94904326,0.644113966,0.050934242,101734.5689,0.901926767,0.899374196,-0.443779585,-0.789021462,0.611745163,1.723076987,-0.271074838
2541,131,Juaben,2005,0,1291.85492,23.84323677,0.68197463,0.013291495,49027.74563,0.388862966,0.368433108,-1.850760233,0.12189003,0.882688516,-1.694788189,-0.401173369
2542,131,Juaben,2006,0,1202.90304,24.26588461,0.701312516,0.013291495,53518.33728,0.407495189,0.388862966,-1.313001296,-0.209404021,1.021076785,-1.563273595,-0.401173369
2543,131,Juaben,2007,0,1672.252574,24.03989706,0.692243579,0.013291495,53398.63166,0.426475536,0.407495189,-1.600538142,1.5386502,0.95617649,-1.443331048,-0.401173369
2544,131,Juaben,2008,0,1614.99593,24.044757,0.705092892,0.013291495,53213.27814,0.444517129,0.426475536,-1.594354554,1.325402481,1.048130394,-1.321147498,-0.401173369
2545,131,Juaben,2009,0,1316.054824,24.06844625,0.635025144,0.013291495,54488.55693,0.461784464,0.444517129,-1.56421337,0.212020608,0.546702571,-1.205007057,-0.401173369
2546,131,Juaben,2010,0,1452.192722,24.54505626,0.730264498,0.013291495,60153.47856,0.478429715,0.461784464,-0.957795281,0.719055154,1.22826668,-1.093850805,-0.401173369
2547,131,Juaben,2011,0,1293.921475,24.17845344,0.706197193,0.013291495,61138.24806,0.494620312,0.478429715,-1.424244959,0.129586746,1.056033135,-0.986699132,-0.401173369
2548,131,Juaben,2012,0,1439.466124,23.94323677,0.697096506,0.013291495,62042.90266,0.510331864,0.494620312,-1.723524531,0.671655973,0.990905629,-0.882474242,-0.401173369
2549,131,Juaben,2013,0,1322.743356,23.84652861,0.620535922,0.013291495,59930.30745,0.525496685,0.510331864,-1.846571842,0.236931504,0.443012932,-0.781333143,-0.401173369
2550,131,Juaben,2014,0,1364.498444,24.30124491,0.695397789,0.013291495,62100.94351,0.540074093,0.525496685,-1.268010361,0.392444936,0.978749056,-0.683711552,-0.401173369
2551,131,Juaben,2015,0,1155.182667,24.53477376,0.660224913,0.013291495,55546.09705,0.550624079,0.540074093,-0.970878292,-0.387134677,0.727040397,-0.589871354,-0.401173369
2552,131,Juaben,2016,0,1368.499641,24.58795786,0.691426395,0.013291495,56834.69869,0.563989925,0.550624079,-0.903209124,0.407347069,0.950328453,-0.521957174,-0.401173369
2553,131,Juaben,2017,0,1362.744554,24.29066316,0.700726874,0.013291495,58134.94642,0.576583508,0.563989925,-1.281474134,0.385912714,1.016885736,-0.435916256,-0.401173369
2554,131,Juaben,2018,0,1397.923151,24.55179555,0.731055488,0.013291495,59374.14478,0.588324696,0.576583508,-0.949220503,0.516932542,1.233927266,-0.354846678,-0.401173369
2555,131,Juaben,2019,0,1368.894901,25.16572899,0.715029915,0.013291495,60575.24451,0.599540198,0.588324696,-0.168077974,0.408819182,1.119242996,-0.279264286,-0.401173369
2556,131,Juaben,2020,0,1159.743356,25.07373713,0.703615404,0.013291495,61781.80691,0.922645337,0.599540198,-0.285124463,-0.37014876,1.037557009,-0.207065931,-0.401173369
2557,131,Juaben,2021,0,1222.067991,25.14336845,0.731068886,0.013998987,63016.05504,0.924685976,0.922645337,-0.196528572,-0.138025718,1.234023147,1.872881977,-0.39872818
2558,131,Juaben,2022,0,1403.106057,24.0116112,0.695138572,0.013998987,64224.8633,0.926645938,0.924685976,-1.636527844,0.536235856,0.97689401,1.886018324,-0.39872818
2559,131,Juaben,2023,0,1377.037826,24.62760354,0.656543456,0.013998987,65460.84747,0.928525436,0.926645938,-0.852765667,0.439146847,0.700694682,1.898635332,-0.39872818
2560,131,Juaben,2024,0,1045.503711,24.5116112,0.63460506,0.013998987,66707.78441,0.930338528,0.928525436,-1.000349333,-0.795625043,0.543696312,1.910734356,-0.39872818
2561,132,La-Dade-Kotopon,2005,0,931.8186047,25.36744186,0.361800384,0.835889465,271491.5063,0.378176457,0.359343724,0.08857281,-1.219035989,-1.408583587,-1.753299932,2.441838838
2562,132,La-Dade-Kotopon,2006,0,796.6860465,25.7905814,0.349443456,0.835889465,282627.2573,0.395187745,0.378176457,0.626957368,-1.722326228,-1.497013824,-1.632066629,2.441838838
2563,132,La-Dade-Kotopon,2007,0,1064.634884,25.76744186,0.375345714,0.842742111,294663.8526,0.413593269,0.395187745,0.597515618,-0.724372543,-1.31164876,-1.522558644,2.465522529
2564,132,La-Dade-Kotopon,2008,0,1159.030233,25.67197674,0.370067778,0.848089662,300578.7142,0.429943689,0.413593269,0.476049907,-0.372804732,-1.3494194,-1.404075445,2.484004405
2565,132,La-Dade-Kotopon,2009,0,828.7232558,25.5905814,0.328827248,0.854942256,312035.5324,0.446121166,0.429943689,0.372485964,-1.603006243,-1.644550186,-1.298821711,2.507687919
2566,132,La-Dade-Kotopon,2010,0,1114.683721,26.14953488,0.360250551,0.854942256,327430.8622,0.460107914,0.446121166,1.083674358,-0.537969713,-1.419674701,-1.194681273,2.507687919
2567,132,La-Dade-Kotopon,2011,0,932.2372093,25.7405814,0.375722121,0.854942256,334429.9257,0.470438616,0.460107914,0.563339517,-1.21747693,-1.308955065,-1.104643377,2.507687919
2568,132,La-Dade-Kotopon,2012,0,975.8906977,25.4405814,0.333777449,0.854942256,346279.3319,0.480437952,0.470438616,0.181632411,-1.054893057,-1.609124919,-1.038140807,2.507687919
2569,132,La-Dade-Kotopon,2013,0,871.527907,25.34883721,0.288715211,0.854942256,358427.0396,0.47835936,0.480437952,0.064901051,-1.443583796,-1.931605104,-0.973771363,2.507687919
2570,132,La-Dade-Kotopon,2014,0,982.9511628,25.74953488,0.357288507,0.854942256,372481.819,0.477911164,0.47835936,0.57473155,-1.028596928,-1.440872067,-0.987152035,2.507687919
2571,132,La-Dade-Kotopon,2015,0,776.5093023,26.13232558,0.329537183,0.868647446,130360.4518,0.493636754,0.477911164,1.061777982,-1.797472873,-1.639469656,-0.990037242,2.555054948
2572,132,La-Dade-Kotopon,2016,0,956.1186047,26.1405814,0.329029324,0.883991566,133363.3424,0.508697581,0.493636754,1.072282325,-1.128532612,-1.643104063,-0.888805768,2.608086346
2573,132,La-Dade-Kotopon,2017,0,1016.488372,25.7405814,0.341193156,0.91140133,136427.8105,0.522888212,0.508697581,0.563339517,-0.903690316,-1.556055685,-0.791853625,2.702818275
2574,132,La-Dade-Kotopon,2018,0,865.2395349,26.14093023,0.306002051,0.91140133,139350.7557,0.536118351,0.522888212,1.07272617,-1.467004327,-1.807894791,-0.70050326,2.702818275
2575,132,La-Dade-Kotopon,2019,0,907.8465116,26.34639535,0.333397029,0.918253822,142215.8549,0.54875614,0.536118351,1.334151153,-1.308318102,-1.61184733,-0.615335934,2.726501434
2576,132,La-Dade-Kotopon,2020,0,713.2511628,25.70186047,0.309486476,0.936876315,145065.086,0.757894998,0.54875614,0.514072669,-2.033072677,-1.782959106,-0.53398179,2.790863344
2577,132,La-Dade-Kotopon,2021,0,914.2255814,26.60395349,0.28280647,0.964286182,147995.8055,0.764281798,0.757894998,1.66185706,-1.284559775,-1.973889992,0.812322792,2.885595629
2578,132,La-Dade-Kotopon,2022,0,886.4534884,25.26255814,0.316903082,0.964286182,150868.4225,0.770416098,0.764281798,-0.044876729,-1.38799468,-1.729883434,0.853436995,2.885595629
2579,132,La-Dade-Kotopon,2023,0,875.2767442,26.53581395,0.343896024,0.977991064,153796.7794,0.776298558,0.770416098,1.575159245,-1.429621556,-1.536713072,0.892925767,2.932961593
2580,132,La-Dade-Kotopon,2024,0,756.4116279,26.07372093,0.306069876,0.977991064,156744.7851,0.781973185,0.776298558,0.987211942,-1.872325029,-1.807409416,0.930793353,2.932961593
2581,133,Aowin,2005,0,1653.762446,24.76366778,0.675976036,0.000757649,101852.3149,0.40836828,0.388590469,-0.679643385,1.46978522,0.839760608,-1.565027758,-0.444492073
2582,133,Aowin,2006,0,1570.351676,25.16153698,0.724348982,0.000757649,102679.2727,0.427591908,0.40836828,-0.173411704,1.159128584,1.185933306,-1.43771064,-0.444492073
2583,133,Aowin,2007,0,2035.610475,24.9380071,0.713215169,0.000757649,104714.3334,0.445928476,0.427591908,-0.457821519,2.891947196,1.106256076,-1.313960996,-0.444492073
2584,133,Aowin,2008,0,1925.846142,24.90732179,0.734399845,0.000757649,106468.0541,0.463358129,0.445928476,-0.496864186,2.483138851,1.257860584,-1.195921696,-0.444492073
2585,133,Aowin,2009,0,1568.127719,24.93726325,0.689809963,0.000757649,108182.0199,0.480039786,0.463358129,-0.458767971,1.150845637,0.938760736,-1.083720534,-0.444492073
2586,133,Aowin,2010,0,2177.188284,25.50821922,0.711410851,0.000757649,109535.5868,0.49612046,0.480039786,0.267691874,3.419242249,1.093343784,-0.976334506,-0.444492073
2587,133,Aowin,2011,0,1614.758414,25.04453545,0.722710382,0.000757649,111297.7001,0.5117619,0.49612046,-0.322279429,1.324517873,1.174206943,-0.872817229,-0.444492073
2588,133,Aowin,2012,0,1789.271884,24.92843294,0.697898904,0.000757649,112333.9626,0.526940544,0.5117619,-0.470003271,1.974479118,0.996647855,-0.772127464,-0.444492073
2589,133,Aowin,2013,0,1442.975653,24.74451945,0.680707817,0.000757649,114331.71,0.541591001,0.526940544,-0.704006889,0.684726927,0.873622784,-0.674416892,-0.444492073
2590,133,Aowin,2014,0,1607.269612,25.19835392,0.706644099,0.000757649,115195.2456,0.555673969,0.541591001,-0.126567423,1.296626438,1.05923134,-0.580106454,-0.444492073
2591,133,Aowin,2015,0,1494.535929,25.32976069,0.653366452,0.000757649,120680.283,0.569057303,0.555673969,0.040628903,0.87675899,0.677958994,-0.48944915,-0.444492073
2592,133,Aowin,2016,0,1594.155298,25.50524539,0.717144695,0.000757649,123462.6372,0.581874887,0.569057303,0.263908102,1.24778324,1.134377059,-0.403295654,-0.444492073
2593,133,Aowin,2017,0,1843.812516,25.23046455,0.713927426,0.000757649,126297.5032,0.593951887,0.581874887,-0.085711232,2.177611274,1.111353226,-0.3207841,-0.444492073
2594,133,Aowin,2018,0,1912.530522,25.462484,0.742756352,0.000757649,129000.6543,0.605211456,0.593951887,0.209500347,2.433545908,1.317662495,-0.243039965,-0.444492073
2595,133,Aowin,2019,0,1743.40677,25.77269164,0.70806703,0.000757649,131644.3772,0.615966902,0.605211456,0.604195216,1.803658226,1.069414303,-0.170557933,-0.444492073
2596,133,Aowin,2020,0,1469.162977,25.59162241,0.699301656,0.000757649,134279.6501,0.626256725,0.615966902,0.373810504,0.782259489,1.006686406,-0.101321126,-0.444492073
2597,133,Aowin,2021,0,1726.220982,25.98341758,0.736362588,0.000757649,136986.0966,0.63611618,0.626256725,0.872313846,1.739651153,1.271906612,-0.035081711,-0.444492073
2598,133,Aowin,2022,0,1556.277259,25.04413873,0.693903249,0.000757649,139637.8118,0.645585846,0.63611618,-0.322784204,1.106709558,0.968053631,0.028387266,-0.444492073
2599,133,Aowin,2023,0,1773.257295,25.82484643,0.672193461,0.000757649,142341.1988,0.653183653,0.645585846,0.670554724,1.914834081,0.812691258,0.089347027,-0.444492073
2600,133,Aowin,2024,0,1294.638693,25.19290696,0.690569377,0.000757649,145063.8444,0.661981331,0.653183653,-0.133497894,0.132257968,0.944195348,0.138256933,-0.444492073
2601,134,Suaman,2005,0,1479.192396,24.87880719,0.672312444,0.004948978,21344.54408,0.40836828,0.388590469,-0.533144948,0.819613247,0.813542741,-1.565027758,-0.430006261
2602,134,Suaman,2006,0,1449.404429,25.28762273,0.739530974,0.004948978,22094.17358,0.427591908,0.40836828,-0.012985623,0.708670381,1.294580624,-1.43771064,-0.430006261
2603,134,Suaman,2007,0,1837.072279,24.95799039,0.636335066,0.004948978,21802.78184,0.445928476,0.427591908,-0.432395642,2.152507809,0.556076798,-1.313960996,-0.430006261
2604,134,Suaman,2008,0,1810.102361,24.99415083,0.681994592,0.004948978,22508.86636,0.463358129,0.445928476,-0.386386659,2.052060538,0.882831371,-1.195921696,-0.430006261
2605,134,Suaman,2009,0,1468.424901,25.06588678,0.65740961,0.004948978,22523.29961,0.480039786,0.463358129,-0.295112918,0.779510585,0.706893166,-1.083720534,-0.430006261
2606,134,Suaman,2010,0,1955.524963,25.61302486,0.690079633,0.004948978,23020.45334,0.49612046,0.480039786,0.401042062,2.593675213,0.940690583,-0.976334506,-0.430006261
2607,134,Suaman,2011,0,1530.291205,25.10911845,0.654688912,0.004948978,23080.67725,0.5117619,0.49612046,-0.2401068,1.009926613,0.687422954,-0.872817229,-0.430006261
2608,134,Suaman,2012,0,1671.127011,24.99355546,0.678135203,0.004948978,24004.38633,0.526940544,0.5117619,-0.387144173,1.534458133,0.855212314,-0.772127464,-0.430006261
2609,134,Suaman,2013,0,1268.16315,24.82642574,0.655818976,0.004948978,24529.69715,0.541591001,0.526940544,-0.599792853,0.033651958,0.695510065,-0.674416892,-0.430006261
2610,134,Suaman,2014,0,1493.111552,25.31857113,0.65405058,0.004948978,25077.30289,0.555673969,0.541591001,0.026391793,0.871454013,0.682854841,-0.580106454,-0.430006261
2611,134,Suaman,2015,0,1348.498433,25.47571548,0.644158856,0.004948978,36029.32385,0.569057303,0.555673969,0.226335509,0.332854196,0.612066415,-0.48944915,-0.430006261
2612,134,Suaman,2016,0,1436.828285,25.57642574,0.667993374,0.004948978,36855.98275,0.580621028,0.569057303,0.354474912,0.661831555,0.782634055,-0.403295654,-0.430006261
2613,134,Suaman,2017,0,1613.201379,25.33342386,0.678362301,0.004948978,37697.16465,0.591942844,0.580621028,0.045289764,1.31871882,0.856837502,-0.328855662,-0.430006261
2614,134,Suaman,2018,0,1748.872154,25.48397744,0.715547471,0.004948978,38502.03723,0.599111648,0.591942844,0.236847671,1.824013605,1.122946797,-0.255972923,-0.430006261
2615,134,Suaman,2019,0,1679.091916,25.81329643,0.689315301,0.004948978,39291.3047,0.608520596,0.599111648,0.655858999,1.564122774,0.93522077,-0.209824664,-0.430006261
2616,134,Suaman,2020,0,1316.707541,25.67697932,0.710748806,0.004948978,40076.83545,0.612152536,0.608520596,0.482414968,0.2144516,1.088605972,-0.149255766,-0.430006261
2617,134,Suaman,2021,0,1551.887403,25.97697932,0.720447269,0.004948978,40878.95135,0.619561132,0.612152536,0.864122074,1.090359898,1.158011361,-0.125875621,-0.430006261
2618,134,Suaman,2022,0,1328.623982,25.11452893,0.655485084,0.004948978,41666.18843,0.627174025,0.619561132,-0.233222729,0.258833415,0.693120623,-0.078183734,-0.430006261
2619,134,Suaman,2023,0,1616.143096,25.91452893,0.651528044,0.004948978,42468.0873,0.635334362,0.627174025,0.784662887,1.329675007,0.66480274,-0.029176712,-0.430006261
2620,134,Suaman,2024,0,1113.849384,25.21452893,0.679466407,0.004948978,43273.96575,0.643320109,0.635334362,-0.105987027,-0.541077134,0.86473885,0.02335441,-0.430006261
2621,135,Bia East,2005,0,1162.63327,24.42077749,0.657483215,0,46016.51844,0.40836828,0.388590469,-1.115922242,-0.359385513,0.707419905,-1.565027758,-0.447110612
2622,135,Bia East,2006,0,1279.152946,24.80636035,0.69849847,0,46462.41894,0.427591908,0.40836828,-0.62532319,0.07458256,1.000938544,-1.43771064,-0.447110612
2623,135,Bia East,2007,0,1442.947883,24.41054563,0.617383379,0,47631.91794,0.445928476,0.427591908,-1.128940828,0.684623503,0.420452298,-1.313960996,-0.447110612
2624,135,Bia East,2008,0,1595.989151,24.50057966,0.677043478,0,47588.88857,0.463358129,0.445928476,-1.014385391,1.254613277,0.84739957,-1.195921696,-0.447110612
2625,135,Bia East,2009,0,1551.138694,24.56508722,0.677000519,0,49343.38051,0.480039786,0.463358129,-0.932308755,1.087571391,0.847092148,-1.083720534,-0.447110612
2626,135,Bia East,2010,0,1446.013614,25.03881089,0.688239727,0,48698.55878,0.49612046,0.480039786,-0.329563111,0.696041568,0.927523608,-0.976334506,-0.447110612
2627,135,Bia East,2011,0,1238.135822,24.62783982,0.63111189,0,50153.19043,0.5117619,0.49612046,-0.852465037,-0.078182387,0.518698036,-0.872817229,-0.447110612
2628,135,Bia East,2012,0,1339.107956,24.51806531,0.651158439,0,50079.83371,0.526940544,0.5117619,-0.992137413,0.297880125,0.662157728,-0.772127464,-0.447110612
2629,135,Bia East,2013,0,1059.261434,24.30543501,0.642778867,0,50811.6548,0.541591001,0.526940544,-1.262679057,-0.744385521,0.60219076,-0.674416892,-0.447110612
2630,135,Bia East,2014,0,1265.893746,24.82288875,0.662614548,0,52760.31639,0.555673969,0.541591001,-0.604293167,0.025199746,0.744141408,-0.580106454,-0.447110612
2631,135,Bia East,2015,0,1087.048819,25.00540842,0.629561194,0,48468.26523,0.569057303,0.555673969,-0.372062975,-0.64089366,0.507600745,-0.48944915,-0.447110612
2632,135,Bia East,2016,0,1207.390023,25.12193682,0.645228405,0,49587.58885,0.581874887,0.569057303,-0.223797249,-0.192692618,0.619720455,-0.403295654,-0.447110612
2633,135,Bia East,2017,0,1247.44682,24.91383748,0.688116067,0,50728.47603,0.593951887,0.581874887,-0.488573906,-0.043504332,0.926638659,-0.3207841,-0.447110612
2634,135,Bia East,2018,0,1460.778664,25.01064667,0.715499122,0,51815.17139,0.605211456,0.593951887,-0.365398054,0.751032798,1.1226008,-0.243039965,-0.447110612
2635,135,Bia East,2019,0,1449.997447,25.27861625,0.698021142,0,52881.08879,0.615966902,0.605211456,-0.024445077,0.710879031,0.997522627,-0.170557933,-0.447110612
2636,135,Bia East,2020,0,1047.969049,25.17475537,0.680912615,0,53940.37214,0.626256725,0.615966902,-0.156593197,-0.78644309,0.875088387,-0.101321126,-0.447110612
2637,135,Bia East,2021,0,1239.964901,25.48944374,0.694761438,0,55029.12426,0.63611618,0.626256725,0.243802752,-0.071370131,0.974195117,-0.035081711,-0.447110612
2638,135,Bia East,2022,0,1166.398745,24.53011593,0.673542573,0,56095.01606,0.645585846,0.63611618,-0.976804712,-0.345361306,0.822345944,0.028387266,-0.447110612
2639,135,Bia East,2023,0,1366.055733,25.36724633,0.630749915,0,57182.21669,0.654666741,0.645585846,0.088324026,0.398244932,0.516107627,0.089347027,-0.447110612
2640,135,Bia East,2024,0,1066.440225,24.73631674,0.634508793,0,58276.95878,0.663426797,0.654666741,-0.714443666,-0.717648694,0.543007389,0.147804124,-0.447110612
2641,136,Bia West,2005,0,1243.186464,24.49157383,0.653335917,0.001798691,62756.69388,0.40836828,0.388590469,-1.025844022,-0.059371683,0.677740474,-1.565027758,-0.440894089
2642,136,Bia West,2006,0,1323.429598,24.91569301,0.699623429,0.001798691,64001.89022,0.427591908,0.40836828,-0.486213017,0.239487356,1.008989121,-1.43771064,-0.440894089
2643,136,Bia West,2007,0,1542.536917,24.52537889,0.610637398,0.001798691,64133.58116,0.445928476,0.427591908,-0.982831927,1.055534772,0.372175846,-1.313960996,-0.440894089
2644,136,Bia West,2008,0,1649.791192,24.58560557,0.678995628,0.001798691,65665.59391,0.463358129,0.445928476,-0.906202083,1.454994608,0.8613698,-1.195921696,-0.440894089
2645,136,Bia West,2009,0,1527.19022,24.64732189,0.632376227,0.001798691,65540.6643,0.480039786,0.463358129,-0.827676888,0.998377245,0.527746046,-1.083720534,-0.440894089
2646,136,Bia West,2010,0,1587.638472,25.14587759,0.643223356,0.001798691,67904.59155,0.49612046,0.480039786,-0.193336044,1.223511848,0.605371671,-0.976334506,-0.440894089
2647,136,Bia West,2011,0,1315.915479,24.70350065,0.621499641,0.001798691,68207.79443,0.5117619,0.49612046,-0.756197453,0.21150163,0.449909628,-0.872817229,-0.440894089
2648,136,Bia West,2012,0,1421.547863,24.59486399,0.653128456,0.001798691,70076.84971,0.526940544,0.5117619,-0.894422068,0.604920864,0.676255816,-0.772127464,-0.440894089
2649,136,Bia West,2013,0,1092.29307,24.40447215,0.630149283,0.001798691,70910.74005,0.541591001,0.526940544,-1.136668461,-0.621361874,0.511809303,-0.674416892,-0.440894089
2650,136,Bia West,2014,0,1324.042876,24.91957578,0.65336512,0.001798691,70425.33747,0.555673969,0.541591001,-0.481272745,0.241771457,0.67794946,-0.580106454,-0.440894089
2651,136,Bia West,2015,0,1151.567681,25.10184909,0.637282887,0.001798691,100321.7041,0.569057303,0.555673969,-0.249356012,-0.400598398,0.562859717,-0.48944915,-0.440894089
2652,136,Bia West,2016,0,1257.294365,25.21021697,0.650901767,0.001798691,102657.6163,0.581874887,0.569057303,-0.111473385,-0.006827949,0.6603209,-0.403295654,-0.440894089
2653,136,Bia West,2017,0,1339.666516,24.99924223,0.686388912,0.001798691,105034.3672,0.593951887,0.581874887,-0.379908577,0.299960435,0.914278567,-0.3207841,-0.440894089
2654,136,Bia West,2018,0,1534.659521,25.09212111,0.703440514,0.001798691,107315.866,0.605211456,0.593951887,-0.261733475,1.026196048,1.036305439,-0.243039965,-0.440894089
2655,136,Bia West,2019,0,1578.851231,25.36648316,0.666666586,0.001798691,109527.4484,0.615966902,0.605211456,0.087353001,1.190784483,0.773139125,-0.170557933,-0.440894089
2656,136,Bia West,2020,0,1129.620142,25.20875,0.673426163,0.001798691,111752.542,0.626256725,0.615966902,-0.113339893,-0.482340224,0.821512876,-0.101321126,-0.440894089
2657,136,Bia West,2021,0,1292.887953,25.56598446,0.704051898,0.001798691,114032.4474,0.63611618,0.626256725,0.341189875,0.125737479,1.040680702,-0.035081711,-0.440894089
2658,136,Bia West,2022,0,1181.239443,24.62489637,0.658876214,0.001798691,116271.9222,0.645585846,0.63611618,-0.856210154,-0.290088331,0.71738866,0.028387266,-0.440894089
2659,136,Bia West,2023,0,1456.964054,25.52372409,0.611157697,0.001798691,118553.2317,0.654666741,0.645585846,0.287419606,0.736825594,0.375899279,0.089347027,-0.440894089
2660,136,Bia West,2024,0,1109.456541,24.8245013,0.628822791,0.001798691,120853.8054,0.663426797,0.654666741,-0.60224143,-0.557437919,0.502316494,0.147804124,-0.440894089
2661,137,Bodi,2005,0,1449.285876,24.83945745,0.670521752,0.002610871,39206.59466,0.40836828,0.388590469,-0.583211858,0.708228842,0.80072796,-1.565027758,-0.43808708
2662,137,Bodi,2006,0,1438.841516,25.24514099,0.724943157,0.002610871,39941.65959,0.427591908,0.40836828,-0.067037565,0.669329669,1.190185412,-1.43771064,-0.43808708
2663,137,Bodi,2007,0,1830.585599,24.92819738,0.632820272,0.002610871,40201.42687,0.445928476,0.427591908,-0.470302986,2.128348696,0.530923782,-1.313960996,-0.43808708
2664,137,Bodi,2008,0,1824.693228,24.92885826,0.693273306,0.002610871,40872.93176,0.463358129,0.445928476,-0.469462116,2.106403037,0.963545554,-1.195921696,-0.43808708
2665,137,Bodi,2009,0,1489.776813,25.01017749,0.660343243,0.002610871,42051.40918,0.480039786,0.463358129,-0.365995017,0.859034047,0.727887204,-1.083720534,-0.43808708
2666,137,Bodi,2010,0,1882.164023,25.58438444,0.696333147,0.002610871,42105.34056,0.49612046,0.480039786,0.364601225,2.320448348,0.985442786,-0.976334506,-0.43808708
2667,137,Bodi,2011,0,1534.061934,25.05527442,0.669122642,0.002610871,43026.22331,0.5117619,0.49612046,-0.308615623,1.023970383,0.790715469,-0.872817229,-0.43808708
2668,137,Bodi,2012,0,1693.504783,24.94667674,0.70382817,0.002610871,43608.76009,0.526940544,0.5117619,-0.446790648,1.61780233,1.039079631,-0.772127464,-0.43808708
2669,137,Bodi,2013,0,1297.886833,24.79034491,0.634010885,0.002610871,43658.10932,0.541591001,0.526940544,-0.645700541,0.1443554,0.5394442,-0.674416892,-0.43808708
2670,137,Bodi,2014,0,1485.406093,25.28476838,0.653468785,0.002610871,44372.33237,0.555673969,0.541591001,-0.016617375,0.842755655,0.678691325,-0.580106454,-0.43808708
2671,137,Bodi,2015,0,1329.036757,25.44699773,0.650151478,0.002610871,60345.10147,0.569057303,0.555673969,0.189796284,0.260370764,0.654951584,-0.48944915,-0.43808708
2672,137,Bodi,2016,0,1447.099572,25.58938192,0.645701426,0.002610871,61743.52304,0.581874887,0.569057303,0.370959807,0.70008613,0.623105547,-0.403295654,-0.43808708
2673,137,Bodi,2017,0,1590.31785,25.30925227,0.682548096,0.002610871,63169.33418,0.593951887,0.581874887,0.014534871,1.233490976,0.886792428,-0.3207841,-0.43808708
2674,137,Bodi,2018,0,1740.207956,25.46060549,0.700791228,0.002610871,64529.91021,0.883895632,0.593951887,0.207110206,1.791744503,1.017346278,-0.243039965,-0.43808708
2675,137,Bodi,2019,0,1726.382301,25.81328676,0.65860966,0.002610871,65857.19983,0.887058729,0.883895632,0.655846694,1.740251975,0.715481115,1.623435719,-0.43808708
2676,137,Bodi,2020,0,1284.926611,25.64133308,0.673716642,0.002610871,67180.05834,0.890084889,0.887058729,0.437060228,0.096086107,0.823591643,1.643797748,-0.43808708
2677,137,Bodi,2021,0,1533.205186,25.94171073,0.705095557,0.002610871,68542.43616,0.892984481,0.890084889,0.819247831,1.020779498,1.048149467,1.663278267,-0.43808708
2678,137,Bodi,2022,0,1378.79708,25.07651057,0.696277725,0.002610871,69873.83143,0.895769439,0.892984481,-0.281595655,0.445699043,0.985046162,1.681944019,-0.43808708
2679,137,Bodi,2023,0,1569.982503,25.87651057,0.61815405,0.002610871,71230.31473,0.897765037,0.895769439,0.736289961,1.157753626,0.425967477,1.699871831,-0.43808708
2680,137,Bodi,2024,0,1129.769386,25.19959718,0.684347703,0.002610871,72598.36728,0.897925864,0.897765037,-0.124985547,-0.48178438,0.899671007,1.712718233,-0.43808708
2681,138,Juaboso,2005,0,1350.072725,24.50042941,0.673522317,0.001620011,63787.50912,0.40836828,0.388590469,-1.014576572,0.338717518,0.82220099,-1.565027758,-0.441511629
2682,138,Juaboso,2006,2,1386.08247,24.90899318,0.735161609,0.001620011,64378.79834,0.427591908,0.40836828,-0.494737589,0.47283289,1.263312017,-1.43771064,-0.441511629
2683,138,Juaboso,2007,0,1696.566086,24.54924169,0.636511969,0.001620011,65731.63439,0.445928476,0.427591908,-0.952469926,1.629203903,0.557342779,-1.313960996,-0.441511629
2684,138,Juaboso,2008,0,1747.825496,24.60983372,0.695480113,0.001620011,66317.6055,0.463358129,0.445928476,-0.875375227,1.820115414,0.97933819,-1.195921696,-0.441511629
2685,138,Juaboso,2009,0,1512.484468,24.69224936,0.648928757,0.001620011,67001.0214,0.480039786,0.463358129,-0.770513107,0.943606866,0.646201389,-1.083720534,-0.441511629
2686,138,Juaboso,2010,0,1739.666768,25.21812036,0.656012791,0.001620011,67994.45036,0.49612046,0.480039786,-0.101417455,1.789728894,0.696897065,-0.976334506,-0.441511629
2687,138,Juaboso,2011,0,1438.494762,24.72021562,0.652157091,0.001620011,68652.37756,0.5117619,0.49612046,-0.734930044,0.668038213,0.66930441,-0.872817229,-0.441511629
2688,138,Juaboso,2012,0,1566.975758,24.60850895,0.693139735,0.001620011,69216.55466,0.526940544,0.5117619,-0.877060802,1.146555251,0.962589675,-0.772127464,-0.441511629
2689,138,Juaboso,2013,0,1203.112133,24.43844256,0.640511207,0.001620011,70663.60438,0.541591001,0.526940544,-1.093445968,-0.208625273,0.585962638,-0.674416892,-0.441511629
2690,138,Juaboso,2014,0,1410.388598,24.93132842,0.660017492,0.001620011,71617.41505,0.555673969,0.541591001,-0.466319188,0.563359088,0.725556026,-0.580106454,-0.441511629
2691,138,Juaboso,2015,0,1243.351931,25.12021562,0.62720322,0.001620011,90568.15483,0.569057303,0.555673969,-0.225987236,-0.058755414,0.49072631,-0.48944915,-0.441511629
2692,138,Juaboso,2016,0,1359.383847,25.22513704,0.652270308,0.001620011,92628.09062,0.581874887,0.569057303,-0.092489721,0.373396035,0.670114626,-0.403295654,-0.441511629
2693,138,Juaboso,2017,0,1468.299549,24.97976306,0.70188704,0.001620011,94733.09963,0.593951887,0.581874887,-0.404693027,0.779043724,1.025188263,-0.3207841,-0.441511629
2694,138,Juaboso,2018,0,1646.009075,25.11378365,0.712676116,0.001620011,96724.80939,0.826125573,0.593951887,-0.234170992,1.440908422,1.102398438,-0.243039965,-0.441511629
2695,138,Juaboso,2019,0,1674.305397,25.42764039,0.661180448,0.001620011,98691.81567,0.830862532,0.826125573,0.165166838,1.546295773,0.733878521,1.251548372,-0.441511629
2696,138,Juaboso,2020,0,1217.527774,25.2697253,0.697453039,0.001620011,100636.7219,0.835394419,0.830862532,-0.03575754,-0.154935388,0.993457098,1.282041937,-0.441511629
2697,138,Juaboso,2021,0,1416.669205,25.59425326,0.720401225,0.001620011,102637.2036,0.839736762,0.835394419,0.377157885,0.586750697,1.157681857,1.311215378,-0.441511629
2698,138,Juaboso,2022,0,1275.698197,24.68769339,0.686368779,0.001620011,104597.7795,0.843907432,0.839736762,-0.776309934,0.061715628,0.914134493,1.339168651,-0.441511629
2699,138,Juaboso,2023,1,1526.433488,25.52832562,0.628703213,0.001620011,106598.0512,0.847906877,0.843907432,0.293274389,0.995558856,0.501460753,1.366016804,-0.441511629
2700,138,Juaboso,2024,0,1120.99933,24.83292423,0.658051366,0.001620011,108610.0731,0.851765018,0.847906877,-0.59152445,-0.51444774,0.711485779,1.391762724,-0.441511629
2701,139,Shama,2005,0,1521.772375,24.50871343,0.656063429,0.054591589,112138.5494,0.359505591,0.348379574,-1.004036343,0.978198922,0.69725945,-1.82388024,-0.258434538
2702,139,Shama,2006,0,1518.405336,24.89434165,0.641498958,0.056818091,118977.9623,0.37241824,0.359505591,-0.513379561,0.965658656,0.593031308,-1.752257936,-0.250739443
2703,139,Shama,2007,0,1889.316695,24.68541308,0.671202683,0.058096825,125368.2536,0.384948002,0.37241824,-0.779211296,2.347087895,0.805600928,-1.669134413,-0.246319962
2704,139,Shama,2008,0,1898.827883,24.71703959,0.674256344,0.058096825,130233.7671,0.396466707,0.384948002,-0.738971089,2.382511541,0.827453925,-1.588475677,-0.246319962
2705,139,Shama,2009,0,1441.189759,24.6269148,0.60072252,0.058096825,131659.0818,0.409245145,0.396466707,-0.853641991,0.678075511,0.301221723,-1.514325486,-0.246319962
2706,139,Shama,2010,0,1961.006454,25.30871343,0.67004886,0.058096825,139087.3831,0.424491849,0.409245145,0.013849273,2.614090581,0.797343787,-1.432065933,-0.246319962
2707,139,Shama,2011,0,1520.57401,24.80854131,0.650646925,0.058096825,150067.7126,0.436263501,0.424491849,-0.622548231,0.973735709,0.658497164,-1.333917232,-0.246319962
2708,139,Shama,2012,0,1785.52969,24.60641136,0.628476168,0.058096825,158589.4904,0.446107018,0.436263501,-0.87972969,1.960541622,0.499835941,-1.258138731,-0.246319962
2709,139,Shama,2013,0,1528.497849,24.5269148,0.63885791,0.058096825,163597.5816,0.450512808,0.446107018,-0.980877693,1.003247401,0.574131104,-1.19477235,-0.246319962
2710,139,Shama,2014,0,1512.424699,24.90034423,0.660074572,0.059375558,177154.6076,0.453877732,0.450512808,-0.505742134,0.94338426,0.725964505,-1.166410643,-0.241900481
2711,139,Shama,2015,0,1364.800344,25.08969449,0.620241446,0.059375558,108836.3512,0.469976161,0.453877732,-0.264821004,0.393569339,0.440905568,-1.144749377,-0.241900481
2712,139,Shama,2016,0,1499.973322,25.28975904,0.619204032,0.063211743,111353.4848,0.485740728,0.469976161,-0.010267477,0.897010118,0.433481492,-1.041117803,-0.228642097
2713,139,Shama,2017,0,1809.180293,24.93762909,0.655424957,0.063211743,113919.463,0.499511082,0.485740728,-0.458302489,2.04862637,0.692690335,-0.939635423,-0.228642097
2714,139,Shama,2018,0,1623.680723,25.32216007,0.656572167,0.067047919,116370.1187,0.51338946,0.499511082,0.030958205,1.357748287,0.700900142,-0.85099054,-0.215383743
2715,139,Shama,2019,0,1348.057229,25.42265491,0.620187068,0.068321587,118759.7871,0.526646465,0.51338946,0.158823515,0.331210966,0.440516418,-0.761650256,-0.210981769
2716,139,Shama,2020,0,1323.4858,25.11703959,0.622490522,0.069600304,121149.6421,0.539329549,0.526646465,-0.230028281,0.239696676,0.457000694,-0.676309988,-0.206562347
2717,139,Shama,2021,0,1982.049484,25.8373494,0.633275667,0.070879021,123598.6389,0.551482168,0.539329549,0.686462964,2.692463634,0.534182737,-0.594664262,-0.202142925
2718,139,Shama,2022,0,1727.579604,24.75512048,0.630420662,0.073436455,126001.2149,0.563154338,0.551482168,-0.690518595,1.744711233,0.513751384,-0.516433336,-0.193304081
2719,139,Shama,2023,0,1905.565835,25.65339931,0.63146438,0.074715163,128450.5441,0.574347316,0.563154338,0.45241278,2.407606495,0.521220571,-0.441295234,-0.188884688
2720,139,Shama,2024,1,1588.993115,25.04345955,0.639733367,0.074715163,130919.1665,0.585144832,0.574347316,-0.323648354,1.228557109,0.580396156,-0.369241878,-0.188884688
2721,140,Wassa East,2005,0,1595.196938,24.300773,0.726348724,0.002953662,82150.55798,0.393955144,0.373695513,-1.268610802,1.251662744,1.200244115,-1.660912127,-0.436902347
2722,140,Wassa East,2006,0,1528.935078,24.67058303,0.730695382,0.003103272,83085.60327,0.413647093,0.393955144,-0.798080409,1.004875827,1.23135023,-1.530493352,-0.436385275
2723,140,Wassa East,2007,0,2005.464154,24.48842015,0.739689415,0.003103272,83289.34546,0.432430369,0.413647093,-1.029856636,2.779669673,1.295714483,-1.40372896,-0.436385275
2724,140,Wassa East,2008,0,1942.139645,24.51648563,0.756950749,0.003103272,83168.00345,0.450284638,0.432430369,-0.994147328,2.543822682,1.419242263,-1.282814025,-0.436385275
2725,140,Wassa East,2009,0,1465.531552,24.42031274,0.672840207,0.003252882,83875.88989,0.467372688,0.450284638,-1.116513579,0.768734541,0.817319584,-1.167879457,-0.435868202
2726,140,Wassa East,2010,0,2001.388117,25.09822917,0.745510368,0.003252882,83143.43361,0.483845114,0.467372688,-0.253961844,2.764488804,1.337371138,-1.057877325,-0.435868202
2727,140,Wassa East,2011,0,1549.905219,24.60853079,0.724795135,0.003402487,83843.96245,0.499867606,0.483845114,-0.877033013,1.082977414,1.18912612,-0.951838195,-0.435351149
2728,140,Wassa East,2012,0,1849.228515,24.38607336,0.700350404,0.003402487,85000.81668,0.515416027,0.499867606,-1.160078292,2.197782723,1.014191595,-0.848695459,-0.435351149
2729,140,Wassa East,2013,0,1594.799374,24.30830849,0.711839033,0.003402487,85654.92428,0.530423393,0.515416027,-1.259022965,1.250182046,1.096408,-0.748604495,-0.435351149
2730,140,Wassa East,2014,0,1600.275249,24.69901986,0.715478069,0.003402487,83464.80862,0.544849446,0.530423393,-0.76189862,1.270576499,1.122450136,-0.651996498,-0.435351149
2731,140,Wassa East,2015,0,1408.470419,24.88227909,0.679433322,0.003552091,94293.86231,0.558558821,0.544849446,-0.528727449,0.556214986,0.864502081,-0.559130631,-0.434834095
2732,140,Wassa East,2016,0,1586.565099,25.07527661,0.716843061,0.003552091,96457.0064,0.571688662,0.558558821,-0.283165694,1.219514159,1.132218465,-0.470878291,-0.434834095
2733,140,Wassa East,2017,0,1835.636235,24.71199161,0.727640587,0.003552091,98660.26823,0.584059878,0.571688662,-0.745393913,2.14715938,1.209489108,-0.386356618,-0.434834095
2734,140,Wassa East,2018,0,1679.342545,25.11151922,0.742987845,0.003552091,100765.2927,0.595593748,0.584059878,-0.237052153,1.565056224,1.319319132,-0.306718506,-0.434834095
2735,140,Wassa East,2019,0,1438.718891,25.54298995,0.732528316,0.003552091,102818.9778,0.606611215,0.595593748,0.311932649,0.668872962,1.244467308,-0.232470691,-0.434834095
2736,140,Wassa East,2020,0,1375.749002,25.35461527,0.721700878,0.003552091,104873.6023,0.617151716,0.606611215,0.072252805,0.434346727,1.166982598,-0.16154716,-0.434834095
2737,140,Wassa East,2021,0,1784.551407,25.77881322,0.760213391,0.003552091,106982.3474,0.627251363,0.617151716,0.611984043,1.956898086,1.442590802,-0.093694042,-0.434834095
2738,140,Wassa East,2022,0,1570.920426,24.72832062,0.708461134,0.003552091,109049.5189,0.636951726,0.627251363,-0.724617589,1.161246847,1.072234646,-0.028678855,-0.434834095
2739,140,Wassa East,2023,0,1823.591472,25.52980094,0.718071876,0.003552091,111158.6177,0.646253847,0.636951726,0.295151524,2.102299637,1.141012267,0.033765987,-0.434834095
2740,140,Wassa East,2024,0,1440.213914,24.97635275,0.717109236,0.003552091,113283.3252,0.655227313,0.646253847,-0.409032164,0.674441056,1.134123304,0.093647196,-0.434834095
2741,141,Mpohor,2005,0,1631.030216,24.27598601,0.711964095,0.0014146,37296.12941,0.393955144,0.373695513,-1.30014871,1.385120878,1.097302981,-1.660912127,-0.442221558
2742,141,Mpohor,2006,0,1644.24173,24.64880725,0.698479392,0.0014146,36656.98788,0.413647093,0.393955144,-0.825786979,1.434326089,1.00080202,-1.530493352,-0.442221558
2743,141,Mpohor,2007,0,2030.461673,24.43778626,0.732868942,0.0014146,36585.09508,0.432430369,0.413647093,-1.09428102,2.872770902,1.246904935,-1.40372896,-0.442221558
2744,141,Mpohor,2008,0,2018.727735,24.48068543,0.750199123,0.0014146,36584.44135,0.450284638,0.432430369,-1.039697956,2.829068804,1.370925409,-1.282814025,-0.442221558
2745,141,Mpohor,2009,0,1552.923505,24.37598601,0.665913191,0.0014146,37361.76338,0.467372688,0.450284638,-1.172913008,1.094218775,0.767747584,-1.167879457,-0.442221558
2746,141,Mpohor,2010,0,2114.0625,25.07197042,0.719121178,0.0014146,38771.37695,0.483845114,0.467372688,-0.287372352,3.184135393,1.148521423,-1.057877325,-0.442221558
2747,141,Mpohor,2011,0,1653.47376,24.56618957,0.698949313,0.0014146,38096.27355,0.499867606,0.483845114,-0.93090617,1.468710032,1.004164927,-0.951838195,-0.442221558
2748,141,Mpohor,2012,0,1903.64965,24.35415076,0.671020774,0.0014146,37133.33964,0.515416027,0.499867606,-1.200695231,2.400469821,0.804299128,-0.848695459,-0.442221558
2749,141,Mpohor,2013,0,1599.211832,24.28735687,0.69278479,0.0014146,36741.40613,0.530423393,0.515416027,-1.28568091,1.26661589,0.960049577,-0.748604495,-0.442221558
2750,141,Mpohor,2014,0,1601.640267,24.66679389,0.712591067,0.0014146,39172.79723,0.544849446,0.530423393,-0.80290155,1.275660399,1.101789803,-0.651996498,-0.442221558
2751,141,Mpohor,2015,0,1474.129135,24.8394084,0.662256216,0.0014146,46190.09827,0.558558821,0.544849446,-0.583274274,0.800755542,0.741577065,-0.559130631,-0.442221558
2752,141,Mpohor,2016,0,1587.926527,25.06877385,0.706794818,0.0014146,47265.27768,0.571688662,0.558558821,-0.291439524,1.224584687,1.060309941,-0.470878291,-0.442221558
2753,141,Mpohor,2017,0,1963.251431,24.67977099,0.71466483,0.0014146,48357.18106,0.584059878,0.571688662,-0.786390047,2.622451815,1.116630333,-0.386356618,-0.442221558
2754,141,Mpohor,2018,0,1781.983779,25.06983938,0.735256267,0.0014146,49396.96436,0.595593748,0.584059878,-0.2900838,1.947335163,1.263989416,-0.306718506,-0.442221558
2755,141,Mpohor,2019,0,1492.258906,25.29177004,0.702650879,0.0014146,50415.97114,0.606611215,0.595593748,-0.007708764,0.868278402,1.030654549,-0.232470691,-0.442221558
2756,141,Mpohor,2020,0,1492.050891,25.07560433,0.70033545,0.0014146,51424.63058,0.617151716,0.606611215,-0.282748726,0.867503666,1.014084577,-0.16154716,-0.442221558
2757,141,Mpohor,2021,0,2018.092875,25.61851145,0.737453821,0.0014146,52466.06259,0.627251363,0.617151716,0.408022965,2.82670432,1.27971584,-0.093694042,-0.442221558
2758,141,Mpohor,2022,0,1726.199268,24.57829198,0.703433163,0.0014146,53480.02705,0.636951726,0.627251363,-0.915507574,1.739570285,1.036252827,-0.028678855,-0.442221558
2759,141,Mpohor,2023,0,1905.407284,25.45313295,0.706680376,0.001886232,54514.1162,0.646253847,0.636951726,0.197602471,2.407015984,1.059490955,0.033765987,-0.440591533
2760,141,Mpohor,2024,0,1626.922869,24.80491412,0.707958861,0.001886232,55555.82276,0.655227313,0.646253847,-0.627163307,1.369823397,1.068640209,0.093647196,-0.440591533
2761,142,Wassa Amenfi West,2005,1,1651.036261,24.87083861,0.687774153,0.001365015,66141.74767,0.392647477,0.372344132,-0.543283823,1.459631767,0.924191813,-1.669611472,-0.442392931
2762,142,Wassa Amenfi West,2006,1,1582.074824,25.27083861,0.727763644,0.001365015,65735.25482,0.412381915,0.392647477,-0.034341015,1.202790497,1.210369745,-1.538911292,-0.442392931
2763,142,Wassa Amenfi West,2007,0,2037.913894,25.0864798,0.713413027,0.001365015,67187.4003,0.43120572,0.412381915,-0.268911243,2.900526095,1.107672014,-1.411873379,-0.442392931
2764,142,Wassa Amenfi West,2008,0,1958.497065,25.03648555,0.736613261,0.001365015,67571.01519,0.449098514,0.43120572,-0.332521771,2.604744562,1.273700513,-1.290697546,-0.442392931
2765,142,Wassa Amenfi West,2009,0,1576.124784,25.02427766,0.70101103,0.001365015,65792.16145,0.466223435,0.449098514,-0.348054574,1.180630055,1.018919251,-1.175514982,-0.442392931
2766,142,Wassa Amenfi West,2010,0,2118.346955,25.64457811,0.730918643,0.001365015,67548.33242,0.482731403,0.466223435,0.441189056,3.200092499,1.232947957,-1.065275498,-0.442392931
2767,142,Wassa Amenfi West,2011,0,1636.893404,25.18649131,0.722824418,0.001365015,66665.81653,0.498788467,0.482731403,-0.141660895,1.406957844,1.175023023,-0.959007566,-0.442392931
2768,142,Wassa Amenfi West,2012,0,1819.534074,25.02082422,0.703350725,0.001365015,66900.63155,0.514370436,0.498788467,-0.352448578,2.087188188,1.03566288,-0.855642279,-0.442392931
2769,142,Wassa Amenfi West,2013,0,1499.831415,24.86156901,0.68712188,0.001365015,67845.88977,0.529410184,0.514370436,-0.555078061,0.896481596,0.91952393,-0.755335348,-0.442392931
2770,142,Wassa Amenfi West,2014,0,1604.652354,25.29462415,0.716364921,0.001365015,65872.76903,0.543867365,0.529410184,-0.004077314,1.286878672,1.128796739,-0.658518898,-0.442392931
2771,142,Wassa Amenfi West,2015,0,1489.315874,25.45988258,0.678155777,0.001365015,121567.8837,0.55760632,0.543867365,0.206190412,0.85731732,0.855359551,-0.565452654,-0.442392931
2772,142,Wassa Amenfi West,2016,0,1605.222516,25.65354553,0.71062677,0.001365015,124366.9658,0.570764492,0.55760632,0.45259882,1.289002196,1.087732648,-0.477009892,-0.442392931
2773,142,Wassa Amenfi West,2017,0,1851.440946,25.32287326,0.71415201,0.001365015,127217.5882,0.582891099,0.570764492,0.031865637,2.206022743,1.112960421,-0.392305846,-0.442392931
2774,142,Wassa Amenfi West,2018,0,1876.69817,25.61161793,0.72801746,0.001365015,129935.884,0.858347948,0.582891099,0.399251952,2.300091221,1.212186136,-0.31424237,-0.442392931
2775,142,Wassa Amenfi West,2019,0,1719.913549,25.98404225,0.71046395,0.001365015,132597.5582,0.862207055,0.858347948,0.87310864,1.716159633,1.08656745,1.458975779,-0.442392931
2776,142,Wassa Amenfi West,2020,0,1448.603833,25.80193105,0.677725343,0.001365015,135245.2644,0.865899093,0.862207055,0.641398176,0.705688629,0.852279223,1.483818283,-0.442392931
2777,142,Wassa Amenfi West,2021,0,1722.80373,26.13094854,0.726959288,0.001365015,137968.3865,0.869436714,0.865899093,1.060025898,1.726923876,1.204613511,1.507585308,-0.442392931
2778,142,Wassa Amenfi West,2022,1,1614.871475,25.23193277,0.692335902,0.00153564,140635.3766,0.872834476,0.869436714,-0.083843129,1.324938957,0.956837182,1.530358285,-0.441803228
2779,142,Wassa Amenfi West,2023,0,1699.101358,25.96595488,0.661762541,0.00153564,143356.006,0.876092745,0.872834476,0.850095046,1.638646319,0.738044165,1.552230944,-0.441803228
2780,142,Wassa Amenfi West,2024,1,1352.540923,25.41776217,0.66972928,0.001706265,146093.3393,0.879235896,0.876092745,0.152598213,0.347910121,0.795056772,1.573205635,-0.441213524
2781,143,Wassa Amenfi Central,2005,0,1614.075425,24.73317968,0.68225693,0.00120437,85697.09094,0.392647477,0.372344132,-0.718435126,1.321974134,0.884708747,-1.669611472,-0.442948142
2782,143,Wassa Amenfi Central,2006,0,1554.412825,25.13317968,0.74039714,0.00120437,86685.12091,0.412381915,0.392647477,-0.209492318,1.099765628,1.300779198,-1.538911292,-0.442948142
2783,143,Wassa Amenfi Central,2007,0,2003.473473,24.95976817,0.718077974,0.00120437,85606.25696,0.43120572,0.412381915,-0.430133676,2.772255541,1.141055907,-1.411873379,-0.442948142
2784,143,Wassa Amenfi Central,2008,0,1937.710593,24.91456978,0.740194796,0.00120437,85585.23543,0.449098514,0.43120572,-0.487642166,2.527327036,1.299331155,-1.290697546,-0.442948142
2785,143,Wassa Amenfi Central,2009,0,1548.381734,24.87281725,0.704397622,0.00120437,88388.23226,0.466223435,0.449098514,-0.540766292,1.077303316,1.043154815,-1.175514982,-0.442948142
2786,143,Wassa Amenfi Central,2010,0,2027.29352,25.52199702,0.724810411,0.00120437,86766.67457,0.482731403,0.466223435,0.285222149,2.860971372,1.18923544,-1.065275498,-0.442948142
2787,143,Wassa Amenfi Central,2011,0,1617.29596,25.05577097,0.733717368,0.00120437,88055.89008,0.498788467,0.482731403,-0.307983837,1.333968755,1.252976551,-0.959007566,-0.442948142
2788,143,Wassa Amenfi Central,2012,0,1799.746475,24.87542254,0.697651243,0.00120437,88217.07451,0.514370436,0.498788467,-0.537451424,2.013490883,0.994875508,-0.855642279,-0.442948142
2789,143,Wassa Amenfi Central,2013,0,1501.287464,24.73226455,0.693409169,0.00120437,87872.4419,0.529410184,0.514370436,-0.719599498,0.901904533,0.964517834,-0.755335348,-0.442948142
2790,143,Wassa Amenfi Central,2014,0,1574.405595,25.14288006,0.720878722,0.00120437,89824.35176,0.543867365,0.529410184,-0.197149971,1.174227073,1.16109898,-0.658518898,-0.442948142
2791,143,Wassa Amenfi Central,2015,0,1453.126446,25.32914181,0.696755671,0.00120437,124447.4285,0.554766389,0.543867365,0.039841474,0.722532733,0.988466501,-0.565452654,-0.442948142
2792,143,Wassa Amenfi Central,2016,0,1577.004338,25.53262608,0.709823814,0.00120437,127237.983,0.566056345,0.554766389,0.298746117,1.183905883,1.081986428,-0.495291582,-0.442948142
2793,143,Wassa Amenfi Central,2017,0,1795.879971,25.17428823,0.709894658,0.00120437,130112.545,0.572302367,0.566056345,-0.157187565,1.999090403,1.08249341,-0.42261394,-0.442948142
2794,143,Wassa Amenfi Central,2018,0,1802.885258,25.48636117,0.728033195,0.00120437,132847.2586,0.772330575,0.572302367,0.23988063,2.025181027,1.212298745,-0.382405973,-0.442948142
2795,143,Wassa Amenfi Central,2019,0,1627.184472,25.89907357,0.702808566,0.00120437,135535.9842,0.777717944,0.772330575,0.76499815,1.370797716,1.03178301,0.905249967,-0.442948142
2796,143,Wassa Amenfi Central,2020,0,1380.150624,25.76929682,0.690290099,0.00120437,138207.1504,0.783673793,0.777717944,0.599875787,0.450740208,0.942196743,0.939930468,-0.442948142
2797,143,Wassa Amenfi Central,2021,0,1651.912509,26.05627711,0.725492263,0.00120437,140951.2098,0.78938054,0.783673793,0.965017182,1.462895282,1.194114996,0.97827048,-0.442948142
2798,143,Wassa Amenfi Central,2022,0,1549.330351,25.10610313,0.699635639,0.00120437,143623.0068,0.794861674,0.78938054,-0.243943362,1.080836363,1.009076501,1.015006935,-0.442948142
2799,143,Wassa Amenfi Central,2023,0,1643.932619,25.84054366,0.654789593,0.00120437,146349.5076,0.800117784,0.794861674,0.6905272,1.43317483,0.688143456,1.050291031,-0.442948142
2800,143,Wassa Amenfi Central,2024,0,1350.970128,25.31834554,0.662839198,0.00120437,149092.7597,0.805188189,0.800117784,0.026104756,0.342059823,0.745749077,1.084126562,-0.442948142
2801,144,Mfantsiman,2005,0,1298.075619,24.56843203,0.66171635,0.064013321,110930.4762,0.373493823,0.354601065,-0.928052961,0.145058517,0.73771361,-1.783830192,-0.225871734
2802,144,Mfantsiman,2006,0,1166.330831,24.95779817,0.668727981,0.064013321,114700.3424,0.393850612,0.373493823,-0.432640222,-0.345614245,0.787891143,-1.662210483,-0.225871734
2803,144,Mfantsiman,2007,0,1524.341952,24.85101473,0.689226513,0.064835703,120683.9622,0.413268051,0.393850612,-0.568506869,0.9877691,0.934585373,-1.531166263,-0.223029467
2804,144,Mfantsiman,2008,0,1592.641646,24.88391715,0.678568983,0.064835703,111992.5248,0.431725117,0.413268051,-0.526643246,1.242145765,0.858316587,-1.406168992,-0.223029467
2805,144,Mfantsiman,2009,0,1127.808173,24.75736725,0.629352482,0.06565808,121832.8578,0.449390095,0.431725117,-0.687659903,-0.489088755,0.506107135,-1.287353996,-0.220187219
2806,144,Mfantsiman,2010,0,1595.942452,25.35736725,0.690157249,0.06565808,113984.2185,0.466418664,0.449390095,0.075754309,1.25443935,0.941246025,-1.173637967,-0.220187219
2807,144,Mfantsiman,2011,0,1169.311093,24.9500139,0.665954592,0.06565808,121106.3362,0.482910127,0.466418664,-0.442544585,-0.334514503,0.76804386,-1.064018737,-0.220187219
2808,144,Mfantsiman,2012,0,1428.696692,24.76145399,0.647393985,0.06565808,127261.4615,0.498985732,0.482910127,-0.682460112,0.631546097,0.635218062,-0.957857055,-0.220187219
2809,144,Mfantsiman,2013,0,1312.267167,24.65020851,0.647130679,0.06565808,131087.403,0.514501938,0.498985732,-0.824004082,0.197913787,0.633333758,-0.854372409,-0.220187219
2810,144,Mfantsiman,2014,0,1299.455101,24.96597164,0.688758958,0.06565808,134596.2863,0.529417121,0.514501938,-0.42224064,0.150196289,0.931239398,-0.754488822,-0.220187219
2811,144,Mfantsiman,2015,0,1113.33945,25.28872672,0.653747172,0.06565808,144545.7171,0.543591325,0.529417121,-0.011580956,-0.542976343,0.680683556,-0.658474247,-0.220187219
2812,144,Mfantsiman,2016,0,1320.371421,25.38128996,0.650379652,0.06661588,147890.9797,0.557166347,0.543591325,0.106192542,0.228097421,0.656584475,-0.567229626,-0.21687693
2813,144,Mfantsiman,2017,0,1429.281346,25.08735057,0.694396484,0.06661588,151288.9073,0.56995702,0.557166347,-0.26780331,0.633723592,0.971583386,-0.479842163,-0.21687693
2814,144,Mfantsiman,2018,0,1256.250487,25.44666389,0.667768634,0.066906173,154527.5203,0.581881958,0.56995702,0.189371511,-0.010715791,0.781025741,-0.397503842,-0.215873638
2815,144,Mfantsiman,2019,0,1211.316097,25.72877398,0.690955447,0.066906173,157678.8202,0.593272983,0.581881958,0.548316267,-0.178070277,0.946958193,-0.320738583,-0.215873638
2816,144,Mfantsiman,2020,0,1080.177092,25.40638032,0.672551147,0.067702849,160827.2886,0.801592041,0.593272983,0.138116428,-0.66648685,0.815250979,-0.24741032,-0.213120216
2817,144,Mfantsiman,2021,0,1366.157353,26.12133723,0.656645365,0.068721977,164042.7164,0.8068261,0.801592041,1.04779687,0.39862341,0.701423972,1.093616902,-0.209597967
2818,144,Mfantsiman,2022,0,1371.708924,24.92485405,0.672603729,0.070366707,167189.0145,0.811853233,0.8068261,-0.474556904,0.419299784,0.81562727,1.127310485,-0.203913553
2819,144,Mfantsiman,2023,0,1478.735335,25.87406172,0.664935804,0.070366707,170399.4162,0.81667398,0.811853233,0.733174142,0.81791096,0.760753078,1.159672009,-0.203913553
2820,144,Mfantsiman,2024,0,1260.078121,25.18757298,0.684155951,0.074478458,173635.8859,0.821324404,0.81667398,-0.140284626,0.003539922,0.89829877,1.190704951,-0.189702775
2821,145,Ekumfi,2005,0,1302.719734,24.69937954,0.668236233,0.016714247,64412.46111,0.373493823,0.354601065,-0.761440973,0.162355147,0.78437203,-1.783830192,-0.389343865
2822,145,Ekumfi,2006,0,1112.947639,25.06934019,0.66633502,0.016714247,65005.48679,0.393850612,0.373493823,-0.290718938,-0.544435608,0.770766326,-1.662210483,-0.389343865
2823,145,Ekumfi,2007,0,1488.385291,24.97067191,0.671164367,0.016714247,63739.25272,0.413268051,0.393850612,-0.416260218,0.853851436,0.805326726,-1.531166263,-0.389343865
2824,145,Ekumfi,2008,0,1591.381659,24.98825666,0.673020291,0.016714247,77021.47872,0.431725117,0.413268051,-0.393886144,1.237453045,0.818608327,-1.406168992,-0.389343865
2825,145,Ekumfi,2009,0,1096.184625,24.87493947,0.639131729,0.016714247,72067.05075,0.449390095,0.431725117,-0.538066067,-0.606868095,0.57609064,-1.287353996,-0.389343865
2826,145,Ekumfi,2010,0,1572.19431,25.47493947,0.686704271,0.016714247,85657.65133,0.466418664,0.449390095,0.225348145,1.165991323,0.916535384,-1.173637967,-0.389343865
2827,145,Ekumfi,2011,0,1167.511501,25.06934019,0.673801412,0.016714247,83349.31004,0.482910127,0.466418664,-0.290718938,-0.341216935,0.824198281,-1.064018737,-0.389343865
2828,145,Ekumfi,2012,0,1412.467918,24.81520884,0.666017243,0.016714247,80912.34977,0.498985732,0.482910127,-0.614064753,0.571103346,0.768492216,-0.957857055,-0.389343865
2829,145,Ekumfi,2013,0,1279.088983,24.77067191,0.657247658,0.017608554,81834.58814,0.511821121,0.498985732,-0.670731622,0.074344335,0.705734182,-0.854372409,-0.386253017
2830,145,Ekumfi,2014,0,1297.585048,25.09836562,0.703623228,0.017608554,84712.10944,0.525372883,0.511821121,-0.253788237,0.143231428,1.037612999,-0.771746239,-0.386253017
2831,145,Ekumfi,2015,0,1102.183111,25.41331719,0.693647411,0.017608554,67648.54976,0.539668901,0.525372883,0.146942609,-0.584527218,0.966222771,-0.684508511,-0.386253017
2832,145,Ekumfi,2016,0,1318.342615,25.50428269,0.678360221,0.018355521,69201.57926,0.553360588,0.539668901,0.262683197,0.220541299,0.856822617,-0.592479723,-0.383671395
2833,145,Ekumfi,2017,0,1395.668584,25.2061592,0.70844719,0.018355521,70799.52887,0.559425658,0.553360588,-0.116636314,0.50853559,1.072134855,-0.504341244,-0.383671395
2834,145,Ekumfi,2018,0,1214.078692,25.52975182,0.680241618,0.018355521,72321.71619,0.570225966,0.559425658,0.295089021,-0.167781213,0.870286515,-0.465298138,-0.383671395
2835,145,Ekumfi,2019,0,1194.085351,25.68663741,0.699678729,0.018355521,73840.54709,0.581934542,0.570225966,0.494703507,-0.242244789,1.009384865,-0.395772538,-0.383671395
2836,145,Ekumfi,2020,0,1053.848366,25.25770278,0.668119646,0.020144016,75333.96085,0.796060967,0.581934542,-0.051054474,-0.764546054,0.783537701,-0.320400083,-0.37749011
2837,145,Ekumfi,2021,0,1258.797215,26.11121368,0.669129873,0.021150494,76895.71309,0.801440938,0.796060967,1.034916106,-0.001230706,0.790767214,1.058011326,-0.374011583
2838,145,Ekumfi,2022,0,1328.440375,24.94104116,0.687815081,0.021150494,78435.87882,0.806608213,0.801440938,-0.453961112,0.258149588,0.924484704,1.092644194,-0.374011583
2839,145,Ekumfi,2023,0,1409.115617,25.97493947,0.690600766,0.021150494,79996.62143,0.810504617,0.806608213,0.861526655,0.558617976,0.944419983,1.125907869,-0.374011583
2840,145,Ekumfi,2024,0,1209.916768,25.29367433,0.689090583,0.021150494,81564.32962,0.81531154,0.810504617,-0.00528582,-0.183281964,0.933612618,1.150990472,-0.374011583
2841,146,Twifo-Hemang Lower Denkyira,2005,0,1520.824348,24.21857246,0.70553953,0.003007435,45162.11971,0.386712571,0.366210826,-1.373199232,0.97466807,1.051326686,-1.709093841,-0.436716503
2842,146,Twifo-Hemang Lower Denkyira,2006,0,1405.176957,24.58852899,0.721268454,0.003007435,43449.53547,0.406639849,0.386712571,-0.902482454,0.543948753,1.163888036,-1.577116488,-0.436716503
2843,146,Twifo-Hemang Lower Denkyira,2007,0,1880.184348,24.44300725,0.724479868,0.003007435,42722.82369,0.425647596,0.406639849,-1.087638061,2.313075208,1.186869968,-1.448837191,-0.436716503
2844,146,Twifo-Hemang Lower Denkyira,2008,0,1849.074058,24.48737681,0.749536916,0.003007435,43132.87095,0.443715234,0.425647596,-1.031184133,2.19720746,1.366186437,-1.326477256,-0.436716503
2845,146,Twifo-Hemang Lower Denkyira,2009,0,1357.269565,24.3696087,0.686000503,0.003007435,43080.1458,0.461007496,0.443715234,-1.181027222,0.365521564,0.911498988,-1.210169155,-0.436716503
2846,146,Twifo-Hemang Lower Denkyira,2010,0,1886.928116,25.01103623,0.731411021,0.003007435,43498.81133,0.477676776,0.461007496,-0.364902394,2.338191825,1.236471573,-1.098852437,-0.436716503
2847,146,Twifo-Hemang Lower Denkyira,2011,0,1420.414638,24.54560145,0.708204446,0.003007435,43160.53781,0.493890746,0.477676776,-0.957101607,0.600700259,1.070397701,-0.99154608,-0.436716503
2848,146,Twifo-Hemang Lower Denkyira,2012,0,1725.713333,24.36977536,0.697973996,0.003007435,43574.53208,0.509624979,0.493890746,-1.180815163,1.737760459,0.997185238,-0.887170731,-0.436716503
2849,146,Twifo-Hemang Lower Denkyira,2013,0,1539.711594,24.26471739,0.68952055,0.003007435,45450.47817,0.524811691,0.509624979,-1.31448641,1.045012086,0.936689597,-0.785883625,-0.436716503
2850,146,Twifo-Hemang Lower Denkyira,2014,0,1540.388551,24.61857246,0.71628576,0.003007435,45044.49608,0.539410144,0.524811691,-0.864256424,1.047533355,1.128230237,-0.688121108,-0.436716503
2851,146,Twifo-Hemang Lower Denkyira,2015,0,1321.33942,24.8688913,0.67317586,0.003007435,61527.50575,0.553283353,0.539410144,-0.54576149,0.231702657,0.819721629,-0.594145442,-0.436716503
2852,146,Twifo-Hemang Lower Denkyira,2016,0,1531.463623,24.99996377,0.700318855,0.003007435,62948.33084,0.566570104,0.553283353,-0.378990521,1.014293188,1.013965816,-0.504838438,-0.436716503
2853,146,Twifo-Hemang Lower Denkyira,2017,0,1705.188986,24.67198551,0.725241158,0.003007435,64395.86608,0.57784699,0.566570104,-0.796295963,1.661319192,1.192318007,-0.419306684,-0.436716503
2854,146,Twifo-Hemang Lower Denkyira,2018,0,1544.857826,25.05450725,0.718171648,0.003007435,65777.83177,0.589553142,0.57784699,-0.309591743,1.064178809,1.141726269,-0.346713175,-0.436716503
2855,146,Twifo-Hemang Lower Denkyira,2019,0,1368.517246,25.55232609,0.739610229,0.003007435,67128.56744,0.600735176,0.589553142,0.323811553,0.407412639,1.2951478,-0.271356323,-0.436716503
2856,146,Twifo-Hemang Lower Denkyira,2020,0,1280.30087,25.33224638,0.70993921,0.003007435,68476.61733,0.61143312,0.600735176,0.043791589,0.078857908,1.082812243,-0.199373408,-0.436716503
2857,146,Twifo-Hemang Lower Denkyira,2021,0,1578.915217,25.75357971,0.745106744,0.003007435,69862.8462,0.621683626,0.61143312,0.579878014,1.191022797,1.334482667,-0.13050677,-0.436716503
2858,146,Twifo-Hemang Lower Denkyira,2022,0,1460.427826,24.70202174,0.695010074,0.003007435,71217.10176,0.631528882,0.621683626,-0.758079153,0.74972613,0.975974435,-0.064520453,-0.436716503
2859,146,Twifo-Hemang Lower Denkyira,2023,0,1696.234928,25.4995,0.709984842,0.003007435,72599.01427,0.640969949,0.631528882,0.256597911,1.62797053,1.083138797,-0.001142874,-0.436716503
2860,146,Twifo-Hemang Lower Denkyira,2024,0,1358.763768,24.94716667,0.705608018,0.003007435,73991.55525,0.650077451,0.640969949,-0.446167283,0.371086602,1.051816808,0.05963278,-0.436716503
2861,147,Twifo-Ati-Mokwa,2005,0,1545.457901,24.4434168,0.718794453,0.001551736,67797.68528,0.386712571,0.366210826,-1.087116956,1.066413738,1.146183272,-1.709093841,-0.4417476
2862,147,Twifo-Ati-Mokwa,2006,0,1412.825233,24.8161766,0.749523665,0.001551736,71066.67838,0.406639849,0.386712571,-0.612833415,0.572434139,1.366091606,-1.577116488,-0.4417476
2863,147,Twifo-Ati-Mokwa,2007,0,1964.227816,24.64538871,0.742796502,0.001551736,72466.33108,0.425647596,0.406639849,-0.830136585,2.626088281,1.317949815,-1.448837191,-0.4417476
2864,147,Twifo-Ati-Mokwa,2008,0,1856.025739,24.62250676,0.754189886,0.001551736,72886.48518,0.443715234,0.425647596,-0.859250592,2.223098433,1.399484614,-1.326477256,-0.4417476
2865,147,Twifo-Ati-Mokwa,2009,0,1386.932205,24.54898351,0.667305336,0.001551736,74021.95763,0.461007496,0.443715234,-0.952798419,0.475997657,0.777710228,-1.210169155,-0.4417476
2866,147,Twifo-Ati-Mokwa,2010,0,1878.923829,25.21654306,0.733758291,0.00181036,73611.93154,0.477676776,0.461007496,-0.103424339,2.308380507,1.253269408,-1.098852437,-0.440853757
2867,147,Twifo-Ati-Mokwa,2011,0,1428.478318,24.71276939,0.7318052,0.002068983,75061.49976,0.493890746,0.477676776,-0.744404301,0.630732781,1.239292452,-0.99154608,-0.439959922
2868,147,Twifo-Ati-Mokwa,2012,0,1753.237763,24.50280953,0.72004926,0.002586234,75826.79833,0.509624979,0.493890746,-1.011548208,1.840272961,1.155163077,-0.887170731,-0.438172231
2869,147,Twifo-Ati-Mokwa,2013,0,1546.672018,24.40430154,0.725515287,0.00284486,74637.62943,0.524811691,0.509624979,-1.136885533,1.07093562,1.194279765,-0.785883625,-0.437278382
2870,147,Twifo-Ati-Mokwa,2014,0,1559.53477,24.8434168,0.717886041,0.00284486,75422.44573,0.539410144,0.524811691,-0.578174148,1.118841895,1.139682375,-0.688121108,-0.437278382
2871,147,Twifo-Ati-Mokwa,2015,0,1344.197278,25.01213245,0.709976983,0.00284486,92776.39375,0.553283353,0.539410144,-0.363507614,0.316834891,1.083082559,-0.594145442,-0.437278382
2872,147,Twifo-Ati-Mokwa,2016,0,1559.564,25.18076084,0.720999279,0.00284486,94908.85785,0.566570104,0.553283353,-0.148952096,1.118950758,1.161961729,-0.504838438,-0.437278382
2873,147,Twifo-Ati-Mokwa,2017,0,1707.87488,24.85315854,0.726687025,0.00284486,97083.17981,0.571774597,0.566570104,-0.565779186,1.671322588,1.202665111,-0.419306684,-0.437278382
2874,147,Twifo-Ati-Mokwa,2018,0,1607.731961,25.1764942,0.744299906,0.003103485,99154.2929,0.583649134,0.571774597,-0.154380789,1.298348417,1.328708668,-0.385803427,-0.43638454
2875,147,Twifo-Ati-Mokwa,2019,0,1398.54969,25.72780298,0.738953961,0.003103485,101186.8763,0.594992015,0.583649134,0.547080815,0.519266038,1.290451332,-0.309362616,-0.43638454
2876,147,Twifo-Ati-Mokwa,2020,0,1270.381991,25.62493238,0.720926262,0.003103485,103207.1256,0.605843841,0.594992015,0.416192679,0.04191585,1.161439192,-0.236344275,-0.43638454
2877,147,Twifo-Ati-Mokwa,2021,0,1482.845214,25.89287584,0.757462382,0.003103485,105282.5254,0.616241794,0.605843841,0.757112422,0.833217871,1.422903677,-0.166487035,-0.43638454
2878,147,Twifo-Ati-Mokwa,2022,0,1391.568188,24.84389233,0.694626852,0.003103485,107317.4025,0.626228668,0.616241794,-0.57756911,0.493263999,0.973231974,-0.099551548,-0.43638454
2879,147,Twifo-Ati-Mokwa,2023,0,1688.045546,25.58887968,0.70947825,0.003362113,109388.6472,0.635805538,0.626228668,0.370320773,1.597469843,1.079513455,-0.035262324,-0.435490684
2880,147,Twifo-Ati-Mokwa,2024,0,1329.232004,25.14437222,0.686919738,0.003362113,111473.7568,0.645044046,0.635805538,-0.195251415,0.261097945,0.918077337,0.026387547,-0.435490684
2881,148,Awutu Senya,2005,0,1229.177169,24.6696807,0.637834038,0.017997581,96228.01172,0.392812958,0.373884814,-0.7992285,-0.111548164,0.566803934,-1.659693526,-0.384908486
2882,148,Awutu Senya,2006,0,1005.235377,25.03633795,0.639251487,0.017997581,99341.18686,0.410714046,0.392812958,-0.332709577,-0.945601181,0.57694767,-1.537846027,-0.384908486
2883,148,Awutu Senya,2007,0,1390.275219,24.96792879,0.642411247,0.017997581,100566.6677,0.42959128,0.410714046,-0.419750445,0.488448442,0.599559951,-1.422610067,-0.384908486
2884,148,Awutu Senya,2008,0,1494.511726,24.96476406,0.649639127,0.017997581,102132.0127,0.44753486,0.42959128,-0.423777119,0.876668849,0.651285032,-1.301090294,-0.384908486
2885,148,Awutu Senya,2009,0,1044.602713,24.86684092,0.575952427,0.017997581,98340.5033,0.464708388,0.44753486,-0.548370317,-0.798980737,0.123958794,-1.185580802,-0.384908486
2886,148,Awutu Senya,2010,0,1463.074315,25.46250353,0.657084634,0.018833202,116329.0799,0.481263212,0.464708388,0.209525195,0.759582762,0.70456753,-1.075028419,-0.382020465
2887,148,Awutu Senya,2011,0,1158.258265,25.02175756,0.607426698,0.018833202,108785.1627,0.497365851,0.481263212,-0.351261038,-0.375679862,0.34919902,-0.968458861,-0.382020465
2888,148,Awutu Senya,2012,0,1312.312235,24.76474993,0.606800512,0.018833202,107235.2006,0.512992048,0.497365851,-0.6782665,0.198081639,0.344717829,-0.864800186,-0.382020465
2889,148,Awutu Senya,2013,0,1150.249223,24.67673071,0.59944121,0.018833202,109389.7534,0.524164102,0.512992048,-0.790258365,-0.405508889,0.292052247,-0.764208549,-0.382020465
2890,148,Awutu Senya,2014,0,1279.658661,25.06617689,0.641174675,0.018833202,115463.2653,0.536927368,0.524164102,-0.294743795,0.076466053,0.590710633,-0.692289882,-0.382020465
2891,148,Awutu Senya,2015,0,1031.179712,25.40887256,0.603383311,0.018833202,151900.4983,0.545336714,0.536927368,0.141287455,-0.848973614,0.320263216,-0.610127993,-0.382020465
2892,148,Awutu Senya,2016,0,1244.730997,25.43402091,0.604674846,0.019668816,155404.3005,0.552597383,0.545336714,0.173285131,-0.053619192,0.329505861,-0.555993905,-0.379132466
2893,148,Awutu Senya,2017,0,1309.491382,25.08597061,0.621605949,0.019668816,158975.3502,0.559514088,0.552597383,-0.269559107,0.1875756,0.450670401,-0.509254282,-0.379132466
2894,148,Awutu Senya,2018,0,1116.005651,25.45127155,0.599882746,0.019668816,162381.3187,0.568890988,0.559514088,0.195234098,-0.533046291,0.29521202,-0.464728882,-0.379132466
2895,148,Awutu Senya,2019,0,1092.208533,25.90446454,0.620962394,0.020504668,165734.4126,0.579204753,0.568890988,0.771857384,-0.621676724,0.446064908,-0.404366288,-0.376243646
2896,148,Awutu Senya,2020,0,1012.960158,25.38604125,0.606858441,0.020504668,169064.6891,0.794009068,0.579204753,0.11223788,-0.916830862,0.345132387,-0.337972748,-0.376243646
2897,148,Awutu Senya,2021,0,1046.160215,26.1161345,0.614628564,0.020504668,172495.7491,0.799443168,0.794009068,1.041177147,-0.793179947,0.400737943,1.044802488,-0.376243646
2898,148,Awutu Senya,2022,0,1138.136762,24.82421588,0.594555808,0.020504668,175854.8241,0.804662433,0.799443168,-0.60260458,-0.450620767,0.257090704,1.079783809,-0.376243646
2899,148,Awutu Senya,2023,0,1146.568805,25.8219271,0.598399316,0.02134052,179277.5259,0.809667425,0.804662433,0.666840293,-0.419216308,0.284596107,1.113382161,-0.373354826
2900,148,Awutu Senya,2024,0,992.6914383,25.30796835,0.582147728,0.022763102,182722.7689,0.814495585,0.809667425,0.012901275,-0.992320063,0.168294406,1.145601154,-0.368438189
2901,149,La-Nkwantanang-Madina,2005,0,1065.284698,24.78819692,0.49542946,0.453779992,84510.19549,0.351399879,0.332427226,-0.648433562,-0.721952364,-0.452290014,-1.926571438,1.121215721
2902,149,La-Nkwantanang-Madina,2006,0,893.5373665,25.23392645,0.500685785,0.457269282,87064.59475,0.368894811,0.351399879,-0.081306456,-1.361611351,-0.414674027,-1.804437412,1.133275189
2903,149,La-Nkwantanang-Madina,2007,0,1224.453144,25.18819692,0.48688328,0.457269282,91649.87633,0.389111686,0.368894811,-0.139490754,-0.129142413,-0.513449285,-1.691816032,1.133275189
2904,149,La-Nkwantanang-Madina,2008,0,1317.141163,25.11049822,0.510408822,0.457269282,95459.34686,0.408328649,0.389111686,-0.238351234,0.216066587,-0.34509278,-1.561672493,1.133275189
2905,149,La-Nkwantanang-Madina,2009,0,930.3321471,25.03653618,0.448024589,0.46643723,97755.14107,0.426720912,0.408328649,-0.332457355,-1.224572179,-0.79153485,-1.43796576,1.164960884
2906,149,La-Nkwantanang-Madina,2010,0,1271.771056,25.62597865,0.482071423,0.469926493,99413.81785,0.444450565,0.426720912,0.417523906,0.047089309,-0.547884514,-1.319567923,1.177020258
2907,149,La-Nkwantanang-Madina,2011,0,1067.720047,25.18819692,0.482946255,0.469926493,104108.7521,0.461695943,0.444450565,-0.139490754,-0.712882101,-0.541623928,-1.205435556,1.177020258
2908,149,La-Nkwantanang-Madina,2012,0,1106.362989,24.907414,0.435229273,0.474496588,112142.0501,0.478431068,0.461695943,-0.496746871,-0.568959602,-0.88310233,-1.094420645,1.192815137
2909,149,La-Nkwantanang-Madina,2013,0,979.9667853,24.79786477,0.393812377,0.474496588,117110.137,0.494583843,0.478431068,-0.636132601,-1.039712,-1.179495246,-0.986690427,1.192815137
2910,149,La-Nkwantanang-Madina,2014,0,1135.02847,25.21073547,0.441190688,0.478273322,120225.7374,0.510110938,0.494583843,-0.110813668,-0.462197348,-0.840440489,-0.882709006,1.205868053
2911,149,La-Nkwantanang-Madina,2015,0,893.2040332,25.61755635,0.43026929,0.493927657,248730.7306,0.518398211,0.510110938,0.406807732,-1.362852824,-0.9185976,-0.782755326,1.259971597
2912,149,La-Nkwantanang-Madina,2016,0,1082.928826,25.57858837,0.410792168,0.506831711,254457.0109,0.523092843,0.518398211,0.35722656,-0.656238242,-1.057982284,-0.729407066,1.304569791
2913,149,La-Nkwantanang-Madina,2017,0,1138.631079,25.17858837,0.416726288,0.522992349,260286.0519,0.526966949,0.523092843,-0.151716248,-0.448779721,-1.015515774,-0.699185972,1.360423186
2914,149,La-Nkwantanang-Madina,2018,0,995.6820878,25.57924081,0.416277651,0.525660668,265847.5232,0.733746683,0.526966949,0.358056686,-0.981181632,-1.018726369,-0.674246915,1.369645265
2915,149,La-Nkwantanang-Madina,2019,0,1100.130486,26.13440095,0.422271692,0.529259488,271294.357,0.738298418,0.733746683,1.06441859,-0.592172053,-0.975831038,0.65687111,1.382083284
2916,149,La-Nkwantanang-Madina,2020,0,850.2953737,25.66269276,0.391524996,0.533925486,276712.7277,0.740839163,0.738298418,0.46423737,-1.522662642,-1.1958645,0.686172322,1.39820962
2917,149,La-Nkwantanang-Madina,2021,0,1061.4828,26.29027284,0.40134509,0.543052071,282282.2559,0.742841424,0.740839163,1.262743279,-0.736112225,-1.125588683,0.702528041,1.429752356
2918,149,La-Nkwantanang-Madina,2022,0,1015.365362,24.86281139,0.372698296,0.557966921,287732.4698,0.74423045,0.742841424,-0.553497314,-0.907872876,-1.330594551,0.715417338,1.481300139
2919,149,La-Nkwantanang-Madina,2023,0,985.0355872,25.89436536,0.375438904,0.568434064,293288.7219,0.750783847,0.74423045,0.759007626,-1.020833659,-1.310981858,0.724359018,1.517476031
2920,149,La-Nkwantanang-Madina,2024,0,847.7615658,25.48772242,0.346475314,0.568434064,298890.8077,0.757105704,0.750783847,0.241612624,-1.532099604,-1.518254823,0.766545667,1.517476031
2921,150,Ga East,2005,0,1058.140488,24.87482927,0.495870548,0.683457079,143943.2091,0.351399879,0.332427226,-0.53820628,-0.748560393,-0.44913344,-1.926571438,1.915011459
2922,150,Ga East,2006,0,882.9765854,25.30536585,0.482243895,0.683457079,148782.3966,0.368894811,0.351399879,0.009589967,-1.400944123,-0.546650249,-1.804437412,1.915011459
2923,150,Ga East,2007,0,1210.632195,25.27039024,0.467431187,0.683457079,152612.3261,0.389111686,0.368894811,-0.034911496,-0.180617413,-0.652654854,-1.691816032,1.915011459
2924,150,Ga East,2008,0,1308.489756,25.17004878,0.489145404,0.683457079,158465.9665,0.408328649,0.389111686,-0.162581661,0.183845127,-0.497260784,-1.561672493,1.915011459
2925,150,Ga East,2009,0,918.2058537,25.10697561,0.439839976,0.684532001,165127.9584,0.426720912,0.408328649,-0.242833253,-1.269735574,-0.850106627,-1.43796576,1.918726538
2926,150,Ga East,2010,0,1257.50439,25.70531707,0.467168637,0.684532001,170436.4008,0.444450565,0.426720912,0.518470709,-0.006045728,-0.654533747,-1.319567923,1.918726538
2927,150,Ga East,2011,0,1051.62439,25.25697561,0.461139738,0.684532001,176880.5072,0.461695943,0.444450565,-0.0519797,-0.772829069,-0.69767853,-1.205435556,1.918726538
2928,150,Ga East,2012,0,1097.405854,24.95409756,0.405877249,0.685210905,180122.8206,0.478431068,0.461695943,-0.437348711,-0.602319727,-1.09315506,-1.094420645,1.921072922
2929,150,Ga East,2013,0,969.3121951,24.86404878,0.403230122,0.685935173,184531.1287,0.494583843,0.478431068,-0.551922909,-1.079394156,-1.112098771,-0.986690427,1.923576094
2930,150,Ga East,2014,0,1121.04,25.26629268,0.429773848,0.688571682,192270.6127,0.510110938,0.494583843,-0.040125056,-0.514296268,-0.922143149,-0.882709006,1.932688234
2931,150,Ga East,2015,0,886.6419512,25.65336585,0.412550449,0.696492086,292008.6009,0.518005716,0.510110938,0.45237021,-1.387292766,-1.045399452,-0.782755326,1.960062241
2932,150,Ga East,2016,0,1074.836098,25.65517073,0.390100057,0.697340702,298772.8028,0.521619748,0.518005716,0.454666659,-0.68637895,-1.206061828,-0.7319337,1.962995176
2933,150,Ga East,2017,0,1134.202927,25.25517073,0.397402441,0.698393039,305689.9257,0.527836445,0.521619748,-0.054276149,-0.465272016,-1.153803573,-0.708668834,1.9666322
2934,150,Ga East,2018,0,980.5921951,25.65678049,0.393918574,0.701934642,312278.1854,0.737283769,0.527836445,0.456714844,-1.037382712,-1.178735271,-0.668649644,1.978872468
2935,150,Ga East,2019,0,1058.379512,26.12868293,0.40668951,0.7076035,318715.9067,0.744441095,0.737283769,1.057143225,-0.747670166,-1.087342257,0.679640646,1.998464824
2936,150,Ga East,2020,0,855.0819512,25.59887805,0.367075948,0.713374288,325147.2568,0.748597388,0.744441095,0.383042269,-1.504835423,-1.370829919,0.725715015,2.018409467
2937,150,Ga East,2021,0,1003.894634,26.28258537,0.378291634,0.719077362,331759.4872,0.75423202,0.748597388,1.252962073,-0.95059467,-1.290566787,0.752470617,2.038120077
2938,150,Ga East,2022,0,1007.312195,24.91580488,0.35762797,0.727144954,338280.4023,0.760627854,0.75423202,-0.486070675,-0.937866242,-1.438442753,0.788742839,2.066002789
2939,150,Ga East,2023,0,976.6634146,26.00009756,0.365561939,0.732916008,344930.4008,0.766761112,0.760627854,0.893536732,-1.052015136,-1.381664666,0.829915203,2.08594835
2940,150,Ga East,2024,0,861.8790244,25.53795122,0.346796723,0.734126812,351631.5397,0.769748971,0.766761112,0.30552159,-1.479520276,-1.515954717,0.869397263,2.090133055
2941,151,Wassa Amenfi East,2005,0,1499.044065,24.49795203,0.698099382,0.002220194,88197.32843,0.392647477,0.372344132,-1.017728684,0.893549175,0.998082542,-1.669611472,-0.439437314
2942,151,Wassa Amenfi East,2006,0,1410.415752,24.89185362,0.74664492,0.002220194,88635.54756,0.412381915,0.392647477,-0.516545231,0.563460221,1.345490363,-1.538911292,-0.439437314
2943,151,Wassa Amenfi East,2007,0,1893.92124,24.70937517,0.711270141,0.002220194,89349.61701,0.43120572,0.412381915,-0.748722967,2.364237147,1.092336822,-1.411873379,-0.439437314
2944,151,Wassa Amenfi East,2008,0,1793.550088,24.66435723,0.74145492,0.002220194,89944.97767,0.449098514,0.43120572,-0.806001854,1.990412944,1.308349015,-1.290697546,-0.439437314
2945,151,Wassa Amenfi East,2009,0,1407.601221,24.61960968,0.679812562,0.002220194,90313.21158,0.466223435,0.449098514,-0.862936714,0.552977728,0.867216049,-1.175514982,-0.439437314
2946,151,Wassa Amenfi East,2010,0,1829.184344,25.27661295,0.729187306,0.002220194,91180.1448,0.482731403,0.466223435,-0.026993996,2.123129837,1.220557937,-1.065275498,-0.439437314
2947,151,Wassa Amenfi East,2011,0,1441.085935,24.79768432,0.729056902,0.002378787,92127.28947,0.498788467,0.482731403,-0.636362199,0.677688826,1.219624728,-0.959007566,-0.438889197
2948,151,Wassa Amenfi East,2012,0,1695.113776,24.59179472,0.710551826,0.002434743,92759.96197,0.514370436,0.498788467,-0.898327273,1.623794893,1.087196319,-0.855642279,-0.438695804
2949,151,Wassa Amenfi East,2013,0,1443.422766,24.46625261,0.693353469,0.002927783,93375.45014,0.529410184,0.514370436,-1.058061659,0.686392164,0.964119225,-0.755335348,-0.436991788
2950,151,Wassa Amenfi East,2014,0,1475.796702,24.90103871,0.696406039,0.003244871,94794.2288,0.543867365,0.529410184,-0.504858512,0.806966259,0.985964419,-0.658518898,-0.43589589
2951,151,Wassa Amenfi East,2015,0,1336.14558,25.07546983,0.691561726,0.003562058,148726.0229,0.557305726,0.543867365,-0.282919854,0.286846997,0.951296927,-0.565452654,-0.434799649
2952,151,Wassa Amenfi East,2016,0,1489.877336,25.26631151,0.694960332,0.004037833,152221.3818,0.564405753,0.557305726,-0.040101106,0.859408437,0.975618466,-0.478944926,-0.433155303
2953,151,Wassa Amenfi East,2017,0,1635.832575,24.91327836,0.703813544,0.004037833,155760.1796,0.569495488,0.564405753,-0.489285303,1.403006872,1.038974963,-0.433239411,-0.433155303
2954,151,Wassa Amenfi East,2018,0,1629.414788,25.22517535,0.712731161,0.004196427,159146.1634,0.774882376,0.569495488,-0.092440984,1.379104348,1.102792358,-0.400474895,-0.432607182
2955,151,Wassa Amenfi East,2019,0,1460.435081,25.70618675,0.68266638,0.004355018,162436.4466,0.780576149,0.774882376,0.519577253,0.749753149,0.887638905,0.921676862,-0.432059069
2956,151,Wassa Amenfi East,2020,0,1272.63447,25.63334315,0.667255756,0.004355018,165740.978,0.784815017,0.780576149,0.426894181,0.050305026,0.77735542,0.958329794,-0.432059069
2957,151,Wassa Amenfi East,2021,0,1471.956417,25.85101997,0.711406567,0.004672185,169128.1427,0.790491659,0.784815017,0.703856814,0.79266343,1.093313131,0.985616965,-0.430962896
2958,151,Wassa Amenfi East,2022,0,1362.129946,24.85669005,0.684676944,0.005623687,172464.4458,0.795943877,0.790491659,-0.561285846,0.383623658,0.902027162,1.022159618,-0.427674375
2959,151,Wassa Amenfi East,2023,0,1544.766665,25.56427692,0.628318314,0.007050994,175858.4193,0.801172258,0.795943877,0.339017277,1.063839286,0.498706289,1.057257574,-0.422741402
2960,151,Wassa Amenfi East,2024,0,1258.835573,25.13795042,0.599383543,0.00768536,179285.7623,0.806215914,0.801172258,-0.203422235,-0.001087845,0.291639563,1.090914606,-0.420548947
2961,153,Gomoa Central,2005,0,1339.020355,24.7098904,0.640294574,0.056188837,43214.08105,0.364461032,0.350162908,-0.748067411,0.297553863,0.58441234,-1.812400259,-0.25291423
2962,153,Gomoa Central,2006,0,1089.665449,25.06234342,0.677319994,0.056188837,45496.81501,0.375433566,0.364461032,-0.299621328,-0.631148236,0.849378413,-1.720357921,-0.25291423
2963,153,Gomoa Central,2007,0,1505.659708,24.96401357,0.671043792,0.056188837,48884.41645,0.391397378,0.375433566,-0.424732008,0.9181886,0.804463848,-1.649723639,-0.25291423
2964,153,Gomoa Central,2008,0,1617.555324,24.97967119,0.700153715,0.056188837,47102.50579,0.404924195,0.391397378,-0.404809925,1.334934735,1.012784021,-1.546958643,-0.25291423
2965,153,Gomoa Central,2009,0,1106.683194,24.87967119,0.605615446,0.056188837,52769.65837,0.413633563,0.404924195,-0.532045627,-0.567767025,0.336237104,-1.459881496,-0.25291423
2966,153,Gomoa Central,2010,0,1593.601253,25.47546973,0.702645255,0.056188837,47722.30778,0.422114012,0.413633563,0.226022826,1.245719742,1.030614303,-1.403816052,-0.25291423
2967,153,Gomoa Central,2011,0,1214.198852,25.0598904,0.666630844,0.056188837,48584.54121,0.428551298,0.422114012,-0.302742454,-0.16733369,0.772883346,-1.34922425,-0.25291423
2968,153,Gomoa Central,2012,0,1442.653445,24.80579332,0.642672175,0.056188837,48943.09904,0.433858268,0.428551298,-0.626044654,0.68352689,0.601427234,-1.307785048,-0.25291423
2969,153,Gomoa Central,2013,0,1280.408142,24.74689457,0.630314452,0.056188837,54234.53675,0.442012248,0.433858268,-0.700984889,0.079257435,0.512991309,-1.273622112,-0.25291423
2970,153,Gomoa Central,2014,0,1367.316284,25.10772443,0.678104666,0.056188837,54960.63196,0.451897106,0.442012248,-0.241880491,0.402939752,0.854993784,-1.221131908,-0.25291423
2971,153,Gomoa Central,2015,0,1122.525574,25.43050626,0.646441696,0.056188837,61458.56102,0.457198525,0.451897106,0.168813245,-0.508763368,0.628403168,-1.157499405,-0.25291423
2972,153,Gomoa Central,2016,0,1349.823591,25.47964509,0.670181243,0.058139542,62880.92001,0.471016912,0.457198525,0.231335382,0.337789637,0.798291163,-1.123372195,-0.246172325
2973,153,Gomoa Central,2017,0,1410.361169,25.17520877,0.674495499,0.058139542,64328.80929,0.4862959,0.471016912,-0.156016314,0.563256932,0.829165397,-1.0344181,-0.246172325
2974,153,Gomoa Central,2018,0,1208.60595,25.50626305,0.656630234,0.059689167,65726.37849,0.500540731,0.4862959,0.265202922,-0.188163998,0.701315688,-0.936061575,-0.240816606
2975,153,Gomoa Central,2019,0,1212.890919,25.87912317,0.688902121,0.059689167,67058.17979,0.514147781,0.500540731,0.73961412,-0.17220498,0.932263922,-0.844362302,-0.240816606
2976,153,Gomoa Central,2020,0,1112.56785,25.44368476,0.645133703,0.064338043,68413.26144,0.762993499,0.514147781,0.185580998,-0.545850104,0.619042738,-0.756768664,-0.224749448
2977,153,Gomoa Central,2021,0,1137.091336,26.22523486,0.684944193,0.064338043,69779.40462,0.769245798,0.762993499,1.17999176,-0.45451437,0.903939687,0.845143736,-0.224749448
2978,153,Gomoa Central,2022,0,1234.936848,24.92995825,0.651539206,0.064338043,71131.06317,0.775250916,0.769245798,-0.468062538,-0.090096708,0.664882619,0.885392113,-0.224749448
2979,153,Gomoa Central,2023,0,1279.923278,25.86518789,0.67669334,0.065887669,72508.16213,0.781009498,0.775250916,0.721883467,0.077451597,0.844893868,0.924049289,-0.219393729
2980,153,Gomoa Central,2024,0,1106.420146,25.3256785,0.649678398,0.065887669,73897.09241,0.786564622,0.781009498,0.035434901,-0.568746726,0.651566069,0.96111942,-0.219393729
2981,154,Assin Foso,2005,0,1592.703956,24.4420882,0.705106802,0.017266546,50628.7643,0.389535339,0.370804185,-1.08880742,1.242377834,1.048229939,-1.679524684,-0.387435043
2982,154,Assin Foso,2006,0,1401.309014,24.75619326,0.729133987,0.017266546,49211.44346,0.406843842,0.389535339,-0.689153644,0.529542916,1.220176368,-1.558945284,-0.387435043
2983,154,Assin Foso,2007,0,1971.394942,24.64124514,0.722189171,0.017266546,50331.5179,0.424554669,0.406843842,-0.83540869,2.652781658,1.170476988,-1.447524012,-0.387435043
2984,154,Assin Foso,2008,0,1930.272698,24.63158236,0.736854453,0.017266546,51872.67362,0.440429167,0.424554669,-0.84770319,2.4996252,1.275426564,-1.333512832,-0.387435043
2985,154,Assin Foso,2009,0,1385.642996,24.54417964,0.731449698,0.017266546,50572.80536,0.452382142,0.440429167,-0.95891066,0.471196104,1.236748361,-1.231322791,-0.387435043
2986,154,Assin Foso,2010,0,1910.748054,25.16029507,0.720791826,0.017266546,50698.15971,0.465904624,0.452382142,-0.174991861,2.426907251,1.160477126,-1.154377048,-0.387435043
2987,154,Assin Foso,2011,0,1467.169585,24.69954604,0.726101761,0.017266546,51932.44618,0.479313684,0.465904624,-0.761229121,0.774835263,1.198476769,-1.067327799,-0.387435043
2988,154,Assin Foso,2012,0,1761.127756,24.50107004,0.696238646,0.017266546,54551.14189,0.49456312,0.479313684,-1.013761459,1.869658601,0.9847665,-0.981008698,-0.387435043
2989,154,Assin Foso,2013,0,1603.153048,24.39983787,0.719658883,0.017266546,54742.93158,0.507482366,0.49456312,-1.142564916,1.281294629,1.152369412,-0.882842406,-0.387435043
2990,154,Assin Foso,2014,0,1632.891375,24.8414559,0.724006042,0.017266546,57531.56996,0.517690539,0.507482366,-0.580669117,1.392052612,1.183479111,-0.799676417,-0.387435043
2991,154,Assin Foso,2015,0,1350.603113,25.01522374,0.686487452,0.02110352,73994.55715,0.532217953,0.517690539,-0.359574394,0.340692904,0.914983754,-0.733962616,-0.374173932
2992,154,Assin Foso,2016,0,1625.033074,25.11112192,0.713558127,0.02110352,75737.9269,0.546131255,0.532217953,-0.237557666,1.362785008,1.108710402,-0.640444245,-0.374173932
2993,154,Assin Foso,2017,0,1712.01524,24.85150778,0.735939055,0.02110352,77521.95102,0.556994581,0.546131255,-0.567879537,1.686743022,1.268875675,-0.550879151,-0.374173932
2994,154,Assin Foso,2018,0,1575.546693,25.15424773,0.726069675,0.02110352,79224.92688,0.569278963,0.556994581,-0.182686238,1.178477,1.198247148,-0.480947881,-0.374173932
2995,154,Assin Foso,2019,0,1386.465305,25.77859922,0.727747712,0.02110352,80885.69556,0.581013339,0.569278963,0.611711765,0.474258726,1.210255733,-0.401868748,-0.374173932
2996,154,Assin Foso,2020,0,1254.471141,25.68287938,0.727414294,0.02110352,82555.66737,0.592203309,0.581013339,0.489921949,-0.017342817,1.20786968,-0.32633021,-0.374173932
2997,154,Assin Foso,2021,0,1421.438067,25.88991569,0.729783784,0.023022069,84263.73142,0.602961103,0.592203309,0.75334606,0.60451194,1.224826533,-0.254296209,-0.367543162
2998,154,Assin Foso,2022,0,1392.909209,24.83127432,0.681161931,0.023981336,85954.91224,0.613293593,0.602961103,-0.593623725,0.498258523,0.876872576,-0.185044291,-0.364227802
2999,154,Assin Foso,2023,1,1665.49546,25.57222763,0.680203581,0.024940567,87676.50642,0.623201888,0.613293593,0.349133417,1.513483881,0.870014305,-0.118530215,-0.360912568
3000,154,Assin Foso,2024,0,1294.477951,25.17222763,0.686585655,0.025899812,89409.51664,0.632760112,0.623201888,-0.159809391,0.131659295,0.915686527,-0.054746831,-0.357597284
3001,155,Ayawaso West,2005,0,968.9628253,25.30427509,0.402546133,0.77407283,282009.1918,0.383133825,0.364466813,0.00820213,-1.080695355,-1.116993619,-1.720320702,2.22819201
3002,155,Ayawaso West,2006,0,822.1375465,25.75,0.393057829,0.77407283,297772.4033,0.399984035,0.383133825,0.575323344,-1.627534183,-1.184895046,-1.600154208,2.22819201
3003,155,Ayawaso West,2007,0,1107.644981,25.70427509,0.420786072,0.77407283,308354.8325,0.418235914,0.399984035,0.517144938,-0.564184927,-0.986462626,-1.491683139,2.22819201
3004,155,Ayawaso West,2008,0,1203.734201,25.64172862,0.437563769,0.775270925,320759.769,0.434440289,0.418235914,0.4375635,-0.206308432,-0.866395913,-1.374189008,2.232332793
3005,155,Ayawaso West,2009,0,854.1561338,25.55,0.380221039,0.775270925,334647.4108,0.450477989,0.434440289,0.32085194,-1.508283555,-1.276759331,-1.269875425,2.232332793
3006,155,Ayawaso West,2010,0,1156.754647,26.14172862,0.400137459,0.775270925,338102.04,0.464329994,0.450477989,1.07374201,-0.381279966,-1.134230885,-1.166634789,2.232332793
3007,155,Ayawaso West,2011,0,969.3420074,25.7,0.398235851,0.775270925,356091.3939,0.474529634,0.464329994,0.511705493,-1.079283122,-1.147839412,-1.07746428,2.232332793
3008,155,Ayawaso West,2012,0,1010.607807,25.41626394,0.3867179,0.775270925,366410.229,0.484401786,0.474529634,0.150691926,-0.925592004,-1.230265656,-1.011805404,2.232332793
3009,155,Ayawaso West,2013,0,902.0204461,25.30037175,0.340516953,0.779431176,370151.911,0.495637035,0.484401786,0.003235681,-1.33001681,-1.560894818,-0.948254691,2.246711196
3010,155,Ayawaso West,2014,0,1025.289963,25.73698885,0.402347095,0.779431176,383987.3191,0.504664252,0.495637035,0.558768513,-0.870909506,-1.118418003,-0.875929221,2.246711196
3011,155,Ayawaso West,2015,0,808.0910781,26.09563197,0.382743494,0.779431176,88287.32197,0.519584025,0.504664252,1.015090608,-1.679849114,-1.258707814,-0.817817668,2.246711196
3012,155,Ayawaso West,2016,0,990.7750929,26.1,0.394916802,0.783635371,90299.59964,0.533222016,0.519584025,1.020648301,-0.999457336,-1.171591621,-0.721773539,2.261241472
3013,155,Ayawaso West,2017,0,1052.392193,25.7,0.390269028,0.783635371,92377.67904,0.54670429,0.533222016,0.511705493,-0.769969449,-1.204852616,-0.633980725,2.261241472
3014,155,Ayawaso West,2018,0,899.6914498,26.10957249,0.380971885,0.783635371,94349.10885,0.559274018,0.54670429,1.032827927,-1.338690968,-1.271386031,-0.547190313,2.261241472
3015,155,Ayawaso West,2019,0,958.3122677,26.41115242,0.404542108,0.783635371,96332.15373,0.571280964,0.559274018,1.416545263,-1.120362492,-1.102709767,-0.466274301,2.261241472
3016,155,Ayawaso West,2020,0,757.0464684,25.81635688,0.380595299,0.785181991,98228.49282,0.582768106,0.571280964,0.659752983,-1.869960618,-1.274081001,-0.388981126,2.266586807
3017,155,Ayawaso West,2021,0,943.8959108,26.59563197,0.369681853,0.785181991,100216.6209,0.593774803,0.582768106,1.651269118,-1.174055043,-1.352181206,-0.315034119,2.266586807
3018,155,Ayawaso West,2022,0,924.6394052,25.28057621,0.374626818,0.785181991,102161.9252,0.604346356,0.593774803,-0.021951313,-1.245774334,-1.316793416,-0.244179917,2.266586807
3019,155,Ayawaso West,2023,0,904.2527881,26.48057621,0.397942393,0.785181991,104143.1491,0.6144839,0.604346356,1.504877112,-1.321702634,-1.149939495,-0.176126903,2.266586807
3020,155,Ayawaso West,2024,0,789.1524164,26.00752788,0.36311818,0.785181991,106119.6875,0.624263273,0.6144839,0.902990752,-1.750384622,-1.399153006,-0.110867762,2.266586807
3021,157,Ga West,2005,0,1145.467421,24.80396091,0.585138657,0.152074406,124415.7417,0.340457046,0.332427226,-0.628376139,-0.423318321,0.189698475,-1.926571438,0.07847954
3022,157,Ga West,2006,0,944.1371742,25.22570302,0.595482855,0.152074406,129299.5539,0.348643442,0.340457046,-0.091769601,-1.173156477,0.263724956,-1.874880497,0.07847954
3023,157,Ga West,2007,0,1313.050754,25.17028464,0.582771559,0.153089134,133724.0879,0.361060019,0.348643442,-0.162281568,0.200832195,0.172758742,-1.822181624,0.081986581
3024,157,Ga West,2008,0,1408.433128,25.10787037,0.60207676,0.153089134,135304.6601,0.373786976,0.361060019,-0.241694798,0.556076098,0.310913105,-1.742251501,0.081986581
3025,157,Ga West,2009,0,988.3768861,25.03653978,0.535344641,0.153089134,137329.5898,0.374241844,0.373786976,-0.332452774,-1.008389262,-0.166643864,-1.660323346,0.081986581
3026,157,Ga West,2010,0,1358.925583,25.63653978,0.597438426,0.153089134,150866.8457,0.375009427,0.374241844,0.430961438,0.371689268,0.277719666,-1.657395195,0.081986581
3027,157,Ga West,2011,0,1121.936557,25.18653978,0.56914861,0.15410387,150122.2021,0.378883766,0.375009427,-0.141599221,-0.510957114,0.075268445,-1.652453976,0.085493649
3028,157,Ga West,2012,0,1200.22668,24.91431756,0.530947792,0.157148094,158477.7006,0.383612736,0.378883766,-0.487963077,-0.219371907,-0.198109159,-1.627513418,0.096014906
3029,157,Ga West,2013,0,1048.3131,24.81601509,0.545241212,0.157211773,164335.6723,0.393745939,0.383612736,-0.613038914,-0.7851617,-0.095820748,-1.597071277,0.09623499
3030,157,Ga West,2014,0,1209.341221,25.20317215,0.55550526,0.158051545,172785.0996,0.40418921,0.393745939,-0.120436905,-0.185425541,-0.022367853,-1.531840084,0.099137359
3031,157,Ga West,2015,0,959.7530864,25.58595679,0.532513853,0.160797607,306613.962,0.40900472,0.40418921,0.366601815,-1.11499628,-0.186901915,-1.464612865,0.108628128
3032,157,Ga West,2016,0,1162.02915,25.58705418,0.515599607,0.169608197,313699.7473,0.41783105,0.40900472,0.367998091,-0.361635509,-0.307945812,-1.43361364,0.139078744
3033,157,Ga West,2017,0,1222.364198,25.20483539,0.530476635,0.171637979,320953.8238,0.433000107,0.41783105,-0.118320673,-0.136922522,-0.201480916,-1.376795273,0.14609395
3034,157,Ga West,2018,0,1057.375514,25.60440672,0.532596206,0.174682357,327875.3279,0.801050096,0.433000107,0.390076714,-0.751409474,-0.186312566,-1.279146412,0.156615744
3035,157,Ga West,2019,0,1076.924897,26.16412894,0.536358089,0.175697248,334719.9374,0.8064702,0.801050096,1.102243213,-0.678599386,-0.1593913,1.090128203,0.160123347
3036,157,Ga West,2020,0,935.9238683,25.66702675,0.513826396,0.178733729,341531.0983,0.811655658,0.8064702,0.469751746,-1.203746268,-0.320635496,1.125019429,0.170617843
3037,157,Ga West,2021,0,1015.698217,26.29938272,0.535279875,0.178733729,348569.2627,0.816624236,0.811655658,1.2743343,-0.906633185,-0.167107351,1.158400148,0.170617843
3038,157,Ga West,2022,1,1062.679355,24.94329561,0.509419695,0.186231335,355443.5708,0.821396383,0.816624236,-0.451092649,-0.73165575,-0.352171293,1.19038473,0.196530607
3039,157,Ga West,2023,0,1049.317901,25.91280864,0.499377388,0.190290365,362480.5107,0.825972613,0.821396383,0.782474063,-0.7814194,-0.424037347,1.221104817,0.210559175
3040,157,Ga West,2024,0,909.7369684,25.48839163,0.481687896,0.198998184,369570.7489,0.83038716,0.825972613,0.242464101,-1.30127725,-0.550629162,1.250563711,0.240654598
3041,158,Krachi West,2005,0,1210.334259,25.88858793,0.410861735,0.002650541,41308.46678,0.56889616,0.556741786,0.75165667,-0.181727053,-1.05748444,-0.482575217,-0.437949976
3042,158,Krachi West,2006,0,1201.265759,26.11940813,0.387889847,0.002650541,40898.57827,0.582903827,0.56889616,1.045342372,-0.215501942,-1.221878821,-0.404332991,-0.437949976
3043,158,Krachi West,2007,0,1508.762178,26.05239524,0.393392211,0.002650541,42959.70497,0.593850071,0.582903827,0.960078046,0.929743497,-1.182502093,-0.314160431,-0.437949976
3044,158,Krachi West,2008,0,1517.923084,25.94243374,0.393827814,0.002650541,43638.18925,0.600103565,0.593850071,0.820167763,0.963862548,-1.179384774,-0.243695393,-0.437949976
3045,158,Krachi West,2009,0,1370.637625,26.09956572,0.407809015,0.002650541,42717.98957,0.610793577,0.600103565,1.020095747,0.415309819,-1.079330708,-0.203439326,-0.437949976
3046,158,Krachi West,2010,0,1466.617299,26.35423084,0.37086073,0.002650541,44264.07309,0.621957019,0.610793577,1.344120693,0.772778321,-1.343744774,-0.134623742,-0.437949976
3047,158,Krachi West,2011,0,1317.577185,26.12394341,0.37739694,0.002650541,45181.64141,0.633692238,0.621957019,1.051112867,0.217690517,-1.296969508,-0.062760517,-0.437949976
3048,158,Krachi West,2012,0,1290.921562,25.87367479,0.385873898,0.002650541,46040.58994,0.645080237,0.633692238,0.732681825,0.118413813,-1.236305612,0.012783449,-0.437949976
3049,158,Krachi West,2013,0,1184.979137,25.82394341,0.39361736,0.002650541,48454.07662,0.656071956,0.645080237,0.669405761,-0.276160145,-1.180890852,0.086092232,-0.437949976
3050,158,Krachi West,2014,0,1383.6875,26.14087124,0.375268423,0.002650541,50016.44437,0.666637909,0.656071956,1.07265111,0.463913017,-1.312201879,0.156850015,-0.437949976
3051,158,Krachi West,2015,0,1042.528027,26.46940813,0.378907654,0.002650541,54229.32485,0.67667895,0.666637909,1.490667329,-0.806707737,-1.286158342,0.22486698,-0.437949976
3052,158,Krachi West,2016,0,1299.69332,26.55512625,0.377988297,0.002650541,55483.65606,0.68629553,0.67667895,1.599731385,0.151083515,-1.292737565,0.289504899,-0.437949976
3053,158,Krachi West,2017,0,1222.713467,26.03678367,0.383097422,0.002650541,56763.56547,0.695356475,0.68629553,0.940214557,-0.135621696,-1.25617499,0.351410397,-0.437949976
3054,158,Krachi West,2018,0,1401.747403,26.42918159,0.374615816,0.002650541,57980.38144,0.926200848,0.695356475,1.439484809,0.53117566,-1.316872147,0.409739069,-0.437949976
3055,158,Krachi West,2019,0,1776.998836,26.83348854,0.388596228,0.002650541,59164.41545,0.9282114,0.926200848,1.953907593,1.928769148,-1.216823727,1.89577012,-0.437949976
3056,158,Krachi West,2020,0,1075.433918,26.81381178,0.396088951,0.002650541,60353.3456,0.930134911,0.9282114,1.928871735,-0.684152415,-1.163203337,1.90871279,-0.437949976
3057,158,Krachi West,2021,0,1249.671383,26.79297547,0.381395844,0.002650541,61571.96476,0.931977972,0.930134911,1.9023605,-0.035219129,-1.268352038,1.921095147,-0.437949976
3058,158,Krachi West,2022,0,1321.329602,26.1571096,0.401594478,0.002650541,62775.73764,0.933748169,0.931977972,1.0933121,0.231666092,-1.123803981,1.932959617,-0.437949976
3059,158,Krachi West,2023,0,1486.39255,26.59282772,0.392467321,0.002650541,63998.02721,0.935445691,0.933748169,1.647701113,0.846429636,-1.18912091,1.94435503,-0.437949976
3060,158,Krachi West,2024,0,1102.405086,26.89432307,0.374103788,0.002650541,65230.50626,0.937083238,0.935445691,2.03131083,-0.583700492,-1.320536384,1.955282612,-0.437949976
3061,159,Krachi Nchumuru,2005,0,1204.61315,25.96908882,0.488013739,0.001028745,68392.57227,0.56889616,0.556741786,0.854082548,-0.203034858,-0.50535935,-0.482575217,-0.443555128
3062,159,Krachi Nchumuru,2006,0,1186.330067,26.18154712,0.476079238,0.001028745,72006.26998,0.582903827,0.56889616,1.124405355,-0.271128716,-0.590766564,-0.404332991,-0.443555128
3063,159,Krachi Nchumuru,2007,0,1442.391576,26.06955101,0.485824264,0.001028745,73553.21932,0.593850071,0.582903827,0.981906321,0.682551582,-0.52102795,-0.314160431,-0.443555128
3064,159,Krachi Nchumuru,2008,0,1472.292952,25.96755282,0.483651398,0.001028745,76436.51272,0.600103565,0.593850071,0.852128204,0.79391683,-0.536577693,-0.243695393,-0.443555128
3065,159,Krachi Nchumuru,2009,0,1382.221226,26.19621212,0.487307381,0.001028745,80917.2121,0.610793577,0.600103565,1.143064469,0.458451999,-0.510414282,-0.203439326,-0.443555128
3066,159,Krachi Nchumuru,2010,0,1414.637406,26.38625591,0.459055556,0.001028745,83542.21034,0.621957019,0.610793577,1.384868015,0.579183429,-0.712593619,-0.134623742,-0.443555128
3067,159,Krachi Nchumuru,2011,0,1287.790242,26.1647484,0.468076589,0.001028745,86672.73317,0.633692238,0.621957019,1.103031385,0.106751467,-0.64803615,-0.062760517,-0.443555128
3068,159,Krachi Nchumuru,2012,0,1264.279747,25.91172157,0.465369695,0.001028745,89714.16368,0.645080237,0.633692238,0.781090924,0.019188538,-0.667407569,0.012783449,-0.443555128
3069,159,Krachi Nchumuru,2013,0,1155.261607,25.86382054,0.481031344,0.001028745,91524.61566,0.651150004,0.645080237,0.720143714,-0.386840672,-0.555327666,0.086092232,-0.443555128
3070,159,Krachi Nchumuru,2014,0,1342.41764,26.18567209,0.46738561,0.001028745,94143.04547,0.66031414,0.651150004,1.129653784,0.310206774,-0.652981023,0.125165582,-0.443555128
3071,159,Krachi Nchumuru,2015,0,1034.175076,26.53201279,0.487134862,0.001028745,73620.72948,0.670545657,0.66031414,1.570322806,-0.837817622,-0.511648881,0.184158531,-0.443555128
3072,159,Krachi Nchumuru,2016,0,1288.883445,26.60440297,0.469163119,0.001028745,75319.71635,0.68034466,0.670545657,1.662428967,0.110823011,-0.640260583,0.250022609,-0.443555128
3073,159,Krachi Nchumuru,2017,0,1189.378301,26.10294343,0.46651189,0.001028745,77050.96235,0.689577488,0.68034466,1.024393389,-0.259775814,-0.659233645,0.313102434,-0.443555128
3074,159,Krachi Nchumuru,2018,0,1375.871768,26.45844801,0.484222571,0.001028745,78702.79332,0.931554096,0.689577488,1.476722146,0.434803959,-0.532490192,0.372537582,-0.443555128
3075,159,Krachi Nchumuru,2019,0,1556.975744,26.98999861,0.473874941,0.001028745,80317.74709,0.933418806,0.931554096,2.153044281,1.109311009,-0.606541231,1.930230968,-0.443555128
3076,159,Krachi Nchumuru,2020,0,1062.624826,26.9001112,0.474396906,0.001028745,81928.7387,0.93520279,0.933418806,2.038675408,-0.731858839,-0.602805883,1.942234802,-0.443555128
3077,159,Krachi Nchumuru,2021,0,1134.286002,26.8978072,0.470425483,0.001028745,83582.67,0.936912159,0.93520279,2.035743894,-0.464962608,-0.631226692,1.953718966,-0.443555128
3078,159,Krachi Nchumuru,2022,0,1311.193078,26.22245969,0.483413861,0.001028745,85203.9826,0.938553949,0.936912159,1.176460746,0.193913428,-0.538277588,1.96472281,-0.443555128
3079,159,Krachi Nchumuru,2023,0,1595.04747,26.64438073,0.478416871,0.001028745,86855.64645,0.940128336,0.938553949,1.71329495,1.251106062,-0.574037689,1.975291622,-0.443555128
3080,159,Krachi Nchumuru,2024,0,1127.036419,26.98080692,0.452871377,0.001028745,88520.00438,0.941647098,0.940128336,2.141349172,-0.491963091,-0.75684964,1.985426539,-0.443555128
3081,160,Agortime-Ziope,2005,0,1159.043202,25.14522926,0.61167107,0,16383.7932,0.574138849,0.571662021,-0.194160951,-0.372756429,0.379573142,-0.386528117,-0.447110612
3082,160,Agortime-Ziope,2006,0,1092.660482,25.50397562,0.615548716,0,17046.28089,0.575692789,0.574138849,0.262292493,-0.619993477,0.407322851,-0.370583855,-0.447110612
3083,160,Agortime-Ziope,2007,0,1362.832229,25.57899549,0.598650405,0,18622.7232,0.574911546,0.575692789,0.357744561,0.386239254,0.286392985,-0.360580569,-0.447110612
3084,160,Agortime-Ziope,2008,0,1394.553141,25.47899549,0.628453014,0,18854.09356,0.57682893,0.574911546,0.230508859,0.504381214,0.499670248,-0.365609719,-0.447110612
3085,160,Agortime-Ziope,2009,0,1147.245163,25.34285714,0.611401556,0,18614.02228,0.576817953,0.57682893,0.057292272,-0.416697266,0.37764441,-0.353266801,-0.447110612
3086,160,Agortime-Ziope,2010,0,1491.791678,25.88640339,0.627295349,0,20614.42415,0.577478232,0.576817953,0.748877158,0.866538248,0.491385619,-0.353337466,-0.447110612
3087,160,Agortime-Ziope,2011,0,1215.535118,25.58792738,0.620673368,0,21932.46774,0.578414322,0.577478232,0.369109107,-0.162356875,0.443996544,-0.349087003,-0.447110612
3088,160,Agortime-Ziope,2012,0,1280.956798,25.1748476,0.616707816,0,21670.71553,0.578259007,0.578414322,-0.156475848,0.081300861,0.415617748,-0.343061044,-0.447110612
3089,160,Agortime-Ziope,2013,0,1226.802014,25.18640339,0.617365087,0,22282.92811,0.591320152,0.578259007,-0.141772756,-0.120394234,0.420321402,-0.344060866,-0.447110612
3090,160,Agortime-Ziope,2014,0,1364.384045,25.46505433,0.599488996,0,22791.55195,0.603875371,0.591320152,0.212770725,0.392018865,0.292394215,-0.259981419,-0.447110612
3091,160,Agortime-Ziope,2015,0,1069.305857,25.97573549,0.598730144,0,36269.71253,0.615806854,0.603875371,0.862539478,-0.706975881,0.286963624,-0.179158806,-0.447110612
3092,160,Agortime-Ziope,2016,0,1152.242513,25.94215478,0.592173611,0,37112.95703,0.62723396,0.615806854,0.819812833,-0.398085044,0.240042921,-0.102351418,-0.447110612
3093,160,Agortime-Ziope,2017,0,1152.831434,25.44382454,0.612649453,0,37973.22263,0.638000822,0.62723396,0.185758852,-0.395891654,0.386574768,-0.028790887,-0.447110612
3094,160,Agortime-Ziope,2018,0,1176.431222,25.94667373,0.621896118,0,38792.13012,0.648038929,0.638000822,0.825562551,-0.30799616,0.452746943,0.040519405,-0.447110612
3095,160,Agortime-Ziope,2019,0,1180.024649,26.58943811,0.619037329,0,39593.68238,0.657627603,0.648038929,1.64338832,-0.294612733,0.43228851,0.105138436,-0.447110612
3096,160,Agortime-Ziope,2020,0,926.7222369,26.2351577,0.614971596,0,40390.24997,0.910158175,0.657627603,1.192617149,-1.238016996,0.403192787,0.166864292,-0.447110612
3097,160,Agortime-Ziope,2021,0,968.0471773,26.66126425,0.640123501,0,41209.831,0.912528228,0.910158175,1.734776805,-1.084105612,0.583188084,1.792497472,-0.447110612
3098,160,Agortime-Ziope,2022,0,1004.820567,25.35734164,0.611722485,0,42013.97489,0.914804583,0.912528228,0.075721721,-0.947146108,0.379941087,1.807754385,-0.447110612
3099,160,Agortime-Ziope,2023,0,1009.472568,26.30247813,0.627400653,0,42833.93087,0.916987483,0.914804583,1.278272777,-0.929820107,0.492139208,1.822408124,-0.447110612
3100,160,Agortime-Ziope,2024,0,1013.558707,26.06831434,0.602955565,0,43659.63353,0.919093258,0.916987483,0.980332828,-0.914601617,0.317202123,1.836460262,-0.447110612
3101,161,Adaklu,2005,0,1187.02571,25.42139586,0.624692282,0,28972.35499,0.585517852,0.571662021,0.157221556,-0.268537848,0.472757211,-0.386528117,-0.447110612
3102,161,Adaklu,2006,0,1097.611637,25.80117102,0.624356756,0,30619.09602,0.598985438,0.585517852,0.640431152,-0.601553302,0.470356077,-0.29733298,-0.447110612
3103,161,Adaklu,2007,0,1388.389612,25.8425419,0.610072921,0,31162.92396,0.611831571,0.598985438,0.693069676,0.481425651,0.368136261,-0.210637124,-0.447110612
3104,161,Adaklu,2008,0,1429.907047,25.73705111,0.640400329,0,32761.5436,0.624042344,0.611831571,0.558847731,0.636053966,0.585169156,-0.12794179,-0.447110612
3105,161,Adaklu,2009,0,1150.291558,25.61497346,0.633940203,0,36507.08249,0.635729089,0.624042344,0.403521374,-0.405351215,0.538938373,-0.049336508,-0.447110612
3106,161,Adaklu,2010,0,1510.859269,26.15746851,0.645984216,0,35521.13317,0.6469948,0.635729089,1.093768767,0.937553945,0.625129287,0.025895414,-0.447110612
3107,161,Adaklu,2011,0,1241.218591,25.84676798,0.637323904,0,38697.78017,0.657952796,0.6469948,0.698446765,-0.066700866,0.563153248,0.098416988,-0.447110612
3108,161,Adaklu,2012,0,1301.681795,25.46425523,0.637717565,0,38698.60975,0.668586567,0.657952796,0.211753981,0.158489427,0.56597042,0.168957678,-0.447110612
3109,161,Adaklu,2013,0,1239.926512,25.45746851,0.635169227,0,40803.6522,0.668981768,0.668586567,0.203118853,-0.071513109,0.547733672,0.237411221,-0.447110612
3110,161,Adaklu,2014,0,1381.601853,25.73679609,0.619037295,0,42936.8376,0.669786661,0.668981768,0.558523252,0.456145194,0.432288265,0.239955277,-0.447110612
3111,161,Adaklu,2015,0,1072.160404,26.24522223,0.627119646,0,37957.54754,0.676800603,0.669786661,1.20542283,-0.696344354,0.490128226,0.245136671,-0.447110612
3112,161,Adaklu,2016,0,1178.488602,26.2127303,0.611775222,0,38826.04018,0.685517055,0.676800603,1.164081491,-0.300333615,0.38031849,0.290288022,-0.447110612
3113,161,Adaklu,2017,0,1182.139586,25.7127303,0.629221319,0,39711.02108,0.694600485,0.685517055,0.527902981,-0.286735822,0.505168492,0.346399063,-0.447110612
3114,161,Adaklu,2018,0,1191.526803,26.22738108,0.631200276,0,40556.5874,0.90620398,0.694600485,1.182722508,-0.251773893,0.519330559,0.404872482,-0.447110612
3115,161,Adaklu,2019,0,1212.857604,26.86188196,0.637951543,0,41390.3428,0.908759317,0.90620398,1.990034163,-0.172329059,0.567644841,1.767042845,-0.447110612
3116,161,Adaklu,2020,0,938.3300718,26.50544395,0.627451311,0,42223.03147,0.91120403,0.908759317,1.536517754,-1.194784558,0.492501728,1.783492504,-0.447110612
3117,161,Adaklu,2021,0,993.2158843,26.93854481,0.657988298,0,43078.15514,0.913546493,0.91120403,2.087576678,-0.990366807,0.711034441,1.799230026,-0.447110612
3118,161,Adaklu,2022,0,1038.624336,25.61377121,0.631467736,0,43916.25599,0.915685432,0.913546493,0.401991685,-0.821246714,0.521244587,1.814309333,-0.447110612
3119,161,Adaklu,2023,0,1030.348184,26.56954304,0.645599134,0,44775.5056,0.917845762,0.915685432,1.618074687,-0.852070573,0.622373518,1.828078477,-0.447110612
3120,161,Adaklu,2024,0,1002.349329,26.32727178,0.615151265,0,45639.67713,0.919929766,0.917845762,1.309819147,-0.956350035,0.404478563,1.841985328,-0.447110612
3121,162,Akatsi South,2005,0,1044.950241,25.5974654,0.572265598,0.012854095,84412.1581,0.592027734,0.583637733,0.381244878,-0.797686396,0.097574636,-0.309436005,-0.402685084
3122,162,Akatsi South,2006,0,977.7285026,25.94331364,0.583394433,0.012854095,83660.30955,0.601534043,0.592027734,0.821287308,-1.048048302,0.177216233,-0.255426451,-0.402685084
3123,162,Akatsi South,2007,0,1224.391852,26.02928005,0.568292649,0.012854095,88036.59361,0.614298533,0.601534043,0.930667276,-0.129370688,0.069142911,-0.194230809,-0.402685084
3124,162,Akatsi South,2008,0,1282.273985,25.93448919,0.599680393,0.012854095,91207.19446,0.626273964,0.614298533,0.810059464,0.086206617,0.293763921,-0.112061036,-0.402685084
3125,162,Akatsi South,2009,0,1050.486861,25.78124708,0.571336116,0.012854095,93235.48263,0.633986515,0.626273964,0.615080792,-0.777065706,0.09092296,-0.034970736,-0.402685084
3126,162,Akatsi South,2010,0,1358.368838,26.31470222,0.588039999,0.012854095,96201.56329,0.638216986,0.633986515,1.293826183,0.369615718,0.210461431,0.014677817,-0.402685084
3127,162,Akatsi South,2011,0,1104.969212,26.02737521,0.576154967,0.012854095,97430.48985,0.645640259,0.638216986,0.928243645,-0.574150614,0.125408235,0.041910935,-0.402685084
3128,162,Akatsi South,2012,0,1153.632872,25.60810138,0.569265668,0.012854095,97866.91099,0.65665681,0.645640259,0.394777644,-0.392906763,0.07610615,0.089697301,-0.402685084
3129,162,Akatsi South,2013,0,1094.290002,25.63070285,0.570523801,0.012854095,101228.567,0.667290008,0.65665681,0.423534772,-0.613924465,0.085109765,0.160614939,-0.402685084
3130,162,Akatsi South,2014,0,1230.111336,25.91675478,0.581207559,0.012854095,105755.2926,0.674646683,0.667290008,0.787494961,-0.108068935,0.16156625,0.229064785,-0.402685084
3131,162,Akatsi South,2015,0,946.5574561,26.42833152,0.56798917,0.012854095,85914.93418,0.684446496,0.674646683,1.438403215,-1.164142334,0.066971111,0.276422439,-0.402685084
3132,162,Akatsi South,2016,0,1050.966724,26.38343959,0.567906271,0.012854095,87891.99008,0.693832045,0.684446496,1.381284653,-0.775278495,0.066377861,0.33950748,-0.402685084
3133,162,Akatsi South,2017,0,1071.858809,25.89120666,0.584396521,0.012854095,89907.20758,0.702675307,0.693832045,0.754988623,-0.69746762,0.184387507,0.399925744,-0.402685084
3134,162,Akatsi South,2018,0,1039.2051,26.40455606,0.603727431,0.012854095,91829.29681,0.922312594,0.702675307,1.408152338,-0.819083706,0.322725849,0.456853114,-0.402685084
3135,162,Akatsi South,2019,0,1170.060644,27.00154719,0.604676489,0.012854095,93709.82908,0.924429075,0.922312594,2.167738202,-0.331722861,0.32951762,1.870739982,-0.402685084
3136,162,Akatsi South,2020,0,966.2388431,26.39580936,0.579311192,0.012854095,95585.64872,0.926453931,0.924429075,1.397023418,-1.090840606,0.147995224,1.884364562,-0.402685084
3137,162,Akatsi South,2021,0,978.2649666,27.15940756,0.604787622,0.012854095,97513.67515,0.928394097,0.926453931,2.368592944,-1.046050286,0.330312925,1.897399308,-0.402685084
3138,162,Akatsi South,2022,0,1091.887576,25.64753538,0.59264732,0.012854095,99401.85043,0.93025756,0.928394097,0.44495176,-0.622872104,0.243432936,1.90988888,-0.402685084
3139,162,Akatsi South,2023,0,996.5944643,26.81181776,0.623251583,0.012854095,101326.0107,0.932044519,0.93025756,1.926334622,-0.97778356,0.462447098,1.921884683,-0.402685084
3140,162,Akatsi South,2024,0,1090.240865,26.40446276,0.565909025,0.012854095,103263.4611,0.933768344,0.932044519,1.40803363,-0.629005147,0.052084913,1.933388007,-0.402685084
3141,163,Akatsi North,2005,0,1060.47381,25.25268519,0.621764547,0.002358574,23034.0788,0.592027734,0.583637733,-0.057438651,-0.739870126,0.451805379,-0.309436005,-0.438959055
3142,163,Akatsi North,2006,0,1004.963492,25.5848545,0.631067156,0.002358574,27080.44934,0.601534043,0.592027734,0.365199305,-0.946613795,0.518377905,-0.255426451,-0.438959055
3143,163,Akatsi North,2007,0,1250.544709,25.68332011,0.602031116,0.002358574,26445.1008,0.614298533,0.601534043,0.490482713,-0.031966496,0.310586463,-0.194230809,-0.438959055
3144,163,Akatsi North,2008,0,1297.872487,25.59439153,0.625872255,0.002358574,26717.37068,0.626273964,0.614298533,0.377333821,0.144301969,0.481201491,-0.112061036,-0.438959055
3145,163,Akatsi North,2009,0,1079.656878,25.45162698,0.610136362,0.002358574,28506.45352,0.633986515,0.626273964,0.195686343,-0.668424344,0.368590268,-0.034970736,-0.438959055
3146,163,Akatsi North,2010,0,1391.420106,25.98293651,0.628127439,0.002358574,29230.4889,0.638216986,0.633986515,0.871701745,0.49271248,0.497340326,0.014677817,-0.438959055
3147,163,Akatsi North,2011,0,1119.117725,25.6844709,0.626664038,0.002358574,32109.56798,0.645640259,0.638216986,0.491946933,-0.521455625,0.486867746,0.041910935,-0.438959055
3148,163,Akatsi North,2012,0,1176.955026,25.25623016,0.62345758,0.002358574,35605.96491,0.65665681,0.645640259,-0.052928179,-0.306045292,0.463921277,0.089697301,-0.438959055
3149,163,Akatsi North,2013,0,1126.369577,25.29161376,0.623977036,0.002358574,36230.75023,0.667290008,0.65665681,-0.00790761,-0.494446692,0.467638679,0.160614939,-0.438959055
3150,163,Akatsi North,2014,0,1253.411905,25.58755291,0.627064928,0.002358574,36126.35586,0.673335638,0.667290008,0.368632649,-0.021287858,0.489736648,0.229064785,-0.438959055
3151,163,Akatsi North,2015,0,973.9074074,26.08898148,0.616731276,0.002358574,28961.23914,0.68317494,0.673335638,1.006628812,-1.062279661,0.415785641,0.267982752,-0.438959055
3152,163,Akatsi North,2016,0,1060.929894,26.03419312,0.606997388,0.002358574,29628.90457,0.692598309,0.68317494,0.936918458,-0.738171476,0.346126736,0.331322001,-0.438959055
3153,163,Akatsi North,2017,0,1077.889418,25.54871693,0.624852179,0.002358574,30307.5377,0.701477206,0.692598309,0.319219419,-0.675007106,0.47390149,0.391983727,-0.438959055
3154,163,Akatsi North,2018,0,1069.434656,26.04900794,0.639128046,0.002358574,30956.7819,0.922002221,0.701477206,0.955768191,-0.706496181,0.576064283,0.449140492,-0.438959055
3155,163,Akatsi North,2019,0,1142.583598,26.71732804,0.632288476,0.002358574,31590.1148,0.920435267,0.922002221,1.80610997,-0.434058887,0.527118071,1.868741996,-0.438959055
3156,163,Akatsi North,2020,0,916.2346561,26.17958995,0.620135047,0.002358574,32222.68398,0.978013728,0.920435267,1.121915129,-1.27707714,0.44014414,1.858654931,-0.438959055
3157,163,Akatsi North,2021,0,937.2664021,26.7996164,0.649579759,0.002358574,32870.25156,0.975152119,0.978013728,1.910810142,-1.198746109,0.650860178,2.229308891,-0.438959055
3158,163,Akatsi North,2022,0,1016.749471,25.33958995,0.621560579,0.002358574,33505.85816,0.971651657,0.975152119,0.053135232,-0.902717874,0.450345717,2.210887653,-0.438959055
3159,163,Akatsi North,2023,0,989.289418,26.47580688,0.660588598,0.002358574,34154.34122,0.971174301,0.971651657,1.498808821,-1.004990611,0.729643047,2.188353874,-0.438959055
3160,163,Akatsi North,2024,0,1052.856085,26.10003968,0.590822811,0.002358574,34808.1407,0.968832193,0.971174301,1.020698792,-0.768241724,0.230376147,2.185280958,-0.438959055
3161,164,Ho,2005,0,1307.289779,24.64602933,0.671225515,0.027529327,149870.4078,0.574138849,0.571662021,-0.829321492,0.179375911,0.805764318,-0.386528117,-0.351965456
3162,164,Ho,2006,0,1231.363095,25.02422329,0.67029456,0.027529327,155010.6945,0.575692789,0.574138849,-0.348123752,-0.103406859,0.799102102,-0.370583855,-0.351965456
3163,164,Ho,2007,0,1575.271196,25.01548345,0.660011661,0.027529327,165256.9617,0.574911546,0.575692789,-0.359243945,1.177450936,0.725514296,-0.360580569,-0.351965456
3164,164,Ho,2008,0,1583.842189,24.93082172,0.665986549,0.027529327,170369.8896,0.57682893,0.574911546,-0.466963892,1.209372904,0.768272557,-0.365609719,-0.351965456
3165,164,Ho,2009,0,1290.801974,24.82955139,0.667724654,0.027959473,170245.4438,0.576817953,0.57682893,-0.595815901,0.11796842,0.780711006,-0.353266801,-0.350478813
3166,164,Ho,2010,0,1658.014373,25.35581446,0.689261097,0.027959473,169503.5463,0.577478232,0.576817953,0.073778605,1.485621178,0.934832868,-0.353337466,-0.350478813
3167,164,Ho,2011,0,1384.228223,25.06904036,0.675293007,0.027959473,181755.5079,0.578414322,0.577478232,-0.291100434,0.465926896,0.834872626,-0.349087003,-0.350478813
3168,164,Ho,2012,0,1421.919861,24.69663182,0.665914181,0.027959473,188639.3585,0.578259007,0.578414322,-0.76493705,0.60630634,0.767754663,-0.343061044,-0.350478813
3169,164,Ho,2013,0,1361.798055,24.65707753,0.671655773,0.027959473,198386.1713,0.577690482,0.578259007,-0.815264238,0.382387555,0.808843385,-0.344060866,-0.350478813
3170,164,Ho,2014,0,1522.680604,24.95050813,0.646671747,0.027959473,205206.3556,0.575814846,0.577690482,-0.441915749,0.981581546,0.63004949,-0.347720677,-0.350478813
3171,164,Ho,2015,0,1182.222706,25.45265679,0.671020986,0.02924991,161547.1489,0.580309826,0.575814846,0.196996629,-0.286426247,0.804300643,-0.359794837,-0.346018882
3172,164,Ho,2016,0,1304.837398,25.41557782,0.638417751,0.02924991,165278.197,0.584129206,0.580309826,0.149818932,0.170242217,0.570981179,-0.330858985,-0.346018882
3173,164,Ho,2017,0,1300.694396,24.91557782,0.673886592,0.02924991,169074.0711,0.590619936,0.584129206,-0.486359578,0.154811941,0.82480786,-0.306272212,-0.346018882
3174,164,Ho,2018,0,1369.15694,25.42055749,0.671635386,0.02924991,172697.599,0.903694383,0.590619936,0.156154856,0.409795125,0.808697491,-0.26448897,-0.346018882
3175,164,Ho,2019,0,1365.488676,26.01099013,0.685142357,0.02924991,176224.4545,0.906318091,0.903694383,0.907395966,0.396132975,0.905357811,1.750887636,-0.346018882
3176,164,Ho,2020,0,1055.801829,25.74004791,0.676974515,0.02924991,179751.6712,0.905889242,0.906318091,0.562660732,-0.757270537,0.846906048,1.767777421,-0.346018882
3177,164,Ho,2021,1,1059.77439,26.14004791,0.695399869,0.02924991,183367.1197,0.90576906,0.905889242,1.07160354,-0.742475056,0.978763939,1.765016763,-0.346018882
3178,164,Ho,2022,0,1098.150261,24.9030633,0.674738831,0.02924991,186912.8752,0.908221314,0.90576906,-0.502282513,-0.599547241,0.830906762,1.764243106,-0.346018882
3179,164,Ho,2023,0,1188.536731,25.78713705,0.665729739,0.02924991,190518.3064,0.910572892,0.908221314,0.622574931,-0.262910176,0.766434742,1.780029177,-0.346018882
3180,164,Ho,2024,0,1058.138502,25.58713705,0.656722689,0.02924991,194152.5423,0.910904453,0.910572892,0.368103527,-0.74856779,0.701977328,1.79516716,-0.346018882
3181,165,Hohoe,2005,0,1438.310708,24.51162705,0.671391188,0.022358775,71852.70147,0.578841394,0.57581489,-1.000329169,0.66735272,0.806949926,-0.359794556,-0.369835599
3182,165,Hohoe,2006,0,1409.366087,24.84861554,0.688862337,0.022358775,77004.96371,0.581345432,0.578841394,-0.571559507,0.559550828,0.931979211,-0.340311824,-0.369835599
3183,165,Hohoe,2007,0,1776.784122,24.78055624,0.64536789,0.022358775,80519.3422,0.58382548,0.581345432,-0.658155234,1.927969462,0.620718658,-0.324192404,-0.369835599
3184,165,Hohoe,2008,0,1758.818427,24.71318304,0.663268339,0.022358775,87635.634,0.586858596,0.58382548,-0.743877989,1.861057691,0.748820155,-0.308227414,-0.369835599
3185,165,Hohoe,2009,0,1498.105366,24.6477334,0.676221586,0.022358775,91212.2376,0.586714341,0.586858596,-0.827153304,0.890053069,0.841517847,-0.288702112,-0.369835599
3186,165,Hohoe,2010,0,1834.680225,25.15049008,0.693579119,0.022358775,87053.20836,0.589920217,0.586714341,-0.187467316,2.143598799,0.965734052,-0.289630736,-0.369835599
3187,165,Hohoe,2011,0,1516.308258,24.86895369,0.692141682,0.022358775,95937.72925,0.593073583,0.589920217,-0.545682116,0.95784826,0.955447281,-0.268993321,-0.369835599
3188,165,Hohoe,2012,0,1548.09777,24.53821367,0.639462481,0.02308626,97475.0083,0.59653324,0.593073583,-0.966501495,1.076245717,0.578457609,-0.248693933,-0.367321308
3189,165,Hohoe,2013,0,1545.35555,24.47050968,0.691490975,0.02308626,106500.7867,0.60902844,0.59653324,-1.052645148,1.066032541,0.950790606,-0.226422837,-0.367321308
3190,165,Hohoe,2014,0,1711.875766,24.80519481,0.666920232,0.02308626,111929.2606,0.621039635,0.60902844,-0.626806178,1.686223562,0.774954299,-0.14598659,-0.367321308
3191,165,Hohoe,2015,0,1301.359226,25.26960304,0.678015203,0.02308626,105069.272,0.632454121,0.621039635,-0.035913102,0.157288045,0.854353558,-0.068666058,-0.367321308
3192,165,Hohoe,2016,0,1451.184269,25.24574859,0.650173645,0.02308626,107493.7775,0.643386085,0.632454121,-0.066264476,0.715299251,0.655110219,0.00481323,-0.367321308
3193,165,Hohoe,2017,0,1448.873805,24.74574859,0.689956674,0.02308626,109964.4709,0.653686414,0.643386085,-0.702442986,0.706694118,0.93981065,0.075186349,-0.367321308
3194,165,Hohoe,2018,0,1567.597403,25.26674835,0.679325631,0.02308626,112321.6746,1,0.653686414,-0.03954529,1.148870515,0.863731409,0.141493393,-0.367321308
3195,165,Hohoe,2019,0,1614.22274,25.72418525,0.677424884,0.02308626,114626.7844,0.995403849,1,0.542477764,1.322522796,0.850129042,2.370842699,-0.367321308
3196,165,Hohoe,2020,0,1248.26072,25.42039941,0.688137007,0.02308626,116926.2897,0.98898497,0.995403849,0.155953722,-0.040473026,0.926788509,2.341255569,-0.367321308
3197,165,Hohoe,2021,0,1168.088214,25.87340113,0.685700317,0.02308626,119287.3634,0.98501831,0.98898497,0.732333635,-0.339069017,0.909350757,2.299934855,-0.367321308
3198,165,Hohoe,2022,0,1318.057339,24.76726293,0.692730184,0.02308626,121601.878,0.982352715,0.98501831,-0.675069071,0.219478812,0.959658799,2.27439999,-0.367321308
3199,165,Hohoe,2023,0,1405.421465,25.56223965,0.648622078,0.02308626,123960.2867,0.981303237,0.982352715,0.336425141,0.544859406,0.644006696,2.257240563,-0.367321308
3200,165,Hohoe,2024,0,1100.422445,25.38439108,0.678577797,0.023813774,126335.8608,0.979301916,0.981303237,0.110138269,-0.591084675,0.858379666,2.250484685,-0.36480692
3201,166,Ho West,2005,0,1316.572235,24.75486134,0.671168795,0.001971103,89457.95007,0.574138849,0.571662021,-0.690848313,0.213947663,0.805358414,-0.386528117,-0.440298207
3202,166,Ho West,2006,0,1214.094653,25.15499834,0.668235386,0.001971103,93070.06247,0.575692789,0.574138849,-0.181731195,-0.16772177,0.784365976,-0.370583855,-0.440298207
3203,166,Ho West,2007,0,1569.120641,25.12253404,0.651330982,0.001971103,90970.2435,0.574911546,0.575692789,-0.223037372,1.154543692,0.663392505,-0.360580569,-0.440298207
3204,166,Ho West,2008,0,1597.815842,25.01994769,0.666379037,0.001971103,95488.84103,0.57682893,0.574911546,-0.353563835,1.261416638,0.771081331,-0.365609719,-0.440298207
3205,166,Ho West,2009,0,1269.461392,24.92913069,0.662147227,0.001971103,104613.0651,0.576817953,0.57682893,-0.469115488,0.038487152,0.740797104,-0.353266801,-0.440298207
3206,166,Ho West,2010,0,1653.685736,25.46340501,0.682296722,0.001971103,115459.8752,0.577478232,0.576817953,0.210672203,1.46949952,0.884993513,-0.353337466,-0.440298207
3207,166,Ho West,2011,0,1379.502159,25.16665975,0.677259856,0.001971103,111174.85,0.578414322,0.577478232,-0.166893721,0.448325054,0.848948047,-0.349087003,-0.440298207
3208,166,Ho West,2012,0,1418.785121,24.81742361,0.682306166,0.001971103,117791.7746,0.578259007,0.578414322,-0.611246768,0.594631257,0.885061095,-0.343061044,-0.440298207
3209,166,Ho West,2013,0,1355.408253,24.76210561,0.684648816,0.001971103,118860.9487,0.577572368,0.578259007,-0.681631014,0.358589258,0.901825874,-0.344060866,-0.440298207
3210,166,Ho West,2014,0,1517.059615,25.05873049,0.668770858,0.001971103,122593.2464,0.586975216,0.577572368,-0.304218272,0.960646628,0.788197986,-0.34848102,-0.440298207
3211,166,Ho West,2015,0,1164.7319,25.55391066,0.680151799,0.001971103,77778.66908,0.59941574,0.586975216,0.325827697,-0.351569335,0.869643741,-0.287951389,-0.440298207
3212,166,Ho West,2016,0,1313.457406,25.52159997,0.647814183,0.001971103,79565.81684,0.611330369,0.59941574,0.284716959,0.202346736,0.638225135,-0.207867111,-0.440298207
3213,166,Ho West,2017,0,1319.085271,25.02159997,0.67676757,0.001971103,81392.04173,0.622556585,0.611330369,-0.351461551,0.22330726,0.845425083,-0.131168214,-0.440298207
3214,166,Ho West,2018,0,1351.551644,25.54071322,0.672614942,0.001971103,83132.36834,0.987536334,0.622556585,0.309035838,0.344225631,0.815707517,-0.058900886,-0.440298207
3215,166,Ho West,2019,0,1353.834523,26.14355696,0.687807665,0.001971103,84844.8721,0.987875889,0.987536334,1.076068302,0.35272803,0.924431633,2.290609448,-0.440298207
3216,166,Ho West,2020,0,1059.358104,25.88672783,0.695083396,0.001971103,86542.74326,0.988200743,0.987875889,0.74928996,-0.744025482,0.976499155,2.292795288,-0.440298207
3217,166,Ho West,2021,0,1070.666141,26.25946945,0.708197608,0.001971103,88293.3639,0.988512011,0.988200743,1.22355037,-0.701909616,1.070348762,2.294886498,-0.440298207
3218,166,Ho West,2022,0,1136.152773,25.00089671,0.691093106,0.001971103,90006.96959,0.988810973,0.988512011,-0.377803483,-0.458009971,0.947943328,2.296890245,-0.440298207
3219,166,Ho West,2023,0,1206.776071,25.89202092,0.68394494,0.001971103,91754.18161,0.989097661,0.988810973,0.756024663,-0.194979233,0.896788706,2.298814774,-0.440298207
3220,166,Ho West,2024,0,1065.220276,25.6979907,0.67765558,0.001971103,93512.00296,0.989374221,0.989097661,0.509148947,-0.722192298,0.851779973,2.300660293,-0.440298207
3221,167,Afadjato South,2005,0,1367.032005,24.71708182,0.663233276,0.001783726,84079.02131,0.578841394,0.57581489,-0.738917348,0.401880978,0.748569233,-0.359794556,-0.440945808
3222,167,Afadjato South,2006,0,1311.552838,25.0861564,0.674434204,0.001783726,86191.5213,0.581345432,0.578841394,-0.269322719,0.195253327,0.828726753,-0.340311824,-0.440945808
3223,167,Afadjato South,2007,0,1684.375604,25.0006567,0.651052357,0.001783726,92230.29653,0.58382548,0.581345432,-0.37810886,1.583801442,0.661398572,-0.324192404,-0.440945808
3224,167,Afadjato South,2008,0,1676.910477,24.93268418,0.659469403,0.001783726,94923.15902,0.586858596,0.58382548,-0.464594178,1.555998184,0.721633721,-0.308227414,-0.440945808
3225,167,Afadjato South,2009,0,1387.530042,24.86324728,0.661939808,0.001783726,98603.96485,0.586714341,0.586858596,-0.552942701,0.478224254,0.739312745,-0.288702112,-0.440945808
3226,167,Afadjato South,2010,0,1731.938708,25.37930254,0.686619063,0.001783726,113406.7311,0.589920217,0.586714341,0.103663824,1.76094636,0.915925606,-0.289630736,-0.440945808
3227,167,Afadjato South,2011,0,1449.169233,25.10120018,0.676203736,0.001783726,114418.5339,0.593073583,0.589920217,-0.25018166,0.707794415,0.841390102,-0.268993321,-0.440945808
3228,167,Afadjato South,2012,0,1469.681914,24.75749547,0.644328287,0.001783726,123792.9006,0.59653324,0.593073583,-0.687496761,0.78419223,0.613278918,-0.248693933,-0.440945808
3229,167,Afadjato South,2013,0,1436.974034,24.6796875,0.687970853,0.001783726,127296.7222,0.598876354,0.59653324,-0.786496279,0.662374385,0.925599461,-0.226422837,-0.440945808
3230,167,Afadjato South,2014,0,1605.668025,25.00558575,0.668192214,0.001783726,135016.0242,0.602512453,0.598876354,-0.371837354,1.290661458,0.784057018,-0.211339337,-0.440945808
3231,167,Afadjato South,2015,0,1218.337862,25.49762228,0.674404592,0.001783726,68539.21802,0.614484987,0.602512453,0.254208784,-0.151918281,0.828514838,-0.187932419,-0.440945808
3232,167,Afadjato South,2016,0,1377.65157,25.4631718,0.650828776,0.001783726,70118.70187,0.62595141,0.614484987,0.21037547,0.441432686,0.659798552,-0.110860765,-0.440945808
3233,167,Afadjato South,2017,0,1379.67346,24.9631718,0.686821695,0.001783726,71732.20764,0.636755316,0.62595141,-0.42580304,0.448963052,0.917375706,-0.03704714,-0.440945808
3234,167,Afadjato South,2018,0,1471.234752,25.4729846,0.682855263,0.001783726,73270.16529,1,0.636755316,0.222860857,0.789975649,0.888990617,0.032501623,-0.440945808
3235,167,Afadjato South,2019,0,1500.341184,25.97869112,0.673930042,0.001783726,74777.48234,1,1,0.8663001,0.898380189,0.825118802,2.370842699,-0.440945808
3236,167,Afadjato South,2020,0,1175.555707,25.69794686,0.686157194,0.001783726,76276.41647,1,1,0.509093166,-0.311256946,0.912620318,2.370842699,-0.440945808
3237,167,Afadjato South,2021,0,1118.284873,26.12759662,0.691705419,0.001783726,77819.58113,1,1,1.055761052,-0.524557514,0.952325237,2.370842699,-0.440945808
3238,167,Afadjato South,2022,0,1210.247283,24.93503925,0.684092071,0.001783726,79330.6962,1,1,-0.461597685,-0.182050988,0.897841624,2.370842699,-0.440945808
3239,167,Afadjato South,2023,0,1312.598128,25.80830314,0.668681296,0.001783726,80869.93254,1,1,0.649505754,0.199146424,0.787557051,2.370842699,-0.440945808
3240,167,Afadjato South,2024,1,1076.822011,25.56926329,0.680967729,0.001783726,82418.13856,1,1,0.345361716,-0.678982578,0.875482803,2.370842699,-0.440945808
3241,168,North Dayi,2005,0,1276.137262,25.30344951,0.42357707,0.008526954,39587.54592,0.605042776,0.594825427,0.0071517,0.063350889,-0.966489329,-0.237416665,-0.417640281
3242,168,North Dayi,2006,0,1199.706791,25.68162954,0.442251088,0.008526954,40505.02224,0.612642845,0.605042776,0.488331705,-0.221308192,-0.832851918,-0.171643785,-0.417640281
3243,168,North Dayi,2007,0,1563.391484,25.54993712,0.413860953,0.008526954,41687.28884,0.621055438,0.612642845,0.320771932,1.133205912,-1.036021049,-0.122719317,-0.417640281
3244,168,North Dayi,2008,0,1566.151455,25.4823931,0.427964755,0.008526954,43814.27468,0.628719082,0.621055438,0.234831828,1.143485201,-0.935089609,-0.06856433,-0.417640281
3245,168,North Dayi,2009,0,1267.448796,25.43407294,0.437002044,0.008526954,45109.1467,0.636290776,0.628719082,0.173351335,0.030991404,-0.870415804,-0.019230605,-0.417640281
3246,168,North Dayi,2010,0,1583.35627,25.9377111,0.433987745,0.008526954,50028.1434,0.63919973,0.636290776,0.814158884,1.207563137,-0.891987117,0.029511203,-0.417640281
3247,168,North Dayi,2011,0,1344.612289,25.67879087,0.456200518,0.008526954,49296.31127,0.643613335,0.63919973,0.484719912,0.318380567,-0.733025213,0.048237226,-0.417640281
3248,168,North Dayi,2012,0,1363.923823,25.3379267,0.444410274,0.008526954,48099.62089,0.648633969,0.643613335,0.051018986,0.390304808,-0.817400075,0.076649242,-0.417640281
3249,168,North Dayi,2013,0,1318.911067,25.24853575,0.448587319,0.008526954,49588.77706,0.646614646,0.648633969,-0.062718211,0.222658453,-0.787507766,0.108968925,-0.417640281
3250,168,North Dayi,2014,0,1467.977183,25.59529285,0.43220837,0.008526954,50068.939,0.652554157,0.646614646,0.378480615,0.777843096,-0.904720904,0.095969792,-0.417640281
3251,168,North Dayi,2015,0,1109.38322,26.08162954,0.450731684,0.008526954,34606.1564,0.663019408,0.652554157,0.997274513,-0.557711,-0.772161985,0.134204633,-0.417640281
3252,168,North Dayi,2016,0,1284.32447,26.01659181,0.416465297,0.008526954,35404.5632,0.673042265,0.663019408,0.914523302,0.093843481,-1.017383511,0.201573349,-0.417640281
3253,168,North Dayi,2017,0,1292.054078,25.51659181,0.432141543,0.008526954,36215.22472,0.682486014,0.673042265,0.278344792,0.122631779,-0.905199141,0.266094206,-0.417640281
3254,168,North Dayi,2018,0,1351.374057,26.03356091,0.432507602,0.008526954,36990.01975,0.691290563,0.682486014,0.936114053,0.343564222,-0.902579504,0.326887126,-0.417640281
3255,168,North Dayi,2019,0,1431.589112,26.54116062,0.447404185,0.008526954,37744.81169,0.699700908,0.691290563,1.581962111,0.642318683,-0.795974662,0.383565283,-0.417640281
3256,168,North Dayi,2020,0,1135.548688,26.25003593,0.437477955,0.008526954,38501.50551,0.707747153,0.699700908,1.211547573,-0.460259836,-0.867010026,0.4377058,-0.417640281
3257,168,North Dayi,2021,0,1032.519763,26.70170679,0.483066955,0.008526954,39275.50166,0.715456867,0.707747153,1.786234161,-0.843982703,-0.540760165,0.489502471,-0.417640281
3258,168,North Dayi,2022,0,1136.296443,25.49807761,0.453512307,0.008526954,40034.59282,0.722861781,0.715456867,0.254788128,-0.457474886,-0.752262935,0.539132767,-0.417640281
3259,168,North Dayi,2023,0,1227.864894,26.31031261,0.461688133,0.008526954,40809.75379,0.729962691,0.722861781,1.28824103,-0.116435625,-0.693754039,0.586800952,-0.417640281
3260,168,North Dayi,2024,0,1032.989041,26.11365433,0.453452037,0.008526954,41592.4869,0.736812718,0.729962691,1.038021484,-0.842234916,-0.752694246,0.63251215,-0.417640281
3261,169,Kpando,2005,0,1282.546056,25.40798041,0.498077773,0.0157005,45039.40832,0.605042776,0.594825427,0.140152322,0.087219923,-0.433337817,-0.237416665,-0.392847516
3262,169,Kpando,2006,0,1235.262308,25.7567099,0.537574527,0.0157005,46363.91283,0.612642845,0.605042776,0.583860732,-0.088884557,-0.150686066,-0.171643785,-0.392847516
3263,169,Kpando,2007,0,1595.165696,25.64422975,0.499703962,0.0157005,46942.29141,0.621055438,0.612642845,0.440745826,1.251546385,-0.421700274,-0.122719317,-0.392847516
3264,169,Kpando,2008,0,1583.761514,25.56803864,0.524947879,0.0157005,47213.67147,0.628719082,0.621055438,0.343803537,1.209072435,-0.241046506,-0.06856433,-0.392847516
3265,169,Kpando,2009,0,1310.715458,25.51503441,0.513808789,0.0157005,48121.33277,0.636290776,0.628719082,0.276363226,0.192134572,-0.320761493,-0.019230605,-0.392847516
3266,169,Kpando,2010,0,1600.959238,26.03869772,0.519871842,0.0157005,45113.59097,0.63919973,0.636290776,0.94264992,1.27312396,-0.277372297,0.029511203,-0.392847516
3267,169,Kpando,2011,0,1361.809423,25.74277395,0.505513243,0.0157005,47876.89454,0.643613335,0.63919973,0.566129235,0.382429896,-0.380127147,0.048237226,-0.392847516
3268,169,Kpando,2012,0,1366.861567,25.43565379,0.491087314,0.0157005,50982.76154,0.648633969,0.643613335,0.175362731,0.401246196,-0.483363836,0.076649242,-0.392847516
3269,169,Kpando,2013,0,1340.907888,25.34085495,0.529851127,0.0157005,51662.00495,0.655122633,0.648633969,0.054744767,0.304583825,-0.205957256,0.108968925,-0.392847516
3270,169,Kpando,2014,0,1495.046585,25.68530969,0.51579132,0.0157005,53362.4242,0.662562559,0.655122633,0.493014171,0.878660888,-0.306573855,0.150738867,-0.392847516
3271,169,Kpando,2015,0,1118.831657,26.1615405,0.541975214,0.0157005,54515.51514,0.672578944,0.662562559,1.098949786,-0.522521062,-0.119193305,0.198632439,-0.392847516
3272,169,Kpando,2016,0,1300.181313,26.10706723,0.515083218,0.0157005,55775.48866,0.682317471,0.672578944,1.029640343,0.152901004,-0.311641263,0.263111636,-0.392847516
3273,169,Kpando,2017,0,1302.183695,25.60706723,0.530140287,0.0157005,57059.0087,0.691493317,0.682317471,0.393461833,0.160358714,-0.203887933,0.325802152,-0.392847516
3274,169,Kpando,2018,0,1385.456326,26.13385389,0.525446929,0.0157005,58281.80422,0.918917469,0.691493317,1.063722537,0.470500866,-0.237475145,0.384870485,-0.392847516
3275,169,Kpando,2019,0,1494.791159,26.60430122,0.521238992,0.0157005,59477.28574,0.915824033,0.918917469,1.662299496,0.877709574,-0.26758852,1.848884302,-0.392847516
3276,169,Kpando,2020,0,1161.938327,26.27758073,0.517146316,0.0157005,60670.30151,0.912630223,0.915824033,1.246594391,-0.36197377,-0.296877059,1.828970702,-0.392847516
3277,169,Kpando,2021,0,1073.905241,26.75348068,0.552325597,0.0157005,61896.59293,0.909654483,0.912630223,1.852109029,-0.689845851,-0.045122565,1.808410962,-0.392847516
3278,169,Kpando,2022,0,1211.634198,25.58602435,0.534631757,0.0157005,63100.31768,0.90934138,0.909654483,0.366687777,-0.176885534,-0.171745495,1.789255017,-0.392847516
3279,169,Kpando,2023,0,1260.812864,26.38697724,0.520909411,0.0157005,64325.96558,0.909329631,0.90934138,1.385785803,0.006276413,-0.269947113,1.787239457,-0.392847516
3280,169,Kpando,2024,0,1013.426416,26.18602435,0.508253334,0.0157005,65561.00326,0.904703539,0.909329631,1.130101989,-0.915094322,-0.36051816,1.787163825,-0.392847516
3281,170,North Tongu,2005,0,1171.065315,25.78035754,0.551244196,0.001365209,76167.07158,0.585894981,0.576098728,0.613948971,-0.327981044,-0.052861426,-0.357967386,-0.442392263
3282,170,North Tongu,2006,0,1036.646369,26.19432731,0.557955603,0.001365209,77668.12073,0.597755195,0.585894981,1.14066632,-0.828613492,-0.004832388,-0.294905261,-0.442392263
3283,170,North Tongu,2007,0,1340.261924,26.2154331,0.548249055,0.001365209,77241.21466,0.610640737,0.597755195,1.167520416,0.302177986,-0.074295639,-0.218556658,-0.442392263
3284,170,North Tongu,2008,0,1420.501806,26.08602654,0.569082479,0.001365209,78529.79523,0.62288897,0.610640737,1.00286907,0.601024911,0.074795188,-0.135607629,-0.442392263
3285,170,North Tongu,2009,0,1078.299742,25.97856616,0.525303734,0.001365209,78265.46573,0.634611568,0.62288897,0.866141106,-0.673478888,-0.238499896,-0.0567612,-0.442392263
3286,170,North Tongu,2010,0,1454.153483,26.51151493,0.556119847,0.001365209,82908.06547,0.645911841,0.634611568,1.544242209,0.726357849,-0.017969661,0.018701521,-0.442392263
3287,170,North Tongu,2011,0,1199.479469,26.18824548,0.570531126,0.001365209,84436.34908,0.656903454,0.645911841,1.132928063,-0.222154835,0.085162183,0.091445579,-0.442392263
3288,170,North Tongu,2012,0,1260.590269,25.85432731,0.559296374,0.001365209,83708.75224,0.667569848,0.656903454,0.708064933,0.005447377,0.004762605,0.162202676,-0.442392263
3289,170,North Tongu,2013,0,1186.232289,25.81338739,0.542183694,0.001365209,85815.29208,0.675293686,0.667569848,0.65597474,-0.271492882,-0.117701351,0.230866222,-0.442392263
3290,170,North Tongu,2014,0,1320.670475,26.09102838,0.566953075,0.001365209,87453.10065,0.685269121,0.675293686,1.0092332,0.229211227,0.059556478,0.28058744,-0.442392263
3291,170,North Tongu,2015,0,1012.081828,26.58141172,0.542231476,0.00158353,102819.7013,0.69474898,0.685269121,1.633175885,-0.92010213,-0.117359411,0.344803018,-0.441637713
3292,170,North Tongu,2016,0,1169.639808,26.56456321,0.553267096,0.00158353,105188.2061,0.703828101,0.69474898,1.611738568,-0.333290228,-0.038384884,0.4058284,-0.441637713
3293,170,North Tongu,2017,0,1190.161887,26.08647623,0.571629285,0.00158353,107609.8125,0.709258675,0.703828101,1.003441232,-0.256857412,0.093020972,0.464274073,-0.441637713
3294,170,North Tongu,2018,0,1128.074014,26.60010321,0.564281762,0.00158353,109912.9417,0.901804765,0.709258675,1.656958127,-0.488098654,0.040439682,0.499232699,-0.441637713
3295,170,North Tongu,2019,1,1174.608257,27.23451898,0.582812781,0.00158353,112166.9234,0.904479953,0.901804765,2.464161493,-0.314785646,0.173053742,1.738723467,-0.441637713
3296,170,North Tongu,2020,0,901.7561371,26.84207519,0.580632993,0.00158353,114411.8416,0.907039327,0.904479953,1.964832883,-1.331001208,0.157454463,1.755944647,-0.441637713
3297,170,North Tongu,2021,0,1038.124143,27.31534464,0.592462149,0.00158353,116720.0827,0.909491657,0.907039327,2.567000582,-0.823109644,0.242107791,1.772420289,-0.441637713
3298,170,North Tongu,2022,0,1102.552377,25.9454073,0.581672731,0.00158353,118974.9511,0.911847034,0.909491657,0.823951192,-0.583151917,0.164895172,1.788206844,-0.441637713
3299,170,North Tongu,2023,0,1033.480428,26.9100516,0.583891559,0.00158353,121277.778,0.914105713,0.911847034,2.051323146,-0.840404785,0.180773833,1.803369285,-0.441637713
3300,170,North Tongu,2024,0,965.537265,26.69706229,0.556068002,0.00158353,123598.1728,0.916284591,0.914105713,1.780324701,-1.093453576,-0.018340685,1.817909242,-0.441637713
3301,171,Central Tongu,2005,0,1113.326426,25.73436542,0.560097518,0.005069495,60827.25832,0.585894981,0.576098728,0.555430577,-0.54302485,0.010495854,-0.357967386,-0.429589736
3302,171,Central Tongu,2006,0,1017.735377,26.11345187,0.577087548,0.005069495,61210.69581,0.597755195,0.585894981,1.037763883,-0.899045947,0.132082092,-0.294905261,-0.429589736
3303,171,Central Tongu,2007,0,1288.378296,26.17497241,0.545208006,0.005069495,63720.48802,0.610640737,0.597755195,1.116039973,0.108941625,-0.096058386,-0.218556658,-0.429589736
3304,171,Central Tongu,2008,0,1354.853219,26.06413857,0.584746844,0.005069495,64324.14603,0.62288897,0.610640737,0.975019753,0.356522079,0.186894534,-0.135607629,-0.429589736
3305,171,Central Tongu,2009,0,1074.294911,25.92686695,0.540916315,0.005069495,66461.21443,0.634611568,0.62288897,0.800361253,-0.688394555,-0.126771131,-0.0567612,-0.429589736
3306,171,Central Tongu,2010,0,1422.984549,26.46796444,0.576486688,0.005069495,64211.15105,0.645911841,0.634611568,1.488830438,0.610271686,0.127782143,0.018701521,-0.429589736
3307,171,Central Tongu,2011,0,1164.884243,26.16438994,0.567762269,0.005069495,64866.33377,0.656903454,0.645911841,1.1025753,-0.351001946,0.065347337,0.091445579,-0.429589736
3308,171,Central Tongu,2012,0,1219.260454,25.7688596,0.553323864,0.005069495,67356.796,0.667569848,0.656903454,0.599319483,-0.148482164,-0.037978638,0.162202676,-0.429589736
3309,171,Central Tongu,2013,0,1151.839117,25.76796444,0.562205736,0.005069495,67295.8571,0.677865073,0.667569848,0.598180524,-0.399587457,0.025582956,0.230866222,-0.429589736
3310,171,Central Tongu,2014,0,1291.953771,26.05543225,0.578428614,0.005069495,67684.97961,0.687761511,0.677865073,0.963942212,0.122258192,0.141679203,0.297140415,-0.429589736
3311,171,Central Tongu,2015,0,992.4900061,26.56380135,0.547046671,0.005069495,73455.75737,0.697166299,0.687761511,1.610769204,-0.993070281,-0.082900293,0.360847462,-0.429589736
3312,171,Central Tongu,2016,1,1114.987492,26.5319252,0.565906522,0.005069495,75151.36951,0.70617352,0.697166299,1.570211361,-0.536838341,0.052066997,0.421389577,-0.429589736
3313,171,Central Tongu,2017,0,1129.903004,26.03964439,0.576943112,0.005069495,76874.65561,0.714660316,0.70617352,0.943854417,-0.481286728,0.131048461,0.479372412,-0.429589736
3314,171,Central Tongu,2018,0,1092.676517,26.54934396,0.579525252,0.005069495,78519.7827,0.722572683,0.714660316,1.592374244,-0.619933755,0.149527108,0.534005068,-0.429589736
3315,171,Central Tongu,2019,0,1165.56076,27.17981606,0.584299639,0.005069495,80126.02315,0.730130792,0.722572683,2.39455985,-0.348482312,0.183694186,0.584939919,-0.429589736
3316,171,Central Tongu,2020,0,911.7038627,26.65381974,0.552932336,0.005069495,81729.4362,0.736457896,0.730130792,1.725304739,-1.293951712,-0.040780539,0.633594273,-0.429589736
3317,171,Central Tongu,2021,0,1017.919436,27.28430411,0.601159024,0.005069495,83375.56072,0.743410212,0.736457896,2.527505947,-0.898360435,0.304345483,0.674324194,-0.429589736
3318,171,Central Tongu,2022,0,1095.475659,25.81502759,0.585714101,0.005069495,84989.49693,0.750087672,0.743410212,0.658061656,-0.609508579,0.193816543,0.719078839,-0.429589736
3319,171,Central Tongu,2023,0,989.7023912,26.91440221,0.593252254,0.005069495,86629.0746,0.756490993,0.750087672,2.056858667,-1.003452526,0.247762045,0.762064131,-0.429589736
3320,171,Central Tongu,2024,1,1015.101165,26.58256898,0.567002254,0.005069495,88281.8334,0.762668077,0.756490993,1.634648326,-0.908856856,0.059908416,0.803284689,-0.429589736
3321,172,Nsawam-Adoagyiri,2005,0,1230.164122,24.74501431,0.66433268,0.043769819,63106.20161,0.6174551,0.604666907,-0.70337725,-0.107872337,0.756436929,-0.174063395,-0.295836072
3322,172,Nsawam-Adoagyiri,2006,0,1010.909351,25.17953244,0.67436646,0.043769819,61066.92031,0.629884963,0.6174551,-0.150515057,-0.924468926,0.82824195,-0.091741044,-0.295836072
3323,172,Nsawam-Adoagyiri,2007,0,1418.326336,25.11767653,0.659580496,0.043769819,61439.63885,0.641741258,0.629884963,-0.229217866,0.592922549,0.722428733,-0.011725396,-0.295836072
3324,172,Nsawam-Adoagyiri,2008,0,1509.737118,25.05534351,0.673312203,0.043769819,61287.22354,0.653011149,0.641741258,-0.308527715,0.933374585,0.820697346,0.064597984,-0.295836072
3325,172,Nsawam-Adoagyiri,2009,0,1060.098282,24.99169847,0.614717262,0.043769819,61155.84938,0.663797391,0.653011149,-0.389506926,-0.741268746,0.401372691,0.137146464,-0.295836072
3326,172,Nsawam-Adoagyiri,2010,0,1459.482347,25.59169847,0.66362814,0.043769819,62224.25688,0.674195042,0.663797391,0.373907286,0.746204771,0.751395007,0.206581513,-0.295836072
3327,172,Nsawam-Adoagyiri,2011,0,1206.420324,25.14169847,0.626302178,0.043769819,64600.16017,0.684308686,0.674195042,-0.198653373,-0.196304183,0.48427816,0.273515054,-0.295836072
3328,172,Nsawam-Adoagyiri,2012,0,1291.444179,24.85932729,0.629287608,0.043769819,62557.04168,0.69412309,0.684308686,-0.557930331,0.12036026,0.505642876,0.338620347,-0.295836072
3329,172,Nsawam-Adoagyiri,2013,0,1127.042939,24.77793416,0.635226806,0.043769819,61573.43172,0.703595973,0.69412309,-0.661491451,-0.491938809,0.548145726,0.401799313,-0.295836072
3330,172,Nsawam-Adoagyiri,2014,0,1307.880725,25.14501431,0.651131897,0.043769819,64276.8828,0.712701921,0.703595973,-0.194434442,0.18157684,0.661967789,0.462779778,-0.295836072
3331,172,Nsawam-Adoagyiri,2015,0,1034.062023,25.54169847,0.610582024,0.043769819,140351.9846,0.72135549,0.712701921,0.310289435,-0.83823868,0.371779572,0.521398152,-0.295836072
3332,172,Nsawam-Adoagyiri,2016,0,1244.240935,25.51917939,0.588522237,0.045181738,143581.1865,0.724408903,0.72135549,0.28163712,-0.05544439,0.213912489,0.577104395,-0.290956286
3333,172,Nsawam-Adoagyiri,2017,0,1300.490458,25.15031011,0.601038463,0.048005608,146874.6032,0.732368993,0.724408903,-0.187696291,0.15405239,0.303482716,0.596760349,-0.281196601
3334,172,Nsawam-Adoagyiri,2018,0,1141.46708,25.53540076,0.622246043,0.048005608,150018.3783,0.739790305,0.732368993,0.302276499,-0.438217267,0.455251121,0.648002408,-0.281196601
3335,172,Nsawam-Adoagyiri,2019,0,1138.71708,26.18747615,0.620435024,0.048005608,153095.419,0.746879344,0.739790305,1.131949189,-0.448459418,0.442290875,0.695776153,-0.281196601
3336,172,Nsawam-Adoagyiri,2020,0,992.7304389,25.71550573,0.619186348,0.048005608,156165.4957,0.926997462,0.746879344,0.531434312,-0.992174808,0.433354941,0.741410933,-0.281196601
3337,172,Nsawam-Adoagyiri,2021,0,1081.28626,26.29048187,0.641165029,0.049417614,159315.9628,0.92892329,0.926997462,1.263009246,-0.662355846,0.5906416,1.90089822,-0.276316512
3338,172,Nsawam-Adoagyiri,2022,0,1115.795324,24.93392176,0.61112396,0.049417614,162397.7098,0.930772981,0.92892329,-0.463019539,-0.533829636,0.375657845,1.91329549,-0.276316512
3339,172,Nsawam-Adoagyiri,2023,1,1128.851145,25.83187023,0.576385245,0.05365348,165542.6152,0.932546734,0.930772981,0.679491505,-0.485204292,0.127056181,1.92520264,-0.261676775
3340,172,Nsawam-Adoagyiri,2024,0,947.7924618,25.46927481,0.5779206,0.059954673,168709.4307,0.934257819,0.932546734,0.218140677,-1.159542655,0.138043688,1.93662095,-0.239898981
3341,173,Ga Central,2005,0,1041.637755,24.95153061,0.416611013,0.809023554,82101.11104,0.340457046,0.332427226,-0.440614786,-0.810023481,-1.016340722,-1.926571438,2.348986539
3342,173,Ga Central,2006,0,867.9183673,25.37227891,0.411954088,0.809023554,88824.62973,0.348643442,0.340457046,0.094727266,-1.457027233,-1.049667203,-1.874880497,2.348986539
3343,173,Ga Central,2007,0,1183.62585,25.3005102,0.413150508,0.809023554,88825.51816,0.361060019,0.348643442,0.003411847,-0.281200351,-1.041105229,-1.822181624,2.348986539
3344,173,Ga Central,2008,0,1284.602041,25.25153061,0.434212326,0.809023554,90353.75642,0.373786976,0.361060019,-0.05890768,0.094877271,-0.890379941,-1.742251501,2.348986539
3345,173,Ga Central,2009,0,904.5697279,25.19081633,0.392264809,0.817951793,98346.82651,0.374241844,0.373786976,-0.136157928,-1.320522217,-1.190570154,-1.660323346,2.379843769
3346,173,Ga Central,2010,0,1239.537415,25.76122449,0.41569746,0.817951793,94116.6674,0.375009427,0.374241844,0.589604903,-0.072962269,-1.022878404,-1.657395195,2.379843769
3347,173,Ga Central,2011,0,1020.566327,25.34081633,0.398586034,0.817951793,100982.8305,0.378883766,0.375009427,0.054695625,-0.888502306,-1.145333389,-1.652453976,2.379843769
3348,173,Ga Central,2012,0,1091.590136,25.04209184,0.357033516,0.817951793,97317.07495,0.383612736,0.378883766,-0.325388577,-0.623979895,-1.442696862,-1.627513418,2.379843769
3349,173,Ga Central,2013,0,964.1564626,24.92193878,0.365327969,0.817951793,101803.0021,0.402701996,0.383612736,-0.478266168,-1.098596263,-1.383339032,-1.597071277,2.379843769
3350,173,Ga Central,2014,0,1093.77551,25.34081633,0.378276768,0.817951793,104412.0571,0.42105183,0.402701996,0.054695625,-0.615840646,-1.290673172,-1.474186612,2.379843769
3351,173,Ga Central,2015,0,871.5493197,25.70578231,0.363560813,0.822999911,259306.705,0.430871838,0.42105183,0.51906266,-1.443504046,-1.395985384,-1.35606191,2.397290761
3352,173,Ga Central,2016,0,1059.435374,25.71122449,0.336633652,0.822999911,265381.0897,0.429119697,0.430871838,0.525987052,-0.743737694,-1.588684992,-1.292846869,2.397290761
3353,173,Ga Central,2017,0,1123.137755,25.31122449,0.344849665,0.822999911,271619.6792,0.431753499,0.429119697,0.017044244,-0.506483349,-1.529888506,-1.304126053,2.397290761
3354,173,Ga Central,2018,0,955.585034,25.74081633,0.341671856,0.828186378,277581.0457,0.441871975,0.431753499,0.563638433,-1.130519853,-1.552629948,-1.287171287,2.415215908
3355,173,Ga Central,2019,0,983.5170068,26.07840136,0.353125059,0.828186378,283441.299,0.45286856,0.441871975,0.993167121,-1.026489488,-1.470667063,-1.222034899,2.415215908
3356,173,Ga Central,2020,0,839.0969388,25.48265306,0.322872694,0.828225968,289330.9358,0.701945397,0.45286856,0.23516259,-1.564370304,-1.687162928,-1.151245793,2.415352734
3357,173,Ga Central,2021,0,933.292517,26.29540816,0.330052236,0.833274047,295371.4712,0.703406109,0.701945397,1.26927725,-1.213546522,-1.635783765,0.452154409,2.432799596
3358,173,Ga Central,2022,0,978.4183673,24.94234694,0.315800347,0.84101426,301254.6675,0.71112463,0.703406109,-0.452299698,-1.045478957,-1.737774968,0.461557553,2.459550838
3359,173,Ga Central,2023,0,961.7278912,26.10153061,0.336642748,0.84101426,307283.2067,0.714411849,0.71112463,1.022595787,-1.10764128,-1.588619897,0.511244545,2.459550838
3360,173,Ga Central,2024,0,863.6479592,25.60153061,0.310863209,0.84101426,313373.0302,0.721656354,0.714411849,0.386417277,-1.472932022,-1.773106752,0.532405599,2.459550838
3361,174,Akwapim South,2005,0,1230.259755,23.81306206,0.70472748,0.006613647,51505.25518,0.6174551,0.604666907,-1.889153243,-0.107516161,1.045515389,-0.174063395,-0.424252936
3362,174,Akwapim South,2006,0,1019.280193,24.25397622,0.722455494,0.006613647,54380.13889,0.629884963,0.6174551,-1.328153018,-0.893292405,1.172382879,-0.091741044,-0.424252936
3363,174,Akwapim South,2007,0,1431.068004,24.21306206,0.71160699,0.006613647,54676.96911,0.641741258,0.629884963,-1.380210435,0.640377858,1.094747423,-0.011725396,-0.424252936
3364,174,Akwapim South,2008,0,1514.654404,24.12136752,0.729464051,0.006613647,55110.75094,0.653011149,0.641741258,-1.496878623,0.951688614,1.22253842,0.064597984,-0.424252936
3365,174,Akwapim South,2009,0,1064.622074,24.05397622,0.658852286,0.006613647,55378.9263,0.663797391,0.653011149,-1.582624422,-0.724420253,0.717217424,0.137146464,-0.424252936
3366,174,Akwapim South,2010,0,1467.212932,24.65206243,0.729162746,0.006613647,55434.69577,0.674195042,0.663797391,-0.82164523,0.774996706,1.220382177,0.206581513,-0.424252936
3367,174,Akwapim South,2011,0,1224.914158,24.21291342,0.709975658,0.006613647,54211.63921,0.684308686,0.674195042,-1.380399562,-0.1274254,1.083073075,0.273515054,-0.424252936
3368,174,Akwapim South,2012,0,1278.444073,23.90862133,0.691581552,0.006613647,57647.85231,0.69412309,0.684308686,-1.767567733,0.071942419,0.951438811,0.338620347,-0.424252936
3369,174,Akwapim South,2013,0,1119.980305,23.84721293,0.70413247,0.006613647,59428.75034,0.700962837,0.69412309,-1.845701139,-0.518243017,1.041257304,0.401799313,-0.424252936
3370,174,Akwapim South,2014,0,1320.885173,24.20663322,0.721387653,0.006613647,57560.9676,0.710143532,0.700962837,-1.38839021,0.23001085,1.164741056,0.445829303,-0.424252936
3371,174,Akwapim South,2015,0,1038.619101,24.60854701,0.690810476,0.006613647,53865.90632,0.718874161,0.710143532,-0.877012382,-0.821266214,0.945920732,0.504928852,-0.424252936
3372,174,Akwapim South,2016,0,1243.692679,24.59723151,0.676277817,0.006613647,55074.26058,0.727235723,0.718874161,-0.891409733,-0.057486324,0.841920251,0.56113116,-0.424252936
3373,174,Akwapim South,2017,0,1294.19175,24.21256039,0.702647074,0.006613647,56293.47806,0.735114164,0.727235723,-1.380848741,0.130593365,1.030627322,0.614957643,-0.424252936
3374,174,Akwapim South,2018,0,1156.559272,24.62021553,0.717129552,0.006613647,57463.40055,0.742459354,0.735114164,-0.862165853,-0.382007625,1.13426869,0.665674096,-0.424252936
3375,174,Akwapim South,2019,0,1195.862505,25.26386102,0.690835214,0.006613647,58604.02777,0.749475679,0.742459354,-0.043219002,-0.235625925,0.946097769,0.712957812,-0.424252936
3376,174,Akwapim South,2020,0,987.3128948,24.80157934,0.689915336,0.006613647,59742.54749,0.927746271,0.749475679,-0.631406342,-1.012352011,0.939514815,0.758124503,-0.424252936
3377,174,Akwapim South,2021,0,1145.657748,25.32601263,0.724079961,0.006613647,60897.82546,0.929652345,0.927746271,0.035860044,-0.422609464,1.184008101,1.905718581,-0.424252936
3378,174,Akwapim South,2022,0,1125.782609,23.98630621,0.697874937,0.006613647,62004.03402,0.931483063,0.929652345,-1.668724836,-0.496632807,0.996476337,1.917988689,-0.424252936
3379,174,Akwapim South,2023,0,1140.856559,24.90488666,0.663879599,0.006613647,63136.72073,0.933238623,0.931483063,-0.499962547,-0.440491103,0.753194526,1.929773704,-0.424252936
3380,174,Akwapim South,2024,0,950.2850242,24.56880342,0.661095157,0.006613647,64271.70361,0.934932156,0.933238623,-0.927580418,-1.150259309,0.73326815,1.941074892,-0.424252936
3381,175,Denkyembour,2005,0,1712.145103,24.39032969,0.670647,0.025032184,86272.25426,0.564850932,0.561397557,-1.154662718,1.687226685,0.801624273,-0.452604288,-0.360595926
3382,175,Denkyembour,2006,0,1408.010734,24.77538815,0.717120208,0.025032184,86780.49145,0.565991678,0.564850932,-0.66473088,0.554502928,1.134201822,-0.430373632,-0.360595926
3383,175,Denkyembour,2007,0,2043.236726,24.68295956,0.691657654,0.025032184,83403.9972,0.570701311,0.565991678,-0.782333056,2.92035055,0.951983419,-0.423030222,-0.360595926
3384,175,Denkyembour,2008,0,2062.39563,24.59019551,0.714360466,0.025032184,89047.05649,0.574691831,0.570701311,-0.900362034,2.99170633,1.114452199,-0.392712568,-0.360595926
3385,175,Denkyembour,2009,0,1466.522906,24.58241326,0.635326281,0.025032184,82817.64529,0.565236252,0.574691831,-0.910263835,0.77242676,0.548857601,-0.367024107,-0.360595926
3386,175,Denkyembour,2010,0,1983.101399,25.18241326,0.731253703,0.025032184,94773.356,0.556166559,0.565236252,-0.146849623,2.696381409,1.235345758,-0.427893182,-0.360595926
3387,175,Denkyembour,2011,0,1609.414798,24.77309757,0.659858322,0.025032184,87473.04668,0.547999349,0.556166559,-0.667645326,1.304616007,0.724416952,-0.486278166,-0.360595926
3388,175,Denkyembour,2012,0,1867.471727,24.57284838,0.686372549,0.025032184,86659.59836,0.541036646,0.547999349,-0.922433783,2.265728084,0.914161472,-0.538853532,-0.360595926
3389,175,Denkyembour,2013,0,1660.843013,24.4647211,0.684495443,0.025032184,88867.07366,0.554078277,0.541036646,-1.060010282,1.496156219,0.900728282,-0.583675041,-0.360595926
3390,175,Denkyembour,2014,0,1784.972973,24.79898409,0.704266964,0.025032184,88339.03761,0.567777618,0.554078277,-0.634708424,1.958468174,1.042219781,-0.499721218,-0.360595926
3391,175,Denkyembour,2015,0,1432.039678,25.16671459,0.677120995,0.025032184,71209.60591,0.580796384,0.567777618,-0.166823946,0.643996778,0.847954311,-0.411533462,-0.360595926
3392,175,Denkyembour,2016,0,1745.917002,25.17030861,0.68415682,0.025032184,72854.46204,0.593264811,0.580796384,-0.16225107,1.813007382,0.898304989,-0.327726827,-0.360595926
3393,175,Denkyembour,2017,0,1784.340617,24.8253594,0.680827856,0.025032184,74531.09139,0.605012828,0.593264811,-0.601149612,1.956113017,0.874481825,-0.247462926,-0.360595926
3394,175,Denkyembour,2018,0,1609.505271,25.1882212,0.705828315,0.025032184,76129.95858,0.615965681,0.605012828,-0.139459856,1.304952968,1.053393326,-0.171836578,-0.360595926
3395,175,Denkyembour,2019,0,1471.93847,25.88958214,0.722160259,0.025032184,77695.98523,0.626428144,0.615965681,0.752921654,0.79259659,1.170270084,-0.10132899,-0.360595926
3396,175,Denkyembour,2020,0,1282.596703,25.67032777,0.699924542,0.025032184,79256.23021,0.892258126,0.626428144,0.473951829,0.087408553,1.011143983,-0.033978226,-0.360595926
3397,175,Denkyembour,2021,0,1423.010351,25.95985241,0.709397533,0.025032184,80858.20387,0.895100388,0.892258126,0.842330526,0.610367782,1.078935818,1.677268202,-0.360595926
3398,175,Denkyembour,2022,0,1495.271995,24.71075331,0.670203323,0.025032184,82428.74716,0.897830282,0.895100388,-0.746969482,0.879500409,0.798449175,1.695564896,-0.360595926
3399,175,Denkyembour,2023,0,1770.077247,25.4591336,0.663478219,0.025598117,84030.1347,0.900448102,0.897830282,0.205237441,1.902990254,0.750322122,1.713138239,-0.358639984
3400,175,Denkyembour,2024,0,1326.076289,25.19674142,0.640718116,0.026729974,85642.09232,0.902973431,0.900448102,-0.128619091,0.24934474,0.587443349,1.72999012,-0.35472813
3401,176,Kwaebibirem,2005,0,1659.497095,24.2221934,0.665519644,0.014670552,101807.3836,0.618647035,0.605898688,-1.368592107,1.491143456,0.764931232,-0.166133964,-0.396407158
3402,176,Kwaebibirem,2006,0,1386.80027,24.6128813,0.728982481,0.014670552,102874.9084,0.631038169,0.618647035,-0.871497612,0.475506275,1.219092146,-0.084068113,-0.396407158
3403,176,Kwaebibirem,2007,0,2010.354742,24.53332123,0.713677285,0.014670552,107830.2847,0.642857522,0.631038169,-0.972726432,2.797884269,1.109563133,-0.004301778,-0.396407158
3404,176,Kwaebibirem,2008,0,2003.768728,24.46759701,0.721823838,0.014670552,103771.4948,0.654092299,0.642857522,-1.0563511,2.773355196,1.167862543,0.071783792,-0.396407158
3405,176,Kwaebibirem,2009,0,1454.193401,24.40878294,0.655947163,0.014670552,111144.5558,0.664844933,0.654092299,-1.131183594,0.72650652,0.696427408,0.144106225,-0.396407158
3406,176,Kwaebibirem,2010,0,1910.782424,25.00597116,0.713172999,0.014670552,101010.2339,0.675210186,0.664844933,-0.371346979,2.427035257,1.1059543,0.213324928,-0.396407158
3407,176,Kwaebibirem,2011,0,1585.469288,24.62912949,0.67103551,0.014670552,109664.0881,0.685292319,0.675210186,-0.850824121,1.215432901,0.804404581,0.280049918,-0.396407158
3408,176,Kwaebibirem,2012,0,1812.854327,24.42754202,0.691788689,0.014670552,111584.8551,0.695076143,0.685292319,-1.107315349,2.062310012,0.952921146,0.344952355,-0.396407158
3409,176,Kwaebibirem,2013,0,1630.654078,24.30398423,0.703883531,0.014670552,110989.8056,0.70451951,0.695076143,-1.264524973,1.38371998,1.039475809,0.407934468,-0.396407158
3410,176,Kwaebibirem,2014,0,1744.068375,24.63002698,0.680506953,0.014977798,112944.0347,0.713597085,0.70451951,-0.849682194,1.806122321,0.872185338,0.46872493,-0.395345274
3411,176,Kwaebibirem,2015,0,1399.622847,25.02749533,0.69454571,0.015285036,111681.5626,0.722223692,0.713597085,-0.343960543,0.523262923,0.972651298,0.52716066,-0.394283417
3412,176,Kwaebibirem,2016,0,1703.586325,25.00791139,0.670696832,0.015285036,114260.4115,0.730485628,0.722223692,-0.368878305,1.655350213,0.801980887,0.582693334,-0.394283417
3413,176,Kwaebibirem,2017,0,1730.804524,24.64644117,0.675019428,0.015285036,116887.5953,0.737353542,0.730485628,-0.82879748,1.756722184,0.83291481,0.63587849,-0.394283417
3414,176,Kwaebibirem,2018,0,1591.890952,25.01928305,0.717135629,0.015285036,119394.8237,0.744636634,0.737353542,-0.354409501,1.239349868,1.134312177,0.680089801,-0.394283417
3415,176,Kwaebibirem,2019,0,1506.039531,25.74600021,0.727568254,0.015592272,121841.3919,0.751593642,0.744636634,0.57023418,0.919603221,1.208971468,0.726973775,-0.393221568
3416,176,Kwaebibirem,2020,0,1263.893858,25.55270803,0.722148183,0.01589952,124285.016,0.928357113,0.751593642,0.324297522,0.017751324,1.170183664,0.771758621,-0.392159675
3417,176,Kwaebibirem,2021,0,1397.839074,25.75341357,0.733297,0.01589952,126792.5229,0.930247072,0.928357113,0.579666626,0.516619407,1.249968259,1.909650798,-0.392159675
3418,176,Kwaebibirem,2022,0,1473.726914,24.54720378,0.678841459,0.01589952,129248.9415,0.932062314,0.930247072,-0.955062874,0.799257504,0.860266518,1.921817172,-0.392159675
3419,176,Kwaebibirem,2023,0,1780.383275,25.22626582,0.676788037,0.016206758,131752.0956,0.933803031,0.932062314,-0.091053513,1.941374215,0.845571557,1.933502555,-0.391097818
3420,176,Kwaebibirem,2024,0,1286.440755,25.04733866,0.645021591,0.016206758,134274.3833,0.935482248,0.933803031,-0.318712745,0.101725414,0.618240425,1.944708202,-0.391097818
3421,177,Afram Plains South,2005,0,1293.550922,25.37873044,0.5298294,0.000557457,104940.8612,0.599891842,0.58918264,0.102935914,0.128206653,-0.206112743,-0.273741378,-0.445183965
3422,177,Afram Plains South,2006,0,1199.0196,25.69488762,0.561092929,0.000557457,109234.5738,0.609443592,0.599891842,0.505200716,-0.22386758,0.017619343,-0.204802263,-0.445183965
3423,177,Afram Plains South,2007,0,1605.856536,25.55476959,0.539335387,0.000557457,113947.3277,0.621954707,0.609443592,0.326920557,1.29136355,-0.138084772,-0.1433141,-0.445183965
3424,177,Afram Plains South,2008,0,1588.42281,25.49945556,0.542276793,0.000557457,118735.9681,0.633004235,0.621954707,0.256541364,1.226433054,-0.117035106,-0.062775398,-0.445183965
3425,177,Afram Plains South,2009,0,1276.22829,25.49825106,0.526714574,0.000557457,126854.6678,0.642238456,0.633004235,0.255008816,0.063689914,-0.228403458,0.008354521,-0.445183965
3426,177,Afram Plains South,2010,0,1525.134457,25.97558074,0.532437567,0.000557457,130711.1047,0.649891119,0.642238456,0.862342581,0.990720723,-0.18744784,0.067798632,-0.445183965
3427,177,Afram Plains South,2011,0,1351.911518,25.67030032,0.54230563,0.000557457,136297.0569,0.654164585,0.649891119,0.473916894,0.345565953,-0.116828742,0.117061669,-0.445183965
3428,177,Afram Plains South,2012,0,1408.493305,25.40926628,0.529953092,0.000557457,140900.0613,0.658763511,0.654164585,0.141788403,0.556300225,-0.205227559,0.14457156,-0.445183965
3429,177,Afram Plains South,2013,1,1300.875302,25.33766602,0.546784716,0.000557457,151759.9997,0.659184227,0.658763511,0.050687312,0.155485712,-0.084774924,0.174176555,-0.445183965
3430,177,Afram Plains South,2014,0,1432.253052,25.6773942,0.543228458,0.000557457,157830.9305,0.66025978,0.659184227,0.482942849,0.64479147,-0.11022468,0.17688486,-0.445183965
3431,177,Afram Plains South,2015,0,1121.592085,26.09474646,0.547491788,0.000557457,66692.65712,0.670492934,0.66025978,1.013963929,-0.512240073,-0.079714886,0.183808592,-0.445183965
3432,177,Afram Plains South,2016,0,1344.258187,26.0422017,0.531786389,0.000557457,68235.50909,0.680293505,0.670492934,0.947108228,0.317061742,-0.192107886,0.249683211,-0.445183965
3433,177,Afram Plains South,2017,0,1318.03998,25.55829166,0.547064953,0.000557457,69807.55624,0.689527811,0.680293505,0.331401892,0.219414158,-0.082769462,0.31277313,-0.445183965
3434,177,Afram Plains South,2018,0,1370.616282,26.07921573,0.554007425,0.000557457,71306.14946,0.698137094,0.689527811,0.994203294,0.415230328,-0.033086846,0.37221779,-0.445183965
3435,177,Afram Plains South,2019,0,1473.846319,26.67655536,0.555179676,0.000557457,72771.23822,0.706360915,0.698137094,1.754232559,0.799702218,-0.024697833,0.427638944,-0.445183965
3436,177,Afram Plains South,2020,0,1170.67519,26.55583562,0.545484276,0.000557457,74229.61172,0.91531154,0.706360915,1.600633951,-0.329434035,-0.094081306,0.480578737,-0.445183965
3437,177,Afram Plains South,2021,0,1062.549417,26.55349788,0.546616148,0.000557457,75729.83698,0.917545646,0.91531154,1.597659507,-0.732139696,-0.085981259,1.825671596,-0.445183965
3438,177,Afram Plains South,2022,0,1185.20342,25.6830927,0.541766308,0.000557457,77201.47133,0.919691427,0.917545646,0.490193376,-0.275324821,-0.120688307,1.840053366,-0.445183965
3439,177,Afram Plains South,2023,0,1327.396596,26.1107477,0.554256037,0.000557457,78696.20156,0.921749115,0.919691427,1.034323215,0.254262117,-0.031307696,1.85386656,-0.445183965
3440,177,Afram Plains South,2024,0,1012.907673,26.43220546,0.544556839,0.000557457,80201.6145,0.923734103,0.921749115,1.443332255,-0.917026338,-0.100718345,1.867112662,-0.445183965
3441,178,Kwahu North,2005,0,1277.012514,25.5598354,0.356704362,0.00010536,69407.31949,0.599891842,0.58918264,0.333366075,0.066610695,-1.4450524,-0.273741378,-0.446746475
3442,178,Kwahu North,2006,0,1200.256826,25.89593821,0.389484196,0.00010536,73696.21873,0.609443592,0.599891842,0.761008852,-0.219259633,-1.210469136,-0.204802263,-0.446746475
3443,178,Kwahu North,2007,0,1573.327361,25.76792164,0.379979089,0.00010536,77396.23138,0.621954707,0.609443592,0.598126074,1.170211278,-1.278490803,-0.1433141,-0.446746475
3444,178,Kwahu North,2008,0,1568.429394,25.68904117,0.371618412,0.00010536,81625.88159,0.633004235,0.621954707,0.497761948,1.1519692,-1.338322557,-0.062775398,-0.446746475
3445,178,Kwahu North,2009,0,1268.912294,25.66513439,0.365260561,0.00010536,83478.11405,0.642238456,0.633004235,0.467343984,0.036442082,-1.383821429,0.008354521,-0.446746475
3446,178,Kwahu North,2010,0,1554.350789,26.17116752,0.357925356,0.00010536,89714.08357,0.649891119,0.642238456,1.111198795,1.099534579,-1.436314559,0.067798632,-0.446746475
3447,178,Kwahu North,2011,0,1340.328889,25.87647718,0.36906801,0.00010536,94729.54478,0.654164585,0.649891119,0.736247467,0.302427393,-1.35657407,0.117061669,-0.446746475
3448,178,Kwahu North,2012,0,1371.733113,25.57052403,0.353101032,0.00010536,101400.2957,0.658763511,0.654164585,0.346965838,0.419389873,-1.470839008,0.14457156,-0.446746475
3449,178,Kwahu North,2013,0,1307.307274,25.50243885,0.36461265,0.00010536,102473.024,0.669331465,0.658763511,0.260337179,0.179441068,-1.388458088,0.174176555,-0.446746475
3450,178,Kwahu North,2014,0,1451.695712,25.84078498,0.355738375,0.00010536,108314.7608,0.679490067,0.669331465,0.690834255,0.717204082,-1.451965319,0.242206403,-0.446746475
3451,178,Kwahu North,2015,0,1107.429892,26.29469923,0.407535046,0.00010536,61712.9181,0.689143995,0.679490067,1.268375236,-0.56498601,-1.081291323,0.307601101,-0.446746475
3452,178,Kwahu North,2016,0,1300.816233,26.24146935,0.352086997,0.00010536,63137.27071,0.698389825,0.689143995,1.200647828,0.155265713,-1.478095776,0.369747024,-0.446746475
3453,178,Kwahu North,2017,0,1296.312642,25.73683696,0.380974808,0.00010536,64588.90393,0.707101442,0.698389825,0.558575258,0.138492455,-1.271365112,0.42926587,-0.446746475
3454,178,Kwahu North,2018,0,1352.92072,26.26781854,0.371135266,0.00010536,65974.07649,0.715223414,0.707101442,1.234173404,0.349324642,-1.341780109,0.485345789,-0.446746475
3455,178,Kwahu North,2019,0,1511.055034,26.72690735,0.374033731,0.00010536,67329.30296,0.722981743,0.715223414,1.818298272,0.938283055,-1.321037736,0.537629944,-0.446746475
3456,178,Kwahu North,2020,0,1163.758852,26.49592755,0.395525034,0.00010536,68680.65108,0.730404199,0.722981743,1.524409493,-0.355193371,-1.167238911,0.58757319,-0.446746475
3457,178,Kwahu North,2021,0,1019.024104,26.7431634,0.393373366,0.00010536,70068.45606,0.737516214,0.730404199,1.838981763,-0.894246188,-1.182636959,0.635354299,-0.446746475
3458,178,Kwahu North,2022,0,1118.75999,25.75256506,0.37868818,0.00010536,71428.14927,0.744347058,0.737516214,0.578587016,-0.52278798,-1.287728973,0.681136981,-0.446746475
3459,178,Kwahu North,2023,0,1206.042307,26.45382359,0.375714056,0.00010536,72813.83499,0.750897467,0.744347058,1.470838233,-0.19771208,-1.309012784,0.725109667,-0.446746475
3460,178,Kwahu North,2024,0,1016.062393,26.44909521,0.371592925,0.00010536,74209.63473,0.757216442,0.750897467,1.464822039,-0.905276839,-1.338504947,0.767277082,-0.446746475
3461,179,Suhum,2005,0,1465.487929,24.13350743,0.728251709,0.016507341,84872.01986,0.610353757,0.597328171,-1.481432327,0.768572074,1.213862502,-0.221305566,-0.390058962
3462,179,Suhum,2006,0,1210.482823,24.54611188,0.747233728,0.016507341,82877.21583,0.62301436,0.610353757,-0.95645215,-0.181173738,1.349704062,-0.13745503,-0.390058962
3463,179,Suhum,2007,0,1722.354921,24.51388115,0.732969681,0.016507341,82996.69413,0.635090749,0.62301436,-0.99746115,1.725252325,1.24762586,-0.055954018,-0.390058962
3464,179,Suhum,2008,0,1786.79689,24.44224698,0.745494047,0.016507341,87389.45874,0.646569848,0.635090749,-1.088605388,1.965261203,1.337254335,0.021786185,-0.390058962
3465,179,Suhum,2009,0,1274.394615,24.37090297,0.703335312,0.016507341,82195.14859,0.657556319,0.646569848,-1.179380442,0.056860541,1.03555258,0.095681413,-0.390058962
3466,179,Suhum,2010,0,1733.870474,24.97090297,0.741781713,0.018570829,79704.33985,0.668146986,0.657556319,-0.415966229,1.768141065,1.310687654,0.166405414,-0.382927261
3467,179,Suhum,2011,0,1436.492108,24.53990251,0.73362489,0.018570829,81186.4886,0.678448375,0.668146986,-0.964352696,0.660579491,1.252314746,0.234581472,-0.382927261
3468,179,Suhum,2012,0,1559.343779,24.27974698,0.717098085,0.019258662,81330.5599,0.688444968,0.678448375,-1.295363404,1.118130564,1.134043504,0.300895341,-0.380550015
3469,179,Suhum,2013,0,1365.503714,24.22689183,0.724180974,0.019258662,82609.3642,0.698093699,0.688444968,-1.362614029,0.396188983,1.184730984,0.365247126,-0.380550015
3470,179,Suhum,2014,0,1578.587279,24.53350743,0.742257718,0.019258662,80477.91686,0.707368685,0.698093699,-0.972489519,1.189801419,1.314094105,0.427359597,-0.380550015
3471,179,Suhum,2015,0,1246.513463,24.93990251,0.712020122,0.019946496,118149.9178,0.715296412,0.707368685,-0.455409888,-0.046980543,1.097703927,0.487066128,-0.378172768
3472,179,Suhum,2016,0,1481.2435,24.93401811,0.719713038,0.020634318,120860.5871,0.719662372,0.715296412,-0.462896947,0.827252419,1.152756962,0.538099858,-0.37579556
3473,179,Suhum,2017,0,1520.210306,24.55380687,0.735603259,0.020634318,123630.3644,0.723707949,0.719662372,-0.946661381,0.972381123,1.26647261,0.566205166,-0.37579556
3474,179,Suhum,2018,0,1382.746982,24.95358635,0.740775123,0.020634318,126270.6051,0.730526487,0.723707949,-0.437999153,0.460410136,1.303484169,0.592248048,-0.37579556
3475,179,Suhum,2019,0,1294.795961,25.6667363,0.738906678,0.020634318,128856.6528,0.737867906,0.730526487,0.469382197,0.132843699,1.290112956,0.636141514,-0.37579556
3476,179,Suhum,2020,0,1136.898329,25.26332405,0.73609282,0.021322157,131432.0398,0.924398472,0.737867906,-0.043902219,-0.45523321,1.269976065,0.683400954,-0.373418294
3477,179,Suhum,2021,0,1247.191272,25.76131616,0.753269989,0.022697795,134081.6409,0.926392862,0.924398472,0.589721535,-0.044456099,1.392901532,1.88416756,-0.368663897
3478,179,Suhum,2022,0,1259.982591,24.44915274,0.718103081,0.022697795,136680.4745,0.928308405,0.926392862,-1.0798188,0.003184128,1.141235582,1.89700619,-0.368663897
3479,179,Suhum,2023,0,1387.290158,25.24915274,0.715987511,0.023385606,139327.5769,0.929069506,0.928308405,-0.061933184,0.477330824,1.126095866,1.90933725,-0.366286727
3480,179,Suhum,2024,1,1080.546657,24.96786212,0.717531075,0.026824711,141990.995,0.928362438,0.929069506,-0.419835282,-0.665110434,1.137142122,1.914236737,-0.354400705
3481,180,Ayensuano,2005,0,1466.199165,24.18609023,0.708901938,0.001980033,84104.71008,0.610353757,0.597328171,-1.414528236,0.771221011,1.07538918,-0.221305566,-0.440267346
3482,180,Ayensuano,2006,0,1193.807352,24.58397661,0.742269569,0.001980033,86276.82315,0.62301436,0.610353757,-0.908274704,-0.243280176,1.314178909,-0.13745503,-0.440267346
3483,180,Ayensuano,2007,0,1707.156224,24.53878028,0.731524313,0.001980033,86348.11943,0.635090749,0.62301436,-0.965780564,1.668646011,1.237282327,-0.055954018,-0.440267346
3484,180,Ayensuano,2008,0,1784.194486,24.51148705,0.738922237,0.001980033,82384.6673,0.646569848,0.635090749,-1.000507301,1.955568763,1.290224305,0.021786185,-0.440267346
3485,180,Ayensuano,2009,0,1259.269006,24.41431913,0.690694316,0.001980033,88747.72787,0.657556319,0.646569848,-1.124139586,0.000526439,0.945089455,0.095681413,-0.440267346
3486,180,Ayensuano,2010,0,1730.884043,25.01431913,0.746714155,0.001980033,92079.21245,0.668146986,0.657556319,-0.360725374,1.757018349,1.345985831,0.166405414,-0.440267346
3487,180,Ayensuano,2011,0,1412.223058,24.57568087,0.70510234,0.001980033,90356.00049,0.678448375,0.668146986,-0.918829846,0.570191384,1.04819801,0.234581472,-0.440267346
3488,180,Ayensuano,2012,0,1562.53868,24.32711779,0.714046362,0.001980033,90341.63415,0.688444968,0.678448375,-1.235090819,1.130029713,1.112204369,0.300895341,-0.440267346
3489,180,Ayensuano,2013,0,1363.451629,24.24665831,0.73070239,0.001980033,89224.24564,0.698093699,0.688444968,-1.337464005,0.388546159,1.231400379,0.365247126,-0.440267346
3490,180,Ayensuano,2014,0,1561.838095,24.58609023,0.737662784,0.001980033,91620.21007,0.707368685,0.698093699,-0.905585428,1.127420442,1.281211243,0.427359597,-0.440267346
3491,180,Ayensuano,2015,0,1237.834085,24.97568087,0.708796196,0.001980033,85362.05953,0.716182894,0.707368685,-0.409887038,-0.079306182,1.074632456,0.487066128,-0.440267346
3492,180,Ayensuano,2016,0,1482.629073,24.97541353,0.696518524,0.001980033,87343.35817,0.724624503,0.716182894,-0.410227183,0.83241287,0.986769403,0.54380647,-0.440267346
3493,180,Ayensuano,2017,0,1530.66416,24.60764411,0.711368684,0.001980033,89356.25504,0.732578365,0.724624503,-0.878161191,1.011315653,1.093042027,0.598148244,-0.440267346
3494,180,Ayensuano,2018,0,1362.208354,24.99623225,0.723644662,0.001980033,91277.92152,0.739993872,0.732578365,-0.383738347,0.383915683,1.180892958,0.649350215,-0.440267346
3495,180,Ayensuano,2019,0,1259.938012,25.6883208,0.731484245,0.001980033,93151.80956,0.747077365,0.739993872,0.496845384,0.003018097,1.236995592,0.697086586,-0.440267346
3496,180,Ayensuano,2020,0,1136.112281,25.26783626,0.721052793,0.001980033,95024.94314,0.927054573,0.747077365,-0.038161078,-0.458160782,1.162344692,0.742685665,-0.440267346
3497,180,Ayensuano,2021,0,1224.167753,25.7837594,0.741186072,0.001980033,96945.53911,0.928978894,0.927054573,0.618277352,-0.130205327,1.306425052,1.901265865,-0.440267346
3498,180,Ayensuano,2022,0,1272.089223,24.48285714,0.710190709,0.001980033,98828.47291,0.930827138,0.928978894,-1.036934765,0.048274297,1.08461205,1.913653437,-0.440267346
3499,180,Ayensuano,2023,0,1370.763576,25.28745196,0.698450529,0.001980033,100748.086,0.930660067,0.930827138,-0.013202897,0.41577891,1.000595463,1.925551272,-0.440267346
3500,180,Ayensuano,2024,0,1087.071679,24.98741855,0.705171572,0.001980033,102685.0928,0.926782271,0.930660067,-0.394952522,-0.64080852,1.048693454,1.924475769,-0.440267346
3501,181,East Akim - Abuakwa South,2005,0,1607.050811,23.31573235,0.726929437,0.019111772,64444.20867,0.609962276,0.596923604,-2.521934192,1.295811531,1.204399888,-0.22390992,-0.38105769
3502,181,East Akim - Abuakwa South,2006,0,1334.395754,23.71573235,0.761833602,0.019111772,67852.51183,0.6226356,0.609962276,-2.012991384,0.280329911,1.454185563,-0.139975139,-0.38105769
3503,181,East Akim - Abuakwa South,2007,0,1905.43583,23.69198473,0.742648557,0.019111772,71790.29341,0.634724121,0.6226356,-2.043206828,2.407122303,1.316891078,-0.058392241,-0.38105769
3504,181,East Akim - Abuakwa South,2008,0,1946.768607,23.59216365,0.743885963,0.019111772,79692.89518,0.646214754,0.634724121,-2.17021489,2.561062874,1.325746356,0.019426067,-0.38105769
3505,181,East Akim - Abuakwa South,2009,0,1405.622853,23.54849714,0.715098373,0.019111772,82201.39571,0.657212263,0.646214754,-2.225774277,0.545609458,1.119732903,0.093395539,-0.38105769
3506,181,East Akim - Abuakwa South,2010,0,1886.119513,24.14849714,0.764652323,0.019111772,91204.05439,0.665524204,0.657212263,-1.462360065,2.33518025,1.474357257,0.164190597,-0.38105769
3507,181,East Akim - Abuakwa South,2011,0,1569.875477,23.7309041,0.73736195,0.019111772,90428.56242,0.673603733,0.665524204,-1.993687494,1.157355018,1.279058379,0.217697647,-0.38105769
3508,181,East Akim - Abuakwa South,2012,0,1725.262166,23.48921756,0.73997204,0.019111772,91634.57474,0.683750939,0.673603733,-2.301199067,1.736080123,1.297737042,0.269708583,-0.38105769
3509,181,East Akim - Abuakwa South,2013,0,1520.232586,23.43369513,0.735991166,0.019111772,95790.9479,0.68924697,0.683750939,-2.371843413,0.972464101,1.269248594,0.335029921,-0.38105769
3510,181,East Akim - Abuakwa South,2014,0,1731.790792,23.71573235,0.746652558,0.019111772,99481.73323,0.69879374,0.68924697,-2.012991384,1.76039546,1.34554502,0.370409914,-0.38105769
3511,181,East Akim - Abuakwa South,2015,0,1374.539838,24.1309041,0.720327052,0.019111772,68643.31865,0.707866231,0.69879374,-1.484744686,0.429843292,1.157151052,0.43186602,-0.38105769
3512,181,East Akim - Abuakwa South,2016,0,1630.424141,24.11614981,0.720264637,0.019111772,70228.2525,0.716555203,0.707866231,-1.503517416,1.382863601,1.156704386,0.490269019,-0.38105769
3513,181,East Akim - Abuakwa South,2017,0,1658.308922,23.7514313,0.723496168,0.019111772,71846.06694,0.724742137,0.716555203,-1.967569574,1.486718201,1.179830288,0.546203163,-0.38105769
3514,181,East Akim - Abuakwa South,2018,0,1529.538406,24.14780534,0.751365411,0.019111772,73390.9746,0.732374939,0.724742137,-1.463240274,1.007122874,1.379271744,0.598905501,-0.38105769
3515,181,East Akim - Abuakwa South,2019,0,1421.707538,24.8605916,0.751717135,0.019111772,74904.7792,0.739665999,0.732374939,-0.556321673,0.605515562,1.381788802,0.648040685,-0.38105769
3516,181,East Akim - Abuakwa South,2020,0,1217.270754,24.54211594,0.750486579,0.019111772,76412.58961,0.924917061,0.739665999,-0.961536425,-0.15589264,1.372982535,0.69497595,-0.38105769
3517,181,East Akim - Abuakwa South,2021,0,1346.304866,24.86982347,0.761049702,0.019818162,77963.06511,0.92689777,0.924917061,-0.544575438,0.324684434,1.448575715,1.887505904,-0.378616308
3518,181,East Akim - Abuakwa South,2022,0,1365.321088,23.7001312,0.707556657,0.019818162,79482.90718,0.928800173,0.92689777,-2.032841611,0.395508806,1.065761908,1.900256468,-0.378616308
3519,181,East Akim - Abuakwa South,2023,0,1593.556298,24.43973044,0.7156532,0.019818162,81030.16292,0.930624474,0.928800173,-1.09180733,1.245552311,1.12370343,1.912502944,-0.378616308
3520,181,East Akim - Abuakwa South,2024,1,1207.20229,24.22890029,0.712116732,0.021937696,82588.21398,0.932384321,0.930624474,-1.360058555,-0.193391815,1.098395303,1.924246649,-0.371290906
3521,182,Upper West Akim,2005,0,1450.910927,24.5025797,0.697554857,0.007937613,80904.78652,0.604630434,0.595526064,-1.011840627,0.714281213,0.99418574,-0.232906398,-0.419677124
3522,182,Upper West Akim,2006,0,1164.919445,24.8818569,0.732182998,0.007937613,79640.60863,0.611969539,0.604630434,-0.529264624,-0.350870838,1.241996094,-0.174298184,-0.419677124
3523,182,Upper West Akim,2007,0,1664.788513,24.81345826,0.716555976,0.007937613,84324.78655,0.624399738,0.611969539,-0.61629211,1.510850913,1.130163995,-0.127053642,-0.419677124
3524,182,Upper West Akim,2008,0,1760.825992,24.80880993,0.7261507,0.007937613,86367.52762,0.636215148,0.624399738,-0.622206449,1.868534703,1.198826989,-0.047035828,-0.419677124
3525,182,Upper West Akim,2009,0,1227.387686,24.71362862,0.646753761,0.007937613,86888.66504,0.647523498,0.636215148,-0.743311056,-0.118212949,0.630636407,0.029024362,-0.419677124
3526,182,Upper West Akim,2010,0,1716.005841,25.31362862,0.74136431,0.007937613,97174.72099,0.658424447,0.647523498,0.020103156,1.701605691,1.307700583,0.101820416,-0.419677124
3527,182,Upper West Akim,2011,0,1372.493307,24.87004137,0.678856054,0.007937613,95389.28232,0.669027643,0.658424447,-0.544298193,0.422221156,0.860370965,0.171993877,-0.419677124
3528,182,Upper West Akim,2012,0,1550.658554,24.63646873,0.701129623,0.007937613,97378.80922,0.679317114,0.669027643,-0.841485988,1.08578315,1.019767944,0.240250592,-0.419677124
3529,182,Upper West Akim,2013,0,1343.837187,24.53679727,0.691298948,0.007937613,101624.6237,0.68657917,0.679317114,-0.96830366,0.315493761,0.949416402,0.306487737,-0.419677124
3530,182,Upper West Akim,2014,0,1526.528839,24.9025797,0.72667371,0.007937613,103518.3237,0.694148085,0.68657917,-0.502897819,0.995913985,1.202569818,0.353236291,-0.419677124
3531,182,Upper West Akim,2015,0,1216.073254,25.27004137,0.699826139,0.007937613,81166.38179,0.703360506,0.694148085,-0.035355385,-0.160352631,1.010439783,0.401960216,-0.419677124
3532,182,Upper West Akim,2016,0,1466.379411,25.27009005,0.682827974,0.007937613,83052.55525,0.712183493,0.703360506,-0.035293454,0.771892325,0.88879533,0.461263993,-0.419677124
3533,182,Upper West Akim,2017,0,1525.743733,24.92735459,0.713066323,0.007937613,84970.18845,0.720496698,0.712183493,-0.471375321,0.992989922,1.105190886,0.518060838,-0.419677124
3534,182,Upper West Akim,2018,0,1322.1835,25.29832076,0.711459754,0.007937613,86799.53177,0.951712608,0.720496698,0.000626092,0.234846362,1.093693753,0.571576029,-0.419677124
3535,182,Upper West Akim,2019,0,1221.879046,25.92585787,0.727167858,0.007937613,88578.8746,0.953028129,0.951712608,0.799077344,-0.13872943,1.206106108,2.059998805,-0.419677124
3536,182,Upper West Akim,2020,0,1123.550742,25.50962521,0.717617708,0.007937613,90355.83758,0.954286698,0.953028129,0.269480797,-0.504945212,1.137762094,2.0684673,-0.419677124
3537,182,Upper West Akim,2021,0,1184.662692,26.05977123,0.73135336,0.008659213,92176.54795,0.955492628,0.954286698,0.969462948,-0.277338719,1.236058932,2.076569178,-0.417183176
3538,182,Upper West Akim,2022,0,1253.266732,24.7899854,0.70896273,0.008659213,93957.91696,0.956650882,0.955492628,-0.646157974,-0.021828544,1.075824226,2.084332198,-0.417183176
3539,182,Upper West Akim,2023,0,1323.522755,25.63598199,0.707868064,0.008659213,95777.95264,0.957761585,0.956650882,0.43025173,0.23983431,1.067990436,2.091788311,-0.417183176
3540,182,Upper West Akim,2024,0,1088.550499,25.22963008,0.696149038,0.008659213,97611.90888,0.958833045,0.957761585,-0.086772976,-0.635300776,0.984125238,2.098938317,-0.417183176
3541,183,West Akim,2005,0,1685.927155,23.89282078,0.681492332,0.012997428,96934.03804,0.604630434,0.595526064,-1.78767167,1.589580067,0.879237031,-0.232906398,-0.402189704
3542,183,West Akim,2006,0,1357.374232,24.26319115,0.714305062,0.012997428,102534.037,0.611969539,0.604630434,-1.316428329,0.365911388,1.114055709,-0.174298184,-0.402189704
3543,183,West Akim,2007,0,1970.260664,24.18872213,0.705401475,0.012997428,102526.2953,0.624399738,0.611969539,-1.411179508,2.648557131,1.050338715,-0.127053642,-0.402189704
3544,183,West Akim,2008,0,2034.649816,24.20998771,0.725960249,0.012997428,105187.2058,0.636215148,0.624399738,-1.3841221,2.888369299,1.197464062,-0.047035828,-0.402189704
3545,183,West Akim,2009,0,1425.666842,24.09691943,0.626318223,0.012997428,108089.0545,0.647523498,0.636215148,-1.527985322,0.620261668,0.484392982,0.029024362,-0.402189704
3546,183,West Akim,2010,0,1976.941373,24.69691943,0.737461174,0.012997428,105297.803,0.658424447,0.647523498,-0.76457111,2.67343889,1.279768454,0.101820416,-0.402189704
3547,183,West Akim,2011,0,1585.475513,24.27567141,0.670565016,0.012997428,110981.232,0.669027643,0.658424447,-1.300548992,1.215456087,0.801037574,0.171993877,-0.402189704
3548,183,West Akim,2012,0,1818.949272,24.06290153,0.702714651,0.012997428,112630.3832,0.679317114,0.669027643,-1.571268241,2.085010139,1.031110921,0.240250592,-0.402189704
3549,183,West Akim,2013,0,1586.65789,23.95892575,0.697398877,0.012997428,113157.5439,0.689248531,0.679317114,-1.703562551,1.219859753,0.993069497,0.306487737,-0.402189704
3550,183,West Akim,2014,0,1771.649289,24.29282078,0.728375055,0.012997428,116743.9603,0.698795253,0.689248531,-1.278728862,1.908845196,1.214745206,0.370419962,-0.402189704
3551,183,West Akim,2015,0,1413.391785,24.67567141,0.696720493,0.013517345,115147.2006,0.707867698,0.698795253,-0.791606184,0.574544215,0.988214761,0.431875759,-0.4003928
3552,183,West Akim,2016,0,1711.506231,24.66956293,0.686557921,0.013517345,117789.6979,0.716556627,0.707867698,-0.799378349,1.684847261,0.91548805,0.490278464,-0.4003928
3553,183,West Akim,2017,0,1761.670528,24.32965596,0.707343928,0.013517345,120488.4111,0.72474352,0.716556627,-1.231861367,1.871680111,1.064239549,0.546212328,-0.4003928
3554,183,West Akim,2018,0,1552.198174,24.6988766,0.725604402,0.013517345,123064.6021,0.916468699,0.72474352,-0.76208089,1.09151734,1.194917498,0.598914401,-0.4003928
3555,183,West Akim,2019,0,1408.974724,25.3634369,0.737573579,0.013517345,125591.981,0.918744389,0.916468699,0.083477066,0.558093228,1.280572862,1.833120661,-0.4003928
3556,183,West Akim,2020,0,1265.897665,25.05059681,0.726423843,0.013517345,128113.4062,0.919901496,0.918744389,-0.31456722,0.025214344,1.200781691,1.847770125,-0.4003928
3557,183,West Akim,2021,0,1372.708794,25.49405828,0.730455238,0.014037245,130705.5776,0.922014518,0.919901496,0.249674095,0.423023719,1.229631681,1.85521885,-0.398595953
3558,183,West Akim,2022,0,1452.203967,24.20289626,0.682006086,0.014037245,133244.9547,0.924044002,0.922014518,-1.393144958,0.719097035,0.882913627,1.868821155,-0.398595953
3559,183,West Akim,2023,0,1629.627699,25.00049149,0.681166492,0.014037245,135831.7177,0.925990167,0.924044002,-0.378319074,1.379897316,0.876905218,1.8818857,-0.398595953
3560,183,West Akim,2024,0,1280.896788,24.6883623,0.685232198,0.014557162,138436.4189,0.926316595,0.925990167,-0.775458841,0.081077357,0.906000745,1.894413888,-0.396799049
3561,185,Dormaa West,2005,0,1114.08091,24.4071944,0.658817165,0.008598802,30481.26559,0.602597068,0.589312182,-1.133204785,-0.540214835,0.716966091,-0.272907471,-0.417391964
3562,185,Dormaa West,2006,0,1249.468183,24.76037612,0.70244748,0.008598802,33113.05088,0.615509706,0.602597068,-0.683831546,-0.03597593,1.029198961,-0.187387723,-0.417391964
3563,185,Dormaa West,2007,0,1379.032145,24.37675487,0.644151971,0.008598802,34544.65449,0.627826499,0.615509706,-1.171934743,0.446574526,0.61201714,-0.104264269,-0.417391964
3564,185,Dormaa West,2008,0,1540.248415,24.48084408,0.664993732,0.008598802,34100.41323,0.639534113,0.627826499,-1.039496094,1.04701143,0.761167629,-0.024976492,-0.417391964
3565,185,Dormaa West,2009,0,1509.220862,24.55475618,0.666803495,0.008598802,36823.29153,0.650739292,0.639534113,-0.945453524,0.931451828,0.774118888,0.050389769,-0.417391964
3566,185,Dormaa West,2010,0,1366.799694,25.01118522,0.683513953,0.008598802,37309.85967,0.661540787,0.650739292,-0.364712831,0.401015755,0.893704418,0.122521673,-0.417391964
3567,185,Dormaa West,2011,0,1193.682921,24.62993658,0.629743906,0.008598802,40446.43162,0.672047245,0.661540787,-0.849797205,-0.243743606,0.508908291,0.192054911,-0.417391964
3568,185,Dormaa West,2012,0,1293.67155,24.49472994,0.649383069,0.008598802,41691.53329,0.68224284,0.672047245,-1.021828333,0.128655923,0.649452596,0.259688891,-0.417391964
3569,185,Dormaa West,2013,0,1037.017713,24.26681609,0.642355706,0.008598802,42660.47628,0.692083649,0.68224284,-1.31181611,-0.827230454,0.599162477,0.325321727,-0.417391964
3570,185,Dormaa West,2014,0,1229.004373,24.78977695,0.646658638,0.008598802,43339.12577,0.701543272,0.692083649,-0.646423192,-0.112191726,0.629955673,0.388670671,-0.417391964
3571,185,Dormaa West,2015,0,1049.710256,24.96681609,0.616346635,0.008598802,43306.23906,0.710532946,0.701543272,-0.421166196,-0.779958107,0.413033019,0.449565781,-0.417391964
3572,185,Dormaa West,2016,0,1175.144763,25.09538596,0.631679567,0.008598802,44310.01565,0.719142601,0.710532946,-0.257579423,-0.312787473,0.522760519,0.507435653,-0.417391964
3573,185,Dormaa West,2017,0,1191.86136,24.87591297,0.676903131,0.008598802,45332.98668,0.727254802,0.719142601,-0.536827428,-0.250527863,0.846395205,0.562859208,-0.417391964
3574,185,Dormaa West,2018,0,1411.150448,24.98146731,0.687384315,0.008598802,46310.26399,0.734817929,0.727254802,-0.402524621,0.566196538,0.921402,0.615080457,-0.417391964
3575,185,Dormaa West,2019,0,1364.815876,25.25567461,0.688514387,0.008598802,47266.20367,0.742042433,0.734817929,-0.053635033,0.393627185,0.929489166,0.663767116,-0.417391964
3576,185,Dormaa West,2020,0,983.9582331,25.1739777,0.684563903,0.008598802,48218.93029,0.748954175,0.742042433,-0.157582679,-1.024846177,0.901218205,0.710273937,-0.417391964
3577,185,Dormaa West,2021,0,1221.883446,25.46223486,0.686825838,0.008598802,49197.26714,0.755576836,0.748954175,0.209183344,-0.138713041,0.917405353,0.75476739,-0.417391964
3578,185,Dormaa West,2022,0,1171.705008,24.47898535,0.659221351,0.008598802,50155.90593,0.761937673,0.755576836,-1.04186107,-0.325598561,0.719858579,0.79739992,-0.417391964
3579,185,Dormaa West,2023,0,1290.696917,25.31123989,0.658801017,0.008598802,51132.99035,0.76803737,0.761937673,0.017063834,0.117577141,0.71685053,0.838346994,-0.417391964
3580,185,Dormaa West,2024,0,1014.726219,24.71123989,0.646406507,0.008598802,52116.35155,0.773921558,0.76803737,-0.746350378,-0.910253311,0.628151345,0.877613012,-0.417391964
3581,186,Nadowli-Kaleo,2005,0,902.4991619,25.71053859,0.430915231,0,46013.3526,0.609100327,0.59603284,0.525114343,-1.328233872,-0.913975034,-0.229644096,-0.447110612
3582,186,Nadowli-Kaleo,2006,0,1025.428686,25.81191604,0.423479055,0,46433.33626,0.621801657,0.609100327,0.654102654,-0.870392843,-0.967190757,-0.145523826,-0.447110612
3583,186,Nadowli-Kaleo,2007,0,965.1847533,25.31336273,0.427563502,0,47831.43605,0.633916894,0.621801657,0.019764847,-1.094766478,-0.937961108,-0.063760638,-0.447110612
3584,186,Nadowli-Kaleo,2008,0,988.5702208,24.61221121,0.423134306,0,48501.49226,0.645432919,0.633916894,-0.872350211,-1.007669203,-0.969657891,0.014229642,-0.447110612
3585,186,Nadowli-Kaleo,2009,0,1095.019969,25.86499891,0.466563329,0,48144.31718,0.656127259,0.645432919,0.721643011,-0.611205759,-0.658865535,0.08836258,-0.447110612
3586,186,Nadowli-Kaleo,2010,0,986.7637927,25.66891626,0.459445889,0,52397.26156,0.66169887,0.656127259,0.472155878,-1.014397098,-0.70980027,0.157206019,-0.447110612
3587,186,Nadowli-Kaleo,2011,0,895.0593251,25.64674951,0.439930448,0,52217.08968,0.66943414,0.66169887,0.443951856,-1.35594294,-0.849459181,0.193072554,-0.447110612
3588,186,Nadowli-Kaleo,2012,0,1021.383937,25.42775672,0.460970798,0,54177.18006,0.676097194,0.66943414,0.165314849,-0.885457182,-0.698887522,0.242867364,-0.447110612
3589,186,Nadowli-Kaleo,2013,0,946.4362656,25.16410611,0.459690969,0,53411.70293,0.686128331,0.676097194,-0.170142854,-1.164593698,-0.708046397,0.285759917,-0.447110612
3590,186,Nadowli-Kaleo,2014,0,1055.551126,25.77214124,0.444904911,0,54620.19328,0.695770909,0.686128331,0.603494911,-0.758204261,-0.813860288,0.350334074,-0.447110612
3591,186,Nadowli-Kaleo,2015,0,884.0812623,25.53027841,0.430801252,0,70557.96994,0.703995602,0.695770909,0.295759031,-1.396829844,-0.914790708,0.412406938,-0.447110612
3592,186,Nadowli-Kaleo,2016,0,1076.854165,25.8805262,0.44904936,0,72185.33074,0.711331013,0.703995602,0.741399272,-0.678862822,-0.784201249,0.465352341,-0.447110612
3593,186,Nadowli-Kaleo,2017,0,842.3952336,25.81580789,0.429450966,0,73844.24038,0.715242027,0.711331013,0.65905447,-1.552086072,-0.9244538,0.512573109,-0.447110612
3594,186,Nadowli-Kaleo,2018,0,1197.699439,25.63188908,0.461508897,0,75426.57669,0.723138263,0.715242027,0.42504408,-0.228784413,-0.695036708,0.537749757,-0.447110612
3595,186,Nadowli-Kaleo,2019,0,767.8882006,26.26373078,0.451512426,0,76975.17368,0.730199276,0.723138263,1.228972306,-1.829581466,-0.766574738,0.588580769,-0.447110612
3596,186,Nadowli-Kaleo,2020,0,1044.62736,25.92295751,0.451259885,0,78517.47673,0.737428345,0.730199276,0.795387047,-0.798888942,-0.768382007,0.634035133,-0.447110612
3597,186,Nadowli-Kaleo,2021,0,829.1378179,25.62464835,0.453660456,0,80103.34962,0.74435506,0.737428345,0.415831292,-1.60146224,-0.751202728,0.680571336,-0.447110612
3598,186,Nadowli-Kaleo,2022,0,911.1557467,25.63984403,0.446306091,0,81657.17317,0.751007932,0.74435506,0.435165629,-1.295993125,-0.80383298,0.72516118,-0.447110612
3599,186,Nadowli-Kaleo,2023,0,979.6474747,26.26812915,0.460698584,0,83240.39307,0.757387674,0.751007932,1.234568599,-1.040901246,-0.700835573,0.767988186,-0.447110612
3600,186,Nadowli-Kaleo,2024,0,1047.861235,26.04431164,0.457107946,0,84834.94571,0.763412289,0.757387674,0.949792824,-0.786844637,-0.726531357,0.809056956,-0.447110612
3601,187,Daffiama-Bussie-Issa,2005,0,939.5431581,25.61229894,0.447534424,0.0020137,41713.01308,0.609100327,0.59603284,0.400118428,-1.190266517,-0.795042632,-0.229644096,-0.440150988
3602,187,Daffiama-Bussie-Issa,2006,0,1039.682714,25.77680392,0.438360352,0.0020137,42565.10573,0.621801657,0.609100327,0.609427499,-0.817304872,-0.860695301,-0.145523826,-0.440150988
3603,187,Daffiama-Bussie-Issa,2007,0,1009.432827,25.2123046,0.440014869,0.0020137,42364.77827,0.633916894,0.621801657,-0.108817174,-0.929968119,-0.848855034,-0.063760638,-0.440150988
3604,187,Daffiama-Bussie-Issa,2008,0,1028.485444,24.62899864,0.443224598,0.0020137,42940.32021,0.645432919,0.633916894,-0.850990605,-0.859008195,-0.825885161,0.014229642,-0.440150988
3605,187,Daffiama-Bussie-Issa,2009,0,1116.03942,25.83115655,0.477159384,0.0020137,44970.28837,0.656127259,0.645432919,0.678583447,-0.532920522,-0.583036683,0.08836258,-0.440150988
3606,187,Daffiama-Bussie-Issa,2010,0,1023.752549,25.63936339,0.473807503,0.0020137,42253.54333,0.66169887,0.656127259,0.434554076,-0.87663548,-0.607023844,0.157206019,-0.440150988
3607,187,Daffiama-Bussie-Issa,2011,0,926.0553919,25.60021806,0.454416631,0.0020137,43341.85447,0.66943414,0.66169887,0.384747237,-1.240500606,-0.745791296,0.193072554,-0.440150988
3608,187,Daffiama-Bussie-Issa,2012,0,1047.178976,25.43136611,0.469025128,0.0020137,42929.88133,0.676097194,0.66943414,0.169907275,-0.789385654,-0.641248093,0.242867364,-0.440150988
3609,187,Daffiama-Bussie-Issa,2013,0,965.8956162,25.21448516,0.478620044,0.0020137,45018.62522,0.674639568,0.676097194,-0.106042721,-1.092118926,-0.572583716,0.285759917,-0.440150988
3610,187,Daffiama-Bussie-Issa,2014,0,1077.568985,25.76155131,0.467057546,0.0020137,44879.08227,0.674123553,0.674639568,0.59002074,-0.676200533,-0.655328754,0.276376634,-0.440150988
3611,187,Daffiama-Bussie-Issa,2015,0,910.9496488,25.48143691,0.444215925,0.0020137,36028.49962,0.680436413,0.674123553,0.233615206,-1.29676072,-0.818790895,0.273054856,-0.440150988
3612,187,Daffiama-Bussie-Issa,2016,0,1100.028829,25.85562415,0.467616579,0.0020137,36859.28974,0.686622923,0.680436413,0.709714974,-0.592550669,-0.651328129,0.313693085,-0.440150988
3613,187,Daffiama-Bussie-Issa,2017,0,880.6065927,25.75590451,0.455058073,0.0020137,37707.89815,0.692249571,0.686622923,0.582835987,-1.409770969,-0.741200925,0.353517948,-0.440150988
3614,187,Daffiama-Bussie-Issa,2018,0,1198.97304,25.63458881,0.481978082,0.0020137,38518.51946,0.700783381,0.692249571,0.428479104,-0.224040988,-0.548552492,0.389738774,-0.440150988
3615,187,Daffiama-Bussie-Issa,2019,0,800.8367694,26.28226665,0.467402296,0.0020137,39313.17987,0.708935107,0.700783381,1.252556555,-1.706867198,-0.652861611,0.444674078,-0.440150988
3616,187,Daffiama-Bussie-Issa,2020,0,1142.334674,25.89665836,0.467948777,0.0020137,40104.30756,0.912201737,0.708935107,0.761925138,-0.434985985,-0.648950814,0.497149773,-0.440150988
3617,187,Daffiama-Bussie-Issa,2021,0,846.9601269,25.59665836,0.462481691,0.0020137,40915.72548,0.91451788,0.912201737,0.380218032,-1.535084498,-0.688075078,1.805652639,-0.440150988
3618,187,Daffiama-Bussie-Issa,2022,1,926.7622338,25.64059243,0.462623742,0.0020137,41710.57245,0.916742456,0.91451788,0.436117859,-1.237868031,-0.687058509,1.820562515,-0.440150988
3619,187,Daffiama-Bussie-Issa,2023,0,1031.820005,26.22907227,0.480639836,0.0020137,42522.33791,0.918875703,0.916742456,1.18487431,-0.846588896,-0.558129421,1.834882936,-0.440150988
3620,187,Daffiama-Bussie-Issa,2024,0,988.1644767,26.19860954,0.470181317,0.0020137,43339.66219,0.92093358,0.918875703,1.146114839,-1.009180364,-0.632974018,1.848615441,-0.440150988
3621,188,Lawra,2005,0,858.9494602,26.04311532,0.380903673,0,49383.7618,0.599598741,0.586213624,0.948270677,-1.4904312,-1.271874176,-0.292854041,-0.447110612
3622,188,Lawra,2006,0,980.9053356,26.17268816,0.37700243,0,52124.29983,0.612608803,0.599598741,1.113133586,-1.036216445,-1.299792751,-0.206689063,-0.447110612
3623,188,Lawra,2007,0,937.3648881,25.62659208,0.380318427,0,52121.83828,0.625018524,0.612608803,0.418304414,-1.198379306,-1.276062389,-0.122938459,-0.447110612
3624,188,Lawra,2008,0,966.5305899,24.27124863,0.37068648,0,54422.3038,0.636814469,0.625018524,-1.306176341,-1.089754019,-1.344991768,-0.043052472,-0.447110612
3625,188,Lawra,2009,0,1045.808168,25.85542951,0.39257901,0,58027.6801,0.64773141,0.636814469,0.709467322,-0.794491118,-1.188321626,0.032882412,-0.447110612
3626,188,Lawra,2010,0,976.2786731,26.01966828,0.402501331,0,56430.90636,0.654151029,0.64773141,0.918437678,-1.053448074,-1.117314236,0.103158822,-0.447110612
3627,188,Lawra,2011,0,855.3561258,25.84915506,0.380848706,0,59118.33206,0.655545466,0.654151029,0.701483983,-1.503814282,-1.272267539,0.144484295,-0.447110612
3628,188,Lawra,2012,0,997.754655,25.7625489,0.406590143,0,59092.20636,0.660282531,0.655545466,0.591290021,-0.973462524,-1.08805336,0.153460806,-0.447110612
3629,188,Lawra,2013,0,924.937099,25.52159286,0.385501721,0,59622.20285,0.65905488,0.660282531,0.284707923,-1.244665598,-1.238969032,0.183955053,-0.447110612
3630,188,Lawra,2014,0,1033.848224,26.14721483,0.38917188,0,61207.5184,0.659458846,0.65905488,1.080722426,-0.839034957,-1.212704172,0.176052205,-0.447110612
3631,188,Lawra,2015,0,864.1718041,25.43702081,0.376401629,0,53730.88963,0.663473855,0.659458846,0.177102076,-1.470981004,-1.304092281,0.178652685,-0.447110612
3632,188,Lawra,2016,0,1073.185261,26.21449695,0.396569691,0,54968.67676,0.667480861,0.663473855,1.166329298,-0.692527359,-1.159763008,0.204498794,-0.447110612
3633,188,Lawra,2017,0,838.8799875,26.23151307,0.381761252,0,56230.50839,0.667461552,0.667480861,1.187979873,-1.565178321,-1.265737057,0.230293376,-0.447110612
3634,188,Lawra,2018,0,1165.941637,26.03285871,0.398015988,0,57434.51323,0.67440816,0.667461552,0.935220607,-0.347063768,-1.149412829,0.230169081,-0.447110612
3635,188,Lawra,2019,0,766.2678767,26.62597403,0.400581151,0,58612.75779,0.679818097,0.67440816,1.689875046,-1.835616231,-1.13105568,0.274886977,-0.447110612
3636,188,Lawra,2020,0,998.3191989,26.13149742,0.384107557,0,59787.74135,0.684450473,0.679818097,1.060724263,-0.971359926,-1.248946129,0.309712754,-0.447110612
3637,188,Lawra,2021,0,722.5280864,25.93149742,0.403914958,0,60995.76863,0.689773144,0.684450473,0.806252859,-1.998521528,-1.10719786,0.33953308,-0.447110612
3638,188,Lawra,2022,0,949.3852292,25.91618683,0.387603269,0,62179.02456,0.694820685,0.689773144,0.786772318,-1.153610522,-1.223929664,0.373797091,-0.447110612
3639,188,Lawra,2023,0,866.0998279,26.52316539,0.417259424,0,63384.43917,0.698016647,0.694820685,1.559065755,-1.463800236,-1.011700477,0.406289991,-0.447110612
3640,188,Lawra,2024,0,1021.290878,26.25478798,0.399605399,0,64598.73268,0.702090697,0.698016647,1.217593878,-0.885803773,-1.13803848,0.426863586,-0.447110612
3641,189,Nandom,2005,0,874.8440816,26.04008163,0.380660847,0.00423311,45335.22996,0.599598741,0.586213624,0.944410746,-1.431232973,-1.273611922,-0.292854041,-0.4324804
3642,189,Nandom,2006,0,987.9538776,26.17587755,0.377095232,0.00423311,43341.82434,0.612608803,0.599598741,1.117191636,-1.009964723,-1.299128633,-0.206689063,-0.4324804
3643,189,Nandom,2007,0,961.3961224,25.57220408,0.376945462,0.00423311,44729.46066,0.625018524,0.612608803,0.34910346,-1.108876926,-1.300200434,-0.122938459,-0.4324804
3644,189,Nandom,2008,0,992.0265306,24.16954082,0.370565133,0.00423311,43972.76189,0.636814469,0.625018524,-1.435584993,-0.994796458,-1.345860168,-0.043052472,-0.4324804
3645,189,Nandom,2009,0,1051.886735,25.77580612,0.414726908,0.00423311,41671.17033,0.64773141,0.636814469,0.608157945,-0.771851989,-1.029823991,0.032882412,-0.4324804
3646,189,Nandom,2010,0,1002.516122,26.02340816,0.421730403,0.00423311,45149.93138,0.654151029,0.64773141,0.92319614,-0.955728825,-0.979704681,0.103158822,-0.4324804
3647,189,Nandom,2011,0,869.7685714,25.85135714,0.386502324,0.00423311,44104.58079,0.655545466,0.654151029,0.704285817,-1.450136299,-1.23180839,0.144484295,-0.4324804
3648,189,Nandom,2012,0,1025.734898,25.76347959,0.411005693,0.00423311,46174.88444,0.660282531,0.655545466,0.592474198,-0.869252381,-1.056454228,0.153460806,-0.4324804
3649,189,Nandom,2013,0,944.254898,25.53686735,0.380105695,0.00423311,47048.55449,0.668208794,0.660282531,0.304142517,-1.172718024,-1.277584766,0.183955053,-0.4324804
3650,189,Nandom,2014,0,1054.180204,26.13633673,0.395396234,0.00423311,47185.15104,0.673896356,0.668208794,1.066881601,-0.763310148,-1.16816065,0.234979356,-0.4324804
3651,189,Nandom,2015,0,877.6571429,25.4237449,0.382895235,0.00423311,49250.94277,0.677394742,0.673896356,0.160210375,-1.420755955,-1.257621908,0.271592304,-0.4324804
3652,189,Nandom,2016,0,1109.048367,26.21941837,0.402817587,0.00423311,50393.80693,0.681277633,0.677394742,1.172591099,-0.55895813,-1.115051009,0.294112714,-0.4324804
3653,189,Nandom,2017,0,870.1728571,26.25363265,0.38121935,0.00423311,51559.13154,0.680781675,0.681277633,1.216123886,-1.448630569,-1.269615087,0.319108332,-0.4324804
3654,189,Nandom,2018,0,1175.013878,26.05103061,0.398652502,0.00423311,52669.42034,0.684478612,0.680781675,0.958341757,-0.313274944,-1.144857727,0.315915664,-0.4324804
3655,189,Nandom,2019,0,771.7379592,26.65265306,0.405497347,0.00423311,53757.78504,0.691427269,0.684478612,1.723820303,-1.815243353,-1.095873765,0.33971422,-0.4324804
3656,189,Nandom,2020,0,1002.571837,26.13920408,0.375476845,0.00423311,54838.68013,0.905788183,0.691427269,1.07052989,-0.955521321,-1.310710343,0.384445307,-0.4324804
3657,189,Nandom,2021,0,696.0438776,25.93920408,0.398842095,0.00423311,55950.30608,0.906200515,0.905788183,0.816058486,-2.097159813,-1.143500933,1.764366205,-0.4324804
3658,189,Nandom,2022,0,991.677551,25.92535714,0.384570972,0.00423311,57038.92527,0.906443503,0.906200515,0.798440236,-0.996096204,-1.245629777,1.76702054,-0.4324804
3659,189,Nandom,2023,0,868.7708163,26.52535714,0.401983484,0.00423311,58150.25356,0.904645613,0.906443503,1.561854448,-1.453852356,-1.121020124,1.768584746,-0.4324804
3660,189,Nandom,2024,0,1064.436122,26.51172449,0.394406352,0.00423311,59268.38158,0.898485541,0.904645613,1.544508846,-0.725112813,-1.17524457,1.757011059,-0.4324804
3661,190,Talensi,2005,0,1046.952984,25.90021594,0.424478371,0,76337.7159,0.702272574,0.692319766,0.766451651,-0.790227343,-0.960039323,0.390190646,-0.447110612
3662,190,Talensi,2006,0,1037.389183,26.09159796,0.455276384,0,80564.53935,0.7119465,0.702272574,1.009957905,-0.825846941,-0.739638619,0.454260568,-0.447110612
3663,190,Talensi,2007,0,1094.681881,25.60225756,0.453580903,0,81692.36064,0.721174029,0.7119465,0.387342211,-0.612464943,-0.751772036,0.516535226,-0.447110612
3664,190,Talensi,2008,0,1097.363958,25.36116019,0.437909327,0,81654.19241,0.729945171,0.721174029,0.08058028,-0.602475765,-0.863922983,0.575936262,-0.447110612
3665,190,Talensi,2009,0,1175.105026,26.26765803,0.45848407,0,84554.65273,0.738339898,0.729945171,1.233969172,-0.312935471,-0.716683364,0.632399365,-0.447110612
3666,190,Talensi,2010,0,1064.488025,25.978617,0.470461348,0,84820.02467,0.746432192,0.738339898,0.86620579,-0.724919506,-0.630970031,0.686439344,-0.447110612
3667,190,Talensi,2011,0,1011.065469,26.00225756,0.425162813,0,83088.53931,0.75430345,0.746432192,0.896285019,-0.923887477,-0.955141229,0.738532448,-0.447110612
3668,190,Talensi,2012,0,1047.800844,25.76994503,0.460715368,0,84407.77008,0.761941814,0.75430345,0.600700548,-0.787069556,-0.70071546,0.78920266,-0.447110612
3669,190,Talensi,2013,0,938.3658225,25.62580487,0.442138522,0,84761.90055,0.760040857,0.761941814,0.417302797,-1.194651407,-0.833657474,0.838373649,-0.447110612
3670,190,Talensi,2014,0,1062.315469,26.16254417,0.455901236,0,83511.3076,0.761861578,0.760040857,1.100226815,-0.733011014,-0.735166973,0.826136486,-0.447110612
3671,190,Talensi,2015,0,974.5581076,26.01982725,0.416451021,0,80268.14418,0.766147625,0.761861578,0.918639937,-1.059856181,-1.017485671,0.837857145,-0.447110612
3672,190,Talensi,2016,0,1065.499313,26.25267962,0.438100899,0,82135.23381,0.769110213,0.766147625,1.214911292,-0.721153047,-0.862552031,0.865448017,-0.447110612
3673,190,Talensi,2017,0,924.1548881,26.10676286,0.425800167,0,84029.63451,0.771767644,0.769110213,1.029253072,-1.247578879,-0.950580112,0.884519301,-0.447110612
3674,190,Talensi,2018,0,1135.013644,25.9845161,0.431334143,0,85837.38235,0.94408132,0.771767644,0.873711547,-0.462252567,-0.910977162,0.90162617,-0.447110612
3675,190,Talensi,2019,0,752.9434629,26.6083137,0.470659034,0,87602.04282,0.945604744,0.94408132,1.667404809,-1.885241928,-0.629555325,2.010873364,-0.447110612
3676,190,Talensi,2020,0,1206.542599,26.33745583,0.460371887,0,89371.09202,0.947062216,0.945604744,1.322776894,-0.195848781,-0.703173527,2.020680211,-0.447110612
3677,190,Talensi,2021,0,930.26649,26.23859442,0.456497675,0,91195.32258,0.94845873,0.947062216,1.196989891,-1.224816714,-0.730898659,2.030062502,-0.447110612
3678,190,Talensi,2022,0,1140.671084,25.91931194,0.450788036,0,92966.69432,0.949800033,0.94845873,0.790748574,-0.441181891,-0.771758714,2.039052381,-0.447110612
3679,190,Talensi,2023,0,905.1788378,26.47412152,0.455345597,0,94782.61271,0.95108627,0.949800033,1.496664438,-1.318253637,-0.739143309,2.04768685,-0.447110612
3680,190,Talensi,2024,0,968.4133294,26.66071358,0.442152141,0,96616.02597,0.952327063,0.95108627,1.734076167,-1.082741908,-0.833560016,2.055966836,-0.447110612
3681,191,Nabdam,2005,0,1024.417931,25.83213684,0.404608047,0,23554.26061,0.702272574,0.692319766,0.679830728,-0.874157319,-1.102237889,0.390190646,-0.447110612
3682,191,Nabdam,2006,0,1011.007415,25.98955174,0.421321484,0,24585.20151,0.7119465,0.702272574,0.880118677,-0.924103696,-0.982631042,0.454260568,-0.447110612
3683,191,Nabdam,2007,0,1084.935288,25.51209976,0.428030206,0,24961.10646,0.721174029,0.7119465,0.272629309,-0.648765335,-0.934621224,0.516535226,-0.447110612
3684,191,Nabdam,2008,0,1077.008089,25.16322885,0.414661109,0,25281.54261,0.729945171,0.721174029,-0.171259047,-0.678289545,-1.030294871,0.575936262,-0.447110612
3685,191,Nabdam,2009,0,1148.044826,26.16196495,0.431362961,0,25557.79161,0.738339898,0.729945171,1.099489838,-0.413718985,-0.91077093,0.632399365,-0.447110612
3686,191,Nabdam,2010,0,1033.750927,25.8912875,0.437115844,0,25107.46225,0.746432192,0.738339898,0.755091481,-0.839397332,-0.869601411,0.686439344,-0.447110612
3687,191,Nabdam,2011,0,984.5935288,25.92281766,0.392131914,0,26766.071,0.75430345,0.746432192,0.795209108,-1.022480069,-1.191521194,0.738532448,-0.447110612
3688,191,Nabdam,2012,0,1022.157735,25.67841254,0.432096354,0,28106.01046,0.761941814,0.75430345,0.484238534,-0.882575234,-0.905522528,0.78920266,-0.447110612
3689,191,Nabdam,2013,0,921.9871925,25.51338052,0.408885957,0,27629.09353,0.769314378,0.761941814,0.274258887,-1.255652285,-1.071623756,0.838373649,-0.447110612
3690,191,Nabdam,2014,0,1029.035389,26.06339737,0.410917985,0,27504.34732,0.776401364,0.769314378,0.97407669,-0.856959969,-1.057081898,0.885833586,-0.447110612
3691,191,Nabdam,2015,0,961.4283788,25.89782609,0.398194364,0,41355.7069,0.781935576,0.776401364,0.763410904,-1.108756789,-1.14813631,0.931455152,-0.447110612
3692,191,Nabdam,2016,0,1049.691608,26.10655544,0.414854926,0,42284.49245,0.781381724,0.781935576,1.028989166,-0.780027561,-1.028907857,0.967080931,-0.447110612
3693,191,Nabdam,2017,0,914.6137513,26.00832491,0.400921385,0,43239.30357,0.781754621,0.781381724,0.904004854,-1.283114068,-1.128620851,0.963515582,-0.447110612
3694,191,Nabdam,2018,0,1102.64577,25.88343445,0.409169824,0,44148.02321,0.925435558,0.781754621,0.745099598,-0.582804083,-1.069592313,0.965916055,-0.447110612
3695,191,Nabdam,2019,0,722.3879339,26.49189417,0.443310033,0,45041.08923,0.924334714,0.925435558,1.519277599,-1.999043515,-0.825273756,1.890843662,-0.447110612
3696,191,Nabdam,2020,0,1158.756994,26.23104146,0.441235502,0,45921.82804,0.924087923,0.924334714,1.187379818,-0.373822388,-0.840119783,1.88375712,-0.447110612
3697,191,Nabdam,2021,0,872.3977081,26.13104146,0.429817819,0,46826.36248,0.926090505,0.924087923,1.060144116,-1.440344292,-0.921828473,1.882168435,-0.447110612
3698,191,Nabdam,2022,0,1124.535895,25.78820357,0.419596063,0,47718.25819,0.928013916,0.926090505,0.623931928,-0.501276091,-0.994978719,1.895059802,-0.447110612
3699,191,Nabdam,2023,0,894.1344793,26.35460061,0.433981024,0,48629.23471,0.929858363,0.928013916,1.344591171,-1.359387453,-0.89203521,1.907441516,-0.447110612
3700,191,Nabdam,2024,0,961.9942703,26.48661948,0.42994094,0,49544.4436,0.931637643,0.929858363,1.512566312,-1.106649172,-0.920947383,1.919314906,-0.447110612
3701,192,Builsa South,2005,0,1019.804213,26.11148402,0.417242399,0,42351.553,0.710890934,0.702190754,1.035260071,-0.891340734,-1.011822313,0.453733867,-0.447110612
3702,192,Builsa South,2006,0,1045.58284,26.31595335,0.422544833,0,42941.87795,0.719009412,0.710890934,1.295418057,-0.795330331,-0.973876351,0.50974016,-0.447110612
3703,192,Builsa South,2007,0,1081.28504,25.81092577,0.43048987,0,44475.45014,0.728010687,0.719009412,0.65284267,-0.662360387,-0.917019055,0.562001816,-0.447110612
3704,192,Builsa South,2008,0,1076.407855,25.29885691,0.431366242,0,44855.01758,0.736566766,0.728010687,0.001308273,-0.680525066,-0.910747453,0.619946372,-0.447110612
3705,192,Builsa South,2009,0,1157.357546,26.43594404,0.452387251,0,46532.16546,0.744755659,0.736566766,1.448089062,-0.379034516,-0.760314208,0.675025031,-0.447110612
3706,192,Builsa South,2010,0,1054.143816,26.25823752,0.458486195,0,46585.65837,0.750933991,0.744755659,1.221982924,-0.763445673,-0.716668159,0.72773998,-0.447110612
3707,192,Builsa South,2011,0,994.3694424,26.22649698,0.433332573,0,48121.38892,0.754859976,0.750933991,1.181597617,-0.986070473,-0.896675738,0.767512205,-0.447110612
3708,192,Builsa South,2012,0,1055.503423,26.11249751,0.454820252,0,49000.90153,0.756164448,0.754859976,1.036549593,-0.758381928,-0.742902849,0.792785229,-0.447110612
3709,192,Builsa South,2013,0,971.5506746,25.79846149,0.436555919,0,49976.72291,0.753676089,0.756164448,0.636983658,-1.071057121,-0.873608416,0.801182598,-0.447110612
3710,192,Builsa South,2014,0,1092.193926,26.35834386,0.436778723,0,52337.54081,0.749819913,0.753676089,1.34935392,-0.621731129,-0.87201396,0.785164109,-0.447110612
3711,192,Builsa South,2015,0,947.3302319,26.23592743,0.409087077,0,34229.25765,0.757355469,0.749819913,1.193596518,-1.161264193,-1.070184477,0.760340466,-0.447110612
3712,192,Builsa South,2016,0,1076.224962,26.43919054,0.435368891,0,35007.92756,0.763965605,0.757355469,1.452219761,-0.681206238,-0.882103179,0.808849641,-0.447110612
3713,192,Builsa South,2017,0,916.2645046,26.33005583,0.43583268,0,35800.88667,0.769133416,0.763965605,1.313361445,-1.276965971,-0.878784151,0.851401548,-0.447110612
3714,192,Builsa South,2018,0,1146.935602,26.14514853,0.442328499,0,36556.5239,0.775535264,0.769133416,1.078093356,-0.417850202,-0.832297941,0.884668666,-0.447110612
3715,192,Builsa South,2019,0,731.1946567,26.86927959,0.441078324,0,37295.44535,0.781650483,0.775535264,1.999446589,-1.966243591,-0.841244604,0.92587974,-0.447110612
3716,192,Builsa South,2020,0,1140.67349,26.57374892,0.443343737,0,38033.08623,0.909289354,0.781650483,1.623426066,-0.44117293,-0.825032565,0.965245679,-0.447110612
3717,192,Builsa South,2021,0,950.1636207,26.35709444,0.443827408,0,38789.70695,0.911682327,0.909289354,1.347764214,-1.150711466,-0.821571252,1.786904546,-0.447110612
3718,192,Builsa South,2022,0,1005.705722,26.24231741,0.43496782,0,39530.79089,0.913980695,0.911682327,1.201726851,-0.94384942,-0.884973375,1.802309003,-0.447110612
3719,192,Builsa South,2023,0,897.9340068,26.81493986,0.447461366,0,40285.49425,0.916184704,0.913980695,1.930307045,-1.345236422,-0.795565454,1.817104451,-0.447110612
3720,192,Builsa South,2024,0,985.7815511,26.9086695,0.440966332,0,41045.54154,0.918310844,0.916184704,2.049564619,-1.018055377,-0.842046056,1.831292481,-0.447110612
3721,193,Builsa North,2005,0,1016.664245,26.24628228,0.409091757,0,42290.69618,0.710890934,0.702190754,1.206771592,-0.90303529,-1.070150986,0.453733867,-0.447110612
3722,193,Builsa North,2006,0,1038.218523,26.47405165,0.419409071,0,43613.12789,0.719009412,0.710890934,1.49657555,-0.822758133,-0.996316898,0.50974016,-0.447110612
3723,193,Builsa North,2007,0,1088.895379,25.94494048,0.430383622,0,43889.31977,0.728010687,0.719009412,0.823357228,-0.634016297,-0.9177794,0.562001816,-0.447110612
3724,193,Builsa North,2008,0,1066.645884,25.16821529,0.421811429,0,45259.99138,0.736566766,0.728010687,-0.16491451,-0.716882737,-0.979124831,0.619946372,-0.447110612
3725,193,Builsa North,2009,0,1144.11027,26.58573446,0.435452295,0,45599.86953,0.744755659,0.736566766,1.638675956,-0.428372919,-0.881506317,0.675025031,-0.447110612
3726,193,Builsa North,2010,0,1039.053773,26.38585048,0.453479965,0,47385.15726,0.750933991,0.744755659,1.384352172,-0.819647312,-0.752494387,0.72773998,-0.447110612
3727,193,Builsa North,2011,0,986.824657,26.37664447,0.423455681,0,47705.91971,0.754859976,0.750933991,1.372638837,-1.014170414,-0.967358028,0.767512205,-0.447110612
3728,193,Builsa North,2012,0,1045.643059,26.25905973,0.437932864,0,48770.70313,0.756164448,0.754859976,1.22302906,-0.795106052,-0.86375455,0.792785229,-0.447110612
3729,193,Builsa North,2013,0,967.0621469,25.94075868,0.430755149,0,49898.31248,0.761985812,0.756164448,0.818036485,-1.087774278,-0.915120636,0.801182598,-0.447110612
3730,193,Builsa North,2014,0,1081.343422,26.51621267,0.409005828,0,49730.80589,0.769141093,0.761985812,1.550219416,-0.662142949,-1.07076592,0.83865688,-0.447110612
3731,193,Builsa North,2015,0,948.7006659,26.29345743,0.392736301,0,51682.41254,0.771031038,0.769141093,1.266795215,-1.156160123,-1.187196004,0.884718086,-0.447110612
3732,193,Builsa North,2016,0,1063.425948,26.58792877,0.426658717,0,52884.08927,0.773531143,0.771031038,1.641467901,-0.728875125,-0.944436045,0.896884365,-0.447110612
3733,193,Builsa North,2017,0,919.6842211,26.48456416,0.417563758,0,54110.22297,0.775805124,0.773531143,1.509951216,-1.264229515,-1.009522562,0.912978471,-0.447110612
3734,193,Builsa North,2018,0,1124.180791,26.26010896,0.422083883,0,55281.15454,0.778513961,0.775805124,1.224364059,-0.502598647,-0.977175059,0.927616929,-0.447110612
3735,193,Builsa North,2019,0,701.9449153,26.96980932,0.441563042,0,56426.03957,0.781530871,0.778513961,2.127356298,-2.075181878,-0.837775802,0.945054722,-0.447110612
3736,193,Builsa North,2020,0,1107.571832,26.69863801,0.432426028,0,57566.69071,0.909058373,0.781530871,1.782329582,-0.564457365,-0.903163277,0.964475691,-0.447110612
3737,193,Builsa North,2021,0,972.7186239,26.49380549,0.425690463,0,58738.49792,0.910971584,0.909058373,1.521709479,-1.066707188,-0.951365192,1.785417638,-0.447110612
3738,193,Builsa North,2022,0,1065.3864,26.30498386,0.427277994,0,59885.63014,0.912312321,0.910971584,1.281460952,-0.72157358,-0.940004294,1.797733685,-0.447110612
3739,193,Builsa North,2023,1,912.5082728,26.93222357,0.436565001,0,61057.94965,0.911440021,0.912312321,2.0795338,-1.290955752,-0.873543423,1.806364509,-0.447110612
3740,193,Builsa North,2024,0,955.8667272,27.03603713,0.438193749,0,62238.91833,0.911424069,0.911440021,2.211621711,-1.129470709,-0.861887567,1.80074919,-0.447110612
3741,194,Binduri,2005,0,971.2966226,26.10687015,0.361070677,0,69973.00334,0.703526176,0.693615275,1.029389584,-1.072003317,-1.41380561,0.39853032,-0.447110612
3742,194,Binduri,2006,0,928.83176,26.17342144,0.376633172,0,69623.12879,0.711508352,0.703526176,1.114066585,-1.230160249,-1.302435283,0.46233047,-0.447110612
3743,194,Binduri,2007,0,1029.123768,25.77684078,0.352177752,0,69455.32885,0.720749917,0.711508352,0.6094744,-0.856630811,-1.477446305,0.513714708,-0.447110612
3744,194,Binduri,2008,0,1039.244389,25.19278372,0.369224762,0,67763.60141,0.726906916,0.720749917,-0.133654699,-0.81893738,-1.355452304,0.573206097,-0.447110612
3745,194,Binduri,2009,0,1086.187749,26.46179987,0.387700673,0,75177.70311,0.735396088,0.726906916,1.480986911,-0.644100646,-1.223232608,0.612840986,-0.447110612
3746,194,Binduri,2010,0,968.2670443,26.1050451,0.401106943,0,74015.75787,0.743579424,0.735396088,1.027067472,-1.083286735,-1.127292937,0.667488943,-0.447110612
3747,194,Binduri,2011,0,921.5043004,26.25344032,0.366436043,0,75406.86009,0.751539237,0.743579424,1.215879168,-1.257450777,-1.375409291,0.72016812,-0.447110612
3748,194,Binduri,2012,0,942.7851898,25.95576883,0.393687918,0,77600.78081,0.759263537,0.751539237,0.837134756,-1.178191833,-1.180385917,0.771408398,-0.447110612
3749,194,Binduri,2013,0,866.1250262,25.80518146,0.385061448,0,78176.41271,0.758480099,0.759263537,0.645533857,-1.463706387,-1.242119775,0.821132586,-0.447110612
3750,194,Binduri,2014,0,951.028949,26.22384099,0.374768509,0,78049.00092,0.765454376,0.758480099,1.178218255,-1.147488621,-1.315779423,0.816089302,-0.447110612
3751,194,Binduri,2015,0,917.8804279,26.0193413,0.350397623,0,64716.27503,0.772519014,0.765454376,0.918021644,-1.270947596,-1.490185495,0.860985321,-0.447110612
3752,194,Binduri,2016,0,995.193413,26.32928467,0.375993474,0,66198.30523,0.77928501,0.772519014,1.312380255,-0.983001661,-1.307013175,0.90646302,-0.447110612
3753,194,Binduri,2017,0,876.2815188,26.27187959,0.372072077,0,67718.37872,0.784287373,0.77928501,1.239340503,-1.425879355,-1.335075979,0.950018253,-0.447110612
3754,194,Binduri,2018,0,1010.81288,26.16466331,0.373037316,0,69176.07733,0.790269007,0.784287373,1.102923118,-0.924828224,-1.328168415,0.98222032,-0.447110612
3755,194,Binduri,2019,0,695.7759597,26.69339207,0.41199006,0,70599.74792,0.795982826,0.790269007,1.775654868,-2.098157651,-1.049409775,1.020726322,-0.447110612
3756,194,Binduri,2020,0,1063.309209,26.39044472,0.393668485,0,72032.23974,0.915243551,0.795982826,1.390197685,-0.72930991,-1.180524985,1.057508302,-0.447110612
3757,194,Binduri,2021,0,732.3517936,26.43667925,0.391153669,0,73508.35705,0.917479451,0.915243551,1.449024513,-1.961933929,-1.198521839,1.825233929,-0.447110612
3758,194,Binduri,2022,0,1030.393119,26.0251416,0.380038847,0,74945.96886,0.919626955,0.917479451,0.925401689,-0.851903214,-1.278063156,1.839627245,-0.447110612
3759,194,Binduri,2023,0,851.8923851,26.52292847,0.390643441,0,76431.722,0.921686295,0.919626955,1.558764305,-1.516714703,-1.202173198,1.853451528,-0.447110612
3760,194,Binduri,2024,0,869.5982798,26.71128592,0.388496954,0,77931.11611,0.923186859,0.921686295,1.798422238,-1.450770536,-1.217534163,1.866708264,-0.447110612
3761,195,Pusiga,2005,0,966.5290135,26.01079948,0.333511452,0,39726.3228,0.703526176,0.693615275,0.907153399,-1.08975989,-1.61102848,0.39853032,-0.447110612
3762,195,Pusiga,2006,0,905.5464217,26.04987105,0.338192361,0,40178.10407,0.711508352,0.703526176,0.956866381,-1.316884601,-1.577530362,0.46233047,-0.447110612
3763,195,Pusiga,2007,0,1019.205029,25.67970664,0.32832168,0,41048.93524,0.720749917,0.711508352,0.485885095,-0.893572348,-1.648168192,0.513714708,-0.447110612
3764,195,Pusiga,2008,0,1037.55158,25.22040619,0.339765003,0,44204.21193,0.726906916,0.720749917,-0.098509058,-0.82524211,-1.566276015,0.573206097,-0.447110612
3765,195,Pusiga,2009,0,1071.831077,26.37930368,0.354119521,0,44287.14427,0.735396088,0.726906916,1.376022293,-0.697570906,-1.463550367,0.612840986,-0.447110612
3766,195,Pusiga,2010,0,949.3133462,25.98876531,0.365050011,0,45723.5882,0.743579424,0.735396088,0.879118066,-1.153878244,-1.385328194,0.667488943,-0.447110612
3767,195,Pusiga,2011,0,910.8558994,26.14568021,0.320644531,0,46900.91467,0.751539237,0.743579424,1.078769833,-1.297109882,-1.703108396,0.72016812,-0.447110612
3768,195,Pusiga,2012,0,926.2359768,25.84987105,0.351233696,0,48684.17319,0.759263537,0.751539237,0.702394977,-1.239828033,-1.484202277,0.771408398,-0.447110612
3769,195,Pusiga,2013,0,854.5228885,25.69663121,0.351536705,0,50581.51778,0.766719046,0.759263537,0.507419184,-1.506917607,-1.482033848,0.821132586,-0.447110612
3770,195,Pusiga,2014,0,933.2040619,26.09987105,0.351245481,0,49230.20088,0.773885765,0.766719046,1.020484232,-1.213875966,-1.484117941,0.869126471,-0.447110612
3771,195,Pusiga,2015,0,921.7279175,25.92865893,0.334653592,0,73413.85306,0.780696445,0.773885765,0.802641288,-1.256617934,-1.602854949,0.915261304,-0.447110612
3772,195,Pusiga,2016,0,983.6589297,26.18060928,0.34684088,0,75105.62736,0.787219219,0.780696445,1.12321209,-1.025960908,-1.515638716,0.959104182,-0.447110612
3773,195,Pusiga,2017,0,886.7417795,26.13779819,0.347299878,0,76831.49983,0.793128521,0.787219219,1.0687411,-1.386920963,-1.512353975,1.001093702,-0.447110612
3774,195,Pusiga,2018,0,989.1044487,26.03060928,0.348410818,0,78477.87163,0.798864993,0.793128521,0.932358537,-1.005679514,-1.504403723,1.039134078,-0.447110612
3775,195,Pusiga,2019,0,670.415216,26.57408124,0.381259618,0,80094.59317,0.804344627,0.798864993,1.623848893,-2.192611682,-1.269326918,1.076061882,-0.447110612
3776,195,Pusiga,2020,0,1044.748227,26.29464861,0.366508867,0,81704.06035,0.91871736,0.804344627,1.268310832,-0.798438781,-1.374888135,1.111336324,-0.447110612
3777,195,Pusiga,2021,0,705.6283043,26.33072211,0.363455192,0,83354.17646,0.920861619,0.91871736,1.314209204,-2.061463394,-1.396741238,1.847596124,-0.447110612
3778,195,Pusiga,2022,0,988.9223082,25.99010316,0.354320296,0,84971.70771,0.922921106,0.920861619,0.880820285,-1.006357882,-1.462113555,1.861399519,-0.447110612
3779,195,Pusiga,2023,0,874.8513862,26.41813346,0.363528086,0,86618.74316,0.924896042,0.922921106,1.425427645,-1.431205768,-1.396219583,1.874657204,-0.447110612
3780,195,Pusiga,2024,2,855.0290135,26.60420696,0.353001008,0,88277.61557,0.926801202,0.924896042,1.662179571,-1.505032585,-1.471554815,1.887370602,-0.447110612
3781,196,Bawku Municipal,2005,0,956.7818365,26.12890416,0.328028785,0.024658035,67713.55556,0.703526176,0.693615275,1.057424707,-1.126062459,-1.650264247,0.39853032,-0.361889036
3782,196,Bawku Municipal,2006,0,905.2640751,26.17020777,0.333561605,0.024658035,64363.38182,0.711508352,0.703526176,1.109977657,-1.317936178,-1.61066957,0.46233047,-0.361889036
3783,196,Bawku Municipal,2007,0,1013.497319,25.78704759,0.318210528,0.024658035,64032.4575,0.720749917,0.711508352,0.622461102,-0.91483025,-1.720526923,0.513714708,-0.361889036
3784,196,Bawku Municipal,2008,0,1027.165214,25.16110925,0.331599642,0.024658035,64420.75721,0.726906916,0.720749917,-0.173955936,-0.863925283,-1.624710021,0.573206097,-0.361889036
3785,196,Bawku Municipal,2009,0,1063.859584,26.49582775,0.351663002,0.024658035,63025.88315,0.735396088,0.726906916,1.524282515,-0.727260082,-1.481130022,0.612840986,-0.361889036
3786,196,Bawku Municipal,2010,0,945.2188338,26.09433646,0.365798084,0.024658035,64582.84399,0.743579424,0.735396088,1.013442258,-1.169127924,-1.379974734,0.667488943,-0.361889036
3787,196,Bawku Municipal,2011,0,903.1699062,26.26330429,0.327264362,0.024658035,66669.46925,0.751539237,0.743579424,1.228429661,-1.32573574,-1.655734713,0.72016812,-0.361889036
3788,196,Bawku Municipal,2012,0,920.4587802,25.9670744,0.349714427,0.024658035,66776.24447,0.759263537,0.751539237,0.851519477,-1.261344733,-1.495074668,0.771408398,-0.361889036
3789,196,Bawku Municipal,2013,0,850.9678284,25.81481233,0.350254406,0.024658035,67861.15842,0.766719046,0.759263537,0.657787771,-1.520158139,-1.491210402,0.821132586,-0.361889036
3790,196,Bawku Municipal,2014,0,930.1672252,26.21719169,0.343584807,0.024658035,70197.06438,0.773885765,0.766719046,1.16975797,-1.225186417,-1.538940243,0.869126471,-0.361889036
3791,196,Bawku Municipal,2015,0,913.4808981,25.99510724,0.321755281,0.024658035,114768.969,0.780696445,0.773885765,0.88718726,-1.287333288,-1.695159501,0.915261304,-0.361889036
3792,196,Bawku Municipal,2016,0,981.3052949,26.31948727,0.340039987,0.024658035,117429.8157,0.786872372,0.780696445,1.299914464,-1.03472683,-1.564308141,0.959104182,-0.361889036
3793,196,Bawku Municipal,2017,0,871.3243968,26.27154826,0.340910478,0.024658035,120129.7967,0.792106011,0.786872372,1.238918931,-1.444341753,-1.558078617,0.998860923,-0.361889036
3794,196,Bawku Municipal,2018,0,985.6668901,26.16948727,0.342119748,0.024658035,122698.3826,0.797870837,0.792106011,1.109060911,-1.018482422,-1.549424686,1.0325518,-0.361889036
3795,196,Bawku Municipal,2019,0,684.5656836,26.68171917,0.373393005,0.024658035,125204.5406,0.803377555,0.797870837,1.76080277,-2.139909414,-1.325622983,1.069662128,-0.361889036
3796,196,Bawku Municipal,2020,0,1038.401139,26.35398794,0.359758633,0.024658035,127694.8648,0.918315601,0.803377555,1.343811634,-0.822077993,-1.42319503,1.105110922,-0.361889036
3797,196,Bawku Municipal,2021,0,695.8679625,26.43324397,0.359659093,0.024658035,130248.5513,0.923250582,0.918315601,1.444653603,-2.097814995,-1.423907372,1.845009857,-0.361889036
3798,196,Bawku Municipal,2022,0,1006.020442,26.02920576,0.348108866,0.024658035,132760.6229,0.925247899,0.923250582,0.930572758,-0.94267727,-1.506564592,1.876778161,-0.361889036
3799,196,Bawku Municipal,2023,0,846.5831099,26.52737936,0.356384971,0.024658035,135300.5331,0.923610336,0.925247899,1.564427426,-1.536488667,-1.447338061,1.889635634,-0.361889036
3800,196,Bawku Municipal,2024,0,846.0435657,26.67634048,0.351966075,0.024658035,137856.5052,0.917931487,0.923610336,1.75395916,-1.538498156,-1.478961138,1.879094033,-0.361889036
3801,197,West Gonja,2005,0,1006.533704,25.57009084,0.533858582,0.000312019,44088.05585,0.526995793,0.511183613,0.346414656,-0.940765669,-0.177278589,-0.775850118,-0.446032233
3802,197,West Gonja,2006,0,1066.743766,25.83588977,0.531325288,0.000312019,45261.42994,0.54236491,0.526995793,0.684605796,-0.716518182,-0.195407673,-0.674061234,-0.446032233
3803,197,West Gonja,2007,0,1041.33867,25.32700172,0.533632233,0.000312019,46124.24937,0.55702483,0.54236491,0.037118511,-0.811137399,-0.178898416,-0.575124513,-0.446032233
3804,197,West Gonja,2008,0,1101.173377,25.37112194,0.526125833,0.000312019,47925.44665,0.57095968,0.55702483,0.093255191,-0.588287892,-0.232616685,-0.480753161,-0.446032233
3805,197,West Gonja,2009,0,1188.368481,25.84107162,0.556955172,0.000312019,48859.09667,0.583506458,0.57095968,0.691198955,-0.263536808,-0.011991803,-0.391049347,-0.446032233
3806,197,West Gonja,2010,0,1059.922036,25.74473661,0.549439141,0.000312019,48497.78268,0.596387245,0.583506458,0.568626435,-0.741925163,-0.06577899,-0.310281075,-0.446032233
3807,197,West Gonja,2011,0,999.4818153,25.71044787,0.54368493,0.000312019,50681.25141,0.608225909,0.596387245,0.524998909,-0.967029855,-0.106958015,-0.227362659,-0.446032233
3808,197,West Gonja,2012,0,1083.501087,25.51607775,0.560210673,0.000312019,54172.55754,0.620405621,0.608225909,0.277690733,-0.6541069,0.011305632,-0.151152777,-0.446032233
3809,197,West Gonja,2013,0,970.2099218,25.36307912,0.55604362,0.000312019,52998.50077,0.630041786,0.620405621,0.083021849,-1.076050646,-0.018515165,-0.072747445,-0.446032233
3810,197,West Gonja,2014,0,1098.569004,25.84889349,0.550199317,0.000312019,57194.05543,0.634814399,0.630041786,0.701151167,-0.597987669,-0.060338921,-0.010715865,-0.446032233
3811,197,West Gonja,2015,0,897.8973801,26.00014379,0.513585976,0.000312019,60450.9655,0.640589666,0.634814399,0.893595557,-1.345372835,-0.322356022,0.020007219,-0.446032233
3812,197,West Gonja,2016,0,1117.886999,26.07696402,0.528102635,0.000312019,61821.0799,0.6470618,0.640589666,0.991338306,-0.526039364,-0.218470041,0.057184761,-0.446032233
3813,197,West Gonja,2017,0,875.682899,25.82776541,0.537864948,0.000312019,63216.87522,0.651514817,0.6470618,0.674268704,-1.428108866,-0.148607721,0.098848288,-0.446032233
3814,197,West Gonja,2018,0,1227.79213,25.82171378,0.555253525,0.000312019,64549.20155,0.661178186,0.651514817,0.666568875,-0.116706629,-0.024169349,0.127514015,-0.446032233
3815,197,West Gonja,2019,0,881.6538596,26.53897608,0.564042763,0.000312019,65853.17202,0.668919601,0.661178186,1.5791826,-1.405870508,0.038729324,0.189720718,-0.446032233
3816,197,West Gonja,2020,0,892.0326167,26.47943657,0.546979598,0.000312019,67151.24,0.677790604,0.668919601,1.503427088,-1.36721567,-0.083380289,0.239555084,-0.446032233
3817,197,West Gonja,2021,24,845.1135096,25.92278084,0.540907578,0.000312019,68488.54558,0.716879717,0.677790604,0.795162255,-1.541962074,-0.126833659,0.296661027,-0.446032233
3818,197,West Gonja,2022,1,1055.917529,25.79313471,0.564917586,0.000312019,69796.27296,0.73262403,0.716879717,0.630206096,-0.756839623,0.04498985,0.548292182,-0.446032233
3819,197,West Gonja,2023,0,1043.443938,26.28245976,0.572332639,0.000312019,71130.10245,0.739474809,0.73262403,1.252802252,-0.8032965,0.098054404,0.649644178,-0.446032233
3820,197,West Gonja,2024,0,1011.744695,26.53187318,0.562305729,0.000312019,72473.25477,0.746083543,0.739474809,1.570145175,-0.921357754,0.026298542,0.69374519,-0.446032233
3821,198,Mion,2005,0,1165.446553,25.57631675,0.498580994,0.000680673,82353.77741,0.567768589,0.553319413,0.354336244,-0.348907667,-0.429736601,-0.504606303,-0.444758112
3822,198,Mion,2006,0,1101.597862,25.76848021,0.48018105,0.000680673,86787.20622,0.581812894,0.567768589,0.598836775,-0.586706934,-0.561412645,-0.411591585,-0.444758112
3823,198,Mion,2007,0,1189.077436,25.46517044,0.492448159,0.000680673,89791.90212,0.595209134,0.581812894,0.212918453,-0.260896362,-0.47362518,-0.321183175,-0.444758112
3824,198,Mion,2008,0,1297.190118,25.43403144,0.492869953,0.000680673,92517.86362,0.607942805,0.595209134,0.173298526,0.141760542,-0.470606684,-0.2349466,-0.444758112
3825,198,Mion,2009,0,1348.738995,25.91038627,0.514185623,0.000680673,99363.38555,0.620130008,0.607942805,0.779391938,0.33375015,-0.318064745,-0.152975224,-0.444758112
3826,198,Mion,2010,0,1287.252445,25.83901819,0.510823024,0.000680673,102312.0521,0.631878149,0.620130008,0.688586259,0.104748485,-0.342128613,-0.074521664,-0.444758112
3827,198,Mion,2011,0,1164.058793,25.85700947,0.497548847,0.000680673,108753.0713,0.643305395,0.631878149,0.7114776,-0.354076266,-0.437122982,0.001105482,-0.444758112
3828,198,Mion,2012,0,1160.176836,25.46386663,0.509575414,0.000680673,111825.781,0.654394535,0.643305395,0.211259548,-0.3685343,-0.351056919,0.074666919,-0.444758112
3829,198,Mion,2013,0,1013.278795,25.43160051,0.503768491,0.000680673,120081.3425,0.664099555,0.654394535,0.17020552,-0.915644125,-0.392613165,0.14605183,-0.444758112
3830,198,Mion,2014,0,1198.264782,25.74281689,0.504333213,0.000680673,126826.1934,0.669804078,0.664099555,0.566183862,-0.226678838,-0.388571832,0.208526656,-0.444758112
3831,198,Mion,2015,0,1000.07899,26.06977945,0.465452274,0.000680673,90575.31369,0.679749753,0.669804078,0.982196972,-0.964805727,-0.666816606,0.245248792,-0.444758112
3832,198,Mion,2016,0,1194.651232,26.06925549,0.471677568,0.000680673,92611.2993,0.689274998,0.679749753,0.981530309,-0.240137211,-0.622266358,0.3092728,-0.444758112
3833,198,Mion,2017,0,1049.255186,25.84989643,0.483405889,0.000680673,94686.38155,0.698249885,0.689274998,0.702427264,-0.781652977,-0.538334636,0.370590339,-0.444758112
3834,198,Mion,2018,0,1281.288848,25.83470466,0.493156478,0.000680673,96665.20765,0.706617308,0.698249885,0.683097918,0.082537552,-0.468556222,0.428365024,-0.444758112
3835,198,Mion,2019,0,1017.140129,26.59191062,0.485693919,0.000680673,98602.38696,0.714610097,0.706617308,1.646534235,-0.901262902,-0.521960748,0.482229235,-0.444758112
3836,198,Mion,2020,0,1141.998355,26.27217534,0.512122269,0.000680673,100536.7972,0.866638781,0.714610097,1.239716808,-0.436238577,-0.332830788,0.533681794,-0.444758112
3837,198,Mion,2021,0,893.6455661,26.31432053,0.483190801,0.000680673,102519.6231,0.870156889,0.866638781,1.293340531,-1.361208371,-0.539873882,1.512346955,-0.444758112
3838,198,Mion,2022,0,1437.201694,25.72936455,0.482771751,0.000680673,104460.8765,0.873535909,0.870156889,0.549067681,0.663222286,-0.542872737,1.534994319,-0.444758112
3839,198,Mion,2023,0,1123.866604,26.22162397,0.477849736,0.000680673,106441.2357,0.876776206,0.873535909,1.175397411,-0.503768812,-0.578096295,1.55674633,-0.444758112
3840,198,Mion,2024,0,1037.255765,26.63696348,0.479567677,0.000680673,108437.7222,0.877958639,0.876776206,1.703857549,-0.826343847,-0.565802145,1.577605327,-0.444758112
3841,199,Yendi,2005,0,1170.966324,25.74257071,0.492594573,0.003727246,79359.45486,0.567768589,0.553319413,0.565870632,-0.328349727,-0.4725774,-0.504606303,-0.434228734
3842,199,Yendi,2006,0,1112.363835,25.94939189,0.467678453,0.003727246,82010.65986,0.581812894,0.567768589,0.829021013,-0.546609941,-0.650885342,-0.411591585,-0.434228734
3843,199,Yendi,2007,0,1224.013826,25.62533991,0.493507691,0.003727246,86322.24551,0.595209134,0.581812894,0.416711206,-0.130778615,-0.466042827,-0.321183175,-0.434228734
3844,199,Yendi,2008,0,1322.230222,25.59288337,0.471367575,0.003727246,91263.44402,0.607942805,0.595209134,0.375414896,0.235020376,-0.624484769,-0.2349466,-0.434228734
3845,199,Yendi,2009,0,1366.627675,26.0556824,0.511133647,0.003727246,92382.25175,0.620130008,0.607942805,0.964260498,0.400375084,-0.339905691,-0.152975224,-0.434228734
3846,199,Yendi,2010,0,1315.873386,26.01977224,0.496831874,0.003727246,97602.95843,0.631878149,0.620130008,0.918569954,0.211344858,-0.442253878,-0.074521664,-0.434228734
3847,199,Yendi,2011,0,1186.883139,26.02094257,0.479407207,0.003727246,100224.3291,0.643305395,0.631878149,0.92005903,-0.269068843,-0.566950523,0.001105482,-0.434228734
3848,199,Yendi,2012,0,1174.22764,25.62154208,0.500337498,0.003727246,105666.7327,0.654394535,0.643305395,0.411879008,-0.31620322,-0.41716648,0.074666919,-0.434228734
3849,199,Yendi,2013,0,1018.180254,25.62861855,0.487768136,0.003727246,107272.9747,0.665097794,0.654394535,0.420882808,-0.89738904,-0.507116965,0.14605183,-0.434228734
3850,199,Yendi,2014,0,1208.502209,25.89265102,0.486876244,0.003727246,109831.5108,0.67538646,0.665097794,0.756826376,-0.188550374,-0.513499641,0.214952689,-0.434228734
3851,199,Yendi,2015,0,1008.007917,26.24265102,0.449769467,0.003727246,140148.0834,0.685163991,0.67538646,1.202151333,-0.935275082,-0.779047923,0.281184659,-0.434228734
3852,199,Yendi,2016,0,1183.741266,26.21876255,0.461265617,0.003727246,143440.525,0.694528199,0.685163991,1.171756665,-0.280770496,-0.696777699,0.34412626,-0.434228734
3853,199,Yendi,2017,0,1079.235615,25.97712983,0.469044778,0.003727246,146795.2804,0.703351354,0.694528199,0.864313573,-0.669993306,-0.641107466,0.404407147,-0.434228734
3854,199,Yendi,2018,0,1276.272216,26.0083558,0.474616774,0.003896665,149995.2942,0.711577315,0.703351354,0.904044164,0.063853515,-0.601232432,0.461205078,-0.4336432
3855,199,Yendi,2019,0,1017.329241,26.71008261,0.476366556,0.003896665,153118.4542,0.719434976,0.711577315,1.796891195,-0.900558568,-0.588710415,0.514158646,-0.4336432
3856,199,Yendi,2020,0,1177.135161,26.40692731,0.491106413,0.004066081,156236.8944,0.868893422,0.719434976,1.411169423,-0.305374394,-0.483227157,0.564741334,-0.433057673
3857,199,Yendi,2021,1,958.6495898,26.4656388,0.460663841,0.004066081,159436.3897,0.872352052,0.868893422,1.485871401,-1.119106163,-0.701084204,1.526860917,-0.433057673
3858,199,Yendi,2022,0,1659.064655,25.80691297,0.460558395,0.004066081,162573.9355,0.875673945,0.872352052,0.647736963,1.489532868,-0.701838813,1.549125398,-0.433057673
3859,199,Yendi,2023,0,1107.27824,26.37292754,0.456600166,0.004066081,165771.1119,0.878859461,0.875673945,1.367909577,-0.565550826,-0.730165198,1.570509664,-0.433057673
3860,199,Yendi,2024,0,1065.257931,26.7658941,0.460968578,0.004066081,168992.1259,0.881932429,0.878859461,1.86790333,-0.722052053,-0.69890341,1.591016013,-0.433057673
3861,200,Tolon,2005,0,1059.543283,26.14923636,0.430068016,0.000723868,62465.44861,0.566421111,0.551926889,1.083294531,-0.743335796,-0.920037981,-0.513570497,-0.444608826
3862,200,Tolon,2006,0,1039.33765,26.36857169,0.440010028,0.000723868,61806.377,0.580509198,0.566421111,1.362367377,-0.818590034,-0.848889677,-0.420265807,-0.444608826
3863,200,Tolon,2007,0,1040.267579,25.9510752,0.441168716,0.000723868,60251.55448,0.593947201,0.580509198,0.831162791,-0.815126591,-0.840597728,-0.329575548,-0.444608826
3864,200,Tolon,2008,0,1128.482314,25.81760034,0.442565631,0.000723868,57566.45715,0.606720569,0.593947201,0.661335114,-0.486577973,-0.830600947,-0.243070132,-0.444608826
3865,200,Tolon,2009,0,1207.589712,26.47460749,0.457640107,0.000723868,59233.06921,0.618945766,0.606720569,1.497282771,-0.191948893,-0.722723041,-0.16084321,-0.444608826
3866,200,Tolon,2010,0,1113.676523,26.36896267,0.462289179,0.000723868,57661.34963,0.630730531,0.618945766,1.362864847,-0.541720941,-0.689452756,-0.082145072,-0.444608826
3867,200,Tolon,2011,0,1027.189932,26.35336612,0.434776129,0.000723868,55977.80689,0.642193402,0.630730531,1.343020461,-0.863833224,-0.886345182,-0.006282158,-0.444608826
3868,200,Tolon,2012,0,1069.731016,26.03311748,0.455082675,0.000723868,56036.87173,0.653317112,0.642193402,0.935549855,-0.705392412,-0.741024867,0.067508605,-0.444608826
3869,200,Tolon,2013,0,951.6500092,25.95230619,0.429117036,0.000723868,55155.76452,0.664053738,0.653317112,0.832729044,-1.145175533,-0.926843509,0.139116059,-0.444608826
3870,200,Tolon,2014,0,1101.812511,26.34310282,0.428020764,0.000723868,55431.34716,0.67437448,0.664053738,1.329961876,-0.585907487,-0.934688789,0.208231716,-0.444608826
3871,200,Tolon,2015,0,929.7847761,26.48328853,0.402994092,0.000723868,114810.0657,0.684182492,0.67437448,1.508328157,-1.226610818,-1.113787876,0.274670164,-0.444608826
3872,200,Tolon,2016,0,1114.243753,26.61926813,0.419764555,0.000723868,117366.2834,0.693575892,0.684182492,1.68134275,-0.539608336,-0.993772933,0.337807984,-0.444608826
3873,200,Tolon,2017,0,911.1964689,26.4208565,0.425347258,0.000723868,119971.0196,0.701382913,0.693575892,1.428892318,-1.295841459,-0.953821278,0.398276797,-0.444608826
3874,200,Tolon,2018,0,1214.842752,26.27359032,0.440948213,0.000723868,122454.4984,0.709663458,0.701382913,1.241517168,-0.164935537,-0.84217572,0.448533489,-0.444608826
3875,200,Tolon,2019,0,854.0853442,27.20443827,0.449231138,0.000723868,124893.3622,0.717573259,0.709663458,2.425888084,-1.508547205,-0.782900385,0.501838436,-0.444608826
3876,200,Tolon,2020,0,1025.792351,26.95533936,0.46051584,0.000723868,127322.1025,0.868023452,0.717573259,2.108945342,-0.8690384,-0.702143353,0.55275677,-0.444608826
3877,200,Tolon,2021,0,792.4784043,26.58323355,0.429193646,0.000723868,129819.1007,0.871505031,0.868023452,1.635493903,-1.73799725,-0.92629526,1.521260592,-0.444608826
3878,200,Tolon,2022,0,1051.610361,26.38893335,0.451657072,0.000723868,132259.2879,0.874848968,0.871505031,1.388274677,-0.77288132,-0.765539608,1.543672812,-0.444608826
3879,200,Tolon,2023,0,989.7004704,26.86119189,0.4553192,0.000723868,134752.7207,0.878055621,0.874848968,1.989156143,-1.00345968,-0.739332214,1.565198975,-0.444608826
3880,200,Tolon,2024,0,1048.973486,26.53083267,0.432932693,0.000723868,137264.7108,0.88114898,0.878055621,1.568821275,-0.782702145,-0.899537416,1.585841396,-0.444608826
3881,201,Kumbungu,2005,0,1060.341466,26.09638318,0.426307823,0,59828.4112,0.566421111,0.551926889,1.01604642,-0.740363028,-0.946947159,-0.513570497,-0.447110612
3882,201,Kumbungu,2006,0,1036.155772,26.31079683,0.440116383,0,58562.67389,0.580509198,0.566421111,1.288857122,-0.83044068,-0.84812857,-0.420265807,-0.447110612
3883,201,Kumbungu,2007,0,1048.55011,25.88550056,0.442222909,0,58193.70099,0.593947201,0.580509198,0.747728437,-0.784278977,-0.833053574,-0.329575548,-0.447110612
3884,201,Kumbungu,2008,0,1123.691833,25.71893399,0.438681842,0,59141.60479,0.606720569,0.593947201,0.53579629,-0.50441973,-0.858394615,-0.243070132,-0.447110612
3885,201,Kumbungu,2009,0,1201.74374,26.42861816,0.446897488,0,55519.02431,0.618945766,0.606720569,1.43876792,-0.213721743,-0.799600751,-0.16084321,-0.447110612
3886,201,Kumbungu,2010,0,1111.200279,26.2971473,0.452120358,0,55378.78182,0.630730531,0.618945766,1.271490053,-0.55094351,-0.762224179,-0.082145072,-0.447110612
3887,201,Kumbungu,2011,0,1027.861977,26.29001287,0.426701748,0,55301.21992,0.642193402,0.630730531,1.26241251,-0.86133025,-0.944128105,-0.006282158,-0.447110612
3888,201,Kumbungu,2012,0,1062.477184,26.00004022,0.453632792,0,55312.32642,0.653317112,0.642193402,0.893463769,-0.732408721,-0.751400707,0.067508605,-0.447110612
3889,201,Kumbungu,2013,0,946.1319642,25.88313314,0.429849905,0,53184.37531,0.664053738,0.653317112,0.744716235,-1.165727043,-0.921598856,0.139116059,-0.447110612
3890,201,Kumbungu,2014,0,1102.283608,26.29832163,0.422691128,0,50896.21877,0.67437448,0.664053738,1.272984214,-0.584152928,-0.972829415,0.208231716,-0.447110612
3891,201,Kumbungu,2015,0,935.2452678,26.3702531,0.395373769,0,96785.25381,0.684182492,0.67437448,1.364506726,-1.20627366,-1.168321414,0.274670164,-0.447110612
3892,201,Kumbungu,2016,0,1103.364953,26.54334281,0.412825325,0,99059.00939,0.689605281,0.684182492,1.584738634,-0.580125547,-1.043432347,0.337807984,-0.447110612
3893,201,Kumbungu,2017,0,906.4305325,26.36066545,0.435111776,0,101373.0088,0.691033835,0.689605281,1.352307818,-1.313591802,-0.88394318,0.372716494,-0.447110612
3894,201,Kumbungu,2018,0,1192.949434,26.21337069,0.444829318,0,103583.3769,0.699601357,0.691033835,1.164896295,-0.246475419,-0.814401256,0.38191263,-0.447110612
3895,201,Kumbungu,2019,0,807.5498954,27.13359161,0.450035445,0,105733.1862,0.707785286,0.699601357,2.335745847,-1.681864705,-0.777144504,0.43706495,-0.447110612
3896,201,Kumbungu,2020,0,1117.383559,26.79096466,0.453420637,0,107875.3774,0.863449582,0.707785286,1.899802041,-0.527914384,-0.752918958,0.489747945,-0.447110612
3897,201,Kumbungu,2021,0,795.1194702,26.56546732,0.43888146,0,110068.8102,0.867051822,0.863449582,1.61288891,-1.728160814,-0.856966084,1.491816895,-0.447110612
3898,201,Kumbungu,2022,0,1048.581104,26.33343879,0.453763844,0,112223.9126,0.870511648,0.867051822,1.317665785,-0.784163544,-0.750462849,1.515005848,-0.447110612
3899,201,Kumbungu,2023,0,940.6271114,26.83418414,0.455037054,0,114417.0027,0.873829434,0.870511648,1.954792644,-1.186229421,-0.741351342,1.537278037,-0.447110612
3900,201,Kumbungu,2024,0,984.128157,26.68822993,0.430133901,0,116626.089,0.877029998,0.873829434,1.769086785,-1.024213309,-0.919566491,1.558635856,-0.447110612
3901,202,West Mamprusi,2005,0,1058.54848,25.97080305,0.427166206,0.002152135,109980.371,0.499542353,0.486890437,0.856263651,-0.74704086,-0.940804292,-0.932234321,-0.439672538
3902,202,West Mamprusi,2006,0,1042.488275,26.1737801,0.453296885,0.002152135,113215.9009,0.515479671,0.499542353,1.114522933,-0.806855788,-0.753804565,-0.850789236,-0.439672538
3903,202,West Mamprusi,2007,0,1084.848271,25.66366854,0.448218954,0.002152135,117536.5229,0.531000834,0.515479671,0.465478907,-0.649089422,-0.790143905,-0.748194793,-0.439672538
3904,202,West Mamprusi,2008,0,1114.019973,25.48274287,0.438876616,0.002152135,120090.0487,0.545754332,0.531000834,0.235276863,-0.540441787,-0.857000749,-0.648279293,-0.439672538
3905,202,West Mamprusi,2009,0,1192.175779,26.34904241,0.454461311,0.002152135,125552.6908,0.559874681,0.545754332,1.337519163,-0.249356836,-0.745471548,-0.553305542,-0.439672538
3906,202,West Mamprusi,2010,0,1091.415271,26.09186208,0.457462538,0.002152135,128478.3592,0.573486322,0.559874681,1.010293964,-0.624631166,-0.723993785,-0.462407606,-0.439672538
3907,202,West Mamprusi,2011,0,1023.711175,26.13161463,0.417393046,0.002152135,131884.3208,0.58672617,0.573486322,1.060873393,-0.876789573,-1.01074423,-0.374784413,-0.439672538
3908,202,West Mamprusi,2012,0,1059.619809,25.86658555,0.455929109,0.002152135,135481.1516,0.599574278,0.58672617,0.723661788,-0.743050781,-0.734967507,-0.289554594,-0.439672538
3909,202,West Mamprusi,2013,0,946.3067126,25.73378263,0.439159722,0.002152135,138438.0464,0.611975298,0.599574278,0.554689061,-1.165076207,-0.854974746,-0.206846542,-0.439672538
3910,202,West Mamprusi,2014,0,1092.391663,26.18918842,0.432598818,0.002152135,146114.699,0.623842245,0.611975298,1.134127814,-0.620994673,-0.901926735,-0.127016565,-0.439672538
3911,202,West Mamprusi,2015,0,957.9528159,26.14756337,0.395179269,0.002152135,162547.07,0.635172315,0.623842245,1.081165883,-1.121701241,-1.169713322,-0.050624615,-0.439672538
3912,202,West Mamprusi,2016,0,1084.185323,26.40412585,0.41894629,0.002152135,166296.8343,0.640526104,0.635172315,1.407604956,-0.651558518,-0.999628711,0.022311255,-0.439672538
3913,202,West Mamprusi,2017,0,923.6030908,26.23860691,0.427037475,0.002152135,170117.9025,0.642805048,0.640526104,1.197005783,-1.249634003,-0.941725534,0.056775589,-0.439672538
3914,202,West Mamprusi,2018,0,1155.187662,26.0707035,0.436771496,0.002152135,173763.8373,0.652709936,0.642805048,0.983372688,-0.387116074,-0.872065676,0.071445995,-0.439672538
3915,202,West Mamprusi,2019,0,788.5089754,26.8028143,0.435023093,0.002152135,177328.9313,0.662171355,0.652709936,1.914879007,-1.752781065,-0.884577828,0.135207443,-0.439672538
3916,202,West Mamprusi,2020,0,1227.778427,26.46462455,0.430342373,0.002152135,180884.9635,0.827780248,0.662171355,1.484580907,-0.116757663,-0.918074595,0.196114112,-0.439672538
3917,202,West Mamprusi,2021,0,896.9448834,26.35346849,0.421811678,0.002152135,184537.5514,0.832323455,0.827780248,1.343150716,-1.348920332,-0.97912305,1.262200129,-0.439672538
3918,202,West Mamprusi,2022,0,1121.65925,26.11339991,0.420427996,0.002152135,188118.1457,0.836687048,0.832323455,1.037697773,-0.51198992,-0.989025137,1.291446439,-0.439672538
3919,202,West Mamprusi,2023,0,905.3285191,26.65878263,0.421129027,0.002152135,191765.1095,0.840871496,0.836687048,1.731619304,-1.317696161,-0.984008329,1.319536509,-0.439672538
3920,202,West Mamprusi,2024,0,933.4618229,26.81466247,0.401453744,0.002152135,195439.7709,0.843149435,0.840871496,1.929954117,-1.212915956,-1.124811113,1.346473359,-0.439672538
3921,203,Mamprugu-Moagduri,2005,0,1022.446005,25.97439119,0.434809414,0,35996.31477,0.50129622,0.488702935,0.860829054,-0.881501596,-0.886106979,-0.920566596,-0.447110612
3922,203,Mamprugu-Moagduri,2006,0,1043.37217,26.15670077,0.453315378,0,38142.27614,0.517176551,0.50129622,1.092791924,-0.803563794,-0.753672221,-0.839498937,-0.447110612
3923,203,Mamprugu-Moagduri,2007,0,1058.908815,25.68380339,0.468906337,0,39158.50145,0.532643357,0.517176551,0.491097626,-0.745698821,-0.642098198,-0.737271344,-0.447110612
3924,203,Mamprugu-Moagduri,2008,0,1084.103361,25.35111258,0.46151127,0,42423.08074,0.547345185,0.532643357,0.067796136,-0.65186378,-0.69501973,-0.637705767,-0.447110612
3925,203,Mamprugu-Moagduri,2009,0,1169.485217,26.28804365,0.48343514,0,42810.24085,0.561416082,0.547345185,1.259906956,-0.333865989,-0.53812531,-0.543064632,-0.447110612
3926,203,Mamprugu-Moagduri,2010,0,1063.416868,26.15109702,0.488208653,0,45670.07219,0.574980052,0.561416082,1.085661954,-0.728908945,-0.503964482,-0.452485038,-0.447110612
3927,203,Mamprugu-Moagduri,2011,0,999.9926087,26.06906753,0.44748872,0,47754.61015,0.588173531,0.574980052,0.98129116,-0.965127447,-0.795369703,-0.365168717,-0.447110612
3928,203,Mamprugu-Moagduri,2012,0,1053.048782,25.95273283,0.478983077,0,49212.99442,0.600976643,0.588173531,0.833271877,-0.767524036,-0.569985735,-0.280237388,-0.447110612
3929,203,Mamprugu-Moagduri,2013,0,960.5410799,25.67664748,0.471105626,0,54403.25169,0.613334233,0.600976643,0.481992745,-1.112061462,-0.626359364,-0.197818995,-0.447110612
3930,203,Mamprugu-Moagduri,2014,0,1096.776239,26.18891698,0.461261241,0,54384.81306,0.625213148,0.613334233,1.133782451,-0.604664675,-0.696809016,-0.118268598,-0.447110612
3931,203,Mamprugu-Moagduri,2015,0,939.097487,26.13895978,0.423470714,0,63106.45915,0.636501926,0.625213148,1.070219046,-1.191926383,-0.967250444,-0.041799602,-0.447110612
3932,203,Mamprugu-Moagduri,2016,0,1081.68342,26.28722672,0.450103148,0,64565.43239,0.643915734,0.636501926,1.25886753,-0.660876653,-0.776659996,0.030870454,-0.447110612
3933,203,Mamprugu-Moagduri,2017,0,899.2176146,26.18488291,0.455021577,0,66052.03092,0.654200764,0.643915734,1.128649664,-1.340455729,-0.741462105,0.078595894,-0.447110612
3934,203,Mamprugu-Moagduri,2018,0,1159.908543,26.03994009,0.459685869,0,67470.4737,0.663789653,0.654200764,0.944230656,-0.369533537,-0.708082897,0.144804458,-0.447110612
3935,203,Mamprugu-Moagduri,2019,0,767.2164864,26.83517856,0.453922658,0,68857.10317,0.672949221,0.663789653,1.9560579,-1.832083211,-0.749326325,0.206531703,-0.447110612
3936,203,Mamprugu-Moagduri,2020,0,1176.715397,26.53261301,0.456032027,0,70240.59988,0.833274636,0.672949221,1.5710865,-0.306937772,-0.734230986,0.265495245,-0.447110612
3937,203,Mamprugu-Moagduri,2021,0,865.8809616,26.29516261,0.449162555,0,71661.24855,0.837672899,0.833274636,1.268964816,-1.464615386,-0.783391189,1.297569544,-0.447110612
3938,203,Mamprugu-Moagduri,2022,0,973.1386058,26.25495021,0.439982903,0,73053.5168,0.841897278,0.837672899,1.217800284,-1.065143,-0.849083793,1.325882798,-0.447110612
3939,203,Mamprugu-Moagduri,2023,0,878.8611219,26.73372559,0.462776653,0,74472.13567,0.845948229,0.841897278,1.826973504,-1.416271833,-0.685964233,1.353076701,-0.447110612
3940,203,Mamprugu-Moagduri,2024,0,993.1693379,26.76125807,0.433690011,0,75900.95195,0.848876137,0.845948229,1.862004651,-0.990540165,-0.894117796,1.379154175,-0.447110612
3941,204,Zabzugu,2005,0,1177.266241,25.77330075,0.53565875,0,62509.12808,0.564757964,0.550208145,0.60497022,-0.304886201,-0.164395999,-0.524634692,-0.447110612
3942,204,Zabzugu,2006,0,1152.409323,25.97298496,0.519510663,0,65412.387,0.578900092,0.564757964,0.859039827,-0.397463771,-0.279957011,-0.430972098,-0.447110612
3943,204,Zabzugu,2007,0,1304.486541,25.74105263,0.543363132,0,67182.92134,0.59238964,0.578900092,0.563939097,0.168935478,-0.109260908,-0.339933965,-0.447110612
3944,204,Zabzugu,2008,0,1388.605639,25.68985338,0.518341378,0,70647.26239,0.605212006,0.59238964,0.498795375,0.482230227,-0.288324801,-0.253096726,-0.447110612
3945,204,Zabzugu,2009,0,1394.464436,26.05269925,0.537261816,0,74621.57429,0.617484097,0.605212006,0.960464858,0.50405084,-0.152923926,-0.170554394,-0.447110612
3946,204,Zabzugu,2010,0,1381.682256,26.11946617,0.522792591,0,76750.03001,0.629314066,0.617484097,1.045416214,0.456444647,-0.256470457,-0.091554381,-0.447110612
3947,204,Zabzugu,2011,1,1227.306015,26.10583459,0.526208154,0,79439.86438,0.640820908,0.629314066,1.028071978,-0.118517124,-0.232027564,-0.015400468,-0.447110612
3948,204,Zabzugu,2012,0,1218.446842,25.67180451,0.522254055,0,83127.02262,0.651987286,0.640820908,0.475830765,-0.151512394,-0.260324396,0.058673347,-0.447110612
3949,204,Zabzugu,2013,0,1057.057744,25.7042594,0.529067249,0,85412.32964,0.662765097,0.651987286,0.517124969,-0.752592983,-0.21156694,0.130555476,-0.447110612
3950,204,Zabzugu,2014,0,1251.273684,25.95687218,0.532438077,0,90834.54471,0.673125427,0.662765097,0.838538615,-0.029251487,-0.187444192,0.199936251,-0.447110612
3951,204,Zabzugu,2015,0,1011.56203,26.30982331,0.506520189,0,76749.42663,0.682971061,0.673125427,1.287618461,-0.922038076,-0.372921116,0.266629547,-0.447110612
3952,204,Zabzugu,2016,0,1187.59797,26.31968421,0.507680191,0,78487.67956,0.692400494,0.682971061,1.300165049,-0.266406514,-0.364619755,0.330009555,-0.447110612
3953,204,Zabzugu,2017,0,1125.42218,25.97469173,0.498672839,0,80262.98795,0.700596221,0.692400494,0.861211444,-0.497975193,-0.429079328,0.390710318,-0.447110612
3954,204,Zabzugu,2018,0,1309.03782,26.09460902,0.520225557,0,81962.27548,0.70889858,0.700596221,1.013789053,0.185886344,-0.274840996,0.44346926,-0.447110612
3955,204,Zabzugu,2019,0,995.9735338,26.733,0.51553139,0,83634.01379,0.71682922,0.70889858,1.826050295,-0.980096165,-0.308433999,0.496914636,-0.447110612
3956,204,Zabzugu,2020,0,1045.963383,26.65063158,0.527572501,0,85292.28007,0.867675766,0.71682922,1.721248256,-0.793913029,-0.22226385,0.547967112,-0.447110612
3957,204,Zabzugu,2021,0,1002.280602,26.60797368,0.506051688,0,86997.59338,0.871166517,0.867675766,1.666972184,-0.956606003,-0.376273862,1.51902241,-0.447110612
3958,204,Zabzugu,2022,0,1547.034135,25.97918045,0.505346867,0,88665.45446,0.874519263,0.871166517,0.8669227,1.072284296,-0.381317788,1.541493674,-0.447110612
3959,204,Zabzugu,2023,0,1363.788947,26.51403759,0.511410258,0,90363.26269,0.877734365,0.874519263,1.547451941,0.389802474,-0.337926174,1.563076547,-0.447110612
3960,204,Zabzugu,2024,0,1028.225263,26.92022556,0.486926227,0,92069.61093,0.874715216,0.877734365,2.064268056,-0.859977218,-0.513141944,1.583773349,-0.447110612
3961,205,Tatale-Sangule,2005,0,1186.567075,25.63207038,0.540822251,0.00112419,35675.75337,0.564757964,0.550208145,0.425274765,-0.270246,-0.127444284,-0.524634692,-0.443225255
3962,205,Tatale-Sangule,2006,0,1165.270958,25.83207038,0.527058477,0.00112419,37258.39554,0.578900092,0.564757964,0.67974617,-0.349561655,-0.225942379,-0.430972098,-0.443225255
3963,205,Tatale-Sangule,2007,0,1316.897089,25.63270502,0.542825034,0.00112419,40106.17126,0.59238964,0.578900092,0.426082258,0.215157555,-0.113111711,-0.339933965,-0.443225255
3964,205,Tatale-Sangule,2008,0,1393.311545,25.56845025,0.525085008,0.00112419,41538.30862,0.605212006,0.59238964,0.344327251,0.499756992,-0.240065169,-0.253096726,-0.443225255
3965,205,Tatale-Sangule,2009,0,1412.228396,25.94055636,0.544098243,0.00112419,42802.89218,0.617484097,0.605212006,0.817779064,0.570211265,-0.104000212,-0.170554394,-0.443225255
3966,205,Tatale-Sangule,2010,0,1397.345519,25.9925857,0.522573377,0.00112419,46085.82073,0.629314066,0.617484097,0.883978957,0.514781202,-0.258039225,-0.091554381,-0.443225255
3967,205,Tatale-Sangule,2011,0,1239.426161,25.96642852,0.534148902,0.00112419,49026.63211,0.640820908,0.629314066,0.850697687,-0.073376625,-0.175200967,-0.015400468,-0.443225255
3968,205,Tatale-Sangule,2012,0,1233.213879,25.55416888,0.52921254,0.00112419,51335.6633,0.651987286,0.640820908,0.326156249,-0.096513766,-0.210527192,0.058673347,-0.443225255
3969,205,Tatale-Sangule,2013,0,1063.705556,25.58663449,0.542782866,0.00112419,55031.96721,0.662765097,0.651987286,0.367464092,-0.727833749,-0.113413478,0.130555476,-0.443225255
3970,205,Tatale-Sangule,2014,0,1257.458539,25.82088622,0.540028552,0.00112419,56025.0267,0.673125427,0.662765097,0.665515924,-0.006216497,-0.133124255,0.199936251,-0.443225255
3971,205,Tatale-Sangule,2015,0,1020.478149,26.17803451,0.518372001,0.00112419,68801.24849,0.682971061,0.673125427,1.119936053,-0.888830717,-0.288105651,0.266629547,-0.443225255
3972,205,Tatale-Sangule,2016,0,1182.930835,26.16557346,0.514325584,0.00112419,70412.07802,0.689598766,0.682971061,1.104081152,-0.283788878,-0.317063138,0.330009555,-0.443225255
3973,205,Tatale-Sangule,2017,0,1130.487497,25.84333055,0.510049471,0.00112419,72051.87944,0.698564301,0.689598766,0.69407312,-0.479109832,-0.347664411,0.372674553,-0.443225255
3974,205,Tatale-Sangule,2018,0,1321.777153,25.95896481,0.526312613,0.00112419,73611.1846,0.706923005,0.698564301,0.841201187,0.233332957,-0.231280022,0.430389038,-0.443225255
3975,205,Tatale-Sangule,2019,0,998.6224063,26.60628943,0.529818119,0.00112419,75127.34552,0.714907467,0.706923005,1.664829209,-0.970230654,-0.206193474,0.484197124,-0.443225255
3976,205,Tatale-Sangule,2020,0,1028.303869,26.54945276,0.534884938,0.00112419,76645.91183,0.866777741,0.714907467,1.592512679,-0.859684458,-0.169933649,0.535596071,-0.443225255
3977,205,Tatale-Sangule,2021,0,1015.018393,26.49521927,0.51839545,0.00112419,78202.65854,0.870292182,0.866777741,1.52350832,-0.909165132,-0.287937844,1.513241486,-0.443225255
3978,205,Tatale-Sangule,2022,1,1473.950825,25.85083606,0.51504009,0.00112419,79732.10998,0.8779429,0.870292182,0.703622809,0.80009144,-0.3119499,1.535865253,-0.443225255
3979,205,Tatale-Sangule,2023,0,1310.561906,26.35348104,0.525508953,0.00112419,81292.17104,0.88107028,0.8779429,1.343166678,0.191562681,-0.237031281,1.585115766,-0.443225255
3980,205,Tatale-Sangule,2024,0,1028.654709,26.77269514,0.497476717,0.00112419,82866.54363,0.884087165,0.88107028,1.876556689,-0.858377784,-0.437639174,1.605247873,-0.443225255
3981,206,Sene East,2005,0,1240.05411,25.62728202,0.510836152,0.000336085,50339.41073,0.592228594,0.578597098,0.419182259,-0.071037881,-0.342034661,-0.341884449,-0.445949057
3982,206,Sene East,2006,2,1219.956659,25.91116642,0.505576481,0.000336085,53207.00604,0.958969726,0.592228594,0.780384567,-0.145889203,-0.379674598,-0.25413344,-0.445949057
3983,206,Sene East,2007,0,1545.04018,25.81361167,0.501981607,0.000336085,54710.71242,0.960284093,0.958969726,0.656260104,1.064857972,-0.405400699,2.106715569,-0.445949057
3984,206,Sene East,2008,0,1538.942105,25.71432708,0.502839086,0.000336085,57492.54658,0.961533452,0.960284093,0.529934656,1.042146186,-0.399264297,2.115176639,-0.445949057
3985,206,Sene East,2009,0,1332.812915,25.79087382,0.506831389,0.000336085,58159.19844,0.962729195,0.961533452,0.627329436,0.274434757,-0.370694064,2.12321923,-0.445949057
3986,206,Sene East,2010,0,1490.68946,26.16343093,0.509214094,0.000336085,60371.09728,0.96388186,0.962729195,1.101355089,0.862433128,-0.35364264,2.130916672,-0.445949057
3987,206,Sene East,2011,0,1332.260386,25.87105911,0.500944516,0.000336085,61268.58476,0.96500304,0.96388186,0.729353748,0.272376906,-0.41282246,2.138336802,-0.445949057
3988,206,Sene East,2012,0,1325.624714,25.60984632,0.496611742,0.000336085,64194.33956,0.965216634,0.96500304,0.396997826,0.247662885,-0.443829215,2.145554256,-0.445949057
3989,206,Sene East,2013,0,1255.494048,25.57605277,0.513259661,0.000336085,68214.53938,0.966124157,0.965216634,0.35400036,-0.013533086,-0.324691241,2.14692924,-0.445949057
3990,206,Sene East,2014,0,1408.23635,25.87908757,0.501579774,0.000336085,71480.20643,0.96680152,0.966124157,0.739568822,0.555343214,-0.408276345,2.152771303,-0.445949057
3991,206,Sene East,2015,0,1076.54072,26.28472188,0.519634188,0.000336085,66058.58885,0.967801476,0.96680152,1.255680483,-0.680030224,-0.279073024,2.157131741,-0.445949057
3992,206,Sene East,2016,0,1318.910271,26.29921173,0.498043903,0.000336085,67569.72659,0.96875916,0.967801476,1.27411674,0.222655489,-0.433580204,2.163568827,-0.445949057
3993,206,Sene East,2017,0,1242.2344,25.78385506,0.505493673,0.000336085,69106.18468,0.969661511,0.96875916,0.618399072,-0.062917566,-0.380267196,2.169733801,-0.445949057
3994,206,Sene East,2018,0,1389.587051,26.22532506,0.516703091,0.000336085,70572.21822,0.970502787,0.969661511,1.180106517,0.485885415,-0.300048922,2.175542569,-0.445949057
3995,206,Sene East,2019,0,1671.915684,26.76039045,0.519050797,0.000336085,72010.6347,0.971306396,0.970502787,1.860900721,1.537395483,-0.283247962,2.180958172,-0.445949057
3996,206,Sene East,2020,0,1179.082291,26.708865,0.526746897,0.000336085,73435.91955,0.972075215,0.971306396,1.795341958,-0.298122469,-0.228172143,2.186131303,-0.445949057
3997,206,Sene East,2021,0,1172.096239,26.63987547,0.505781196,0.000336085,74909.16122,0.972811879,0.972075215,1.707562641,-0.32414145,-0.378209588,2.191080479,-0.445949057
3998,206,Sene East,2022,0,1174.39637,25.96441414,0.521644081,0.000336085,76351.59698,0.973519419,0.972811879,0.848134683,-0.315574801,-0.264689571,2.195822658,-0.445949057
3999,206,Sene East,2023,1,1466.031342,26.3893285,0.515271225,0.000336085,77819.16416,0.974197912,0.973519419,1.388777451,0.770595969,-0.310295821,2.200377358,-0.445949057
4000,206,Sene East,2024,0,972.8858944,26.71144747,0.522200915,0.000336085,79296.00746,0.974852433,0.974197912,1.798627783,-1.066084203,-0.260704687,2.204745066,-0.445949057
4001,207,Sene West,2005,0,1187.610973,25.49929258,0.57663572,0.00105588,50351.34874,0.592228594,0.578597098,0.256334005,-0.266358086,0.128848665,-0.341884449,-0.443461347
4002,207,Sene West,2006,1,1155.440735,25.76707339,0.58169285,0.00105588,51228.29061,0.958969726,0.592228594,0.597046789,-0.386173524,0.165039146,-0.25413344,-0.443461347
4003,207,Sene West,2007,0,1445.364421,25.67985012,0.567530634,0.00105588,53637.01167,0.960284093,0.958969726,0.486067652,0.693623699,0.063689677,2.106715569,-0.443461347
4004,207,Sene West,2008,0,1467.432287,25.64170314,0.567652081,0.00105588,54905.27482,0.961533452,0.960284093,0.437531074,0.775813674,0.064558795,2.115176639,-0.443461347
4005,207,Sene West,2009,0,1295.004377,25.67790727,0.566967127,0.00105588,58530.70352,0.962729195,0.961533452,0.483595657,0.133619927,0.059657036,2.12321923,-0.443461347
4006,207,Sene West,2010,0,1386.173393,26.03833274,0.57684474,0.00105588,60649.20977,0.96388186,0.962729195,0.94218553,0.473171524,0.130344482,2.130916672,-0.443461347
4007,207,Sene West,2011,0,1258.340501,25.75000891,0.563218205,0.00105588,64264.02913,0.96500304,0.96388186,0.575334676,-0.002931702,0.032828522,2.138336802,-0.443461347
4008,207,Sene West,2012,0,1260.574151,25.51816886,0.572147889,0.00105588,65943.16032,0.965216634,0.96500304,0.28035137,0.005387348,0.096732269,2.145554256,-0.443461347
4009,207,Sene West,2013,0,1187.33788,25.44927732,0.574568327,0.00105588,67349.4674,0.96629386,0.965216634,0.192696727,-0.267375198,0.114053724,2.14692924,-0.443461347
4010,207,Sene West,2014,0,1310.754848,25.8037292,0.57815454,0.00105588,69111.00281,0.96732936,0.96629386,0.643686066,0.192281276,0.139717837,2.153863748,-0.443461347
4011,207,Sene West,2015,0,1027.668202,26.15317701,0.572690002,0.00105588,65961.65097,0.968313417,0.96732936,1.088308439,-0.862051947,0.10061181,2.160529646,-0.443461347
4012,207,Sene West,2016,0,1297.485216,26.17557382,0.555719548,0.00105588,67478.37776,0.969255875,0.968313417,1.116805183,0.142859609,-0.020834337,2.166864386,-0.443461347
4013,207,Sene West,2017,0,1171.345514,25.68626902,0.562605855,0.00105588,69024.44544,0.970143879,0.969255875,0.494234786,-0.326937467,0.028446339,2.172931339,-0.443461347
4014,207,Sene West,2018,0,1328.315868,26.06138608,0.5807169,0.00105588,70500.35677,0.970971779,0.970143879,0.971517604,0.257685872,0.15805493,2.178647751,-0.443461347
4015,207,Sene West,2019,0,1509.030205,26.76683801,0.57799254,0.00105588,71941.94668,0.971762611,0.970971779,1.869104321,0.930741744,0.138558518,2.183977248,-0.443461347
4016,207,Sene West,2020,0,1155.655072,26.71437732,0.582650226,0.00105588,73379.89125,0.972519207,0.971762611,1.8023556,-0.385375245,0.171890447,2.189068129,-0.443461347
4017,207,Sene West,2021,0,1113.153112,26.47832078,0.552094423,0.00105588,74854.00526,0.973244158,0.972519207,1.502007401,-0.543670341,-0.046776917,2.193938616,-0.443461347
4018,207,Sene West,2022,0,1064.594509,25.9344076,0.58646091,0.00105588,76295.94703,0.973940448,0.973244158,0.809955653,-0.724522917,0.199160956,2.198605396,-0.443461347
4019,207,Sene West,2023,0,1515.444272,26.25574711,0.567099889,0.00105588,77767.34891,0.974608153,0.973940448,1.218814232,0.954630415,0.060607129,2.203087678,-0.443461347
4020,207,Sene West,2024,0,923.8143926,26.70426358,0.573908053,0.00105588,79250.83953,0.975252267,0.974608153,1.789487304,-1.248847027,0.109328581,2.207385942,-0.443461347
4021,208,Asutifi North,2005,0,1120.672208,24.21477151,0.657174803,0.004477363,56411.35152,0.604698384,0.591483744,-1.378035396,-0.515666078,0.705212803,-0.258928321,-0.431636228
4022,208,Asutifi North,2006,0,1219.326814,24.54963105,0.698878942,0.005794197,61274.58583,0.617542745,0.604698384,-0.951974522,-0.148235012,1.00366133,-0.173860768,-0.427085067
4023,208,Asutifi North,2007,0,1394.028894,24.19288318,0.660152556,0.00790117,63384.20576,0.629794412,0.617542745,-1.405885174,0.502428699,0.726522588,-0.09117684,-0.419803076
4024,208,Asutifi North,2008,0,1532.631223,24.29881757,0.689443269,0.009481369,62415.28255,0.64144012,0.629794412,-1.271098811,1.018641819,0.93613655,-0.012308307,-0.41434169
4025,208,Asutifi North,2009,0,1484.144648,24.38769115,0.646044222,0.010798196,64548.81931,0.65258605,0.64144012,-1.158019891,0.838057507,0.625558713,0.062659446,-0.409790554
4026,208,Asutifi North,2010,0,1312.669808,24.82087038,0.703556597,0.012115053,63743.52231,0.663330431,0.65258605,-0.606861254,0.19941339,1.037136166,0.134409944,-0.405239317
4027,208,Asutifi North,2011,0,1191.435544,24.40404516,0.647137781,0.012378432,65424.72869,0.673781335,0.663330431,-1.13721174,-0.25211378,0.633384578,0.203575517,-0.40432904
4028,208,Asutifi North,2012,0,1303.648115,24.31477151,0.655757299,0.013431961,67043.19747,0.68392302,0.673781335,-1.250799694,0.165812828,0.695068686,0.270851874,-0.400687899
4029,208,Asutifi North,2013,0,1102.778627,24.08483286,0.665573485,0.014222108,67958.67607,0.693711794,0.68392302,-1.543363757,-0.582309267,0.765316535,0.336137668,-0.397957043
4030,208,Asutifi North,2014,0,1216.261824,24.62491999,0.659353433,0.014222108,68588.63418,0.703121398,0.693711794,-0.85618011,-0.159650316,0.720803799,0.399151647,-0.397957043
4031,208,Asutifi North,2015,0,1051.467817,24.78483286,0.64151543,0.015275585,68619.80409,0.712063538,0.703121398,-0.652713843,-0.773412216,0.593149188,0.459724766,-0.394316082
4032,208,Asutifi North,2016,0,1202.362731,24.88133001,0.635333275,0.015802317,70193.88495,0.720627669,0.712063538,-0.52993501,-0.21141636,0.548907655,0.517288644,-0.392495623
4033,208,Asutifi North,2017,0,1181.291518,24.6327925,0.681355163,0.016329081,71798.82324,0.728696975,0.720627669,-0.846163466,-0.28989438,0.878255405,0.572419141,-0.390675053
4034,208,Asutifi North,2018,0,1393.496977,24.82393759,0.70899965,0.016855821,73327.69325,0.736220111,0.728696975,-0.602958665,0.500447619,1.076088442,0.624364264,-0.388854568
4035,208,Asutifi North,2019,0,1332.531028,25.21144648,0.71182457,0.017119183,74822.64901,0.743406415,0.736220111,-0.109909008,0.273384891,1.096304496,0.672793486,-0.387944351
4036,208,Asutifi North,2020,0,1005.419275,25.15192479,0.660665902,0.017119183,76311.2878,0.903365751,0.743406415,-0.185641852,-0.944916271,0.730196258,0.719054396,-0.387944351
4037,208,Asutifi North,2021,0,1214.646604,25.2704303,0.731896664,0.01738258,77840.30047,0.90591499,0.903365751,-0.034860532,-0.165666073,1.239946996,1.748772112,-0.387034015
4038,208,Asutifi North,2022,0,1334.102685,24.2550809,0.677726128,0.01869938,79336.62668,0.908363447,0.90591499,-1.326747463,0.2792384,0.852284844,1.765182513,-0.382482973
4039,208,Asutifi North,2023,0,1215.303165,25.10995288,0.694493907,0.019752824,80863.84019,0.910711383,0.908363447,-0.239045101,-0.163220765,0.97228058,1.780944136,-0.378842123
4040,208,Asutifi North,2024,0,983.5014225,24.60804143,0.621610253,0.020016182,82401.31286,0.912976364,0.910711383,-0.877655659,-1.026547531,0.450701201,1.796058676,-0.377931924
4041,209,Ahafo Ano North,2005,0,1200.186562,24.41620143,0.666379455,0.004153034,88365.06327,0.383838519,0.366239571,-1.121744629,-0.219521325,0.77108432,-1.708908802,-0.432757151
4042,209,Ahafo Ano North,2006,0,1239.398934,24.70709777,0.709299362,0.004153034,89980.00203,0.3976169,0.383838519,-0.75162063,-0.07347803,1.078233274,-1.595617831,-0.432757151
4043,209,Ahafo Ano North,2007,0,1511.492215,24.47148969,0.677573378,0.004153034,92320.09096,0.41147187,0.3976169,-1.051398224,0.939911299,0.85119171,-1.506921267,-0.432757151
4044,209,Ahafo Ano North,2008,0,1608.934493,24.48898864,0.674469143,0.004153034,94462.63799,0.429985439,0.41147187,-1.029133314,1.302827151,0.828976786,-1.417731677,-0.432757151
4045,209,Ahafo Ano North,2009,0,1535.542993,24.51977136,0.650001834,0.004153034,96598.16239,0.447704495,0.429985439,-0.989966707,1.029486471,0.653880686,-1.298552949,-0.432757151
4046,209,Ahafo Ano North,2010,0,1389.683967,25.01784963,0.68838714,0.004153034,98928.74128,0.464785194,0.447704495,-0.356233321,0.486246371,0.928578543,-1.184488797,-0.432757151
4047,209,Ahafo Ano North,2011,0,1263.522794,24.57678496,0.69881946,0.004153034,101404.0613,0.481399344,0.464785194,-0.917425044,0.016369329,1.003235652,-1.074533986,-0.432757151
4048,209,Ahafo Ano North,2012,0,1390.225978,24.51620143,0.662570291,0.004153034,104441.3262,0.497521918,0.481399344,-0.994508926,0.488265049,0.743824688,-0.967582525,-0.432757151
4049,209,Ahafo Ano North,2013,0,1202.789452,24.30725207,0.685965942,0.004153034,106813.4179,0.513083457,0.497521918,-1.260367114,-0.209827074,0.911251654,-0.863795528,-0.432757151
4050,209,Ahafo Ano North,2014,0,1270.74246,24.81957498,0.677559019,0.004153034,109481.3826,0.526777876,0.513083457,-0.608509467,0.043258389,0.851088952,-0.763620111,-0.432757151
4051,209,Ahafo Ano North,2015,0,1116.110254,25.00725207,0.668936897,0.004153034,83490.26949,0.541031575,0.526777876,-0.3697172,-0.532656707,0.789386219,-0.675464048,-0.432757151
4052,209,Ahafo Ano North,2016,0,1272.859868,25.05689438,0.667829478,0.004153034,85418.70662,0.554682732,0.541031575,-0.306554463,0.051144502,0.781461162,-0.583707685,-0.432757151
4053,209,Ahafo Ano North,2017,0,1267.415065,24.77042362,0.661670711,0.004153034,87379.9588,0.567545142,0.554682732,-0.671047537,0.030865776,0.737387001,-0.495830113,-0.432757151
4054,209,Ahafo Ano North,2018,0,1441.533595,25.01924534,0.703492731,0.004153034,89254.22849,0.9230667,0.567545142,-0.354457482,0.679356101,1.03667912,-0.413030001,-0.432757151
4055,209,Ahafo Ano North,2019,0,1394.132136,25.50910366,0.696005453,0.004153034,91081.36098,0.925162637,0.9230667,0.268817196,0.502813217,0.983097698,1.875594447,-0.432757151
4056,209,Ahafo Ano North,2020,0,1104.104643,25.37182634,0.639104227,0.004153034,92903.64358,0.927167838,0.925162637,0.094151437,-0.57737063,0.57589383,1.889086774,-0.432757151
4057,209,Ahafo Ano North,2021,0,1253.23706,25.49843597,0.723010603,0.004153034,94771.55782,0.929089171,0.927167838,0.255244079,-0.021939054,1.176355425,1.901994992,-0.432757151
4058,209,Ahafo Ano North,2022,0,1415.749053,24.42977977,0.675757342,0.004153034,96601.3645,0.930934545,0.929089171,-1.10446813,0.583323668,0.838195563,1.91436333,-0.432757151
4059,209,Ahafo Ano North,2023,0,1271.44845,25.2779913,0.642331965,0.004153034,98456.31307,0.932704159,0.930934545,-0.025240235,0.04588779,0.59899258,1.92624269,-0.432757151
4060,209,Ahafo Ano North,2024,0,1043.682003,24.79518867,0.627760081,0.004153034,100323.0285,0.93441125,0.932704159,-0.639537559,-0.802409845,0.49471139,1.937634352,-0.432757151
4061,210,Asutifi South,2005,0,1198.548491,24.60612772,0.65801415,0.005784821,38297.96343,0.604698384,0.591483744,-0.880090575,-0.225622188,0.711219447,-0.258928321,-0.427117472
4062,210,Asutifi South,2006,0,1257.122275,24.90125769,0.709965184,0.005784821,35985.21848,0.617542745,0.604698384,-0.504579897,-0.007468885,1.082998119,-0.173860768,-0.427117472
4063,210,Asutifi South,2007,0,1512.712409,24.6515232,0.665583857,0.005784821,36230.53839,0.629794412,0.617542745,-0.822331327,0.944455814,0.765390757,-0.09117684,-0.427117472
4064,210,Asutifi South,2008,0,1638.872554,24.66426076,0.682050835,0.005784821,39470.80949,0.64144012,0.629794412,-0.806124599,1.41432903,0.883233865,-0.012308307,-0.427117472
4065,210,Asutifi South,2009,0,1573.273197,24.71790106,0.635961837,0.005784821,39598.4788,0.65258605,0.64144012,-0.737874985,1.170009551,0.553405852,0.062659446,-0.427117472
4066,210,Asutifi South,2010,0,1419.159447,25.21854388,0.675342127,0.005784821,42776.95762,0.663330431,0.65258605,-0.100878582,0.596025402,0.835224148,0.134409944,-0.427117472
4067,210,Asutifi South,2011,0,1273.941587,24.77468558,0.680219727,0.005784821,43511.23542,0.673781335,0.663330431,-0.665624807,0.055173278,0.870129851,0.203575517,-0.427117472
4068,210,Asutifi South,2012,0,1399.05408,24.70612772,0.660457486,0.005784821,44269.92014,0.68392302,0.673781335,-0.752854873,0.521144598,0.728704763,0.270851874,-0.427117472
4069,210,Asutifi South,2013,0,1185.294438,24.49937116,0.644024157,0.005784821,45979.78689,0.693711794,0.68392302,-1.015923043,-0.27498583,0.611102462,0.336137668,-0.427117472
4070,210,Asutifi South,2014,0,1274.795277,24.97950671,0.671338146,0.005784821,47857.50159,0.703121398,0.693711794,-0.405019205,0.058352774,0.806570343,0.399151647,-0.427117472
4071,210,Asutifi South,2015,0,1113.678172,25.19937116,0.662410959,0.005784821,66144.15994,0.712063538,0.703121398,-0.125273129,-0.541714798,0.742684459,0.459724766,-0.427117472
4072,210,Asutifi South,2016,0,1270.012717,25.2621716,0.657361889,0.005784821,67664.93084,0.720627669,0.712063538,-0.04536854,0.040540518,0.706551654,0.517288644,-0.427117472
4073,210,Asutifi South,2017,0,1272.871996,24.99123812,0.669828255,0.005784821,69216.92259,0.728696975,0.720627669,-0.390092658,0.05118967,0.795765066,0.572419141,-0.427117472
4074,210,Asutifi South,2018,0,1463.382197,25.21352711,0.693143144,0.005784821,70696.02914,0.736220111,0.728696975,-0.107261703,0.760729444,0.962614072,0.624364264,-0.427117472
4075,210,Asutifi South,2019,0,1426.558273,25.66243013,0.694103803,0.005784821,72145.10269,0.743406415,0.736220111,0.463903204,0.623581729,0.969488862,0.672793486,-0.427117472
4076,210,Asutifi South,2020,0,1104.796954,25.53018446,0.652440403,0.005784821,73592.77119,0.903365751,0.743406415,0.2956395,-0.574792175,0.671331881,0.719054396,-0.427117472
4077,210,Asutifi South,2021,0,1296.588597,25.68330073,0.720211958,0.005784821,75079.68553,0.90591499,0.903365751,0.490458056,0.139520226,1.156327398,1.748772114,-0.427117472
4078,210,Asutifi South,2022,0,1397.354807,24.68149804,0.667432166,0.005784821,76535.92807,0.908363447,0.90591499,-0.784192621,0.514815793,0.778617865,1.765182514,-0.427117472
4079,210,Asutifi South,2023,0,1311.147568,25.49747065,0.64329251,0.005784821,78029.50453,0.910711383,0.908363447,0.254015858,0.193743933,0.605866554,1.780944138,-0.427117472
4080,210,Asutifi South,2024,0,1066.453466,24.99747065,0.623944821,0.005784821,79536.86614,0.912976364,0.910711383,-0.382162652,-0.717599382,0.467408139,1.796058677,-0.427117472
4081,211,Techiman Municipal,2005,0,1124.048949,23.92648001,0.617485283,0.018978643,122139.9503,0.593876465,0.580300056,-1.744845116,-0.503089681,0.421181557,-0.330921878,-0.381517802
4082,211,Techiman Municipal,2006,0,1188.120323,24.23733983,0.652524863,0.018978643,126635.9449,0.607072458,0.593876465,-1.349320447,-0.264461052,0.67193631,-0.243525485,-0.381517802
4083,211,Techiman Municipal,2007,0,1364.768708,23.92824833,0.626645202,0.018978643,127069.1793,0.61965953,0.607072458,-1.742595176,0.393451514,0.486732948,-0.158577973,-0.381517802
4084,211,Techiman Municipal,2008,0,1429.040108,24.02648001,0.621645315,0.018978643,132060.3263,0.631624056,0.61965953,-1.617609414,0.632825121,0.450952115,-0.077550306,-0.381517802
4085,211,Techiman Municipal,2009,0,1348.677986,24.09078037,0.641566926,0.019357907,137733.1535,0.643075121,0.631624056,-1.535796401,0.333522924,0.593517709,-0.000530209,-0.380207011
4086,211,Techiman Municipal,2010,0,1238.009482,24.52824193,0.634209771,0.020116483,138211.1536,0.654113644,0.643075121,-0.979189116,-0.07865293,0.540867492,0.073184556,-0.37758527
4087,211,Techiman Municipal,2011,0,1159.440287,24.13618657,0.604033821,0.020875058,143443.0908,0.664850656,0.654113644,-1.478023501,-0.371277517,0.324918476,0.144243631,-0.374963528
4088,211,Techiman Municipal,2012,0,1285.108278,24.02648001,0.632271029,0.021254334,145144.1021,0.675269983,0.664850656,-1.617609414,0.096762709,0.52699322,0.21336177,-0.373652697
4089,211,Techiman Municipal,2013,0,1158.78652,23.80401076,0.647020139,0.022012929,145651.4405,0.685326738,0.675269983,-1.900669721,-0.37371242,0.632542692,0.280434851,-0.371030889
4090,211,Techiman Municipal,2014,0,1212.575218,24.37529472,0.649386685,0.02239222,149344.7351,0.694993943,0.685326738,-1.173792568,-0.173380782,0.649478472,0.345173923,-0.369720005
4091,211,Techiman Municipal,2015,0,1035.208611,24.51542158,0.617376021,0.02239222,237090.0315,0.703791681,0.694993943,-0.995501177,-0.833968306,0.420399647,0.407405314,-0.369720005
4092,211,Techiman Municipal,2016,0,1228.937852,24.55665684,0.581388678,0.02315078,242550.7449,0.711215667,0.703791681,-0.943035199,-0.112439479,0.162862396,0.464039626,-0.367098317
4093,211,Techiman Municipal,2017,0,1120.152742,24.28808944,0.634286067,0.023530045,248144.7512,0.713659712,0.711215667,-1.284748818,-0.517600787,0.541413489,0.511830585,-0.365787527
4094,211,Techiman Municipal,2018,0,1349.861353,24.48067017,0.656760735,0.024288636,253480.4218,0.721599826,0.713659712,-1.039717377,0.33793028,0.702249598,0.52756381,-0.363165732
4095,211,Techiman Municipal,2019,0,1278.633265,25.05773321,0.634603654,0.024288636,258757.1699,0.729184438,0.721599826,-0.305487161,0.07264705,0.543686251,0.578677275,-0.363165732
4096,211,Techiman Municipal,2020,0,1093.679139,24.7991735,0.625583979,0.024288636,263937.6701,0.871140989,0.729184438,-0.634467427,-0.616199573,0.479138492,0.627502246,-0.363165732
4097,211,Techiman Municipal,2021,0,1048.28511,24.86458867,0.663175359,0.024667931,269329.9701,0.874540327,0.871140989,-0.551235974,-0.785265947,0.748154754,1.541329338,-0.361854835
4098,211,Techiman Municipal,2022,0,1150.793311,23.99854562,0.642124672,0.025426522,274663.6676,0.87777319,0.874540327,-1.653151934,-0.403482477,0.597509121,1.563212139,-0.35923304
4099,211,Techiman Municipal,2023,0,1309.432086,24.81570349,0.623213924,0.028323921,280093.0353,0.879374643,0.87777319,-0.613435385,0.187354758,0.462177601,1.58402328,-0.349219231
4100,211,Techiman Municipal,2024,0,860.7541005,24.51215402,0.631272281,0.028323921,285554.6237,0.882434543,0.879374643,-0.999658673,-1.483709964,0.519845849,1.594332433,-0.349219231
4101,212,North Gonja,2005,0,1034.670686,25.42500725,0.519839466,0,39602.58479,0.526995793,0.511183613,0.161816536,-0.835971763,-0.277603991,-0.775850118,-0.447110612
4102,212,North Gonja,2006,0,1062.674814,25.64957446,0.518371209,0,40170.7969,0.54236491,0.526995793,0.4475462,-0.731672665,-0.288111319,-0.674061234,-0.447110612
4103,212,North Gonja,2007,0,1046.081663,25.18102369,0.531553144,0,41202.92238,0.55702483,0.54236491,-0.148617657,-0.793472506,-0.193777059,-0.575124513,-0.447110612
4104,212,North Gonja,2008,0,1109.662789,25.13957292,0.517331632,0,41314.73172,0.57095968,0.55702483,-0.201357833,-0.556669765,-0.295550876,-0.480753161,-0.447110612
4105,212,North Gonja,2009,0,1197.920008,25.70332589,0.557185494,0,42079.36269,0.583506458,0.57095968,0.515937207,-0.22796292,-0.010343544,-0.391049347,-0.447110612
4106,212,North Gonja,2010,0,1089.586635,25.59504955,0.548660517,0,44415.89373,0.596387245,0.583506458,0.378171048,-0.631441771,-0.071351079,-0.310281075,-0.447110612
4107,212,North Gonja,2011,0,1010.340792,25.56304259,0.538531309,0,44469.8308,0.608225909,0.596387245,0.337446769,-0.926586477,-0.143839023,-0.227362659,-0.447110612
4108,212,North Gonja,2012,0,1074.320325,25.36147345,0.553159349,0,42336.54429,0.620405621,0.608225909,0.080978864,-0.688299902,-0.039155963,-0.151152777,-0.447110612
4109,212,North Gonja,2013,0,971.690795,25.17678105,0.545036569,0,45297.91219,0.622208335,0.620405621,-0.154015805,-1.070535254,-0.097285242,-0.072747445,-0.447110612
4110,212,North Gonja,2014,0,1110.32667,25.65382477,0.539231217,0,44687.5575,0.629275005,0.622208335,0.452954113,-0.554197195,-0.138830251,-0.061142705,-0.447110612
4111,212,North Gonja,2015,0,934.8036192,25.72469683,0.50550825,0,56326.91488,0.635353349,0.629275005,0.543128682,-1.207918544,-0.380162879,-0.015651921,-0.447110612
4112,212,North Gonja,2016,0,1119.439102,25.8523972,0.527653471,0,57630.01669,0.646199081,0.635353349,0.705609136,-0.520258682,-0.221684403,0.023476636,-0.447110612
4113,212,North Gonja,2017,0,897.5461104,25.68484675,0.531710579,0,58958.57828,0.649838256,0.646199081,0.492425154,-1.34668111,-0.192650402,0.093294647,-0.447110612
4114,212,North Gonja,2018,0,1222.937473,25.52260835,0.541412008,0,60225.68395,0.659548116,0.649838256,0.285999979,-0.134787403,-0.123223791,0.11672137,-0.447110612
4115,212,North Gonja,2019,0,795.7141444,26.39323225,0.556465283,0,61464.63817,0.668823238,0.659548116,1.393744412,-1.725945998,-0.015497607,0.179227349,-0.447110612
4116,212,North Gonja,2020,0,999.5917177,26.17643397,0.546233719,0,62700.54222,0.868557569,0.668823238,1.117899598,-0.966620533,-0.088718044,0.238934758,-0.447110612
4117,212,North Gonja,2021,2,807.4527127,25.75804864,0.539020209,0,63969.48349,0.917632683,0.868557569,0.585564092,-1.682226654,-0.140340289,1.524698905,-0.447110612
4118,212,North Gonja,2022,0,982.8667087,25.67762361,0.550506698,0,65213.54217,0.932373761,0.917632683,0.483234739,-1.028911471,-0.0581392,1.840613657,-0.447110612
4119,212,North Gonja,2023,1,954.5784141,26.17358223,0.561214677,0,66481.13293,0.934106499,0.932373761,1.114271174,-1.134268926,0.018490614,1.935507458,-0.447110612
4120,212,North Gonja,2024,1,1033.978151,26.27518463,0.539625287,0,67758.17592,0.935778017,0.934106499,1.243545694,-0.838551053,-0.136010155,1.946661735,-0.447110612
4121,213,Tema West,2005,0,970.5470914,25.33614958,0.367074705,0.949828878,138342.8435,0.384860535,0.367453724,0.048757863,-1.074794885,-1.370838818,-1.701092849,2.835629189
4122,213,Tema West,2006,0,827.8767313,25.75297784,0.356494176,0.953780613,142466.2857,0.403119256,0.384860535,0.579112219,-1.606159055,-1.446556559,-1.589038734,2.849286931
4123,213,Tema West,2007,0,1105.556787,25.73054017,0.392885936,0.953780613,149211.4795,0.418845662,0.403119256,0.550563488,-0.571962238,-1.186125162,-1.471500558,2.849286931
4124,213,Tema West,2008,0,1204.743767,25.65429363,0.385612577,0.953780613,157104.7817,0.435865192,0.418845662,0.453550671,-0.202548384,-1.238175712,-1.370263837,2.849286931
4125,213,Tema West,2009,0,861.800554,25.57707756,0.330814209,0.956485284,165377.5251,0.446148423,0.435865192,0.355304267,-1.479812532,-1.63033084,-1.260702793,2.858634647
4126,213,Tema West,2010,0,1169.398892,26.12583102,0.373414212,0.956485284,167203.8633,0.456783756,0.446148423,1.053514587,-0.334187502,-1.325471223,-1.194505811,2.858634647
4127,213,Tema West,2011,0,975.6952909,25.73614958,0.36659908,0.956485284,171616.361,0.46657662,0.456783756,0.557700671,-1.055620834,-1.374242546,-1.126042217,2.858634647
4128,213,Tema West,2012,0,1019.34903,25.42132964,0.342031977,0.956485284,176219.3793,0.477256659,0.46657662,0.157137304,-0.893036026,-1.550052802,-1.063001916,2.858634647
4129,213,Tema West,2013,0,917.5069252,25.32583102,0.303220281,0.956485284,181550.8028,0.492950346,0.477256659,0.035628971,-1.272338677,-1.827802057,-0.994250534,2.858634647
4130,213,Tema West,2014,0,1034.803324,25.72132964,0.371930001,0.956485284,189257.0552,0.508527623,0.492950346,0.53884441,-0.835477764,-1.336092722,-0.893224436,2.858634647
4131,213,Tema West,2015,0,805.6177285,26.13054017,0.335178159,0.956485284,200215.202,0.52333103,0.508527623,1.059506296,-1.689060903,-1.599100981,-0.792947707,2.858634647
4132,213,Tema West,2016,0,992.2257618,26.13054017,0.323901284,0.956485284,204806.4995,0.529932793,0.52333103,1.059506296,-0.994054437,-1.679802004,-0.697652675,2.858634647
4133,213,Tema West,2017,0,1047.270083,25.72583102,0.338243556,0.956485284,209521.6877,0.534714987,0.529932793,0.544571779,-0.789046333,-1.577163992,-0.655154671,2.858634647
4134,213,Tema West,2018,0,904.5692521,26.13614958,0.324375693,0.956485284,214003.6092,0.539069451,0.534714987,1.066643479,-1.32052399,-1.676406978,-0.624369912,2.858634647
4135,213,Tema West,2019,0,1011.034626,26.43518006,0.332149591,0.960614984,218428.6958,0.545932645,0.539069451,1.447116998,-0.92400235,-1.620774406,-0.596338607,2.872907462
4136,213,Tema West,2020,0,720.6149584,25.89376731,0.321999003,0.964744403,222764.5868,0.557646578,0.545932645,0.758246694,-2.005646818,-1.693415352,-0.552157675,2.887179305
4137,213,Tema West,2021,0,1050.031856,26.66301939,0.314567447,0.968873854,227266.6647,0.566155121,0.557646578,1.737009975,-0.778760334,-1.746598008,-0.476750733,2.901451256
4138,213,Tema West,2022,0,926.0872576,25.28144044,0.319979079,0.977133285,231679.6561,0.577445445,0.566155121,-0.020851697,-1.240381925,-1.707870586,-0.421978081,2.929996993
4139,213,Tema West,2023,0,906.8102493,26.49626039,0.329839062,0.977133285,236153.5688,0.586604733,0.577445445,1.524832988,-1.312177577,-1.63730931,-0.349298071,2.929996993
4140,213,Tema West,2024,0,747.7963989,26.08144044,0.314231401,0.981263017,240640.6026,0.59484597,0.586604733,0.997033919,-1.90441175,-1.749002863,-0.290336326,2.944269915
4141,214,Ashaiman,2005,0,1025.892377,25.33878924,0.331625631,0.9613142,66458.94378,0.384860535,0.367453724,0.052116444,-0.868665864,-1.624524033,-1.701092849,2.875324048
4142,214,Ashaiman,2006,0,865.3318386,25.76300448,0.323234356,0.9613142,66991.71922,0.403119256,0.384860535,0.591869691,-1.46666055,-1.684574761,-1.589038734,2.875324048
4143,214,Ashaiman,2007,0,1163.569507,25.73878924,0.342429443,0.9613142,69820.67847,0.418845662,0.403119256,0.561059252,-0.355898574,-1.547208407,-1.471500558,2.875324048
4144,214,Ashaiman,2008,0,1268.605381,25.66300448,0.35442839,0.9613142,74243.0375,0.435865192,0.418845662,0.464633989,0.035299011,-1.461340004,-1.370263837,2.875324048
4145,214,Ashaiman,2009,0,898.793722,25.58878924,0.301434879,0.9613142,80977.94943,0.453401474,0.435865192,0.370205699,-1.342034482,-1.840578978,-1.260702793,2.875324048
4146,214,Ashaiman,2010,0,1238.237668,26.12892377,0.33408,0.9613142,79007.69035,0.470305985,0.453401474,1.057449659,-0.07780307,-1.606959768,-1.147815223,2.875324048
4147,214,Ashaiman,2011,0,1027.865471,25.73878924,0.324638675,0.9613142,83705.58979,0.486748758,0.470305985,0.561059252,-0.861317235,-1.67452499,-1.038994607,2.875324048
4148,214,Ashaiman,2012,0,1073.497758,25.42264574,0.291358485,0.9613142,85834.07063,0.502705026,0.486748758,0.158811854,-0.691363488,-1.912688963,-0.93314636,2.875324048
4149,214,Ashaiman,2013,0,966.838565,25.33878924,0.263467776,0.9613142,86410.47027,0.518106047,0.502705026,0.052116444,-1.08860699,-2.112284041,-0.830429935,2.875324048
4150,214,Ashaiman,2014,0,1095.901345,25.72264574,0.322941124,0.974663161,88048.95766,0.532910506,0.518106047,0.54051896,-0.607923146,-1.686673221,-0.731287837,2.921459901
4151,214,Ashaiman,2015,0,849.1659193,26.13878924,0.303906789,0.974663161,196151.1533,0.546979487,0.532910506,1.07000206,-1.526869203,-1.822889174,-0.635986028,2.921459901
4152,214,Ashaiman,2016,0,1041.843049,26.13878924,0.283600389,0.974663161,200692.3343,0.560453735,0.546979487,1.07000206,-0.809258879,-1.968208448,-0.545418764,2.921459901
4153,214,Ashaiman,2017,0,1095.040359,25.73878924,0.30228999,0.974663161,205306.6274,0.573149456,0.560453735,0.561059252,-0.61112982,-1.834459521,-0.458680024,2.921459901
4154,214,Ashaiman,2018,0,950.5650224,26.16300448,0.287741426,0.974663161,209714.4139,0.887501759,0.573149456,1.100812499,-1.149216478,-1.938573827,-0.376952945,2.921459901
4155,214,Ashaiman,2019,0,1109.479821,26.56121076,0.294944624,0.974663161,213995.9937,0.890566612,0.887501759,1.607473053,-0.557351217,-1.887025378,1.6466497,2.921459901
4156,214,Ashaiman,2020,0,757.470852,26.11121076,0.286803726,0.974663161,218304.3573,0.893498782,0.890566612,1.034912394,-1.868380035,-1.945284315,1.666379297,2.921459901
4157,214,Ashaiman,2021,0,1143.780269,26.81143498,0.282430603,0.974663161,222693.2442,0.896308315,0.893498782,1.925847589,-0.429601982,-1.97657982,1.685254763,2.921459901
4158,214,Ashaiman,2022,0,972.9372197,25.31300448,0.281953684,0.974663161,226998.1411,0.899006774,0.896308315,0.019309032,-1.065893046,-1.979992808,1.703340769,2.921459901
4159,214,Ashaiman,2023,0,945.5919283,26.48071749,0.296701153,0.974663161,231385.2735,0.901594449,0.899006774,1.505056871,-1.167738363,-1.874455076,1.720711754,2.921459901
4160,214,Ashaiman,2024,0,777.5964126,26.11300448,0.275986405,0.974663161,235810.8187,0.904090699,0.901594449,1.037194648,-1.793424019,-2.022696617,1.737369585,2.921459901
4161,215,Kpone-Katamanso,2005,0,1051.126569,25.11717225,0.480008732,0.337018029,159471.3855,0.384860535,0.367453724,-0.229859492,-0.774683164,-0.562645812,-1.701092849,0.717670247
4162,215,Kpone-Katamanso,2006,0,888.5906555,25.52815551,0.486844088,0.33907911,170154.8432,0.403119256,0.384860535,0.293057949,-1.380034975,-0.513729756,-1.589038734,0.724793628
4163,215,Kpone-Katamanso,2007,0,1200.924686,25.51422594,0.492591106,0.340109646,175401.8097,0.418845662,0.403119256,0.275334566,-0.216772241,-0.472602209,-1.471500558,0.728355304
4164,215,Kpone-Katamanso,2008,0,1297.532427,25.42684798,0.50450599,0.340109646,177055.4511,0.435865192,0.418845662,0.1641586,0.143035443,-0.387335385,-1.370263837,0.728355304
4165,215,Kpone-Katamanso,2009,0,922.5700837,25.3597106,0.434193021,0.341140175,173157.2648,0.446148423,0.435865192,0.078735886,-1.253481354,-0.890518092,-1.260702793,0.731916954
4166,215,Kpone-Katamanso,2010,0,1266.760112,25.90373082,0.489625745,0.342170704,191385.6537,0.456783756,0.446148423,0.770923836,0.028426454,-0.493823309,-1.194505811,0.735478603
4167,215,Kpone-Katamanso,2011,0,1057.673291,25.51717225,0.482846594,0.346292636,195928.5179,0.46657662,0.456783756,0.279083316,-0.750300428,-0.542337141,-1.126042217,0.74972457
4168,215,Kpone-Katamanso,2012,0,1099.422594,25.2040272,0.442736266,0.347634271,205626.5712,0.477256659,0.46657662,-0.119348985,-0.59480854,-0.829379825,-1.063001916,0.754361448
4169,215,Kpone-Katamanso,2013,0,984.5749651,25.11148884,0.387266097,0.347634271,219964.9892,0.478306008,0.477256659,-0.237090809,-1.022549208,-1.226342576,-0.994250534,0.754361448
4170,215,Kpone-Katamanso,2014,0,1127.42364,25.49898884,0.459882944,0.347634271,225131.0779,0.482671783,0.478306008,0.255947536,-0.490520918,-0.706672562,-0.987495483,0.754361448
4171,215,Kpone-Katamanso,2015,0,876.6935146,25.93012552,0.425382085,0.349452692,394008.0655,0.483506236,0.482671783,0.804507318,-1.42434491,-0.953572046,-0.959391368,0.760646161
4172,215,Kpone-Katamanso,2016,0,1067.830544,25.91159344,0.410085833,0.350483213,403118.5946,0.485753109,0.483506236,0.780927898,-0.712470566,-1.06303705,-0.95401968,0.764207784
4173,215,Kpone-Katamanso,2017,0,1119.429916,25.51161088,0.422150003,0.351513694,412407.1361,0.487459639,0.485753109,0.272007272,-0.520292894,-0.976701888,-0.939555724,0.76776927
4174,215,Kpone-Katamanso,2018,0,982.9459554,25.91633543,0.408030571,0.352544207,421276.9042,0.491408504,0.487459639,0.786961391,-1.028616323,-1.07774518,-0.928570155,0.771330865
4175,215,Kpone-Katamanso,2019,0,1130.888773,26.41591702,0.424337598,0.35357472,429959.2494,0.499543756,0.491408504,1.422607534,-0.477615314,-0.961046739,-0.903149841,0.77489246
4176,215,Kpone-Katamanso,2020,0,796.3350767,25.96837517,0.402135083,0.355558941,438672.3378,0.727254892,0.499543756,0.85317453,-1.723633386,-1.119935227,-0.850780202,0.7817502
4177,215,Kpone-Katamanso,2021,0,1134.447699,26.60964086,0.407363968,0.361107171,447595.627,0.729142291,0.727254892,1.669093433,-0.464360383,-1.082515609,0.615081037,0.800925652
4178,215,Kpone-Katamanso,2022,0,994.696304,25.13129358,0.399493714,0.367091825,456330.9562,0.733656716,0.729142291,-0.211892107,-0.984853103,-1.138837737,0.627230927,0.821609442
4179,215,Kpone-Katamanso,2023,0,968.2158298,26.2013424,0.402070982,0.373274761,465280.3067,0.736409216,0.733656716,1.149592014,-1.083477479,-1.120393961,0.656291959,0.842978523
4180,215,Kpone-Katamanso,2024,0,807.9121339,25.86598675,0.36962656,0.376366229,474310.9498,0.741006728,0.736409216,0.7228999,-1.680515577,-1.3525769,0.674010824,0.853663063
4181,219,Tempane,2005,0,1001.083882,25.92328555,0.357229463,0,73164.57852,0.703526176,0.693615275,0.795804428,-0.961063087,-1.441294601,0.39853032,-0.447110612
4182,219,Tempane,2006,0,940.889384,25.9912437,0.354881492,0,75109.55889,0.711508352,0.703526176,0.882271465,-1.185252608,-1.458097451,0.46233047,-0.447110612
4183,219,Tempane,2007,0,1054.099574,25.65771019,0.35337526,0,75212.96583,0.720749917,0.711508352,0.457897757,-0.763610449,-1.468876548,0.513714708,-0.447110612
4184,219,Tempane,2008,0,1076.61236,25.15916312,0.358832285,0,74635.3438,0.726906916,0.720749917,-0.176432114,-0.679763407,-1.429824284,0.573206097,-0.447110612
4185,219,Tempane,2009,0,1122.408756,26.30646067,0.376833339,0,75335.53266,0.735396088,0.726906916,1.28333999,-0.509198446,-1.301002825,0.612840986,-0.447110612
4186,219,Tempane,2010,0,999.7991089,25.97432197,0.387570224,0,76044.6391,0.742463647,0.735396088,0.860740975,-0.965848121,-1.224166145,0.667488943,-0.447110612
4187,219,Tempane,2011,0,950.5960868,26.11381248,0.33421696,0,77578.85179,0.748894117,0.742463647,1.038222702,-1.149100781,-1.605979636,0.712985452,-0.447110612
4188,219,Tempane,2012,0,965.6007361,25.7912437,0.36584417,0,78725.8038,0.754612822,0.748894117,0.627800061,-1.093217183,-1.379644925,0.754380778,-0.447110612
4189,219,Tempane,2013,0,883.6780318,25.6738086,0.359711308,0,78069.30742,0.757399155,0.754612822,0.478380683,-1.398331643,-1.423533702,0.791194208,-0.447110612
4190,219,Tempane,2014,0,970.7843859,26.0412437,0.368633626,0,80974.06129,0.760750896,0.757399155,0.945889316,-1.073911101,-1.359682665,0.809130863,-0.447110612
4191,219,Tempane,2015,0,929.0606354,25.93026928,0.343959135,0,89763.94229,0.765618831,0.760750896,0.804690223,-1.229307821,-1.536261429,0.830707266,-0.447110612
4192,219,Tempane,2016,0,1013.49322,26.14464355,0.368841162,0,91880.00586,0.76310161,0.765618831,1.077450834,-0.914845518,-1.358197468,0.862043976,-0.447110612
4193,219,Tempane,2017,0,909.2369237,26.11054824,0.363048414,0,94022.76376,0.766447883,0.76310161,1.034069425,-1.303139626,-1.399652275,0.845839691,-0.447110612
4194,219,Tempane,2018,0,1017.094343,25.99464355,0.368131311,0,96070.8771,0.7729242,0.766447883,0.886597281,-0.901433425,-1.363277399,0.867380892,-0.447110612
4195,219,Tempane,2019,0,709.9616428,26.55624758,0.389670489,0,98047.63909,0.779110553,0.7729242,1.601158111,-2.045324227,-1.209135961,0.90907135,-0.447110612
4196,219,Tempane,2020,0,1070.056955,26.29524409,0.377001996,0,100054.0586,0.908234171,0.779110553,1.269068492,-0.70417848,-1.299795857,0.948895209,-0.447110612
4197,219,Tempane,2021,0,747.6927547,26.33139287,0.36953196,0,102074.1229,0.91065498,0.908234171,1.315062645,-1.904797764,-1.353253893,1.780111943,-0.447110612
4198,219,Tempane,2022,0,1009.241379,25.9762592,0.363952045,0,104066.2342,0.912980083,0.91065498,0.863205828,-0.930681152,-1.393185597,1.79569559,-0.447110612
4199,219,Tempane,2023,0,907.2737311,26.3643549,0.373468097,0,106097.2022,0.915209731,0.912980083,1.357002116,-1.310451377,-1.325085602,1.810663145,-0.447110612
4200,219,Tempane,2024,0,876.6737699,26.62549399,0.364508021,0,108153.8815,0.915848539,0.915209731,1.689264274,-1.424418448,-1.389206852,1.825016216,-0.447110612
4201,220,Bolgatanga East,2005,0,1042.606667,26.06477778,0.366888087,0,30408.50098,0.702272574,0.692319766,0.97583306,-0.806414848,-1.372174312,0.390190646,-0.447110612
4202,220,Bolgatanga East,2006,0,1040.905556,26.26288889,0.398443505,0,26391.79164,0.7119465,0.702272574,1.227901123,-0.812750499,-1.146353373,0.454260568,-0.447110612
4203,220,Bolgatanga East,2007,0,1101.735556,25.75283333,0.398607018,0,28099.79203,0.721174029,0.7119465,0.578928356,-0.586194103,-1.145183225,0.516535226,-0.447110612
4204,220,Bolgatanga East,2008,0,1088.25,25.13105556,0.38086107,0,27517.61121,0.729945171,0.721174029,-0.212194965,-0.63641996,-1.272179054,0.575936262,-0.447110612
4205,220,Bolgatanga East,2009,0,1168.192222,26.40288889,0.397507964,0,25015.88801,0.738339898,0.729945171,1.406031105,-0.338681645,-1.153048416,0.632399365,-0.447110612
4206,220,Bolgatanga East,2010,0,1053.555556,26.11472222,0.417031073,0,27325.8055,0.746432192,0.738339898,1.039380224,-0.765636601,-1.01333463,0.686439344,-0.447110612
4207,220,Bolgatanga East,2011,0,1007.345556,26.11877778,0.368699098,0,30730.56033,0.75430345,0.746432192,1.044540339,-0.937741993,-1.359214125,0.738532448,-0.447110612
4208,220,Bolgatanga East,2012,0,1049.212222,25.91877778,0.405003567,0,27210.43312,0.761941814,0.75430345,0.790068935,-0.781812993,-1.099407417,0.78920266,-0.447110612
4209,220,Bolgatanga East,2013,0,943.1577778,25.73438889,0.368435758,0,29587.37981,0.769314378,0.761941814,0.555460438,-1.176804159,-1.361098672,0.838373649,-0.447110612
4210,220,Bolgatanga East,2014,0,1058.3,26.33438889,0.378669984,0,29834.35116,0.776401364,0.769314378,1.31887465,-0.747966303,-1.287859187,0.885833586,-0.447110612
4211,220,Bolgatanga East,2015,0,986.3577778,26.12216667,0.372489201,0,39690.25551,0.783136273,0.776401364,1.048852215,-1.015909267,-1.332090902,0.931455152,-0.447110612
4212,220,Bolgatanga East,2016,0,1067.516667,26.35616667,0.39023077,0,40608.64687,0.780036094,0.783136273,1.346583758,-0.713639576,-1.205126407,0.974810263,-0.447110612
4213,220,Bolgatanga East,2017,0,928.9611111,26.24366667,0.390898241,0,41545.22732,0.776256416,0.780036094,1.203443593,-1.229678491,-1.200349765,0.954853257,-0.447110612
4214,220,Bolgatanga East,2018,0,1143.746667,26.11838889,0.396084552,0,42439.63089,0.772191199,0.776256416,1.044045533,-0.429727132,-1.163234819,0.930522069,-0.447110612
4215,220,Bolgatanga East,2019,0,723.4288889,26.73133333,0.420922589,0,43315.58044,0.772231826,0.772191199,1.8239297,-1.995166562,-0.985485667,0.904352753,-0.447110612
4216,220,Bolgatanga East,2020,0,1168.235556,26.47733333,0.412112609,0,44186.58379,0.905376488,0.772231826,1.500751017,-0.338520254,-1.048532778,0.904614282,-0.447110612
4217,220,Bolgatanga East,2021,1,911.2477778,26.37655556,0.382062292,0,45078.27113,0.909795453,0.905376488,1.372525704,-1.295650363,-1.263582718,1.761715971,-0.447110612
4218,220,Bolgatanga East,2022,0,1160.022222,26.0925,0.3759344,0,45960.64586,0.912142924,0.909795453,1.011105624,-0.369110147,-1.307435928,1.790162493,-0.447110612
4219,220,Bolgatanga East,2023,0,906.07,26.59983333,0.395491602,0,46851.47314,0.914394022,0.912142924,1.656614752,-1.314934576,-1.167478165,1.805274041,-0.447110612
4220,220,Bolgatanga East,2024,0,959.1555556,26.78261111,0.389438393,0,47747.25387,0.916565586,0.914394022,1.889173341,-1.117221735,-1.210796916,1.819765193,-0.447110612
4221,221,Bunkpurugu -Nakpanduri,2005,0,1082.748353,25.14421045,0.420571971,0,62045.43071,0.563039657,0.548432396,-0.195457248,-0.656910396,-0.987994801,-0.536065848,-0.447110612
4222,221,Bunkpurugu -Nakpanduri,2006,0,1024.380763,25.27722469,0.43993853,0,63302.68651,0.576259784,0.563039657,-0.02621564,-0.874295748,-0.849401345,-0.44203348,-0.447110612
4223,221,Bunkpurugu -Nakpanduri,2007,0,1137.686323,24.95147036,0.413538429,0,65140.95867,0.589833912,0.576259784,-0.440691445,-0.452298391,-1.038329141,-0.35693061,-0.447110612
4224,221,Bunkpurugu -Nakpanduri,2008,0,1169.137693,24.83601624,0.429246082,0,68107.682,0.602736674,0.589833912,-0.587590315,-0.335160315,-0.925920014,-0.269548899,-0.447110612
4225,221,Bunkpurugu -Nakpanduri,2009,0,1234.667024,25.55743605,0.428199828,0,69078.88265,0.613933663,0.602736674,0.330313257,-0.091101644,-0.933407353,-0.186489025,-0.447110612
4226,221,Bunkpurugu -Nakpanduri,2010,0,1115.635166,25.29483841,0.445813881,0,70658.10014,0.623895325,0.613933663,-0.003804696,-0.534426132,-0.807355398,-0.114409841,-0.447110612
4227,221,Bunkpurugu -Nakpanduri,2011,0,1047.223618,25.37989738,0.410913127,0,75593.7305,0.633666367,0.623895325,0.104420679,-0.789219389,-1.057116665,-0.050282921,-0.447110612
4228,221,Bunkpurugu -Nakpanduri,2012,0,1057.854495,25.07298208,0.443325043,0,81491.83335,0.64505517,0.633666367,-0.286085159,-0.749625549,-0.825166343,0.012616909,-0.447110612
4229,221,Bunkpurugu -Nakpanduri,2013,0,950.6128044,24.96004748,0.423099308,0,81517.73506,0.655988167,0.64505517,-0.429778289,-1.149038518,-0.969908347,0.085930869,-0.447110612
4230,221,Bunkpurugu -Nakpanduri,2014,0,1064.311533,25.29421045,0.423961328,0,80535.08053,0.666045376,0.655988167,-0.004603695,-0.725576836,-0.963739452,0.156310636,-0.447110612
4231,221,Bunkpurugu -Nakpanduri,2015,0,968.8405575,25.31124215,0.400752103,0,76025.58428,0.676104265,0.666045376,0.017066714,-1.081150732,-1.12983229,0.221052627,-0.447110612
4232,221,Bunkpurugu -Nakpanduri,2016,0,1096.601164,25.47213968,0.423246067,0,77771.96742,0.685737938,0.676104265,0.221785821,-0.605316728,-0.968858094,0.285805436,-0.447110612
4233,221,Bunkpurugu -Nakpanduri,2017,0,971.8979936,25.42654312,0.418844937,0,79549.72776,0.694814988,0.685737938,0.163770706,-1.069763559,-1.000354021,0.347820967,-0.447110612
4234,221,Bunkpurugu -Nakpanduri,2018,0,1116.516465,25.27035534,0.42687854,0,81244.91522,0.703277659,0.694814988,-0.034955909,-0.531143807,-0.942862921,0.406253316,-0.447110612
4235,221,Bunkpurugu -Nakpanduri,2019,0,823.7406954,25.9039516,0.43784242,0,82906.39905,0.711361433,0.703277659,0.771204744,-1.621563385,-0.864401795,0.460730677,-0.447110612
4236,221,Bunkpurugu -Nakpanduri,2020,0,1180.548323,25.63507428,0.429697017,0,84561.94809,0.719095245,0.711361433,0.429096803,-0.292662352,-0.922692976,0.512768934,-0.447110612
4237,221,Bunkpurugu -Nakpanduri,2021,0,856.516465,25.70801042,0.4265409,0,86262.43801,0.726505593,0.719095245,0.521897601,-1.499492693,-0.945279181,0.562554356,-0.447110612
4238,221,Bunkpurugu -Nakpanduri,2022,0,1141.089753,25.30677745,0.435379579,0,87928.66921,0.733622976,0.726505593,0.011386027,-0.439622589,-0.882026691,0.610257522,-0.447110612
4239,221,Bunkpurugu -Nakpanduri,2023,0,1005.438505,25.67554756,0.436986599,0,89626.72065,0.74044816,0.733622976,0.480593256,-0.944844648,-0.870526327,0.656074765,-0.447110612
4240,221,Bunkpurugu -Nakpanduri,2024,0,985.6155613,25.95318579,0.429563536,0,91336.70281,0.747032202,0.74044816,0.833848206,-1.018673592,-0.923648211,0.700011011,-0.447110612
4241,222,North-East Gonja,2005,0,1142.798163,25.68790589,0.51922274,0,42338.4663,0.568176173,0.553740622,0.496317471,-0.433259756,-0.282017482,-0.501894828,-0.447110612
4242,222,North-East Gonja,2006,0,1088.026424,25.85919457,0.498277842,0,44303.83349,0.582207234,0.568176173,0.714257827,-0.637252652,-0.431906058,-0.408967821,-0.447110612
4243,222,North-East Gonja,2007,0,1177.077773,25.61272432,0.506122708,0,45665.34104,0.595590841,0.582207234,0.400659667,-0.305588133,-0.375765616,-0.318644663,-0.447110612
4244,222,North-East Gonja,2008,0,1292.46548,25.64996185,0.509537289,0,47536.23434,0.608312505,0.595590841,0.4480391,0.124164011,-0.351329757,-0.232489407,-0.447110612
4245,222,North-East Gonja,2009,0,1314.630126,25.98174085,0.527682178,0,49979.75847,0.620488216,0.608312505,0.870180443,0.206714435,-0.221478964,-0.150595328,-0.447110612
4246,222,North-East Gonja,2010,0,1263.337601,25.98277943,0.53413669,0,52398.0143,0.628973162,0.620488216,0.871501882,0.01567959,-0.175288361,-0.072215748,-0.447110612
4247,222,North-East Gonja,2011,0,1143.009326,25.98534266,0.531452998,0,56800.90758,0.638950525,0.628973162,0.874763229,-0.432473297,-0.194493739,-0.017594998,-0.447110612
4248,222,North-East Gonja,2012,0,1141.030776,25.58933022,0.528692246,0,57127.73414,0.650175051,0.638950525,0.370894028,-0.439842247,-0.214250587,0.046632997,-0.447110612
4249,222,North-East Gonja,2013,0,1016.102953,25.55799491,0.537404566,0,59043.86929,0.661008986,0.650175051,0.331024324,-0.905125777,-0.15190236,0.118889444,-0.447110612
4250,222,North-East Gonja,2014,0,1185.101003,25.93353964,0.541180986,0,61283.63863,0.671423266,0.661008986,0.808851288,-0.275706263,-0.12487706,0.188631511,-0.447110612
4251,222,North-East Gonja,2015,0,974.8640384,26.20733362,0.502887194,0,35949.78974,0.68132017,0.671423266,1.157214981,-1.058716766,-0.398920019,0.255672105,-0.447110612
4252,222,North-East Gonja,2016,0,1202.875484,26.24226932,0.501443848,0,36776.3203,0.690798705,0.68132017,1.201665673,-0.209506653,-0.409249074,0.319382157,-0.447110612
4253,222,North-East Gonja,2017,0,1034.140738,25.9451406,0.507517992,0,37616.32667,0.699729582,0.690798705,0.823611852,-0.837945514,-0.365780508,0.380399011,-0.447110612
4254,222,North-East Gonja,2018,0,1275.284075,26.03239508,0.517027351,0,38420.13108,0.708055973,0.699729582,0.93463071,0.060173265,-0.297728408,0.437890386,-0.447110612
4255,222,North-East Gonja,2019,0,1033.868447,26.74805143,0.520196194,0,39205.63029,0.716009569,0.708055973,1.845201093,-0.838959638,-0.275051131,0.491490462,-0.447110612
4256,222,North-East Gonja,2020,0,1064.914964,26.47886816,0.55747228,0,39988.95232,0.723618838,0.716009569,1.50270387,-0.723329407,-0.008291211,0.542690712,-0.447110612
4257,222,North-East Gonja,2021,7,857.0951816,26.44639254,0.513012324,0,40791.73978,0.788697408,0.723618838,1.46138328,-1.49733731,-0.326461264,0.591674407,-0.447110612
4258,222,North-East Gonja,2022,0,1210.673591,25.89810937,0.535387677,0,41579.46983,0.857562496,0.788697408,0.763771339,-0.180463239,-0.166335881,1.010609357,-0.447110612
4259,222,North-East Gonja,2023,0,1351.333531,26.36323301,0.522186078,0,42383.82165,0.861212068,0.857562496,1.355574667,0.343413288,-0.260810866,1.453919532,-0.447110612
4260,222,North-East Gonja,2024,0,1025.779172,26.58563374,0.517187257,0,43195.29853,0.864732697,0.861212068,1.638547804,-0.869087486,-0.296584066,1.477413184,-0.447110612
4261,223,Nanton,2005,0,1115.86555,25.9761933,0.440611642,0,34559.89674,0.561100384,0.546428295,0.863121977,-0.533568087,-0.844584333,-0.548966992,-0.447110612
4262,223,Nanton,2006,0,1052.384672,26.16818114,0.448724341,0,36286.41763,0.575361356,0.561100384,1.107399059,-0.76999746,-0.786527194,-0.454517299,-0.447110612
4263,223,Nanton,2007,0,1084.454492,25.76686926,0.446380888,0,37432.00521,0.588964265,0.575361356,0.59678706,-0.650556023,-0.803297715,-0.362714123,-0.447110612
4264,223,Nanton,2008,0,1196.651645,25.7289579,0.457850928,0,37750.32394,0.601894384,0.588964265,0.548550282,-0.232686835,-0.721214336,-0.275147142,-0.447110612
4265,223,Nanton,2009,0,1260.201008,26.29395197,0.453735617,0,43835.85805,0.614269604,0.601894384,1.267424454,0.003997606,-0.750664851,-0.191911161,-0.447110612
4266,223,Nanton,2010,0,1183.291135,26.16868515,0.47882253,0,44865.50138,0.626198987,0.614269604,1.10804033,-0.282446969,-0.571134662,-0.112247267,-0.447110612
4267,223,Nanton,2011,0,1079.261637,26.20833827,0.435871128,0,46003.83342,0.637802527,0.626198987,1.158493266,-0.66989639,-0.878509008,-0.035453391,-0.447110612
4268,223,Nanton,2012,0,1095.053661,25.85756004,0.463076994,0,48197.12697,0.649062743,0.637802527,0.712178111,-0.611080276,-0.683814894,0.039242907,-0.447110612
4269,223,Nanton,2013,0,962.4377409,25.79322562,0.447880885,0,51607.71368,0.659931125,0.649062743,0.630321759,-1.104997502,-0.792563238,0.111729102,-0.447110612
4270,223,Nanton,2014,0,1140.981026,26.19305514,0.441242223,0,54276.00805,0.670378519,0.659931125,1.139047667,-0.440027537,-0.840071686,0.181692922,-0.447110612
4271,223,Nanton,2015,0,955.0379484,26.35000741,0.398761834,0,43458.38562,0.680306891,0.670378519,1.338746987,-1.132557428,-1.144075309,0.248946678,-0.447110612
4272,223,Nanton,2016,0,1151.69582,26.42879484,0.409200961,0,44461.73996,0.689815565,0.680306891,1.438992726,-0.400121157,-1.069369486,0.312859304,-0.447110612
4273,223,Nanton,2017,0,951.1805514,26.22879484,0.427135277,0,45474.4469,0.698774838,0.689815565,1.184521322,-1.14692399,-0.941025629,0.374070169,-0.447110612
4274,223,Nanton,2018,0,1231.122146,26.14754669,0.44096659,0,46452.46723,0.707127704,0.698774838,1.081144672,-0.104304253,-0.84204421,0.431744343,-0.447110612
4275,223,Nanton,2019,0,934.3732582,27.05390602,0.437541802,0,47413.31988,0.715106589,0.707127704,2.23435732,-1.209521389,-0.866553116,0.485514847,-0.447110612
4276,223,Nanton,2020,0,1154.679514,26.66935962,0.459747056,0,48358.80162,0.866870789,0.715106589,1.745077011,-0.38900863,-0.707645019,0.536877894,-0.447110612
4277,223,Nanton,2021,0,825.3095168,26.54531574,0.423846591,0,49336.41405,0.870382776,0.866870789,1.587248913,-1.615720437,-0.964560542,1.513840476,-0.447110612
4278,223,Nanton,2022,0,1215.689001,26.1099244,0.446176908,0,50293.59718,0.873755918,0.870382776,1.033275681,-0.16178375,-0.804757457,1.536448441,-0.447110612
4279,223,Nanton,2023,0,982.3107026,26.63124074,0.448596178,0,51274.764,0.876990578,0.873755918,1.69657618,-1.03098227,-0.787444368,1.55816261,-0.447110612
4280,223,Nanton,2024,0,979.1341536,26.68058109,0.406243313,0,52263.04939,0.880110954,0.876990578,1.759354721,-1.042813069,-1.090535384,1.578985318,-0.447110612
4281,227,Berekum West,2005,0,1011.081807,23.99220441,0.651696907,0.008671464,43855.36875,0.608825172,0.595748487,-1.661220211,-0.923826629,0.666011185,-0.231474583,-0.417140836
4282,227,Berekum West,2006,0,1182.675687,24.31598668,0.68243429,0.008671464,46986.99987,0.621535443,0.608825172,-1.249253573,-0.284739157,0.885977995,-0.147295101,-0.417140836
4283,227,Berekum West,2007,0,1266.574521,23.94858451,0.611400334,0.008671464,48829.30797,0.633659207,0.621535443,-1.716720297,0.027735238,0.377635668,-0.06547436,-0.417140836
4284,227,Berekum West,2008,0,1340.323272,24.05526644,0.646932552,0.008671464,48660.39757,0.645183339,0.633659207,-1.580982792,0.302406472,0.631915891,0.012570818,-0.417140836
4285,227,Berekum West,2009,0,1344.349917,24.17210658,0.665891583,0.008671464,52030.51438,0.65621291,0.645183339,-1.432320428,0.317403383,0.76759295,0.086755938,-0.417140836
4286,227,Berekum West,2010,0,1167.667569,24.57210658,0.648220252,0.008671464,57782.84584,0.666845124,0.65621291,-0.92337762,-0.340635675,0.641131094,0.15775739,-0.417140836
4287,227,Berekum West,2011,0,1094.425062,24.21821399,0.623375242,0.008671464,55432.81371,0.677186925,0.666845124,-1.373655341,-0.613421441,0.463332039,0.226200903,-0.417140836
4288,227,Berekum West,2012,0,1215.203789,24.07201291,0.630152408,0.008671464,57778.91209,0.685886767,0.677186925,-1.559675314,-0.163590884,0.511831668,0.292774922,-0.417140836
4289,227,Berekum West,2013,0,1014.856578,23.84858451,0.656001509,0.008671464,58529.11726,0.695547648,0.685886767,-1.843955999,-0.909767801,0.696816326,0.348779038,-0.417140836
4290,227,Berekum West,2014,0,1145.518943,24.38340966,0.608536162,0.008671464,61411.17918,0.704900852,0.695547648,-1.16346747,-0.423126434,0.357138709,0.410969718,-0.417140836
4291,227,Berekum West,2015,0,981.4494172,24.5222627,0.609605438,0.008671464,41257.64407,0.713789393,0.704900852,-0.986796831,-1.034190058,0.364790803,0.47117977,-0.417140836
4292,227,Berekum West,2016,0,1119.002498,24.68029767,0.57503832,0.008671464,42221.69606,0.722302192,0.713789393,-0.785719926,-0.521884779,0.117417145,0.528398617,-0.417140836
4293,227,Berekum West,2017,0,1056.412573,24.43871774,0.645269953,0.008671464,43197.40301,0.730323132,0.722302192,-1.09309585,-0.754995872,0.620017786,0.583198668,-0.417140836
4294,227,Berekum West,2018,0,1304.978143,24.56608035,0.65978999,0.008671464,44130.02985,0.737801175,0.730323132,-0.931045134,0.17076641,0.723927947,0.634832439,-0.417140836
4295,227,Berekum West,2019,0,1216.647169,24.88559534,0.665235697,0.008671464,45049.85304,0.744944405,0.737801175,-0.524507996,-0.158215131,0.762899212,0.682971382,-0.417140836
4296,227,Berekum West,2020,0,909.1346794,24.67336595,0.643186039,0.008671464,45955.74003,0.899197048,0.744944405,-0.794539553,-1.303520426,0.605104617,0.72895501,-0.417140836
4297,227,Berekum West,2021,0,1072.707119,24.91657993,0.664283829,0.008671464,46882.038,0.901856259,0.899197048,-0.485084528,-0.694308158,0.756087334,1.72193662,-0.417140836
4298,227,Berekum West,2022,0,1181.70816,23.98755204,0.624814856,0.008671464,47793.00748,0.904410339,0.901856259,-1.66713969,-0.288342633,0.473634394,1.739054948,-0.417140836
4299,227,Berekum West,2023,1,1057.464613,24.98755204,0.620686804,0.008671464,48718.70489,0.906859563,0.904410339,-0.39478267,-0.751077635,0.444092699,1.755496512,-0.417140836
4300,227,Berekum West,2024,0,826.7649875,24.48205662,0.60685093,0.008671464,49652.02051,0.909222253,0.906859563,-1.037953317,-1.610299655,0.345078638,1.771263078,-0.417140836
4301,228,Pru,2005,0,1130.577877,25.76519922,0.49566836,0.002997269,54248.98399,0.596320227,0.588723116,0.594662178,-0.47877322,-0.450580371,-0.276699508,-0.436751635
4302,228,Pru,2006,0,1103.136305,26.03226525,0.485765957,0.002997269,55379.49519,0.609436816,0.596320227,0.934465523,-0.580977125,-0.521445213,-0.22779408,-0.436751635
4303,228,Pru,2007,0,1296.633045,25.91823349,0.505132336,0.002997269,56885.0609,0.621948148,0.609436816,0.789376408,0.139685771,-0.382853044,-0.143357721,-0.436751635
4304,228,Pru,2008,0,1363.553302,25.87101978,0.477214969,0.002997269,58836.67797,0.63384068,0.621948148,0.729303714,0.388924831,-0.582638893,-0.062817621,-0.436751635
4305,228,Pru,2009,0,1272.122875,25.99099749,0.469586729,0.002997269,58533.23753,0.645222841,0.63384068,0.881958196,0.048399633,-0.637229085,0.013739023,-0.436751635
4306,228,Pru,2010,0,1264.869602,26.21503483,0.476669315,0.002997269,62760.18223,0.656194941,0.645222841,1.167013673,0.021385403,-0.586543777,0.087010226,-0.436751635
4307,228,Pru,2011,0,1172.824352,26.0271552,0.457061575,0.002997269,63623.01248,0.666867346,0.656194941,0.927963704,-0.321429653,-0.726863207,0.157641718,-0.436751635
4308,228,Pru,2012,0,1174.666202,25.74297297,0.458252072,0.002997269,67613.17597,0.677223977,0.666867346,0.566382457,-0.314569832,-0.718343619,0.226343953,-0.436751635
4309,228,Pru,2013,0,1108.267707,25.70302313,0.465272187,0.003162372,69083.24803,0.687220218,0.677223977,0.515551989,-0.561865636,-0.668105372,0.293013436,-0.436181018
4310,228,Pru,2014,0,1216.255391,26.10106715,0.48843741,0.003162372,71951.88945,0.696829252,0.687220218,1.022006097,-0.159674274,-0.50232742,0.357362955,-0.436181018
4311,228,Pru,2015,0,961.1273892,26.40651156,0.482651507,0.003162372,106943.6199,0.705960914,0.696829252,1.41064044,-1.109877801,-0.543733241,0.419219881,-0.436181018
4312,228,Pru,2016,0,1241.003232,26.43209529,0.475108596,0.003162372,109511.3574,0.711974325,0.705960914,1.443192076,-0.067502952,-0.597712797,0.478003788,-0.436181018
4313,228,Pru,2017,0,1079.164614,25.96885483,0.471187414,0.003162372,112111.7139,0.712380029,0.711974325,0.853784829,-0.670257742,-0.625774062,0.516714349,-0.436181018
4314,228,Pru,2018,0,1274.80496,26.31916411,0.487625771,0.003162372,114592.3662,0.720062368,0.712380029,1.299503299,0.058388837,-0.508135778,0.519326013,-0.436181018
4315,228,Pru,2019,0,1311.871329,26.99453608,0.472076869,0.003327473,117023.0328,0.727688866,0.720062368,2.158817566,0.19643952,-0.619408828,0.568780087,-0.435610407
4316,228,Pru,2020,0,1070.821733,26.8681304,0.458366503,0.003327473,119440.6908,0.734985199,0.727688866,1.997984406,-0.701330125,-0.717524714,0.617874692,-0.435610407
4317,228,Pru,2021,0,1111.048872,26.63299248,0.447749684,0.003327473,121904.9489,0.741976366,0.734985199,1.698805021,-0.551507414,-0.793502156,0.6648439,-0.435610407
4318,228,Pru,2022,0,909.5234327,26.28161605,0.467320775,0.003327473,124347.3203,0.74869114,0.741976366,1.251728756,-1.302072546,-0.653445001,0.709848638,-0.435610407
4319,228,Pru,2023,0,1406.183282,26.51302313,0.458893774,0.003327473,126838.3329,0.755130243,0.74869114,1.546161175,0.547696731,-0.713751388,0.753074135,-0.435610407
4320,228,Pru,2024,0,908.8429646,27.10022848,0.439482959,0.003327473,129345.8665,0.761341845,0.755130243,2.293296024,-1.304606894,-0.852661558,0.794525037,-0.435610407
4321,233,Fanteakwa South,2005,0,1527.530703,23.00214763,0.729054376,0.001082481,34518.47978,0.40836828,0.388590469,-2.920925909,0.999645346,1.219606646,-1.565027758,-0.443369409
4322,233,Fanteakwa South,2006,0,1317.125994,23.3762329,0.749504208,0.001082481,33889.64389,0.427591908,0.40836828,-2.444955891,0.216010094,1.365952366,-1.43771064,-0.443369409
4323,233,Fanteakwa South,2007,0,1843.90105,23.3387846,0.719083625,0.001082481,32240.32389,0.445928476,0.427591908,-2.492603496,2.177941012,1.148252679,-1.313960996,-0.443369409
4324,233,Fanteakwa South,2008,0,1858.703786,23.27033089,0.72718836,0.001082481,35026.16168,0.463358129,0.445928476,-2.57970105,2.233072601,1.206252824,-1.195921696,-0.443369409
4325,233,Fanteakwa South,2009,0,1382.429208,23.20922685,0.718190499,0.001082481,32635.70457,0.480039786,0.463358129,-2.657447205,0.45922661,1.141861177,-1.083720534,-0.443369409
4326,233,Fanteakwa South,2010,0,1799.257079,23.79155266,0.744496803,0.001082481,35700.20861,0.49612046,0.480039786,-1.916520881,2.011668168,1.330117733,-0.976334506,-0.443369409
4327,233,Fanteakwa South,2011,0,1540.987591,23.39285714,0.733222695,0.001082481,36426.83526,0.5117619,0.49612046,-2.423803917,1.049764434,1.249436508,-0.872817229,-0.443369409
4328,233,Fanteakwa South,2012,0,1636.304804,23.12056952,0.734171923,0.001082481,37828.69543,0.526940544,0.5117619,-2.770250986,1.404765653,1.256229497,-0.772127464,-0.443369409
4329,233,Fanteakwa South,2013,0,1454.757875,23.0937321,0.737944086,0.001082481,39170.51515,0.541591001,0.526940544,-2.804397761,0.728608856,1.283224335,-0.674416892,-0.443369409
4330,233,Fanteakwa South,2014,0,1668.277442,23.37958956,0.74401763,0.001082481,40370.38007,0.555376541,0.541591001,-2.440685014,1.523845145,1.326688609,-0.580106454,-0.443369409
4331,233,Fanteakwa South,2015,0,1322.287941,23.79602291,0.706210551,0.001082481,46445.34981,0.568768834,0.555376541,-1.910833126,0.235235347,1.056128728,-0.491363808,-0.443369409
4332,233,Fanteakwa South,2016,0,1556.885142,23.76721285,0.710162196,0.001082481,47560.0566,0.581594998,0.568768834,-1.9474898,1.108973568,1.084408004,-0.405152641,-0.443369409
4333,233,Fanteakwa South,2017,0,1567.612154,23.37876233,0.714070235,0.001082481,48689.67071,0.593680081,0.581594998,-2.441737553,1.148925455,1.112375212,-0.322585855,-0.443369409
4334,233,Fanteakwa South,2018,0,1512.14922,23.79990455,0.737569878,0.001082481,49766.86815,0.604947187,0.593680081,-1.905894291,0.942358263,1.280546376,-0.244789678,-0.443369409
4335,233,Fanteakwa South,2019,0,1454.413618,24.48860961,0.73175649,0.001082481,50814.2066,0.615709833,0.604947187,-1.029615575,0.727326699,1.238943864,-0.172259127,-0.443369409
4336,233,Fanteakwa South,2020,0,1191.715558,24.21832644,0.716658728,0.001082481,51871.06845,0.889166858,0.615709833,-1.373512262,-0.25107089,1.130899316,-0.102975974,-0.443369409
4337,233,Fanteakwa South,2021,0,1292.055043,24.51622654,0.721890455,0.001082481,52948.65057,0.892090668,0.889166858,-0.994476985,0.122635372,1.168339275,1.657368559,-0.443369409
4338,233,Fanteakwa South,2022,0,1304.523067,23.37573974,0.685219466,0.001082481,54007.3572,0.894898887,0.892090668,-2.445583366,0.169071516,0.905909628,1.676190212,-0.443369409
4339,233,Fanteakwa South,2023,0,1508.170538,24.07456252,0.678405198,0.001082481,55089.2647,0.897591816,0.894898887,-1.556431295,0.927539982,0.857144486,1.694267759,-0.443369409
4340,233,Fanteakwa South,2024,0,1177.908368,23.89107541,0.677309755,0.001082481,56181.11399,0.900189601,0.897591816,-1.789892413,-0.30249465,0.849305136,1.711603145,-0.443369409
4341,234,New Juaben South,2005,0,1391.867488,24.19329738,0.622862499,0.355339117,78097.09248,0.59474893,0.583882918,-1.405358162,0.49437872,0.459662681,-0.307857658,0.780990459
4342,234,New Juaben South,2006,0,1172.818182,24.60238829,0.624169553,0.355339117,79315.49516,0.607916574,0.59474893,-0.884848472,-0.321452634,0.469016396,-0.237909105,0.780990459
4343,234,New Juaben South,2007,0,1650.802773,24.59329738,0.602024252,0.355339117,83931.6566,0.620476606,0.607916574,-0.896415354,1.458762162,0.310537345,-0.153144082,0.780990459
4344,234,New Juaben South,2008,0,1709.01849,24.45570108,0.593144602,0.355339117,88620.85849,0.63150382,0.620476606,-1.071486974,1.67558187,0.246991651,-0.072290485,0.780990459
4345,234,New Juaben South,2009,0,1223.865948,24.44329738,0.570046945,0.355339117,96705.63078,0.642308095,0.63150382,-1.087268907,-0.131329376,0.081697228,-0.001304208,0.780990459
4346,234,New Juaben South,2010,0,1659.422188,25.04329738,0.601209115,0.355339117,94241.86928,0.651706656,0.642308095,-0.323854695,1.490864471,0.304703953,0.068246927,0.780990459
4347,234,New Juaben South,2011,0,1401.588598,24.59329738,0.593103678,0.359465618,102076.1904,0.660685557,0.651706656,-0.896415354,0.530584202,0.246698783,0.128748953,0.795252217
4348,234,New Juaben South,2012,0,1461.587057,24.2953775,0.564186684,0.359465618,104789.1771,0.669315927,0.660685557,-1.2754758,0.754043591,0.039759274,0.186549479,0.795252217
4349,234,New Juaben South,2013,0,1286.790447,24.29930663,0.567206065,0.359465618,112619.1416,0.677453716,0.669315927,-1.270476555,0.103027811,0.061366955,0.242106382,0.795252217
4350,234,New Juaben South,2014,0,1516.417565,24.59329738,0.590563988,0.359465618,114769.8225,0.686503467,0.677453716,-0.896415354,0.958255368,0.228523926,0.294492354,0.795252217
4351,234,New Juaben South,2015,0,1192.953775,24.99329738,0.551954319,0.359465618,127721.5012,0.695946147,0.686503467,-0.387472546,-0.246459253,-0.047779551,0.352748963,0.795252217
4352,234,New Juaben South,2016,0,1406.690293,24.9931433,0.532157243,0.364020994,130661.209,0.70498966,0.695946147,-0.387668594,0.549585051,-0.18945393,0.413535009,0.810996227
4353,234,New Juaben South,2017,0,1438.038521,24.61340524,0.550826258,0.37313171,133678.3453,0.71351065,0.70498966,-0.870830979,0.66633898,-0.055852324,0.471751463,0.842484118
4354,234,New Juaben South,2018,0,1338.389831,25.01340524,0.546404573,0.37313171,136552.816,0.948027529,0.71351065,-0.361888171,0.295205526,-0.087495354,0.526604241,0.842484118
4355,234,New Juaben South,2019,0,1299.355932,25.71348228,0.541195952,0.376365108,139347.2528,0.949443444,0.948027529,0.528859768,0.149826941,-0.124769958,2.036276578,0.853659188
4356,234,New Juaben South,2020,0,1096.571649,25.3248074,0.531805004,0.391816838,142126.9296,0.950798061,0.949443444,0.03432655,-0.605426655,-0.191974669,2.045391351,0.907062501
4357,234,New Juaben South,2021,0,1235.747304,25.80847458,0.570975367,0.39637203,144993.4457,0.952096023,0.950798061,0.649723882,-0.087078231,0.088341319,2.054111529,0.922805873
4358,234,New Juaben South,2022,0,1200.665639,24.49522342,0.536374956,0.400927369,147826.5522,0.95334267,0.952096023,-1.021200445,-0.21773704,-0.159270591,2.062466988,0.938549755
4359,234,New Juaben South,2023,0,1312.711864,25.29522342,0.514699527,0.410038011,150693.5626,0.954538136,0.95334267,-0.003314829,0.199570026,-0.314387083,2.070492118,0.970037391
4360,234,New Juaben South,2024,0,1031.70416,25.0385208,0.514239383,0.419094689,153579.2654,0.955691366,0.954538136,-0.329932209,-0.847020348,-0.317680026,2.078187781,1.001338521
4361,235,Akwapim North,2005,0,1270.695259,23.64882159,0.72940725,0.014697248,70633.25248,0.604993919,0.597478414,-2.09812575,0.043082591,1.222131934,-0.2203384,-0.396314892
4362,235,Akwapim North,2006,0,1067.071252,24.08144697,0.736647228,0.014697248,74106.80395,0.612850499,0.604993919,-1.547671814,-0.715298486,1.273943594,-0.171958297,-0.396314892
4363,235,Akwapim North,2007,0,1489.928748,24.05363113,0.730606308,0.014697248,76269.01824,0.62040357,0.612850499,-1.583063494,0.859599916,1.230712781,-0.121382572,-0.396314892
4364,235,Akwapim North,2008,0,1562.981091,23.97303371,0.724397453,0.014697248,77324.92077,0.628352806,0.62040357,-1.685612192,1.131677436,1.186280175,-0.072760645,-0.396314892
4365,235,Akwapim North,2009,0,1113.55385,23.89277884,0.705871153,0.014697248,78723.77178,0.639206806,0.628352806,-1.787725032,-0.542177824,1.053699887,-0.021588462,-0.396314892
4366,235,Akwapim North,2010,0,1525.682927,24.46966292,0.745458983,0.014697248,77669.16299,0.650364963,0.639206806,-1.053722526,0.992763453,1.337003409,0.048282771,-0.396314892
4367,235,Akwapim North,2011,0,1276.75829,24.04882159,0.735759553,0.014697248,83342.64765,0.661218341,0.650364963,-1.589182942,0.065663858,1.267591098,0.120111977,-0.396314892
4368,235,Akwapim North,2012,0,1325.765689,23.74105234,0.724563305,0.014697248,86902.92583,0.670690308,0.661218341,-1.98077531,0.248187937,1.187467072,0.189979211,-0.396314892
4369,235,Akwapim North,2013,0,1174.277884,23.69457386,0.721152985,0.014697248,90693.80999,0.679407038,0.670690308,-2.039912539,-0.316016091,1.163061699,0.250953778,-0.396314892
4370,235,Akwapim North,2014,0,1381.264182,24.035037,0.735908337,0.014697248,92543.97003,0.682126879,0.679407038,-1.606721872,0.454887566,1.268655849,0.307066612,-0.396314892
4371,235,Akwapim North,2015,0,1079.933955,24.45104138,0.715280286,0.014697248,91116.51431,0.691701385,0.682126879,-1.077415773,-0.667392396,1.121034734,0.32457524,-0.396314892
4372,235,Akwapim North,2016,0,1284.408605,24.43487257,0.69705754,0.014697248,93243.66615,0.70087115,0.691701385,-1.097988276,0.094156835,0.990626778,0.386209893,-0.396314892
4373,235,Akwapim North,2017,0,1326.868457,24.05164429,0.719159428,0.014697248,95379.88692,0.709511097,0.70087115,-1.585591471,0.252295106,1.148795148,0.445239082,-0.396314892
4374,235,Akwapim North,2018,0,1212.954234,24.46316799,0.729936854,0.014697248,97419.21197,0.717566251,0.709511097,-1.061986396,-0.171969167,1.225921949,0.500857635,-0.396314892
4375,235,Akwapim North,2019,0,1215.262264,25.13517402,0.729763131,0.014927924,99395.9572,0.725260752,0.717566251,-0.206954807,-0.163373098,1.224678732,0.552711652,-0.395517645
4376,235,Akwapim North,2020,0,985.12661,24.6994245,0.716796119,0.014927924,101399.3194,0.920762443,0.725260752,-0.761383768,-1.020494652,1.131882533,0.602244019,-0.395517645
4377,235,Akwapim North,2021,0,1163.208002,25.15254864,0.751278874,0.014927924,103420.5785,0.922852752,0.920762443,-0.184848083,-0.357244968,1.37865246,1.860761085,-0.395517645
4378,235,Akwapim North,2022,0,1122.5755,23.86394903,0.730250734,0.014927924,105391.3121,0.924860422,0.922852752,-1.824406851,-0.508577422,1.22816818,1.874217184,-0.395517645
4379,235,Akwapim North,2023,0,1165.767882,24.74125788,0.701432107,0.014927924,107414.1463,0.926785669,0.924860422,-0.708156775,-0.347710905,1.021932615,1.887141303,-0.395517645
4380,235,Akwapim North,2024,0,955.9238147,24.44125788,0.692052652,0.014934244,109465.6846,0.928642894,0.926785669,-1.089863881,-1.129258091,0.954810157,1.89953483,-0.395495802
4381,236,Keta,2005,0,962.6250664,25.23514339,0.41160789,0.109210271,56359.47931,0.588689182,0.580557411,-0.07975808,-1.104299824,-1.052144712,-0.329265187,-0.069664832
4382,236,Keta,2006,0,911.1468401,25.56563994,0.398631784,0.109210271,53122.55382,0.598491959,0.588689182,0.340751523,-1.296026297,-1.145005988,-0.276917954,-0.069664832
4383,236,Keta,2007,0,1139.700478,25.63700212,0.401081608,0.109210271,54459.21269,0.609776107,0.598491959,0.431549704,-0.444796833,-1.127474243,-0.213813832,-0.069664832
4384,236,Keta,2008,0,1193.978226,25.54749071,0.39532635,0.109210271,59150.99917,0.622051539,0.609776107,0.317659223,-0.242643767,-1.168660763,-0.141173576,-0.069664832
4385,236,Keta,2009,0,999.2567711,25.40157993,0.37447995,0.109210271,56552.09469,0.633800169,0.622051539,0.132008617,-0.967868014,-1.31784445,-0.062152056,-0.069664832
4386,236,Keta,2010,0,1255.88051,25.91569304,0.398342828,0.109210271,57901.43304,0.645125536,0.633800169,0.786144051,-0.012093739,-1.147073851,0.013478241,-0.069664832
4387,236,Keta,2011,0,1027.752788,25.64925651,0.373027417,0.109210271,60808.92237,0.656141557,0.645125536,0.447141652,-0.861736913,-1.328239249,0.086383838,-0.069664832
4388,236,Keta,2012,0,1067.583909,25.25289432,0.375945463,0.10924532,56161.96964,0.666831638,0.656141557,-0.05717256,-0.713389139,-1.307356757,0.157298061,-0.069543697
4389,236,Keta,2013,0,1006.546468,25.2523898,0.365655341,0.10924532,56798.11869,0.677149725,0.666831638,-0.057814482,-0.940718129,-1.380996251,0.226114086,-0.069543697
4390,236,Keta,2014,0,1126.069835,25.53085502,0.384186404,0.109264192,55532.92909,0.686662708,0.677149725,0.296492689,-0.495563054,-1.248381874,0.29253545,-0.06947847
4391,236,Keta,2015,0,868.6688794,26.05642592,0.381945592,0.109264192,73705.1328,0.696100593,0.686662708,0.96520651,-1.454232012,-1.264417859,0.353774061,-0.06947847
4392,236,Keta,2016,0,977.7395114,25.97854488,0.389089626,0.10995166,75407.3677,0.704504945,0.696100593,0.866114021,-1.048007301,-1.213292809,0.41452923,-0.067102488
4393,236,Keta,2017,0,1013.030005,25.50703664,0.399006674,0.10995166,77145.3897,0.711040539,0.704504945,0.266187212,-0.916570722,-1.142323152,0.468631169,-0.067102488
4394,236,Keta,2018,0,961.4612321,26.0360462,0.392640833,0.110639276,78794.55262,0.719053282,0.711040539,0.939276239,-1.10863443,-1.187879204,0.510703221,-0.064725993
4395,236,Keta,2019,0,1237.98513,26.40606745,0.404834236,0.110639276,80407.9229,0.725680031,0.719053282,1.410075364,-0.078743627,-1.100619206,0.562284224,-0.064725993
4396,236,Keta,2020,0,995.2655337,25.63636484,0.389465803,0.112702023,82026.14733,0.733030189,0.725680031,0.430738855,-0.982733054,-1.210600761,0.60494307,-0.057596852
4397,236,Keta,2021,0,912.6152416,26.74060011,0.384049229,0.112702023,83672.74709,0.740072929,0.733030189,1.835720344,-1.290557355,-1.249363541,0.652258769,-0.057596852
4398,236,Keta,2022,0,1077.660117,25.2328598,0.412899571,0.112702023,85287.71236,0.746837238,0.740072929,-0.082663622,-0.67586112,-1.042901018,0.697595507,-0.057596852
4399,236,Keta,2023,0,994.6922464,26.54103824,0.405684357,0.112702023,86934.37315,0.753323842,0.746837238,1.581806398,-0.984868216,-1.094535461,0.741139878,-0.057596852
4400,236,Keta,2024,3,1096.254912,26.03785183,0.384454277,0.112702023,88597.75551,0.759581267,0.753323842,0.941573644,-0.606606314,-1.24646489,0.782896563,-0.057596852
4401,237,Adansi Akrofuom,2005,0,1405.591171,24.07865976,0.706552266,0.00105268,74470.41653,0.387581228,0.367108522,-1.551218138,0.545491459,1.058574154,-1.703315043,-0.443472403
4402,237,Adansi Akrofuom,2006,0,1296.813345,24.44882082,0.754860639,0.00105268,77913.76272,0.407480281,0.387581228,-1.080241116,0.140357281,1.404284747,-1.571524623,-0.443472403
4403,237,Adansi Akrofuom,2007,0,1838.820535,24.25916739,0.726679754,0.00105268,76114.98211,0.426461105,0.407480281,-1.321547998,2.159019046,1.202613073,-1.443427019,-0.443472403
4404,237,Adansi Akrofuom,2008,0,1714.809318,24.24907248,0.717804273,0.00105268,73437.97117,0.444503152,0.426461105,-1.334392327,1.69714934,1.139097217,-1.321240394,-0.443472403
4405,237,Adansi Akrofuom,2009,0,1314.927524,24.16269054,0.659776735,0.00105268,76769.35513,0.461770921,0.444503152,-1.444300993,0.207822069,0.723833089,-1.205097032,-0.443472403
4406,237,Adansi Akrofuom,2010,0,1660.529767,24.79877768,0.736705999,0.00105268,84253.3932,0.478416592,0.461770921,-0.63497105,1.494989559,1.274364176,-1.093937982,-0.443472403
4407,237,Adansi Akrofuom,2011,0,1299.733103,24.35775093,0.714754115,0.00105268,83092.57422,0.494607596,0.478416592,-1.196114527,0.151231684,1.117269284,-0.986783613,-0.443472403
4408,237,Adansi Akrofuom,2012,0,1600.549324,24.15705349,0.700650928,0.00105268,83412.02103,0.510319543,0.494607596,-1.451473325,1.271597271,1.016342239,-0.882556101,-0.443472403
4409,237,Adansi Akrofuom,2013,0,1417.343399,24.04587288,0.686936283,0.00105268,81404.96932,0.523685634,0.510319543,-1.592934761,0.589261682,0.918195735,-0.781412457,-0.443472403
4410,237,Adansi Akrofuom,2014,0,1406.027322,24.46269054,0.693110033,0.00105268,86093.67671,0.533597287,0.523685634,-1.062593887,0.547115872,0.962377119,-0.695369958,-0.443472403
4411,237,Adansi Akrofuom,2015,0,1225.997699,24.67177164,0.687850302,0.00105268,44562.5101,0.547645582,0.533597287,-0.796568076,-0.123389841,0.92473676,-0.631564965,-0.443472403
4412,237,Adansi Akrofuom,2016,0,1450.944492,24.78283003,0.718954858,0.00105268,45598.46175,0.559800831,0.547645582,-0.655262162,0.714406224,1.147331183,-0.541130865,-0.443472403
4413,237,Adansi Akrofuom,2017,0,1517.996836,24.47315933,0.715870262,0.00140534,46653.74905,0.572515411,0.559800831,-1.049273842,0.964137234,1.125256796,-0.462883008,-0.442253562
4414,237,Adansi Akrofuom,2018,0,1506.590308,24.802761,0.742290198,0.00140534,47660.77244,0.584293532,0.572515411,-0.629902846,0.921654544,1.314326541,-0.381034531,-0.442253562
4415,237,Adansi Akrofuom,2019,0,1435.002445,25.35536382,0.715305784,0.00140534,48643.1517,0.593682043,0.584293532,0.07320523,0.655031361,1.121217208,-0.305214383,-0.442253562
4416,237,Adansi Akrofuom,2020,0,1203.888985,25.24567156,0.712468608,0.00140534,49624.03421,0.600868513,0.593682043,-0.066362492,-0.205731952,1.100913441,-0.244777048,-0.442253562
4417,237,Adansi Akrofuom,2021,0,1358.861231,25.51022433,0.737392692,0.00140534,50627.62831,0.60524354,0.600868513,0.270243089,0.371449594,1.279278375,-0.198515069,-0.442253562
4418,237,Adansi Akrofuom,2022,0,1352.433276,24.42543141,0.684352509,0.00140534,51609.94634,0.611135874,0.60524354,-1.110000804,0.347509197,0.899705398,-0.170351397,-0.442253562
4419,237,Adansi Akrofuom,2023,0,1535.443773,25.10728358,0.672162903,0.00140534,52611.76437,0.620870746,0.611135874,-0.242441407,1.029116934,0.812472572,-0.13242025,-0.442253562
4420,237,Adansi Akrofuom,2024,0,1219.740725,24.72626546,0.618375416,0.00140534,53621.36809,0.625765895,0.620870746,-0.727232486,-0.146693434,0.427551646,-0.069753259,-0.442253562
4421,238,Adansi North,2005,0,1362.610196,23.80411765,0.648981983,0.029050542,49930.68783,0.387581228,0.367108522,-1.900533728,0.38541231,0.646582296,-1.703315043,-0.346707925
4422,238,Adansi North,2006,0,1255.166275,24.1722549,0.718921866,0.029050542,50334.56934,0.407480281,0.387581228,-1.432131707,-0.01475385,1.147095075,-1.571524623,-0.346707925
4423,238,Adansi North,2007,0,1778.289412,23.96319608,0.695796917,0.029050542,52806.15261,0.426461105,0.407480281,-1.698129169,1.933575793,0.981605344,-1.443427019,-0.346707925
4424,238,Adansi North,2008,0,1672.73098,23.99052941,0.724208927,0.029050542,51817.19881,0.444503152,0.426461105,-1.66335141,1.540431988,1.184931021,-1.321240394,-0.346707925
4425,238,Adansi North,2009,0,1306.153333,23.9005098,0.62769323,0.029050542,49614.76108,0.461770921,0.444503152,-1.77788849,0.17514331,0.494232981,-1.205097032,-0.346707925
4426,238,Adansi North,2010,0,1561.848235,24.49352941,0.72183128,0.029050542,58381.06964,0.478416592,0.461770921,-1.023355829,1.127458208,1.167915798,-1.093937982,-0.346707925
4427,238,Adansi North,2011,0,1284.298431,24.11478431,0.707955195,0.029050542,53846.04869,0.494607596,0.478416592,-1.505254813,0.093746502,1.068613975,-0.986783613,-0.346707925
4428,238,Adansi North,2012,0,1533.169412,23.90372549,0.652068054,0.029050542,51598.3904,0.510319543,0.494607596,-1.773796989,1.020646259,0.668667236,-0.882556101,-0.346707925
4429,238,Adansi North,2013,0,1375.437255,23.79052941,0.648198191,0.029050542,48547.65713,0.525484745,0.510319543,-1.917822814,0.433185649,0.640973224,-0.781412457,-0.346707925
4430,238,Adansi North,2014,0,1373.374118,24.19835294,0.673008069,0.029169024,51741.63633,0.540062521,0.525484745,-1.398925684,0.425501662,0.818520863,-0.68378841,-0.346298438
4431,238,Adansi North,2015,0,1192.716078,24.44552941,0.685441073,0.030331158,49341.72258,0.55391608,0.540062521,-1.084428966,-0.247344534,0.90749552,-0.589945851,-0.342281942
4432,238,Adansi North,2016,0,1424.601961,24.49835294,0.661329966,0.030331158,50484.01282,0.565013968,0.55391608,-1.017218578,0.616295604,0.734948518,-0.500765341,-0.342281942
4433,238,Adansi North,2017,0,1453.208235,24.19835294,0.664456485,0.030331158,51645.5362,0.577577973,0.565013968,-1.398925684,0.72283735,0.757322913,-0.429324108,-0.342281942
4434,238,Adansi North,2018,0,1458.08549,24.53145098,0.728848995,0.031967278,52753.72053,0.589291585,0.577577973,-0.975106055,0.74100229,1.218136877,-0.348444935,-0.336627285
4435,238,Adansi North,2019,0,1470.539608,25.11296078,0.691611644,0.031967278,53832.62261,0.600480745,0.589291585,-0.235217974,0.78738664,0.951654156,-0.273040062,-0.336627285
4436,238,Adansi North,2020,0,1157.729412,25.00441176,0.676690188,0.031967278,54912.8276,0.611185506,0.600480745,-0.373331081,-0.377649533,0.844871316,-0.201011276,-0.336627285
4437,238,Adansi North,2021,0,1266.016078,25.20441176,0.689887647,0.033129421,56018.0199,0.621442544,0.611185506,-0.118859677,0.025655363,0.939316668,-0.132100753,-0.332610756
4438,238,Adansi North,2022,0,1378.099216,24.0485098,0.65019473,0.034291555,57100.03225,0.631294075,0.621442544,-1.589579651,0.443099906,0.655261114,-0.066072386,-0.328594261
4439,238,Adansi North,2023,0,1430.919608,24.7485098,0.635175623,0.034915928,58203.68778,0.640741157,0.631294075,-0.698929737,0.639825167,0.547779444,-0.002654419,-0.326436343
4440,238,Adansi North,2024,1,1136.176471,24.4485098,0.589519571,0.03600971,59315.64603,0.649854463,0.640741157,-1.080636843,-0.457921712,0.221049733,0.058159964,-0.32265608
4441,239,Obuasi East,2005,0,1365.738942,24.17857762,0.593741989,0.364632358,79905.7368,0.387581228,0.367108522,-1.424086948,0.39706507,0.25126675,-1.703315043,0.813109183
4442,239,Obuasi East,2006,0,1264.006938,24.53117953,0.643813912,0.364632358,79008.5536,0.407480281,0.387581228,-0.975451435,0.018172484,0.609597877,-1.571524623,0.813109183
4443,239,Obuasi East,2007,0,1794.038161,24.34202082,0.586242322,0.364632358,81336.05934,0.426461105,0.407480281,-1.216128855,1.992230732,0.197596662,-1.443427019,0.813109183
4444,239,Obuasi East,2008,0,1671.391154,24.33352125,0.618705215,0.364632358,83525.17491,0.444503152,0.426461105,-1.226943338,1.535441911,0.429911798,-1.321240394,0.813109183
4445,239,Obuasi East,2009,0,1298.183001,24.24228101,0.573157383,0.364632358,85343.11135,0.461770921,0.444503152,-1.343033502,0.145458454,0.103956545,-1.205097032,0.813109183
4446,239,Obuasi East,2010,0,1585.065048,24.84336513,0.621006142,0.364632358,72451.95464,0.478416592,0.461770921,-0.578239891,1.21392734,0.446377985,-1.093937982,0.813109183
4447,239,Obuasi East,2011,0,1267.016479,24.45125759,0.596085821,0.364632358,74312.05787,0.494607596,0.478416592,-1.07714068,0.029381273,0.268039978,-0.986783613,0.813109183
4448,239,Obuasi East,2012,0,1560.333912,24.25125759,0.586172651,0.364632358,80239.80893,0.510319543,0.494607596,-1.331612084,1.121818232,0.197098076,-0.882556101,0.813109183
4449,239,Obuasi East,2013,0,1378.773634,24.13352125,0.565181137,0.364632358,84059.38277,0.525484745,0.510319543,-1.481414742,0.445611722,0.046875907,-0.781412457,0.813109183
4450,239,Obuasi East,2014,0,1358.365134,24.54228101,0.581322634,0.364632358,77393.74805,0.540062521,0.525484745,-0.961326396,0.369601923,0.162389765,-0.68378841,0.813109183
4451,239,Obuasi East,2015,0,1193.40503,24.78352125,0.570085677,0.367177409,98374.79236,0.55391608,0.540062521,-0.654382679,-0.244778589,0.081974402,-0.589945851,0.821905231
4452,239,Obuasi East,2016,0,1418.861232,24.84336513,0.581921642,0.367177409,100644.3555,0.564456804,0.55391608,-0.578239891,0.594914724,0.166676457,-0.500765341,0.821905231
4453,239,Obuasi East,2017,0,1466.906331,24.54228101,0.585658142,0.372267448,102955.3701,0.577036902,0.564456804,-0.961326396,0.773854796,0.193416082,-0.43291078,0.839497109
4454,239,Obuasi East,2018,0,1477.07719,24.8896791,0.614221147,0.373774492,105162.3754,0.588765517,0.577036902,-0.519311995,0.811735333,0.397822334,-0.351928011,0.844705662
4455,239,Obuasi East,2019,0,1500.593235,25.45784909,0.56966629,0.373774492,107316.4446,0.59996901,0.588765517,0.203603082,0.899318934,0.078973134,-0.276426553,0.844705662
4456,239,Obuasi East,2020,0,1158.152645,25.29228101,0.5986941,0.373774492,109470.1175,0.610687482,0.59996901,-0.007058631,-0.376073234,0.286705678,-0.204305508,0.844705662
4457,239,Obuasi East,2021,0,1286.49523,25.50017346,0.577431843,0.378864701,111681.9069,0.620957658,0.610687482,0.257454793,0.1019283,0.134545983,-0.135306718,0.862298126
4458,239,Obuasi East,2022,0,1365.764961,24.42259324,0.555204234,0.378864701,113852.7111,0.630821807,0.620957658,-1.113611971,0.397161976,-0.024522091,-0.069193777,0.862298126
4459,239,Obuasi East,2023,0,1447.85863,25.11062446,0.528144732,0.382577441,116064.5128,0.6397396,0.630821807,-0.238190615,0.702913178,-0.218168776,-0.00569458,0.875129868
4460,239,Obuasi East,2024,0,1172.148309,24.81062446,0.49508887,0.382727146,118294.0355,0.648878313,0.6397396,-0.619897721,-0.323947522,-0.454727388,0.051712567,0.875647269
4461,240,Amansie West,2005,0,1318.918329,24.06840612,0.689425093,0.024966286,54538.70316,0.361047194,0.339687475,-1.564264432,0.222685499,0.936006475,-1.879834517,-0.36082368
4462,240,Amansie West,2006,0,1262.496217,24.43626204,0.734927496,0.024966286,57896.32487,0.381808406,0.361047194,-1.096220377,0.012545926,1.261636628,-1.742334064,-0.36082368
4463,240,Amansie West,2007,0,1707.560523,24.23384629,0.700800974,0.024966286,60290.56856,0.401611605,0.381808406,-1.353765477,1.67015179,1.017416022,-1.608686424,-0.36082368
4464,240,Amansie West,2008,0,1653.552785,24.21777854,0.719667685,0.024966286,61847.48766,0.420435353,0.401611605,-1.374209384,1.469004358,1.152432401,-1.481205866,-0.36082368
4465,240,Amansie West,2009,0,1405.998281,24.20790922,0.674475115,0.024966286,58768.01631,0.438451276,0.420435353,-1.38676669,0.547007708,0.829019523,-1.360030404,-0.36082368
4466,240,Amansie West,2010,0,1517.563961,24.73869498,0.73269265,0.024966286,62663.40074,0.455818147,0.438451276,-0.711417698,0.962525026,1.245643333,-1.244055209,-0.36082368
4467,240,Amansie West,2011,0,1308.142366,24.37426926,0.692728321,0.024966286,65695.37116,0.472710652,0.455818147,-1.175097324,0.1825513,0.959645461,-1.132258204,-0.36082368
4468,240,Amansie West,2012,0,1505.661623,24.16840612,0.680994187,0.024966286,64986.17398,0.489103345,0.472710652,-1.43702873,0.918195734,0.875672143,-1.023514866,-0.36082368
4469,240,Amansie West,2013,0,1329.602476,24.02969395,0.657571512,0.025273349,64206.08403,0.504925604,0.489103345,-1.613520138,0.262477737,0.708051788,-0.91798901,-0.359762428
4470,240,Amansie West,2014,0,1347.79522,24.50674862,0.658181462,0.026737015,65735.04417,0.520134985,0.504925604,-1.006536271,0.330235135,0.712416789,-0.816135243,-0.354703797
4471,240,Amansie West,2015,0,1187.472834,24.70776307,0.645814754,0.027245481,99858.55585,0.533242896,0.520134985,-0.750774133,-0.266872574,0.623916565,-0.718226804,-0.352946468
4472,240,Amansie West,2016,0,1373.930536,24.77707187,0.662548355,0.027753947,102192.4007,0.540613274,0.533242896,-0.662588591,0.427573999,0.743667711,-0.633846308,-0.351189138
4473,240,Amansie West,2017,0,1409.860901,24.47078748,0.678393324,0.02816271,104553.8751,0.553882062,0.540613274,-1.052291682,0.561393724,0.857059513,-0.586400444,-0.349776396
4474,240,Amansie West,2018,0,1478.322215,24.76754642,0.696528564,0.028226516,106807.4591,0.566252753,0.553882062,-0.67470836,0.816372327,0.986841253,-0.500984326,-0.349555874
4475,240,Amansie West,2019,0,1603.511348,25.32251547,0.662196876,0.028735084,108980.5177,0.578069573,0.566252753,0.031410407,1.282629088,0.741152407,-0.421349589,-0.347798193
4476,240,Amansie West,2020,0,1169.848177,25.17224037,0.635437171,0.03007504,111173.604,0.589374821,0.578069573,-0.159793175,-0.332514174,0.54965117,-0.345280324,-0.343167118
4477,240,Amansie West,2021,0,1279.627063,25.36828576,0.690841884,0.031480807,113414.4126,0.600207231,0.589374821,0.089646556,0.076348371,0.946145501,-0.272504241,-0.338308596
4478,240,Amansie West,2022,0,1410.555193,24.26842331,0.652497936,0.031480807,115600.8199,0.610611387,0.600207231,-1.309771152,0.563979556,0.671743613,-0.202771989,-0.338308596
4479,240,Amansie West,2023,0,1350.392882,24.91622249,0.614040518,0.031480807,117831.7795,0.620588407,0.610611387,-0.485539324,0.339909915,0.396529692,-0.13579657,-0.338308596
4480,240,Amansie West,2024,0,1114.596286,24.61622249,0.579086639,0.031760023,120084.8214,0.630212927,0.620588407,-0.86724643,-0.538295357,0.146388246,-0.071570783,-0.337343587
4481,241,Atwima Nwabiagya North,2005,0,1289.780308,23.84615612,0.633358967,0.035781398,58160.74455,0.394636223,0.37439936,-1.847045781,0.114163305,0.534778856,-1.656381206,-0.323445159
4482,241,Atwima Nwabiagya North,2006,0,1243.813424,24.22089001,0.673013901,0.035781398,60657.27126,0.414306041,0.394636223,-1.370250491,-0.05703662,0.818562599,-1.526108996,-0.323445159
4483,241,Atwima Nwabiagya North,2007,0,1626.735955,24.01193081,0.667705743,0.035781398,59658.26697,0.433068209,0.414306041,-1.636121191,1.369127251,0.780575676,-1.399487063,-0.323445159
4484,241,Atwima Nwabiagya North,2008,0,1620.334122,24.05591366,0.635785362,0.035781398,60883.15971,0.450902413,0.433068209,-1.580159302,1.345284143,0.552142941,-1.278708014,-0.323445159
4485,241,Atwima Nwabiagya North,2009,0,1462.617682,24.05498226,0.626106491,0.037245777,58189.16842,0.46797126,0.450902413,-1.581344377,0.75788207,0.482877754,-1.16390261,-0.318384062
4486,241,Atwima Nwabiagya North,2010,0,1441.156712,24.52470432,0.675513347,0.038122359,62407.26324,0.484425174,0.46797126,-0.98369022,0.67795243,0.836449453,-1.0540241,-0.315354474
4487,241,Atwima Nwabiagya North,2011,0,1319.183028,24.15498226,0.652846314,0.039335889,60225.10581,0.500429659,0.484425174,-1.454108675,0.223671349,0.674236715,-0.948104137,-0.311160346
4488,241,Atwima Nwabiagya North,2012,0,1468.063572,23.94615612,0.632208203,0.042914542,62238.4418,0.515960606,0.500429659,-1.719810079,0.778164845,0.52654361,-0.845077314,-0.298792028
4489,241,Atwima Nwabiagya North,2013,0,1326.072442,23.81193081,0.658225197,0.043911426,62849.62221,0.530951107,0.515960606,-1.890592595,0.249330414,0.712729773,-0.745098833,-0.295346659
4490,241,Atwima Nwabiagya North,2014,0,1360.995269,24.35703726,0.646809867,0.044241466,63262.62567,0.545360948,0.530951107,-1.197022582,0.379397646,0.631037917,-0.648599404,-0.294205995
4491,241,Atwima Nwabiagya North,2015,0,1173.295092,24.51193081,0.591519918,0.046365953,122363.312,0.553234894,0.545360948,-0.999942681,-0.319676422,0.235364877,-0.555837901,-0.286863474
4492,241,Atwima Nwabiagya North,2016,0,1348.659373,24.58058841,0.609205911,0.049844864,125190.87,0.564609463,0.553234894,-0.912585702,0.333453603,0.361931655,-0.505150387,-0.274839876
4493,241,Atwima Nwabiagya North,2017,0,1363.092844,24.26655825,0.640888638,0.050999926,128053.6448,0.577185151,0.564609463,-1.312144181,0.387209895,0.588663658,-0.431928058,-0.270847823
4494,241,Atwima Nwabiagya North,2018,0,1445.687463,24.53058841,0.661505696,0.052605079,130798.5027,0.588909656,0.577185151,-0.976203553,0.694826845,0.736206101,-0.350973674,-0.265300194
4495,241,Atwima Nwabiagya North,2019,0,1491.40893,25.10384388,0.650685802,0.052605079,133514.5212,0.600109222,0.588909656,-0.246817932,0.865112734,0.658775383,-0.275498679,-0.265300194
4496,241,Atwima Nwabiagya North,2020,0,1186.148433,24.95678593,0.618758601,0.056743941,136203.3862,0.610823937,0.600109222,-0.433928152,-0.271805197,0.430293842,-0.203402913,-0.250995715
4497,241,Atwima Nwabiagya North,2021,0,1253.032821,25.07009166,0.671416026,0.06025022,138944.1464,0.621090513,0.610823937,-0.289762803,-0.022699725,0.807127677,-0.134428307,-0.238877528
4498,241,Atwima Nwabiagya North,2022,0,1442.213483,23.9339592,0.633778468,0.061539133,141653.7371,0.630951205,0.621090513,-1.735328922,0.681888289,0.537780945,-0.068338539,-0.234422867
4499,241,Atwima Nwabiagya North,2023,0,1313.684211,24.63079539,0.613569831,0.063292305,144434.2761,0.640407073,0.630951205,-0.848704501,0.20319145,0.393161297,-0.004861598,-0.228363663
4500,241,Atwima Nwabiagya North,2024,0,1091.151094,24.41497635,0.559287131,0.063292305,147244.5484,0.649528854,0.640407073,-1.123303375,-0.625615071,0.004696465,0.056009338,-0.228363663
4501,242,Oforikrom,2005,0,1331.080935,24.56528777,0.469721525,0.831074597,181192.5201,0.375872354,0.358656541,-0.932053578,0.267984139,-0.636264441,-1.757723585,2.425197992
4502,242,Oforikrom,2006,0,1249.084532,24.9528777,0.473009673,0.831074597,189468.3322,0.389179,0.375872354,-0.438900813,-0.037404805,-0.612733373,-1.646898997,2.425197992
4503,242,Oforikrom,2007,0,1707.492806,24.75602518,0.471623113,0.836428895,199454.7799,0.404324987,0.389179,-0.689367496,1.669899583,-0.622656053,-1.561239169,2.443703184
4504,242,Oforikrom,2008,0,1660.580935,24.78785971,0.444277439,0.836428895,211788.4021,0.422871438,0.404324987,-0.648862605,1.495180131,-0.818350685,-1.463738819,2.443703184
4505,242,Oforikrom,2009,0,1406.573741,24.78785971,0.412140127,0.847137537,224126.5427,0.44032978,0.422871438,-0.648862605,0.549150963,-1.048335847,-1.344348418,2.480713731
4506,242,Oforikrom,2010,0,1489.785971,25.26528777,0.468790235,0.852491739,238894.1889,0.457638555,0.44032978,-0.041403664,0.859068157,-0.642929062,-1.23196258,2.499218591
4507,242,Oforikrom,2011,0,1328.289568,24.8971223,0.449863026,0.86733707,262407.5074,0.471443892,0.457638555,-0.509841582,0.257587919,-0.778378386,-1.12053956,2.550526107
4508,242,Oforikrom,2012,0,1502.239209,24.66528777,0.429027535,0.876030078,268558.0189,0.483980978,0.471443892,-0.804817876,0.905449229,-0.92748401,-1.031669474,2.580570342
4509,242,Oforikrom,2013,0,1368.219424,24.56870504,0.369854223,0.88138447,289252.1081,0.499318743,0.483980978,-0.927705596,0.406303426,-1.350947674,-0.950963589,2.599075863
4510,242,Oforikrom,2014,0,1395.857914,25.0471223,0.425221204,0.88138447,316772.0983,0.514700375,0.499318743,-0.318988029,0.509240735,-0.954723366,-0.852228695,2.599075863
4511,242,Oforikrom,2015,0,1198.034173,25.25602518,0.381837214,0.888229436,198865.8416,0.529317855,0.514700375,-0.053188986,-0.227537724,-1.265193452,-0.753211413,2.622733011
4512,242,Oforikrom,2016,0,1396.480216,25.31528777,0.363769865,0.893583782,203454.318,0.539786558,0.529317855,0.022214187,0.511558448,-1.394489338,-0.659113259,2.641238367
4513,242,Oforikrom,2017,0,1406.841727,25.01528777,0.401115231,0.906476146,208124.3803,0.553079224,0.539786558,-0.359492919,0.550149054,-1.127233624,-0.591722323,2.685796159
4514,242,Oforikrom,2018,0,1454.910072,25.28372302,0.414437291,0.906476146,212584.2938,0.565472178,0.553079224,-0.017947442,0.729175703,-1.031896589,-0.50615249,2.685796159
4515,242,Oforikrom,2019,0,1467.859712,25.8528777,0.403487548,0.917184979,216942.5307,0.577310263,0.565472178,0.706220505,0.777405586,-1.110256544,-0.426374442,2.722807366
4516,242,Oforikrom,2020,0,1216.188849,25.73785971,0.37674342,0.921867369,221294.2154,0.588635856,0.577310263,0.559876564,-0.159922107,-1.301646316,-0.350168282,2.738990353
4517,242,Oforikrom,2021,0,1250.780576,25.83785971,0.398725701,0.923547134,225755.2149,0.599487761,0.588635856,0.687112266,-0.03108803,-1.144333887,-0.27726123,2.744795852
4518,242,Oforikrom,2022,0,1456.879496,24.73723022,0.371446705,0.934255967,230130.0764,0.60991064,0.599487761,-0.7132814,0.736510664,-1.339551345,-0.207403488,2.781807058
4519,242,Oforikrom,2023,0,1355.960432,25.36726619,0.368487875,0.934255967,234587.8838,0.610294402,0.60991064,0.088349291,0.360645803,-1.360725706,-0.140307539,2.781807058
4520,242,Oforikrom,2024,0,1100.636691,25.18111511,0.330943354,0.939610359,239081.1796,0.610937316,0.610294402,-0.148501342,-0.590286737,-1.629406636,-0.137837118,2.800312578
4521,244,Old Tafo,2005,0,1341.808696,24.38608696,0.282757457,1,83904.72132,0.375872354,0.358656541,-1.160060991,0.307938811,-1.974240748,-1.757723585,3.009027517
4522,244,Old Tafo,2006,0,1267.886957,24.78608696,0.272167304,1,88138.49552,0.389179,0.375872354,-0.651118183,0.032623297,-2.050027363,-1.646898997,3.009027517
4523,244,Old Tafo,2007,0,1712.182609,24.58608696,0.271952862,1,95116.67501,0.404324987,0.389179,-0.905589587,1.687366374,-2.051561978,-1.561239169,3.009027517
4524,244,Old Tafo,2008,0,1678.643478,24.62478261,0.259022131,1,95423.16298,0.422871438,0.404324987,-0.856354903,1.562452606,-2.144098537,-1.463738819,3.009027517
4525,244,Old Tafo,2009,0,1460.66087,24.63608696,0.249920004,1,104206.3164,0.44032978,0.422871438,-0.841971736,0.750594081,-2.20923635,-1.344348418,3.009027517
4526,244,Old Tafo,2010,0,1499.843478,25.08608696,0.264434624,1,103174.1197,0.457638555,0.44032978,-0.269411077,0.896526526,-2.105364957,-1.23196258,3.009027517
4527,244,Old Tafo,2011,0,1355,24.73608696,0.269419812,1,112035.782,0.471443892,0.457638555,-0.714736034,0.357068753,-2.069689317,-1.12053956,3.009027517
4528,244,Old Tafo,2012,0,1528.730435,24.48608696,0.236757851,1,120312.5823,0.483980978,0.471443892,-1.032825289,1.004113649,-2.30342904,-1.031669474,3.009027517
4529,244,Old Tafo,2013,0,1386.373913,24.38608696,0.2141729,1,124059.5829,0.499318743,0.483980978,-1.160060991,0.473918344,-2.465054373,-0.950963589,3.009027517
4530,244,Old Tafo,2014,0,1418.426087,24.88608696,0.242891185,1,131519.28,0.514700375,0.499318743,-0.523882481,0.593294063,-2.259536891,-0.852228695,3.009027517
4531,244,Old Tafo,2015,0,1214.13913,25.08608696,0.200890561,1,106381.2612,0.529317855,0.514700375,-0.269411077,-0.167556117,-2.560107154,-0.753211413,3.009027517
4532,244,Old Tafo,2016,0,1407.06087,25.13608696,0.204324558,1,108812.9469,0.543317414,0.529317855,-0.205793226,0.550965234,-2.53553234,-0.659113259,3.009027517
4533,244,Old Tafo,2017,0,1421.33913,24.83608696,0.208483866,1,111285.8731,0.556508096,0.543317414,-0.587500332,0.604143457,-2.505766969,-0.568992889,3.009027517
4534,244,Old Tafo,2018,0,1479.452174,25.08608696,0.228136061,1,113646.4995,0.568805968,0.556508096,-0.269411077,0.820580768,-2.365129407,-0.484079566,3.009027517
4535,244,Old Tafo,2019,0,1505.852174,25.68608696,0.218270146,1,115929.292,0.58055323,0.568805968,0.494003135,0.918905425,-2.435733136,-0.404913592,3.009027517
4536,244,Old Tafo,2020,0,1236.852174,25.57434783,0.225442162,1,118230.5967,0.59179193,0.58055323,0.351831068,-0.082963231,-2.384407829,-0.329292102,3.009027517
4537,244,Old Tafo,2021,0,1270.4,25.67478261,0.242156179,1,120563.6761,0.602560576,0.59179193,0.479619969,0.041982923,-2.264796831,-0.256944409,3.009027517
4538,244,Old Tafo,2022,0,1487.043478,24.57478261,0.228610241,1,122850.2422,0.612903489,0.602560576,-0.919972754,0.848853965,-2.361736013,-0.18762263,3.009027517
4539,244,Old Tafo,2023,0,1357.095652,25.17478261,0.245031004,1,125190.0316,0.62282178,0.612903489,-0.156558542,0.364873839,-2.244223641,-0.121041456,3.009027517
4540,244,Old Tafo,2024,0,1116.347826,24.97478261,0.225524683,1,127548.7659,0.632389646,0.62282178,-0.411029946,-0.531771889,-2.383817282,-0.057193728,3.009027517
4541,245,Asokwa,2005,0,1355.143695,24.8329912,0.432875092,1,200119.4419,0.375872354,0.358656541,-0.591439237,0.357603933,-0.899949622,-1.757723585,3.009027517
4542,245,Asokwa,2006,0,1270.093842,25.27199413,0.429903323,1,208188.3118,0.389179,0.375872354,-0.032870774,0.040842661,-0.921216579,-1.646898997,3.009027517
4543,245,Asokwa,2007,0,1736.58651,25.0329912,0.436298378,1,218930.1489,0.404324987,0.389179,-0.336967833,1.778256723,-0.875451463,-1.561239169,3.009027517
4544,245,Asokwa,2008,0,1681.284457,25.05557185,0.4010674,1,240589.0493,0.422871438,0.404324987,-0.30823719,1.572288718,-1.127575919,-1.463738819,3.009027517
4545,245,Asokwa,2009,0,1429.609971,25.0771261,0.380289727,1,250259.7844,0.44032978,0.422871438,-0.280812486,0.63494753,-1.276267774,-1.344348418,3.009027517
4546,245,Asokwa,2010,0,1518.038123,25.53005865,0.41473809,1,264570.3502,0.457638555,0.44032978,0.295479425,0.964291003,-1.029743972,-1.23196258,3.009027517
4547,245,Asokwa,2011,0,1344.260997,25.18005865,0.416254931,1,283108.0145,0.471443892,0.457638555,-0.149845532,0.317072209,-1.018888957,-1.12053956,3.009027517
4548,245,Asokwa,2012,0,1534.882698,24.9329912,0.382165089,1,303782.5612,0.483980978,0.471443892,-0.464203535,1.027027254,-1.262847069,-1.031669474,3.009027517
4549,245,Asokwa,2013,0,1395.40176,24.8329912,0.339871737,1,309295.1804,0.499318743,0.483980978,-0.591439237,0.507541826,-1.565512196,-0.950963589,3.009027517
4550,245,Asokwa,2014,0,1415.841642,25.33005865,0.388696838,1,331788.255,0.514700375,0.499318743,0.041008021,0.583668509,-1.216103727,-0.852228695,3.009027517
4551,245,Asokwa,2015,0,1220.14956,25.53005865,0.329805176,1,122009.3056,0.529317855,0.514700375,0.295479425,-0.14517076,-1.637551812,-0.753211413,3.009027517
4552,245,Asokwa,2016,0,1418.683284,25.58005865,0.326299479,1,124796.5687,0.543317414,0.529317855,0.359097276,0.594251975,-1.662639728,-0.659113259,3.009027517
4553,245,Asokwa,2017,0,1433.102639,25.28005865,0.365026991,1,127646.7848,0.556508096,0.543317414,-0.02260983,0.647955691,-1.385492928,-0.568992889,3.009027517
4554,245,Asokwa,2018,0,1478.143695,25.57492669,0.366535847,1,130361.3169,0.568805968,0.556508096,0.352567585,0.815707445,-1.374695057,-0.484079566,3.009027517
4555,245,Asokwa,2019,0,1515.281525,26.17199413,0.36354986,1,133020.0718,0.58055323,0.568805968,1.112250544,0.954024277,-1.396063762,-0.404913592,3.009027517
4556,245,Asokwa,2020,0,1227.469208,26.03005865,0.347730596,1,135637.0365,0.59179193,0.58055323,0.931657935,-0.117909325,-1.509271614,-0.329292102,3.009027517
4557,245,Asokwa,2021,0,1269.322581,26.13592375,0.346470273,1,138345.6644,0.602560576,0.59179193,1.066356142,0.037970162,-1.518290903,-0.256944409,3.009027517
4558,245,Asokwa,2022,0,1476.821114,25.00747801,0.333582721,1,141006.1167,0.612903489,0.602560576,-0.369429727,0.810781601,-1.610518454,-0.18762263,3.009027517
4559,245,Asokwa,2023,0,1372.372434,25.64824047,0.33459294,1,143693.4878,0.62282178,0.612903489,0.445848891,0.421770973,-1.603288998,-0.121041456,3.009027517
4560,245,Asokwa,2024,1,1122.29912,25.40747801,0.286434,1,146396.3494,0.630588844,0.62282178,0.139513081,-0.509606777,-1.947930194,-0.057193728,3.009027517
4561,246,Ayawaso East,2005,0,945.6666667,25.37222222,0.295086551,1,42520.27174,0.383133825,0.364466813,0.094655137,-1.167460006,-1.886009697,-1.720320702,3.009027517
4562,246,Ayawaso East,2006,0,804.2222222,25.79444444,0.305124781,1,43873.8235,0.399984035,0.383133825,0.631872545,-1.694258353,-1.814172824,-1.600154208,3.009027517
4563,246,Ayawaso East,2007,0,1079.111111,25.77222222,0.298190329,1,45307.57143,0.418235914,0.399984035,0.603597945,-0.67045701,-1.863798045,-1.491683139,3.009027517
4564,246,Ayawaso East,2008,0,1175.666667,25.69444444,0.29575014,1,46919.40406,0.434440289,0.418235914,0.504636843,-0.310843684,-1.881260839,-1.374189008,3.009027517
4565,246,Ayawaso East,2009,0,835.7777778,25.59444444,0.269465198,1,49384.67139,0.450477989,0.434440289,0.377401141,-1.576732249,-2.069364522,-1.269875425,3.009027517
4566,246,Ayawaso East,2010,0,1128.222222,26.16666667,0.277345934,1,52545.68979,0.464329994,0.450477989,1.105472103,-0.487546664,-2.012967384,-1.166634789,3.009027517
4567,246,Ayawaso East,2011,0,942,25.74444444,0.276674948,1,51844.45134,0.474529634,0.464329994,0.568254694,-1.181116209,-2.017769183,-1.07746428,3.009027517
4568,246,Ayawaso East,2012,0,987.3333333,25.44444444,0.273210633,1,54903.69522,0.484401786,0.474529634,0.186547588,-1.01227589,-2.042560955,-1.011805404,3.009027517
4569,246,Ayawaso East,2013,0,883,25.37222222,0.253180194,1,55162.4651,0.495637035,0.484401786,0.094655137,-1.400856917,-2.185905358,-0.948254691,3.009027517
4570,246,Ayawaso East,2014,0,994.4444444,25.76666667,0.287012671,1,59133.06603,0.504664252,0.495637035,0.596529295,-0.985791134,-1.943789041,-0.875929221,3.009027517
4571,246,Ayawaso East,2015,0,787.2222222,26.11666667,0.264953847,1,47810.75501,0.519584025,0.504664252,1.041854252,-1.757573473,-2.101649226,-0.817817668,3.009027517
4572,246,Ayawaso East,2016,0,968.3333333,26.14444444,0.276078664,1,48912.2628,0.533873099,0.519584025,1.077197502,-1.083039847,-2.022036385,-0.721773539,3.009027517
4573,246,Ayawaso East,2017,0,1031.222222,25.74444444,0.287907616,1,50035.91392,0.547336568,0.533873099,0.568254694,-0.848815287,-1.937384514,-0.629789457,3.009027517
4574,246,Ayawaso East,2018,0,874.5555556,26.14444444,0.265998767,1,51107.15375,0.559888763,0.547336568,1.077197502,-1.432307565,-2.094171438,-0.543120104,3.009027517
4575,246,Ayawaso East,2019,0,910.6666667,26.33888889,0.272004311,1,52156.75527,0.571878961,0.559888763,1.324600256,-1.297814664,-2.051193793,-0.462316958,3.009027517
4576,246,Ayawaso East,2020,0,729.6666667,25.68333333,0.26482437,1,53200.12263,0.583350081,0.571878961,0.490499543,-1.971934466,-2.102575807,-0.385131595,3.009027517
4577,246,Ayawaso East,2021,0,905.7777778,26.61666667,0.251244019,1,54273.88733,0.594341425,0.583350081,1.678032762,-1.316022934,-2.199761264,-0.311287732,3.009027517
4578,246,Ayawaso East,2022,0,895.7777778,25.29444444,0.263462417,1,55326.31982,0.604898232,0.594341425,-0.004305965,-1.353267122,-2.112322393,-0.240532362,3.009027517
4579,246,Ayawaso East,2023,0,884.7777778,26.55,0.275462023,1,56397.70213,0.615021636,0.604898232,1.59320896,-1.394235728,-2.026449266,-0.172574271,3.009027517
4580,246,Ayawaso East,2024,0,775.4444444,26.05,0.25686379,1,57476.17091,0.624787368,0.615021636,0.95703045,-1.80143885,-2.159544337,-0.107406156,3.009027517
4581,248,Ayawaso North,2005,0,948.76,25.398,0.219943792,1,24889.90659,0.383133825,0.364466813,0.127453673,-1.155939138,-2.423755972,-1.720320702,3.009027517
4582,248,Ayawaso North,2006,0,806.8,25.846,0.214418532,1,25625.19138,0.399984035,0.383133825,0.697469618,-1.684657629,-2.463296548,-1.600154208,3.009027517
4583,248,Ayawaso North,2007,0,1082.72,25.798,0.216880443,1,26314.78242,0.418235914,0.399984035,0.636396481,-0.657015996,-2.445678301,-1.491683139,3.009027517
4584,248,Ayawaso North,2008,0,1178.76,25.746,0.222309266,1,27373.33842,0.434440289,0.418235914,0.570233916,-0.299322815,-2.406827863,-1.374189008,3.009027517
4585,248,Ayawaso North,2009,0,837.84,25.646,0.210353089,1,28427.21343,0.450477989,0.434440289,0.442998214,-1.56905167,-2.492390197,-1.269875425,3.009027517
4586,248,Ayawaso North,2010,0,1130.8,26.244,0.202161651,1,29833.11256,0.464329994,0.450477989,1.203867712,-0.47794594,-2.551010814,-1.166634789,3.009027517
4587,248,Ayawaso North,2011,0,946.64,25.796,0.210359771,1,29769.00661,0.474529634,0.464329994,0.633851767,-1.163834905,-2.492342378,-1.07746428,3.009027517
4588,248,Ayawaso North,2012,0,988.88,25.496,0.188764618,1,31374.23006,0.484401786,0.474529634,0.252144661,-1.006515456,-2.646884388,-1.011805404,3.009027517
4589,248,Ayawaso North,2013,0,883,25.398,0.187634358,1,32801.04007,0.495637035,0.484401786,0.127453673,-1.400856917,-2.6549729,-0.948254691,3.009027517
4590,248,Ayawaso North,2014,0,999.6,25.844,0.215452492,1,34061.61832,0.504664252,0.495637035,0.694924904,-0.966589686,-2.455897189,-0.875929221,3.009027517
4591,248,Ayawaso North,2015,0,789.8,26.194,0.208566972,1,58978.47145,0.519584025,0.504664252,1.140249861,-1.747972749,-2.505172231,-0.817817668,3.009027517
4592,248,Ayawaso North,2016,0,969.88,26.196,0.21604081,1,60340.51816,0.532734299,0.519584025,1.142794575,-1.077279413,-2.451686991,-0.721773539,3.009027517
4593,248,Ayawaso North,2017,0,1033.8,25.796,0.211941101,1,61727.34764,0.543202601,0.532734299,0.633851767,-0.839214563,-2.481025859,-0.637120337,3.009027517
4594,248,Ayawaso North,2018,0,878.68,26.196,0.208384343,1,63051.25464,0.55586943,0.543202601,1.142794575,-1.416946407,-2.506479191,-0.569731984,3.009027517
4595,248,Ayawaso North,2019,0,923.04,26.442,0.209745719,1,64343.57479,0.567969129,0.55586943,1.455794402,-1.251731189,-2.496736736,-0.4881909,3.009027517
4596,248,Ayawaso North,2020,0,737.4,25.838,0.207675306,1,65636.51585,0.579545009,0.567969129,0.687290762,-1.943132294,-2.511553291,-0.410300639,3.009027517
4597,248,Ayawaso North,2021,0,912.48,26.694,0.197219373,1,66961.47723,0.590636732,0.579545009,1.776428371,-1.291061051,-2.586379381,-0.335782394,3.009027517
4598,248,Ayawaso North,2022,0,902.48,25.346,0.214280367,1,68259.74506,0.60128995,0.590636732,0.061291108,-1.328305239,-2.464285303,-0.264380847,3.009027517
4599,248,Ayawaso North,2023,0,886.84,26.55,0.219069602,1,69584.04571,0.611505806,0.60128995,1.59320896,-1.386555149,-2.43001196,-0.195802127,3.009027517
4600,248,Ayawaso North,2024,0,775.96,26.05,0.199789373,1,70918.85022,0.621360724,0.611505806,0.95703045,-1.799518705,-2.567987617,-0.130038861,3.009027517
4601,249,Ayawaso Central,2005,0,969.8285714,25.46928571,0.236532794,1,71750.06693,0.383133825,0.364466813,0.218154552,-1.077470954,-2.305039624,-1.720320702,3.009027517
4602,249,Ayawaso Central,2006,0,816.9571429,25.91571429,0.227289151,1,73632.78809,0.399984035,0.383133825,0.786171079,-1.646828176,-2.371190168,-1.600154208,3.009027517
4603,249,Ayawaso Central,2007,0,1103.842857,25.86928571,0.233398508,1,75614.36775,0.418235914,0.399984035,0.72709736,-0.57834563,-2.327469601,-1.491683139,3.009027517
4604,249,Ayawaso Central,2008,0,1205.285714,25.78142857,0.239913194,1,77632.29364,0.434440289,0.418235914,0.615311708,-0.200529946,-2.280848374,-1.374189008,3.009027517
4605,249,Ayawaso Central,2009,0,851.2571429,25.71571429,0.223477873,1,81765.10464,0.450477989,0.434440289,0.531699675,-1.519080611,-2.398464926,-1.269875425,3.009027517
4606,249,Ayawaso Central,2010,0,1157.071429,26.28785714,0.221361504,1,83791.25571,0.464329994,0.450477989,1.259669656,-0.380100138,-2.413610361,-1.166634789,3.009027517
4607,249,Ayawaso Central,2011,0,961.0714286,25.86571429,0.226171444,1,85827.37621,0.474529634,0.464329994,0.722553228,-1.110086222,-2.379188846,-1.07746428,3.009027517
4608,249,Ayawaso Central,2012,0,1013.871429,25.54142857,0.207591254,1,89325.66044,0.484401786,0.474529634,0.309946023,-0.913436909,-2.512154794,-1.011805404,3.009027517
4609,249,Ayawaso Central,2013,0,903.2857143,25.46928571,0.198752455,1,94342.6786,0.495637035,0.484401786,0.218154552,-1.325304422,-2.575408144,-0.948254691,3.009027517
4610,249,Ayawaso Central,2014,0,1020.028571,25.86357143,0.225802174,1,96232.46478,0.504664252,0.495637035,0.719826749,-0.890505131,-2.381831465,-0.875929221,3.009027517
4611,249,Ayawaso Central,2015,0,807.6714286,26.23785714,0.210244182,1,85956.63896,0.519584025,0.504664252,1.196051805,-1.681412064,-2.493169568,-0.817817668,3.009027517
4612,249,Ayawaso Central,2016,0,989.1857143,26.26571429,0.216509506,1,87941.43623,0.533873099,0.519584025,1.231496036,-1.005376847,-2.448332854,-0.721773539,3.009027517
4613,249,Ayawaso Central,2017,0,1054.9,25.86571429,0.223225859,1,89965.16345,0.547336568,0.533873099,0.722553228,-0.760629327,-2.400268425,-0.629789457,3.009027517
4614,249,Ayawaso Central,2018,0,892.1428571,26.26571429,0.204256137,1,91894.88502,0.559888763,0.547336568,1.231496036,-1.366805088,-2.536021985,-0.543120104,3.009027517
4615,249,Ayawaso Central,2019,0,928.6,26.48857143,0.222408207,1,93779.12811,0.571878961,0.559888763,1.515049886,-1.23102342,-2.406119811,-0.462316958,3.009027517
4616,249,Ayawaso Central,2020,0,755.4142857,25.83714286,0.211311906,1,95664.16039,0.583350081,0.571878961,0.68620017,-1.876039549,-2.485528588,-0.385131595,3.009027517
4617,249,Ayawaso Central,2021,0,905.3,26.72785714,0.205963023,1,97593.8635,0.594341425,0.583350081,1.819506745,-1.317802378,-2.52380695,-0.311287732,3.009027517
4618,249,Ayawaso Central,2022,0,913.1285714,25.41571429,0.21064116,1,99487.1354,0.604898232,0.594341425,0.149992569,-1.2886455,-2.490328662,-0.240532362,3.009027517
4619,249,Ayawaso Central,2023,0,899.8571429,26.62285714,0.22317877,1,101417.023,0.615021636,0.604898232,1.685909258,-1.338073858,-2.400605404,-0.172574271,3.009027517
4620,249,Ayawaso Central,2024,0,800.3571429,26.14285714,0.212205036,1,103362.1341,0.624787368,0.615021636,1.075177888,-1.708653528,-2.479137051,-0.107406156,3.009027517
4621,250,Kwadaso,2005,0,1346.687345,24.45347395,0.448667884,0.893877409,193371.7044,0.360220773,0.358656541,-1.074320683,0.326108944,-0.786931214,-1.757723585,2.642253186
4622,250,Kwadaso,2006,0,1273.076923,24.82568238,0.466270678,0.901291382,210872.6457,0.361173799,0.360220773,-0.600738665,0.051952906,-0.660959842,-1.747654039,2.6678769
4623,250,Kwadaso,2007,0,1717.091811,24.65049628,0.444496955,0.901291382,216692.6081,0.36359748,0.361173799,-0.823637935,1.7056503,-0.816779753,-1.741519061,2.6678769
4624,250,Kwadaso,2008,0,1680.35732,24.67270471,0.439567829,0.901291382,231189.2836,0.364746667,0.36359748,-0.795380875,1.568835671,-0.852054199,-1.725916922,2.6678769
4625,250,Kwadaso,2009,0,1467.272953,24.67270471,0.392421087,0.935308898,237577.8845,0.384011833,0.364746667,-0.795380875,0.775220249,-1.189451779,-1.71851918,2.785446132
4626,250,Kwadaso,2010,0,1505.218362,25.12568238,0.461056108,0.935308898,268740.7745,0.403062338,0.384011833,-0.219031559,0.916544845,-0.698277016,-1.594502144,2.785446132
4627,250,Kwadaso,2011,0,1349.451613,24.77568238,0.433524097,0.949962918,270784.3296,0.418561831,0.403062338,-0.664356516,0.336404236,-0.895305135,-1.471866957,2.836092451
4628,250,Kwadaso,2012,0,1530.416873,24.55347395,0.37966647,0.968599702,281136.5538,0.432742947,0.418561831,-0.947084981,1.010394653,-1.280728005,-1.372090958,2.900503749
4629,250,Kwadaso,2013,0,1383.347395,24.45049628,0.385531933,0.977495978,300613.2073,0.449667533,0.432742947,-1.078109339,0.462646322,-1.238752828,-1.280801842,2.931250509
4630,250,Kwadaso,2014,0,1405.508685,24.95806452,0.392512672,0.977495978,304185.4739,0.46657452,0.449667533,-0.432301328,0.545184248,-1.188796364,-1.171851993,2.931250509
4631,250,Kwadaso,2015,0,1215.813896,25.12270471,0.338172162,0.990114293,139307.193,0.482641576,0.46657452,-0.222820216,-0.161318589,-1.577674908,-1.063015435,2.974861148
4632,250,Kwadaso,2016,0,1406.384615,25.20806452,0.355353071,0.990608549,142536.0358,0.487797161,0.482641576,-0.114212073,0.54844658,-1.454722681,-0.95958582,2.976569366
4633,250,Kwadaso,2017,0,1426.334988,24.90806452,0.363783405,0.998022852,145802.6172,0.502591473,0.487797161,-0.495919179,0.622750121,-1.39439244,-0.926397402,3.002194222
4634,250,Kwadaso,2018,0,1484.923077,25.15905707,0.364976647,1,148924.941,0.516384434,0.502591473,-0.176567039,0.840956702,-1.385853207,-0.831160915,3.009027517
4635,250,Kwadaso,2019,0,1554.109181,25.72568238,0.354920992,1,151957.8965,0.529559845,0.516384434,0.544382653,1.098634729,-1.457814779,-0.7423705,3.009027517
4636,250,Kwadaso,2020,0,1226.099256,25.62171216,0.369721625,1,154991.2574,0.542164867,0.529559845,0.412095409,-0.123011602,-1.351896583,-0.657555481,3.009027517
4637,250,Kwadaso,2021,0,1279.965261,25.72270471,0.370641226,1,158089.4808,0.554242689,0.542164867,0.540593996,0.077607959,-1.345315622,-0.576412264,3.009027517
4638,250,Kwadaso,2022,0,1490.80397,24.61861042,0.355327529,1,161134.8831,0.565843021,0.554242689,-0.864208128,0.862859612,-1.454905465,-0.498662832,3.009027517
4639,250,Kwadaso,2023,0,1351.531017,25.21861042,0.339478223,1,164229.545,0.576967108,0.565843021,-0.100793916,0.344148809,-1.56832831,-0.423987187,3.009027517
4640,250,Kwadaso,2024,0,1131.841191,25.01861042,0.322389183,1,167359.4031,0.587698168,0.576967108,-0.35526532,-0.474068109,-1.690623094,-0.352377303,3.009027517
4641,254,Suame,2005,0,1358.2,24.2725,0.342687898,1,138773.4248,0.375872354,0.358656541,-1.304584153,0.368986893,-1.54535882,-1.757723585,3.009027517
4642,254,Suame,2006,0,1281.955,24.6725,0.337738465,1,143880.2693,0.389179,0.375872354,-0.795641345,0.085018582,-1.580778588,-1.646898997,3.009027517
4643,254,Suame,2007,0,1723.34,24.4725,0.327158318,1,155353.276,0.404324987,0.389179,-1.050112749,1.728921171,-1.656493595,-1.561239169,3.009027517
4644,254,Suame,2008,0,1692.905,24.52025,0.306291591,1,158988.0959,0.422871438,0.404324987,-0.989357701,1.615568485,-1.805822754,-1.463738819,3.009027517
4645,254,Suame,2009,0,1485.24,24.5225,0.305361803,1,166413.5794,0.44032978,0.422871438,-0.986494898,0.842137057,-1.812476617,-1.344348418,3.009027517
4646,254,Suame,2010,0,1511.505,24.9725,0.314652117,1,172703.32,0.457638555,0.44032978,-0.413934239,0.939958916,-1.745992082,-1.23196258,3.009027517
4647,254,Suame,2011,0,1366.645,24.6225,0.308381,1,179374.7429,0.471443892,0.457638555,-0.859259196,0.40043961,-1.790870256,-1.12053956,3.009027517
4648,254,Suame,2012,0,1548.3,24.3725,0.282615565,1,192718.0567,0.483980978,0.471443892,-1.177348451,1.076998906,-1.975256176,-1.031669474,3.009027517
4649,254,Suame,2013,0,1402.935,24.2725,0.266211373,1,202534.9665,0.499318743,0.483980978,-1.304584153,0.535598768,-2.092649959,-0.950963589,3.009027517
4650,254,Suame,2014,0,1428.535,24.78675,0.272489295,1,215035.5216,0.514700375,0.499318743,-0.650274555,0.630943889,-2.047723088,-0.852228695,3.009027517
4651,254,Suame,2015,0,1228.735,24.9725,0.23121277,1,136160.155,0.529317855,0.514700375,-0.413934239,-0.113194986,-2.343111461,-0.753211413,3.009027517
4652,254,Suame,2016,0,1418.21,25.0225,0.232711141,1,139314.2762,0.526494713,0.529317855,-0.350316388,0.592489265,-2.332388629,-0.659113259,3.009027517
4653,254,Suame,2017,0,1436.005,24.7225,0.249146998,1,142524.4735,0.52931959,0.526494713,-0.732023494,0.658765297,-2.214768233,-0.67728687,3.009027517
4654,254,Suame,2018,0,1494.545,24.9725,0.252192403,1,145591.3515,0.530123436,0.52931959,-0.413934239,0.876792774,-2.192974314,-0.65910209,3.009027517
4655,254,Suame,2019,0,1541.46,25.5725,0.241806253,1,148559.256,0.532280422,0.530123436,0.349479973,1.051523881,-2.267301019,-0.653927435,3.009027517
4656,254,Suame,2020,0,1247.315,25.42475,0.241626157,1,151545.4601,0.537477952,0.532280422,0.161489224,-0.043995285,-2.268589842,-0.640042115,3.009027517
4657,254,Suame,2021,0,1283.22,25.57025,0.250476407,1,154603.1518,0.549679416,0.537477952,0.34661717,0.089729972,-2.20525455,-0.60658368,3.009027517
4658,254,Suame,2022,0,1505.58,24.456,0.250484622,1,157596.7743,0.561398502,0.549679416,-1.07110664,0.917891735,-2.205195758,-0.528038317,3.009027517
4659,254,Suame,2023,0,1360.275,25.056,0.256078329,1,160637.0839,0.572636467,0.561398502,-0.307692428,0.376715062,-2.165165352,-0.452598209,3.009027517
4660,254,Suame,2024,0,1133.52,24.856,0.215205905,1,163695.577,0.583477383,0.572636467,-0.562163832,-0.467815521,-2.457661852,-0.380255245,3.009027517
4661,255,Asokore Mampong,2005,0,1333.103203,24.50498221,0.418382467,0.868013979,128087.4135,0.375872354,0.358656541,-1.008783785,0.27551591,-1.003663615,-1.757723585,2.552865597
4662,255,Asokore Mampong,2006,0,1255.298932,24.8955516,0.443909061,0.868013979,138001.5794,0.389179,0.375872354,-0.511840074,-0.014259777,-0.82098692,-1.646898997,2.552865597
4663,255,Asokore Mampong,2007,0,1706.690391,24.68309609,0.415562205,0.868013979,143786.848,0.404324987,0.389179,-0.782159341,1.666911056,-1.02384633,-1.561239169,2.552865597
4664,255,Asokore Mampong,2008,0,1667.370107,24.72366548,0.396794137,0.868013979,147455.7103,0.422871438,0.404324987,-0.730540587,1.520465849,-1.158156795,-1.463738819,2.552865597
4665,255,Asokore Mampong,2009,0,1433.227758,24.72366548,0.379700595,0.899847774,152473.3675,0.44032978,0.422871438,-0.730540587,0.648421685,-1.280483801,-1.344348418,2.662887591
4666,255,Asokore Mampong,2010,0,1491.338078,25.20498221,0.403121664,0.910162357,168214.3979,0.457638555,0.44032978,-0.118133871,0.864848854,-1.112874931,-1.23196258,2.698536214
4667,255,Asokore Mampong,2011,0,1340.516014,24.8455516,0.399684979,0.930224964,176702.6958,0.471443892,0.457638555,-0.575457925,0.303124324,-1.13746898,-1.12053956,2.767875354
4668,255,Asokore Mampong,2012,0,1513.398577,24.60498221,0.378615449,0.930224964,181378.2921,0.483980978,0.471443892,-0.881548083,0.947011388,-1.288249458,-1.031669474,2.767875354
4669,255,Asokore Mampong,2013,0,1373.907473,24.48398577,0.318105625,0.930224964,194564.4312,0.481882618,0.483980978,-1.035498755,0.427488102,-1.721277645,-0.950963589,2.767875354
4670,255,Asokore Mampong,2014,0,1404.124555,24.9955516,0.365369906,0.940539454,203801.3544,0.486445404,0.481882618,-0.384604372,0.54002917,-1.383038915,-0.964471516,2.803523656
4671,255,Asokore Mampong,2015,0,1202.117438,25.18309609,0.315285399,0.956880788,171161.4715,0.501913939,0.486445404,-0.145980831,-0.212329935,-1.741460108,-0.935099161,2.860001563
4672,255,Asokore Mampong,2016,0,1399.597865,25.25640569,0.310726109,0.956880788,175101.4158,0.516728577,0.501913939,-0.052704836,0.523169879,-1.774087882,-0.835522452,2.860001563
4673,255,Asokore Mampong,2017,0,1411.558719,24.95640569,0.343719993,0.960966135,179118.1074,0.530687243,0.516728577,-0.434411942,0.567717109,-1.537972808,-0.740155121,2.874121087
4674,255,Asokore Mampong,2018,0,1464.604982,25.20729537,0.355058595,0.960966135,182950.0775,0.543701118,0.530687243,-0.115190697,0.765283609,-1.456830049,-0.650298,2.874121087
4675,255,Asokore Mampong,2019,0,1482.469751,25.7955516,0.340235181,0.960966135,186694.8544,0.556132325,0.543701118,0.633281244,0.831819489,-1.56291127,-0.566522848,2.874121087
4676,255,Asokore Mampong,2020,0,1225.782918,25.67366548,0.31861295,0.971280717,190421.7585,0.914260472,0.556132325,0.478198583,-0.124189775,-1.717647055,-0.486498546,2.90976971
4677,255,Asokore Mampong,2021,0,1260.213523,25.77366548,0.343714827,0.971280717,194255.4836,0.916522306,0.914260472,0.605434285,0.004044217,-1.538009774,1.818905484,2.90976971
4678,255,Asokore Mampong,2022,0,1472.309609,24.68594306,0.32847034,0.971280717,198007.731,0.918694719,0.916522306,-0.778536972,0.793978864,-1.647104338,1.833465747,2.90976971
4679,255,Asokore Mampong,2023,0,1354.597865,25.28594306,0.333327564,0.971280717,201835.4674,0.918328015,0.918694719,-0.01512276,0.355571033,-1.612344446,1.847450376,2.90976971
4680,255,Asokore Mampong,2024,1,1105.046263,25.0905694,0.277510315,0.971280717,205690.0823,0.920399785,0.918328015,-0.263707815,-0.573863641,-2.011791021,1.845089765,2.90976971
4681,256,Afigya Kwabre South,2005,0,1296.283047,23.49675676,0.617802907,0.132336365,85376.21725,0.342600151,0.331536569,-2.291606514,0.138382229,0.423454584,-1.932304928,0.010262145
4682,256,Afigya Kwabre South,2006,0,1239.247174,23.87921376,0.637734402,0.133785842,86201.96324,0.354306938,0.342600151,-1.804984662,-0.074043246,0.56609091,-1.861084538,0.015271737
4683,256,Afigya Kwabre South,2007,0,1643.963636,23.67194103,0.626738816,0.135326334,83533.25365,0.363917557,0.354306938,-2.068709572,1.433290351,0.487402879,-1.785723593,0.020595891
4684,256,Afigya Kwabre South,2008,0,1622.771499,23.71771499,0.601664655,0.136775824,83977.54553,0.37284316,0.363917557,-2.010468758,1.354361955,0.307963944,-1.723856469,0.025605528
4685,256,Afigya Kwabre South,2009,0,1427.306634,23.70375921,0.589700858,0.148843894,83416.10145,0.386897787,0.37284316,-2.028225485,0.626368939,0.222347088,-1.666399041,0.067314446
4686,256,Afigya Kwabre South,2010,0,1448.553808,24.1841769,0.658292221,0.151544021,83148.4178,0.403944834,0.386897787,-1.416962664,0.705502315,0.713209414,-1.575924186,0.076646455
4687,256,Afigya Kwabre South,2011,0,1323.392629,23.80375921,0.610048511,0.153033316,82587.72959,0.420923104,0.403944834,-1.900989783,0.239349666,0.367961578,-1.466186003,0.081793664
4688,256,Afigya Kwabre South,2012,0,1468.544472,23.59675676,0.592283797,0.15702379,84232.83332,0.4389258,0.420923104,-2.164370812,0.779955917,0.240831446,-1.356890566,0.095585296
4689,256,Afigya Kwabre South,2013,0,1334.192629,23.47194103,0.573247529,0.164038245,85717.56706,0.455301572,0.4389258,-2.323180976,0.279573389,0.104601656,-1.241000523,0.119828222
4690,256,Afigya Kwabre South,2014,0,1374.586732,23.97692875,0.605527841,0.165601367,88099.23206,0.472035473,0.455301572,-1.680656312,0.430017947,0.335610176,-1.135583588,0.125230586
4691,256,Afigya Kwabre South,2015,0,1177.102703,24.17194103,0.539308701,0.168761717,204404.1467,0.482244809,0.472035473,-1.432531062,-0.305495284,-0.13827575,-1.027861247,0.136153194
4692,256,Afigya Kwabre South,2016,0,1359.24914,24.22815725,0.539632244,0.177458405,209103.7139,0.488082713,0.482244809,-1.361003964,0.37289433,-0.135960368,-0.962139954,0.166210149
4693,256,Afigya Kwabre South,2017,0,1366.559214,23.9341769,0.570058929,0.185268584,213897.0635,0.49835194,0.488082713,-1.735051919,0.400120106,0.081782988,-0.9245592,0.193203204
4694,256,Afigya Kwabre South,2018,0,1438.07715,24.1841769,0.587852575,0.19130526,218473.9938,0.510842586,0.49835194,-1.416962664,0.666482851,0.209120162,-0.858452366,0.214066792
4695,256,Afigya Kwabre South,2019,0,1451.49828,24.77135135,0.556001171,0.195653651,222977.474,0.524168977,0.510842586,-0.669867134,0.716468761,-0.018818951,-0.778045431,0.229095429
4696,256,Afigya Kwabre South,2020,0,1194.948403,24.64616708,0.541227885,0.215946019,227460.5633,0.536918443,0.524168977,-0.829146225,-0.239030423,-0.124541436,-0.6922585,0.299228659
4697,256,Afigya Kwabre South,2021,0,1229.097789,24.73628993,0.565946343,0.226717186,232072.9779,0.549134667,0.536918443,-0.714477784,-0.111843809,0.05235197,-0.610185447,0.3364553
4698,256,Afigya Kwabre South,2022,0,1424.959214,23.61058968,0.543092973,0.237909304,236604.2225,0.560867929,0.549134667,-2.146770394,0.617626164,-0.111194257,-0.531545068,0.375136806
4699,256,Afigya Kwabre South,2023,0,1331.061916,24.26312039,0.524852082,0.240819489,241220.5991,0.568481246,0.560867929,-1.316518361,0.267913305,-0.241732063,-0.4560137,0.385194804
4700,256,Afigya Kwabre South,2024,0,1088.44914,24.10149877,0.46799219,0.245787297,245874.6135,0.579427567,0.568481246,-1.522158766,-0.635678279,-0.648640137,-0.407003948,0.402364236
4701,257,Ejisu,2005,0,1296.57827,23.88432809,0.629171229,0.079208108,105702.5787,0.388862966,0.368433108,-1.798477406,0.139481765,0.504810032,-1.694788189,-0.173356452
4702,257,Ejisu,2006,0,1216.196569,24.30673695,0.66246694,0.079208108,103930.1169,0.407495189,0.388862966,-1.261022523,-0.159893354,0.743085078,-1.563273595,-0.173356452
4703,257,Ejisu,2007,0,1673.175482,24.08305933,0.6607473,0.080262581,106692.3346,0.426475536,0.407495189,-1.545620322,1.5420875,0.730778767,-1.443331048,-0.169712047
4704,257,Ejisu,2008,0,1623.683345,24.11368835,0.649589806,0.080262581,108795.684,0.444517129,0.426475536,-1.506649272,1.357758054,0.650932072,-1.321147498,-0.169712047
4705,257,Ejisu,2009,0,1355.038242,24.11997856,0.603524063,0.085551468,109579.1645,0.461784464,0.444517129,-1.498645883,0.357211181,0.321270483,-1.205007057,-0.151432922
4706,257,Ejisu,2010,0,1454.080057,24.58872409,0.675996573,0.087660462,104750.0233,0.478429715,0.461784464,-0.902234214,0.72608438,0.839907574,-1.093850805,-0.144143949
4707,257,Ejisu,2011,0,1303.26376,24.23284489,0.643702079,0.090877629,108326.5211,0.494620312,0.478429715,-1.355039611,0.164381328,0.608797567,-0.986699132,-0.133024972
4708,257,Ejisu,2012,0,1451.666548,23.98432809,0.630156538,0.097204582,108448.4216,0.510331864,0.494620312,-1.671241704,0.717095459,0.511861223,-0.882474242,-0.11115815
4709,257,Ejisu,2013,0,1329.644746,23.88498928,0.564391874,0.097204582,112656.6374,0.525496685,0.510331864,-1.79763614,0.262635169,0.041227682,-0.781333143,-0.11115815
4710,257,Ejisu,2014,0,1365.308792,24.3663867,0.610939327,0.10088491,113536.8004,0.540074093,0.525496685,-1.185126745,0.395463012,0.374336551,-0.683711552,-0.09843843
4711,257,Ejisu,2015,0,1165.445675,24.58304146,0.561104111,0.110367068,168674.8206,0.550624079,0.540074093,-0.909464548,-0.348910936,0.017699369,-0.589871354,-0.06566678
4712,257,Ejisu,2016,0,1367.250179,24.63888492,0.577044706,0.118529924,172580.6454,0.556543618,0.550624079,-0.838411731,0.402693549,0.131775502,-0.521957174,-0.037454824
4713,257,Ejisu,2017,0,1369.453538,24.3424589,0.613128309,0.124004954,176580.182,0.563942336,0.556543618,-1.215571456,0.410899783,0.390001626,-0.483850897,-0.018532364
4714,257,Ejisu,2018,0,1417.449964,24.59882059,0.644370935,0.124224111,180393.0682,0.575594822,0.563942336,-0.889387864,0.589658574,0.613584123,-0.436222601,-0.017774927
4715,257,Ejisu,2019,0,1401.028592,25.19644389,0.608916634,0.125278593,184146.843,0.587157131,0.575594822,-0.12899766,0.528498506,0.359861491,-0.361211214,-0.014130489
4716,257,Ejisu,2020,0,1186.859543,25.06409936,0.579541688,0.127540589,187885.6004,0.920253367,0.587157131,-0.297387154,-0.269156727,0.149644726,-0.286780333,-0.006312719
4717,257,Ejisu,2021,0,1224.413152,25.16560043,0.603855323,0.13456247,191735.8615,0.922357106,0.920253367,-0.168241552,-0.129291357,0.323641086,1.857483976,0.017955871
4718,257,Ejisu,2022,0,1425.167977,24.0652609,0.570903289,0.138408209,195519.1363,0.924377675,0.922357106,-1.568266276,0.618403686,0.087825505,1.871026526,0.031247276
4719,257,Ejisu,2023,0,1345.621158,24.68080772,0.555701007,0.151062255,199377.4672,0.921598092,0.924377675,-0.785070959,0.322138018,-0.020967022,1.884033678,0.074981407
4720,257,Ejisu,2024,0,1065.109006,24.56468906,0.508311425,0.157389169,203261.7175,0.9193405,0.921598092,-0.932815346,-0.722606711,-0.360102437,1.866140466,0.096848097
4721,258,Ahafo Ano South East,2005,0,1236.990255,23.56897375,0.670458165,0.002915094,45504.36349,0.393693461,0.373425082,-2.19972072,-0.082448961,0.800272906,-1.662652995,-0.437035646
4722,258,Ahafo Ano South East,2006,0,1230.622315,23.90133254,0.700257986,0.002915094,45244.15914,0.413393912,0.393693461,-1.776841679,-0.106165834,1.01353022,-1.532177906,-0.437035646
4723,258,Ahafo Ano South East,2007,0,1548.7858,23.67265314,0.688874966,0.002915094,45060.911,0.432185299,0.413393912,-2.067803513,1.078808227,0.932069588,-1.405358779,-0.437035646
4724,258,Ahafo Ano South East,2008,0,1579.782021,23.71676611,0.686974669,0.002915094,44662.97624,0.450047277,0.432185299,-2.011676069,1.194251135,0.918470439,-1.284391635,-0.437035646
4725,258,Ahafo Ano South East,2009,0,1454.015115,23.70776651,0.687120074,0.002915094,43494.27247,0.467142706,0.450047277,-2.023126776,0.725842509,0.919511003,-1.169407438,-0.437035646
4726,258,Ahafo Ano South East,2010,0,1389.867144,24.20948687,0.736765332,0.002915094,42680.04284,0.483622244,0.467142706,-1.384759347,0.486928599,1.274788781,-1.059357809,-0.437035646
4727,258,Ahafo Ano South East,2011,0,1275.589698,23.78934964,0.720130851,0.002915094,43588.87006,0.499651654,0.483622244,-1.919323902,0.061311531,1.155746969,-0.953272892,-0.437035646
4728,258,Ahafo Ano South East,2012,0,1408.795545,23.66897375,0.674302246,0.002915094,44591.14355,0.515206789,0.499651654,-2.072485018,0.557425892,0.82778242,-0.850085621,-0.437035646
4729,258,Ahafo Ano South East,2013,0,1263.236476,23.47545744,0.6910825,0.002915094,43933.69525,0.530220635,0.515206789,-2.318706851,0.015302959,0.94786743,-0.749951439,-0.437035646
4730,258,Ahafo Ano South East,2014,0,1309.490453,24.03158313,0.678979368,0.002915094,43763.68911,0.544652917,0.530220635,-1.611116418,0.187572143,0.86125344,-0.653301727,-0.437035646
4731,258,Ahafo Ano South East,2015,0,1133.644193,24.17545744,0.664372822,0.002915094,53257.02641,0.558368211,0.544652917,-1.428056937,-0.467352976,0.756724199,-0.560395761,-0.437035646
4732,258,Ahafo Ano South East,2016,0,1302.424423,24.23628679,0.681143371,0.002915094,54463.30229,0.571503722,0.558368211,-1.35066028,0.161255287,0.876739756,-0.472105315,-0.437035646
4733,258,Ahafo Ano South East,2017,0,1295.48926,23.93991647,0.717517472,0.002915094,55697.58825,0.583880279,0.571503722,-1.727749145,0.135425835,1.137044776,-0.387547147,-0.437035646
4734,258,Ahafo Ano South East,2018,0,1420.863763,24.19823986,0.715825036,0.002915094,56872.68139,0.59541913,0.583880279,-1.399069567,0.602372989,1.124933142,-0.307874648,-0.437035646
4735,258,Ahafo Ano South East,2019,0,1404.871519,24.7468576,0.727299853,0.002915094,58040.92948,0.606441354,0.59541913,-0.701031934,0.542811177,1.207050709,-0.233594774,-0.437035646
4736,258,Ahafo Ano South East,2020,0,1141.178998,24.57581543,0.673374849,0.002915094,59200.08785,0.616986406,0.606441354,-0.918658632,-0.439290207,0.821145658,-0.162640619,-0.437035646
4737,258,Ahafo Ano South East,2021,0,1230.724344,24.68701273,0.74236249,0.002915094,60408.61687,0.627090414,0.616986406,-0.777175972,-0.105785837,1.314843888,-0.094758202,-0.437035646
4738,258,Ahafo Ano South East,2022,0,1396.993835,23.58261734,0.703861026,0.002915094,61582.71291,0.636794966,0.627090414,-2.182361195,0.51347138,1.039314756,-0.029714943,-0.437035646
4739,258,Ahafo Ano South East,2023,0,1290.875895,24.38965792,0.671333211,0.002915094,62781.32905,0.646101103,0.636794966,-1.155517456,0.118243731,0.806535029,0.032756862,-0.437035646
4740,258,Ahafo Ano South East,2024,0,1027.679196,24.07557677,0.665432832,0.002915094,63986.79029,0.655078444,0.646101103,-1.555140807,-0.862010999,0.764309978,0.092663928,-0.437035646
4741,260,Korle-Klottey,2005,0,946.4532374,25.35863309,0.294494735,0.968399941,141925.7025,0.394739285,0.376460235,0.077364914,-1.164530487,-1.890244928,-1.643114584,2.899813347
4742,260,Korle-Klottey,2006,0,803.381295,25.76726619,0.279871177,0.968399941,145149.172,0.411212405,0.394739285,0.597292099,-1.697390319,-1.994895914,-1.525445545,2.899813347
4743,260,Korle-Klottey,2007,0,1079.280576,25.75863309,0.281260126,0.968399941,149766.289,0.429104593,0.411212405,0.586307722,-0.669825853,-1.984956142,-1.419401951,2.899813347
4744,260,Korle-Klottey,2008,0,1176.971223,25.65863309,0.269163051,0.968399941,152341.2083,0.444967067,0.429104593,0.45907202,-0.30598497,-2.071526781,-1.304223282,2.899813347
4745,260,Korle-Klottey,2009,0,835.8992806,25.56726619,0.242699291,0.968399941,157221.5157,0.460677539,0.444967067,0.342820695,-1.576279722,-2.260910146,-1.202110639,2.899813347
4746,260,Korle-Klottey,2010,0,1129.971223,26.12589928,0.265969821,0.968399941,170151.095,0.474214106,0.460677539,1.053601433,-0.481032653,-2.094378587,-1.10097649,2.899813347
4747,260,Korle-Klottey,2011,0,940.9352518,25.71726619,0.275178704,0.968399941,173363.0069,0.484106923,0.474214106,0.533674248,-1.185081777,-2.028476793,-1.013836578,2.899813347
4748,260,Korle-Klottey,2012,0,990.1438849,25.41726619,0.25203973,0.968399941,175631.0166,0.493681331,0.484106923,0.151967142,-1.001808219,-2.194066896,-0.950152835,2.899813347
4749,260,Korle-Klottey,2013,0,885.4172662,25.35863309,0.247656339,0.968399941,184432.0889,0.504629195,0.493681331,0.077364914,-1.391854006,-2.225435884,-0.888518815,2.899813347
4750,260,Korle-Klottey,2014,0,993.2805755,25.72589928,0.275404762,0.968399941,193162.7977,0.51338016,0.504629195,0.544658625,-0.990125869,-2.02685905,-0.81804334,2.899813347
4751,260,Korle-Klottey,2015,0,787.5899281,26.07589928,0.247769232,0.968399941,63814.51473,0.528037406,0.51338016,0.989983582,-1.756203982,-2.224627982,-0.761710123,2.899813347
4752,260,Korle-Klottey,2016,0,969.5899281,26.11726619,0.259741939,0.968399941,65285.56805,0.54207505,0.528037406,1.042617056,-1.078359762,-2.138947357,-0.667355983,2.899813347
4753,260,Korle-Klottey,2017,0,1032.280576,25.71726619,0.269489653,0.968399941,66785.50908,0.555301616,0.54207505,0.533674248,-0.844873536,-2.069189512,-0.576990449,2.899813347
4754,260,Korle-Klottey,2018,0,872.8992806,26.11726619,0.247533434,0.968399941,68217.6517,0.567632943,0.555301616,1.042617056,-1.438476227,-2.226315426,-0.491846126,2.899813347
4755,260,Korle-Klottey,2019,0,901.2086331,26.26726619,0.25645979,0.968399941,69618.92503,0.579412162,0.567632943,1.233470609,-1.333040342,-2.162435492,-0.412464789,2.899813347
4756,260,Korle-Klottey,2020,0,726.4532374,25.56726619,0.257028122,0.968399941,71012.08397,0.590681437,0.579412162,0.342820695,-1.983902622,-2.158368322,-0.336637577,2.899813347
4757,260,Korle-Klottey,2021,0,897.2374101,26.56726619,0.235613571,0.968399941,72446.83684,0.601479378,0.590681437,1.615177715,-1.34783084,-2.311617885,-0.264093068,2.899813347
4758,260,Korle-Klottey,2022,0,891.7266187,25.26726619,0.238337465,0.968399941,73851.51232,0.611850428,0.601479378,-0.038886411,-1.368355335,-2.292124807,-0.194582706,2.899813347
4759,260,Korle-Klottey,2023,0,884.5539568,26.55,0.247706543,0.968399941,75282.67325,0.621795701,0.611850428,1.59320896,-1.395069331,-2.225076606,-0.127820404,2.899813347
4760,260,Korle-Klottey,2024,0,779.4892086,26.06726619,0.257144082,0.968399941,76722.61501,0.631389595,0.621795701,0.978999205,-1.786374454,-2.157538474,-0.063798984,2.899813347
4761,261,Ablekuma West,2005,0,955.751938,25.10542636,0.299222598,0.999626619,82700.10472,0.394739285,0.376460235,-0.244804456,-1.129898232,-1.85641079,-1.643114584,3.007737062
4762,261,Ablekuma West,2006,0,806.9379845,25.53178295,0.285409807,0.999626619,90537.75104,0.411212405,0.394739285,0.297673343,-1.684143717,-1.955259659,-1.525445545,3.007737062
4763,261,Ablekuma West,2007,0,1086.751938,25.47906977,0.307358256,0.999626619,91596.07476,0.429104593,0.411212405,0.230603361,-0.64199937,-1.798189349,-1.419401951,3.007737062
4764,261,Ablekuma West,2008,0,1184.604651,25.40542636,0.298176187,0.999626619,98142.7233,0.444967067,0.429104593,0.13690265,-0.277554886,-1.863899249,-1.304223282,3.007737062
4765,261,Ablekuma West,2009,0,843.248062,25.33178295,0.278925672,0.999626619,98897.59631,0.460677539,0.444967067,0.043201939,-1.548909782,-2.001662258,-1.202110639,3.007737062
4766,261,Ablekuma West,2010,0,1140.914729,25.90542636,0.274405609,0.999626619,105221.7315,0.474214106,0.460677539,0.77308116,-0.440274455,-2.034009314,-1.10097649,3.007737062
4767,261,Ablekuma West,2011,0,942.372093,25.48178295,0.279767201,0.999626619,106554.3698,0.484106923,0.474214106,0.234055492,-1.179730378,-1.995640003,-1.013836578,3.007737062
4768,261,Ablekuma West,2012,0,1005.589147,25.20542636,0.262611576,0.999626619,112685.857,0.493681331,0.484106923,-0.117568754,-0.944283593,-2.118411292,-0.950152835,3.007737062
4769,261,Ablekuma West,2013,0,890.372093,25.07906977,0.275538318,0.999626619,119886.5566,0.504629195,0.493681331,-0.278339447,-1.373400156,-2.025903275,-0.888518815,3.007737062
4770,261,Ablekuma West,2014,0,999.6976744,25.50542636,0.279011078,0.999626619,119221.8705,0.51338016,0.504629195,0.264138352,-0.966225906,-2.001051066,-0.81804334,3.007737062
4771,261,Ablekuma West,2015,0,799.2093023,25.87906977,0.267665917,0.999626619,130976.5075,0.528037406,0.51338016,0.739546169,-1.712928566,-2.082240768,-0.761710123,3.007737062
4772,261,Ablekuma West,2016,0,977.4263566,25.87906977,0.274447511,0.999626619,133968.4121,0.54207505,0.528037406,0.739546169,-1.04917362,-2.033709454,-0.667355983,3.007737062
4773,261,Ablekuma West,2017,0,1045.372093,25.47906977,0.285881656,0.999626619,137018.9091,0.555301616,0.54207505,0.230603361,-0.796115243,-1.951882951,-0.576990449,3.007737062
4774,261,Ablekuma West,2018,0,877.2093023,25.90542636,0.251852442,0.999626619,139919.1107,1,0.555301616,0.77308116,-1.422423901,-2.195407191,-0.491846126,3.007737062
4775,261,Ablekuma West,2019,0,891.1705426,26.05813953,0.271119747,0.999626619,142777.3027,1,1,0.967386845,-1.370426395,-2.057524021,2.370842699,3.007737062
4776,261,Ablekuma West,2020,0,747.2093023,25.3372093,0.259379363,0.999626619,145592.185,0.998049262,1,0.050106202,-1.906598344,-2.141542071,2.370842699,3.007737062
4777,261,Ablekuma West,2021,0,863.2635659,26.30542636,0.239356245,0.999626619,148508.4266,0.998100723,0.998049262,1.282023968,-1.474363663,-2.284834078,2.358285074,3.007737062
4778,261,Ablekuma West,2022,0,896.5736434,25.00813953,0.271775903,0.999626619,151374.5772,0.99815015,0.998100723,-0.368588026,-1.350302985,-2.052828356,2.358616348,3.007737062
4779,261,Ablekuma West,2023,0,890.5193798,26.30271318,0.262142972,0.999626619,154281.2132,0.998197547,0.99815015,1.278571837,-1.372851598,-2.121764773,2.358934525,3.007737062
4780,261,Ablekuma West,2024,0,809.8837209,25.75542636,0.266562499,0.999626619,157205.456,0.99824327,0.998197547,0.582227607,-1.673172561,-2.09013719,2.35923964,3.007737062
4781,262,Ablekuma Central,2005,0,971.2580645,25.3483871,0.237991886,1,129011.7106,0.394739285,0.376460235,0.064328348,-1.072146923,-2.294597881,-1.643114584,3.009027517
4782,262,Ablekuma Central,2006,0,815.6774194,25.7983871,0.231734677,1,131102.7889,0.411212405,0.394739285,0.636889007,-1.651594402,-2.339376524,-1.525445545,3.009027517
4783,262,Ablekuma Central,2007,0,1103,25.73548387,0.232898722,1,135594.2914,0.429104593,0.411212405,0.556853646,-0.581484783,-2.331046234,-1.419401951,3.009027517
4784,262,Ablekuma Central,2008,0,1204.774194,25.6483871,0.236704461,1,140902.3784,0.444967067,0.429104593,0.446035454,-0.202435064,-2.303811116,-1.304223282,3.009027517
4785,262,Ablekuma Central,2009,0,850.1612903,25.5983871,0.222571735,1,143726.9422,0.460677539,0.444967067,0.382417603,-1.523162025,-2.404949547,-1.202110639,3.009027517
4786,262,Ablekuma Central,2010,0,1157.774194,26.18548387,0.233165353,1,151799.4948,0.474214106,0.460677539,1.129414305,-0.377482747,-2.329138138,-1.10097649,3.009027517
4787,262,Ablekuma Central,2011,0,960.1612903,25.7483871,0.230602345,1,157022.0806,0.484106923,0.474214106,0.573271156,-1.113475958,-2.347479866,-1.013836578,3.009027517
4788,262,Ablekuma Central,2012,0,1018.258065,25.4483871,0.21252647,1,164323.8081,0.493681331,0.484106923,0.19156405,-0.89709924,-2.476836766,-0.950152835,3.009027517
4789,262,Ablekuma Central,2013,0,903.7096774,25.33548387,0.212087774,1,168488.9765,0.504629195,0.493681331,0.047910838,-1.323725406,-2.479976222,-0.888518815,3.009027517
4790,262,Ablekuma Central,2014,0,1016.483871,25.78548387,0.237288447,1,175641.9277,0.51338016,0.504629195,0.620471497,-0.90370708,-2.299631923,-0.81804334,3.009027517
4791,262,Ablekuma Central,2015,0,807.483871,26.13548387,0.219548921,1,159612.8109,0.528037406,0.51338016,1.065796454,-1.682110608,-2.426581801,-0.761710123,3.009027517
4792,262,Ablekuma Central,2016,0,989.483871,26.13548387,0.219323608,1,163286.4233,0.515485889,0.528037406,1.065796454,-1.004266387,-2.428194212,-0.667355983,3.009027517
4793,262,Ablekuma Central,2017,0,1055.741935,25.73548387,0.226342214,1,167034.8907,0.504290589,0.515485889,0.556853646,-0.757493606,-2.377966764,-0.748154767,3.009027517
4794,262,Ablekuma Central,2018,0,888.4516129,26.1483871,0.216687139,1,170608.5745,1,0.504290589,1.082213964,-1.380552828,-2.44706165,-0.820223073,3.009027517
4795,262,Ablekuma Central,2019,0,912.6774194,26.31129032,0.236049573,1,174108.8307,0.998470239,1,1.289485027,-1.290325779,-2.308497711,2.370842699,3.009027517
4796,262,Ablekuma Central,2020,0,751.7741935,25.62419355,0.216489208,1,177589.838,0.995468483,0.998470239,0.415252623,-1.889596777,-2.448478114,2.360995062,3.009027517
4797,262,Ablekuma Central,2021,0,886.5806452,26.58548387,0.203586054,1,181174.0118,0.995588025,0.995468483,1.638357113,-1.387521095,-2.540817321,2.341671638,3.009027517
4798,262,Ablekuma Central,2022,0,906.1935484,25.2983871,0.214811102,1,184686.0996,0.995702842,0.995588025,0.000710497,-1.31447443,-2.460487188,2.342441179,3.009027517
4799,262,Ablekuma Central,2023,0,898.4516129,26.4983871,0.233420205,1,188263.1198,0.995812945,0.995702842,1.527538921,-1.34330864,-2.327314333,2.343180296,3.009027517
4800,262,Ablekuma Central,2024,0,809.516129,26.07258065,0.23048569,1,191864.5406,0.995919158,0.995812945,0.985761093,-1.674541627,-2.348314685,2.34388907,3.009027517
4801,265,Krowor,2005,0,951.2821782,25.21980198,0.283515069,0.969647857,75768.23918,0.392752829,0.374407374,-0.099277828,-1.14654549,-1.968819029,-1.656329617,2.904126317
4802,265,Krowor,2006,0,810.7574257,25.63638614,0.279323903,0.969647857,75921.90456,0.409290494,0.392752829,0.43076595,-1.669918519,-1.998812386,-1.538233099,2.904126317
4803,265,Krowor,2007,0,1084.514851,25.60742574,0.302019627,0.969647857,78760.82523,0.427244249,0.409290494,0.393917987,-0.650331217,-1.836394331,-1.431774005,2.904126317
4804,265,Krowor,2008,0,1181.5,25.55742574,0.298695348,0.969647857,82773.63721,0.443165245,0.427244249,0.330300136,-0.289117908,-1.86018396,-1.316199009,2.904126317
4805,265,Krowor,2009,0,846.0841584,25.44876238,0.267301946,0.969647857,84365.48897,0.458931727,0.443165245,0.192041539,-1.538346972,-2.084845463,-1.213709641,2.904126317
4806,265,Krowor,2010,0,1142.762376,26.00742574,0.287770658,0.969647857,87782.90857,0.472522286,0.458931727,0.902860795,-0.433393042,-1.938364631,-1.112214934,2.904126317
4807,265,Krowor,2011,0,952.7178218,25.61980198,0.290668699,0.969647857,92011.08026,0.482467621,0.472522286,0.40966498,-1.141198552,-1.917625298,-1.024727453,2.904126317
4808,265,Krowor,2012,0,997.970297,25.30742574,0.266717775,0.969647857,94812.33047,0.492092992,0.482467621,0.012210881,-0.972659382,-2.089025982,-0.960705635,2.904126317
4809,265,Krowor,2013,0,897.8118812,25.20742574,0.238752075,0.969647857,97518.63744,0.503090046,0.492092992,-0.115024821,-1.345691269,-2.289157722,-0.898743543,2.904126317
4810,265,Krowor,2014,0,1008.777228,25.60742574,0.287868266,0.969647857,102535.4327,0.511888297,0.503090046,0.393917987,-0.932409847,-1.937666121,-0.827951412,2.904126317
4811,265,Krowor,2015,0,789.6386139,26.00742574,0.263373595,0.969647857,126987.9667,0.526590478,0.511888297,0.902860795,-1.748573818,-2.112958029,-0.771313806,2.904126317
4812,265,Krowor,2016,0,972.3811881,26.00742574,0.260225714,0.969647857,129917.0265,0.540671158,0.526590478,0.902860795,-1.067963941,-2.1354853,-0.676670397,2.904126317
4813,265,Krowor,2017,0,1032.118812,25.60742574,0.258240892,0.969647857,132887.4329,0.54972207,0.540671158,0.393917987,-0.845476012,-2.149689341,-0.586027823,2.904126317
4814,265,Krowor,2018,0,884.7326733,26.01980198,0.245235055,0.969647857,135714.4259,0.562208116,0.54972207,0.918607788,-1.394403716,-2.242763383,-0.527763739,2.904126317
4815,265,Krowor,2019,0,957.8663366,26.24455446,0.252068789,0.969647857,138486.6061,0.574135127,0.562208116,1.204573178,-1.122023326,-2.193858941,-0.447386419,2.904126317
4816,265,Krowor,2020,0,710.8415842,25.66113861,0.237181811,0.969647857,141252.2973,0.585545795,0.574135127,0.462259936,-2.042046957,-2.300395043,-0.370607817,2.904126317
4817,265,Krowor,2021,0,994.0594059,26.49084158,0.226608012,0.969647857,144086.0415,0.596479216,0.585545795,1.517938335,-0.987225179,-2.376064624,-0.297153106,2.904126317
4818,265,Krowor,2022,0,905.8910891,25.16980198,0.242718791,0.969647857,146868.6459,0.606980389,0.596479216,-0.162895679,-1.315600915,-2.260770597,-0.226770611,2.904126317
4819,265,Krowor,2023,0,892.4059406,26.41188119,0.245508398,0.969647857,149708.3817,0.617050443,0.606980389,1.417472521,-1.365825255,-2.240807251,-0.159170654,2.904126317
4820,265,Krowor,2024,0,743.4405941,25.96980198,0.233336246,0.969647857,152571.5908,0.626764711,0.617050443,0.854989937,-1.920634592,-2.327915169,-0.09434597,2.904126317
4821,267,Ga North,2005,0,1057.735338,25.01142857,0.442354357,0.923150455,105704.4468,0.340457046,0.332427226,-0.364403198,-0.750069339,-0.83211289,-1.926571438,2.743424875
4822,267,Ga North,2006,0,879.8541353,25.43285714,0.435538108,0.923150455,111326.4534,0.348643442,0.340457046,0.171804404,-1.412573435,-0.880892211,-1.874880497,2.743424875
4823,267,Ga North,2007,0,1206.935338,25.36533835,0.419343369,0.923150455,113987.74,0.361060019,0.348643442,0.085896388,-0.194386055,-0.996787083,-1.822181624,2.743424875
4824,267,Ga North,2008,0,1305.630075,25.31142857,0.43845609,0.923150455,118783.9426,0.373786976,0.361060019,0.017303908,0.173194477,-0.860010172,-1.742251501,2.743424875
4825,267,Ga North,2009,0,917.3022556,25.2475188,0.37833754,0.923150455,126834.9312,0.374241844,0.373786976,-0.064012142,-1.273100952,-1.290238267,-1.660323346,2.743424875
4826,267,Ga North,2010,0,1254.53985,25.83218045,0.422400079,0.923150455,128333.1741,0.375009427,0.374241844,0.679886218,-0.017086919,-0.974912261,-1.657395195,2.743424875
4827,267,Ga North,2011,0,1044.282707,25.3975188,0.398609369,0.927557428,135179.365,0.378883766,0.375009427,0.126841411,-0.800172573,-1.145166396,-1.652453976,2.758655983
4828,267,Ga North,2012,0,1101.610526,25.09691729,0.355319558,0.927557428,134065.2551,0.383612736,0.378883766,-0.255631022,-0.586659765,-1.45496251,-1.627513418,2.758655983
4829,267,Ga North,2013,0,969.2270677,24.99669173,0.361532502,0.936094591,137445.2088,0.393745939,0.383612736,-0.383153722,-1.079711206,-1.410500642,-1.597071277,2.788161597
4830,267,Ga North,2014,0,1114.154887,25.40533835,0.374777622,0.936855016,141783.9928,0.40418921,0.393745939,0.136790669,-0.539939311,-1.315714209,-1.531840084,2.790789729
4831,267,Ga North,2015,0,884.5834586,25.79503759,0.356960391,0.942540607,253505.5331,0.40900472,0.40418921,0.632627243,-1.394959454,-1.44322017,-1.464612865,2.810439919
4832,267,Ga North,2016,0,1075.275188,25.78278195,0.339708074,0.948347013,259300.4846,0.414679946,0.40900472,0.617033695,-0.684743594,-1.566683418,-1.43361364,2.83050766
4833,267,Ga North,2017,0,1136.63609,25.38278195,0.346635975,0.952753617,265157.3856,0.423505195,0.414679946,0.108090887,-0.456209896,-1.517105086,-1.3970801,2.845737492
4834,267,Ga North,2018,0,975.2857143,25.7975188,0.347920519,0.957160322,270747.0192,0.431385032,0.423505195,0.635784219,-1.057146269,-1.507912464,-1.34026869,2.860967674
4835,267,Ga North,2019,0,1020.718797,26.22736842,0.33386309,0.96156696,276171.3045,0.441441494,0.431385032,1.182706406,-0.887934442,-1.608512047,-1.289543249,2.876197623
4836,267,Ga North,2020,0,860.3278195,25.67360902,0.321356805,0.96156696,281550.9545,0.448309903,0.441441494,0.478126748,-1.485297612,-1.698011127,-1.224806061,2.876197623
4837,267,Ga North,2021,0,959.7022556,26.40090226,0.327493192,0.96156696,287063.7196,0.457534435,0.448309903,1.403503399,-1.115185595,-1.654097129,-1.180591561,2.876197623
4838,267,Ga North,2022,0,998.112782,25.04270677,0.314027778,0.96156696,292482.0092,0.466880206,0.457534435,-0.324606166,-0.972128709,-1.750460056,-1.121209822,2.876197623
4839,267,Ga North,2023,1,973.7338346,26.16481203,0.309689785,0.96156696,297995.0246,0.47247166,0.466880206,1.103112343,-1.062926119,-1.781504155,-1.061047616,2.876197623
4840,267,Ga North,2024,0,868.8902256,25.67759398,0.295994784,0.963899922,303542.1539,0.477202453,0.47247166,0.483197043,-1.453407626,-1.879510086,-1.025053348,2.884260661
4841,269,Weija-Gbawe,2005,0,1004.467877,24.75265363,0.330057516,0.621335294,135782.1397,0.340457046,0.332427226,-0.693657309,-0.948459673,-1.635745982,-1.926571438,1.70030999
4842,269,Weija-Gbawe,2006,0,841.1522346,25.16201117,0.335641225,0.621335294,139587.3997,0.348643442,0.340457046,-0.172808367,-1.556715521,-1.595787124,-1.874880497,1.70030999
4843,269,Weija-Gbawe,2007,0,1140.182961,25.12555866,0.338034673,0.621335294,147293.3056,0.361060019,0.348643442,-0.219188979,-0.442999864,-1.578658825,-1.822181624,1.70030999
4844,269,Weija-Gbawe,2008,0,1240.048883,25.05265363,0.356927399,0.621335294,152466.7617,0.373786976,0.361060019,-0.311950203,-0.071057349,-1.443456269,-1.742251501,1.70030999
4845,269,Weija-Gbawe,2009,0,878.0544693,24.98289106,0.308700465,0.622282218,158850.9936,0.374241844,0.373786976,-0.400713099,-1.419276145,-1.788584057,-1.660323346,1.703582689
4846,269,Weija-Gbawe,2010,0,1197.892458,25.55579609,0.348251055,0.622282218,155623.3676,0.375009427,0.374241844,0.328226635,-0.228065529,-1.505547042,-1.657395195,1.703582689
4847,269,Weija-Gbawe,2011,0,981.8142458,25.13289106,0.327506982,0.622282218,159238.472,0.378883766,0.375009427,-0.209859546,-1.032831283,-1.653998445,-1.652453976,1.703582689
4848,269,Weija-Gbawe,2012,0,1056.657821,24.85048883,0.301041938,0.622282218,174292.7451,0.383612736,0.378883766,-0.569176011,-0.754082464,-1.84339099,-1.627513418,1.703582689
4849,269,Weija-Gbawe,2013,0,934.8617318,24.73819832,0.316723044,0.622282218,183193.5528,0.393745939,0.383612736,-0.712049621,-1.207702109,-1.731171848,-1.597071277,1.703582689
4850,269,Weija-Gbawe,2014,0,1050.125698,25.13715084,0.316548387,0.622282218,177762.2267,0.40418921,0.393745939,-0.204439589,-0.778410826,-1.732421752,-1.531840084,1.703582689
4851,269,Weija-Gbawe,2015,0,839.5698324,25.50691341,0.30119307,0.622282218,187383.3734,0.40900472,0.40418921,0.266030412,-1.56260905,-1.842309443,-1.464612865,1.703582689
4852,269,Weija-Gbawe,2016,0,1023.398045,25.52555866,0.316338176,0.626445666,191681.4356,0.422256812,0.40900472,0.289753829,-0.877955801,-1.733926088,-1.43361364,1.717972141
4853,269,Weija-Gbawe,2017,0,1089.860335,25.13826816,0.317010626,0.626445666,196047.1631,0.434523975,0.422256812,-0.203017961,-0.630422397,-1.729113813,-1.348304997,1.717972141
4854,269,Weija-Gbawe,2018,0,919.9916201,25.55272346,0.298216475,0.63052727,200201.1188,0.450204422,0.434523975,0.324317159,-1.263084632,-1.863610932,-1.269336709,1.732078727
4855,269,Weija-Gbawe,2019,0,938.0069832,25.80488827,0.30591729,0.63052727,204230.1469,0.465182813,0.450204422,0.645160818,-1.195987875,-1.808501374,-1.168395836,1.732078727
4856,269,Weija-Gbawe,2020,0,805.0614525,25.12101955,0.299631814,0.63052727,208231.5002,0.47951276,0.465182813,-0.224964343,-1.691132708,-1.853482302,-1.071974369,1.732078727
4857,269,Weija-Gbawe,2021,0,898.8784916,26.05481844,0.295721762,0.631506948,212329.3835,0.493243363,0.47951276,0.963161221,-1.341718765,-1.881463923,-0.97972717,1.735464631
4858,269,Weija-Gbawe,2022,0,945.4511173,24.70062849,0.304022152,0.631506948,216341.5747,0.506431133,0.493243363,-0.759851861,-1.168262802,-1.822063601,-0.891338174,1.735464631
4859,269,Weija-Gbawe,2023,0,935.2108939,25.91110335,0.309729651,0.631506948,220394.9352,0.519077487,0.506431133,0.780304325,-1.206401683,-1.781218866,-0.806443597,1.735464631
4860,269,Weija-Gbawe,2024,0,844.7723464,25.40272346,0.296392835,0.6481604,224463.0123,0.531277031,0.519077487,0.133463606,-1.543232709,-1.876661499,-0.725034311,1.79302126
4861,270,Ablekuma North,2005,0,1010.389313,25.25954198,0.273273383,1,120387.755,0.394739285,0.376460235,-0.048714354,-0.926405766,-2.042111895,-1.643114584,3.009027517
4862,270,Ablekuma North,2006,0,843.0839695,25.70954198,0.268917329,1,120276.642,0.411212405,0.394739285,0.523846305,-1.549520932,-2.073285251,-1.525445545,3.009027517
4863,270,Ablekuma North,2007,0,1145.419847,25.6110687,0.268927273,1,126070.6793,0.429104593,0.411212405,0.398553132,-0.423495506,-2.073214086,-1.419401951,3.009027517
4864,270,Ablekuma North,2008,0,1250.916031,25.55954198,0.274481074,1,133250.7487,0.444967067,0.429104593,0.332992752,-0.030583539,-2.03346926,-1.304223282,3.009027517
4865,270,Ablekuma North,2009,0,877.1526718,25.50954198,0.25595987,1,138102.3141,0.460677539,0.444967067,0.269374901,-1.422634817,-2.166013085,-1.202110639,3.009027517
4866,270,Ablekuma North,2010,0,1203.366412,26.05954198,0.258910268,1,138290.932,0.474214106,0.460677539,0.969171262,-0.207678231,-2.144899065,-1.10097649,3.009027517
4867,270,Ablekuma North,2011,0,991.0916031,25.65954198,0.263377376,1,144397.6912,0.484106923,0.474214106,0.460228454,-0.99827852,-2.112930971,-1.013836578,3.009027517
4868,270,Ablekuma North,2012,0,1057.328244,25.35801527,0.240199771,1,154202.8172,0.493681331,0.484106923,0.076578818,-0.751585528,-2.278797534,-0.950152835,3.009027517
4869,270,Ablekuma North,2013,0,937.5343511,25.2110687,0.237694786,1,154144.7475,0.504629195,0.493681331,-0.110389676,-1.197748155,-2.29672403,-0.888518815,3.009027517
4870,270,Ablekuma North,2014,0,1058.061069,25.65801527,0.254623561,1,163747.8698,0.51338016,0.504629195,0.458285924,-0.748856183,-2.175576151,-0.81804334,3.009027517
4871,270,Ablekuma North,2015,0,842.0076336,26.00954198,0.248622641,1,139043.6906,0.528037406,0.51338016,0.905553411,-1.553529657,-2.218520708,-0.761710123,3.009027517
4872,270,Ablekuma North,2016,0,1027.916031,26.0110687,0.245675877,1,142241.5914,0.512331922,0.528037406,0.90749594,-0.86112893,-2.239608716,-0.667355983,3.009027517
4873,270,Ablekuma North,2017,0,1093.450382,25.6110687,0.250322667,1,145509.6367,0.501588595,0.512331922,0.398553132,-0.617051561,-2.206354764,-0.768458025,3.009027517
4874,270,Ablekuma North,2018,0,923.5801527,26.05954198,0.234046199,1,148619.6814,1,0.501588595,0.969171262,-1.249719434,-2.322834516,-0.83761681,3.009027517
4875,270,Ablekuma North,2019,0,950.4656489,26.30992366,0.257362238,1,151675.2967,1,1,1.287746149,-1.149586587,-2.15597728,2.370842699,3.009027517
4876,270,Ablekuma North,2020,0,795.9618321,25.65992366,0.240210079,1,154709.003,0.991123405,1,0.460714086,-1.725023506,-2.278723763,2.370842699,3.009027517
4877,270,Ablekuma North,2021,0,910.1526718,26.48549618,0.229581533,1,157835.7862,0.988210292,0.991123405,1.511137076,-1.299728996,-2.354785131,2.313700757,3.009027517
4878,270,Ablekuma North,2022,0,941.6793893,25.20954198,0.235328156,1,160897.4161,0.983282878,0.988210292,-0.112332205,-1.182310297,-2.313660408,2.294947969,3.009027517
4879,270,Ablekuma North,2023,0,929.5496183,26.40954198,0.24020934,1,164024.8828,0.983711209,0.983282878,1.414496219,-1.227486644,-2.278729056,2.263228372,3.009027517
4880,270,Ablekuma North,2024,0,843.221374,25.90954198,0.237536968,1,167175.1429,0.981177043,0.983711209,0.778317709,-1.549009179,-2.297853423,2.265985695,3.009027517
4881,271,Birim south,2005,0,1623.821848,24.80002671,0.705612124,0.01552967,61916.31465,0.564850932,0.561397557,-0.633381841,1.358273897,1.051846191,-0.452604288,-0.393437927
4882,271,Birim south,2006,0,1386.557425,25.15387286,0.72353929,0.01552967,63417.17733,0.565991678,0.564850932,-0.183163203,0.474601821,1.180138879,-0.430373632,-0.393437927
4883,271,Birim south,2007,0,1980.393964,25.02371795,0.714232971,0.01552967,66776.77819,0.570701311,0.565991678,-0.348766722,2.686297785,1.113539805,-0.423030222,-0.393437927
4884,271,Birim south,2008,0,1967.727831,24.78047543,0.744557329,0.01552967,74568.69153,0.574691831,0.570701311,-0.658258052,2.639123803,1.330550878,-0.392712568,-0.393437927
4885,271,Birim south,2009,0,1404.63141,24.95845353,0.646842635,0.01552967,75476.46752,0.565236252,0.574691831,-0.431806369,0.54191691,0.631272419,-0.367024107,-0.393437927
4886,271,Birim south,2010,0,1906.186699,25.55845353,0.731394511,0.01552967,74996.84976,0.556166559,0.565236252,0.331607843,2.409918852,1.236353423,-0.427893182,-0.393437927
4887,271,Birim south,2011,0,1514.34562,25.11479701,0.709684994,0.01552967,77805.13568,0.547999349,0.556166559,-0.232881641,0.950538574,1.080992984,-0.486278166,-0.393437927
4888,271,Birim south,2012,0,1774.403312,24.91479701,0.714520895,0.01552967,77197.96497,0.541036646,0.547999349,-0.487353045,1.91910233,1.115600285,-0.538853532,-0.393437927
4889,271,Birim south,2013,0,1598.971154,24.81849626,0.713032741,0.01552967,80775.2579,0.537656636,0.541036646,-0.609881978,1.265719503,1.104950562,-0.583675041,-0.393437927
4890,271,Birim south,2014,0,1670.403579,25.21412927,0.717123091,0.01552967,82439.34127,0.533920311,0.537656636,-0.106495536,1.53176377,1.134222454,-0.605433422,-0.393437927
4891,271,Birim south,2015,0,1364.997062,25.46668002,0.696779239,0.01552967,43903.45407,0.543142083,0.533920311,0.214839181,0.394301999,0.98863516,-0.629485538,-0.393437927
4892,271,Birim south,2016,0,1663.759615,25.51594551,0.704433953,0.01552967,44916.31433,0.556730467,0.543142083,0.277522475,1.507018867,1.043414811,-0.57012156,-0.393437927
4893,271,Birim south,2017,0,1716.311432,25.22318376,0.701833998,0.01552967,45957.23187,0.56953373,0.556730467,-0.094974996,1.702743839,1.02480868,-0.482648082,-0.393437927
4894,271,Birim south,2018,0,1569.865919,25.54594017,0.733857146,0.01552967,46953.51061,0.581470406,0.56953373,0.315686388,1.157319419,1.253976848,-0.400228716,-0.393437927
4895,271,Birim south,2019,0,1425.011485,26.19381677,0.734547079,0.01552967,47944.35883,0.592872643,0.581470406,1.140016732,0.617820844,1.258914237,-0.323387897,-0.393437927
4896,271,Birim south,2020,0,1265.227564,26.05329861,0.730443558,0.01552967,48914.59518,0.603781256,0.592872643,0.961227461,0.022718606,1.229548091,-0.249987457,-0.393437927
4897,271,Birim south,2021,0,1410.231838,26.29974626,0.74397569,0.016729047,49931.49235,0.61423362,0.603781256,1.274796858,0.562775247,1.326388478,-0.17976466,-0.389292716
4898,271,Birim south,2022,0,1424.680288,25.16666667,0.687917519,0.018313706,50945.34514,0.624272755,0.61423362,-0.166884917,0.616587329,0.925217786,-0.112478906,-0.383815916
4899,271,Birim south,2023,0,1692.200321,25.86720085,0.690902457,0.019106013,51963.81997,0.631120287,0.624272755,0.724444675,1.612943964,0.946578982,-0.047853262,-0.381077592
4900,271,Birim south,2024,0,1310.266827,25.56666667,0.67217883,0.019106013,52988.64667,0.639474391,0.631120287,0.342057891,0.190463683,0.812586556,-0.003773155,-0.381077592
4901,272,Birim Central,2005,0,1632.707031,24.97382813,0.692347391,0.110535156,35937.74454,0.564850932,0.561397557,-0.41224439,1.391366039,0.956919402,-0.452604288,-0.065085846
4902,272,Birim Central,2006,0,1377.078125,25.3303125,0.695203414,0.110535156,38273.17329,0.565991678,0.564850932,0.041331008,0.439296937,0.977358045,-0.430373632,-0.065085846
4903,272,Birim Central,2007,0,1974.614844,25.23136719,0.679149814,0.110535156,38840.85074,0.570701311,0.565991678,-0.084562755,2.664773922,0.862473205,-0.423030222,-0.065085846
4904,272,Birim Central,2008,0,1972.071875,24.92414063,0.711315762,0.110535156,40184.75692,0.574691831,0.570701311,-0.475464629,2.655302841,1.092663299,-0.392712568,-0.065085846
4905,272,Birim Central,2009,0,1402.228906,25.1303125,0.622304723,0.110535156,37795.52615,0.58791265,0.574691831,-0.213140396,0.532968979,0.455671057,-0.367024107,-0.065085846
4906,272,Birim Central,2010,0,1894.946875,25.7303125,0.703220099,0.110535156,36786.81228,0.600657168,0.58791265,0.550273816,2.368057042,1.034728072,-0.28191678,-0.065085846
4907,272,Birim Central,2011,0,1522.582031,25.30527344,0.665409042,0.110535156,41224.25522,0.613053577,0.600657168,0.009472381,0.98121442,0.764139729,-0.199875579,-0.065085846
4908,272,Birim Central,2012,0,1772.392188,25.10527344,0.694834329,0.110535156,44710.29769,0.625083203,0.613053577,-0.244999023,1.91161206,0.974716746,-0.120075284,-0.065085846
4909,272,Birim Central,2013,0,1596.51875,24.99824219,0.660937687,0.110535156,48021.08855,0.636694222,0.625083203,-0.381180986,1.256585724,0.732141238,-0.042636108,-0.065085846
4910,272,Birim Central,2014,0,1675.503906,25.38203125,0.675274256,0.110535156,49078.04622,0.647855486,0.636694222,0.107135722,1.550759525,0.834738441,0.032108339,-0.065085846
4911,272,Birim Central,2015,0,1368.40625,25.66433594,0.653891102,0.110535156,66121.36214,0.658462264,0.647855486,0.466328073,0.406999243,0.681713566,0.103957544,-0.065085846
4912,272,Birim Central,2016,0,1667.832813,25.696875,0.651608362,0.112857087,67644.41135,0.668620665,0.658462264,0.507729378,1.522189159,0.665377522,0.172237319,-0.057060931
4913,272,Birim Central,2017,0,1712.186719,25.3903125,0.622047415,0.115179055,69196.72801,0.678192126,0.668620665,0.117672429,1.687381681,0.453829675,0.237630721,-0.049035888
4914,272,Birim Central,2018,0,1561.880469,25.73203125,0.668690935,0.115179055,70677.59513,0.687115743,0.678192126,0.552460679,1.127578259,0.787626034,0.299245772,-0.049035888
4915,272,Birim Central,2019,0,1420.28125,26.39730469,0.675141015,0.115179055,72119.83947,0.695639825,0.687115743,1.398926008,0.600203467,0.833784924,0.356690414,-0.049035888
4916,272,Birim Central,2020,0,1250.535938,26.25523438,0.654682012,0.115179055,73566.2188,0.703794883,0.695639825,1.218161848,-0.031999165,0.687373574,0.411563097,-0.049035888
4917,272,Birim Central,2021,0,1399.01875,26.46179688,0.670163957,0.118630109,75044.70551,0.711608859,0.703794883,1.480983095,0.521013013,0.798167461,0.464060239,-0.037108568
4918,272,Birim Central,2022,0,1432.579688,25.35242188,0.635595688,0.12327399,76490.25879,0.719113913,0.711608859,0.069462026,0.646007999,0.550785571,0.514361708,-0.021058674
4919,272,Birim Central,2023,0,1718.29375,26.05242188,0.633452448,0.12327399,77972.0045,0.726310852,0.719113913,0.96011194,1.710126823,0.535447841,0.562674532,-0.021058674
4920,272,Birim Central,2024,0,1309.684375,25.75273438,0.594072844,0.125595922,79464.01436,0.733253515,0.726310852,0.578802446,0.188294388,0.253634455,0.609003904,-0.013033759
4921,273,Abuakwa North,2005,0,1522.287743,23.80344555,0.716059896,0.01842019,57963.39099,0.609962276,0.596923604,-1.901388869,0.980118368,1.126613879,-0.22390992,-0.383447893
4922,273,Abuakwa North,2006,0,1288.503945,24.19681746,0.744189856,0.01842019,57607.65261,0.6226356,0.609962276,-1.400879358,0.109409597,1.327921119,-0.139975139,-0.383447893
4923,273,Abuakwa North,2007,0,1817.618622,24.18298264,0.712609605,0.01842019,59743.62881,0.634724121,0.6226356,-1.418482193,2.080054242,1.101922461,-0.058392241,-0.383447893
4924,273,Abuakwa North,2008,0,1850.96949,24.0012888,0.719093075,0.01842019,57490.7394,0.646214754,0.634724121,-1.649661633,2.204266842,1.148320305,0.019426067,-0.383447893
4925,273,Abuakwa North,2009,0,1352.983167,24.03324566,0.681162185,0.01842019,56956.62445,0.657212263,0.646214754,-1.609001092,0.349557221,0.876874392,0.093395539,-0.383447893
4926,273,Abuakwa North,2010,0,1793.924776,24.63298264,0.734091234,0.01842019,53920.99054,0.665524204,0.657212263,-0.845921534,1.991808439,1.255652059,0.164190597,-0.383447893
4927,273,Abuakwa North,2011,0,1518.174645,24.20999474,0.70668436,0.01842019,60239.10536,0.673603733,0.665524204,-1.38411316,0.964799467,1.059519466,0.217697647,-0.383447893
4928,273,Abuakwa North,2012,0,1626.206207,23.92574961,0.711497521,0.019973972,65085.59196,0.683750939,0.673603733,-1.745774451,1.367154248,1.093964028,0.269708583,-0.378077807
4929,273,Abuakwa North,2013,0,1440.231983,23.93298264,0.715126199,0.019973972,67154.41769,0.68924697,0.683750939,-1.736571448,0.674508353,1.119932038,0.335029921,-0.378077807
4930,273,Abuakwa North,2014,0,1653.54445,24.19681746,0.733913444,0.019973972,70743.40793,0.69879374,0.68924697,-1.400879358,1.468973314,1.254379738,0.370409914,-0.378077807
4931,273,Abuakwa North,2015,0,1309.509206,24.60999474,0.691198897,0.019973972,81850.50062,0.707866231,0.69879374,-0.875170352,0.187641984,0.948700404,0.43186602,-0.378077807
4932,273,Abuakwa North,2016,0,1543.842188,24.5878222,0.689017832,0.019973972,83746.51864,0.714765475,0.707866231,-0.903381739,1.060396148,0.933091982,0.490269019,-0.378077807
4933,273,Abuakwa North,2017,0,1565.118359,24.22651236,0.708411272,0.019973972,85673.98303,0.723004103,0.714765475,-1.363096847,1.139637517,1.07187781,0.53468202,-0.378077807
4934,273,Abuakwa North,2018,0,1473.281957,24.63150973,0.723887655,0.024635331,87512.21958,0.7306851,0.723004103,-0.8477956,0.797600296,1.182631894,0.587717131,-0.361967507
4935,273,Abuakwa North,2019,0,1411.289321,25.34681746,0.703530224,0.024635331,89300.6388,0.738022198,0.7306851,0.062331215,0.56671376,1.036947429,0.637162565,-0.361967507
4936,273,Abuakwa North,2020,0,1169.760652,25.0311415,0.716860054,0.0261891,91090.52595,0.924232515,0.738022198,-0.339321309,-0.332840155,1.132340074,0.684394188,-0.356597466
4937,273,Abuakwa North,2021,0,1300.883745,25.3311415,0.734221875,0.029296806,92919.48035,0.926231283,0.924232515,0.042385797,0.155517157,1.256586972,1.883099229,-0.345856805
4938,273,Abuakwa North,2022,0,1290.458706,24.21275644,0.686352917,0.029296806,94714.28513,0.928151031,0.926231283,-1.380599286,0.116689945,0.914020975,1.895966041,-0.345856805
4939,273,Abuakwa North,2023,0,1506.954761,24.92464492,0.680554706,0.030850601,96544.25534,0.92671178,0.928151031,-0.474822981,0.923011919,0.872527074,1.908324171,-0.340486675
4940,273,Abuakwa North,2024,0,1156.631247,24.72464492,0.689648698,0.032404421,98388.76893,0.927688418,0.92671178,-0.729294385,-0.38173956,0.937606671,1.899059181,-0.335116456
4941,274,Atiwa East,2005,0,1552.018263,23.79562123,0.688663362,0.009021621,53482.76366,0.608843159,0.596923604,-1.91134421,1.090847274,0.93055528,-0.22390992,-0.415930644
4942,274,Atiwa East,2006,0,1338.00115,24.17858786,0.716270717,0.009021621,52515.48936,0.620854581,0.608843159,-1.424073919,0.293757918,1.128122582,-0.147179311,-0.415930644
4943,274,Atiwa East,2007,0,1904.988927,24.10405522,0.720103475,0.009021621,55110.65509,0.633000156,0.620854581,-1.518906051,2.40545785,1.155551058,-0.069857322,-0.415930644
4944,274,Atiwa East,2008,0,1887.634743,24.05856342,0.720001637,0.009021621,56914.8231,0.64454502,0.633000156,-1.576787866,2.340823598,1.154822275,0.00832826,-0.415930644
4945,274,Atiwa East,2009,0,1411.480299,23.99308312,0.674390044,0.009021621,56717.9328,0.655594433,0.64454502,-1.660102185,0.567425041,0.828410728,0.082646839,-0.415930644
4946,274,Atiwa East,2010,0,1803.993241,24.56163359,0.728462882,0.009021621,58843.15246,0.666245775,0.655594433,-0.936702997,2.029307619,1.215373723,0.153776024,-0.415930644
4947,274,Atiwa East,2011,0,1548.83549,24.18221168,0.686219263,0.009021621,61676.81478,0.676606181,0.666245775,-1.419463135,1.078993296,0.913064505,0.222342667,-0.415930644
4948,274,Atiwa East,2012,0,1695.74964,23.98937302,0.691680462,0.009021621,64410.38125,0.686660045,0.676606181,-1.66482275,1.626163118,0.952146641,0.289036454,-0.415930644
4949,274,Atiwa East,2013,0,1521.846707,23.87551769,0.716587356,0.009021621,66390.37485,0.696364054,0.686660045,-1.809687385,0.978475764,1.130388554,0.353756915,-0.415930644
4950,274,Atiwa East,2014,0,1671.15243,24.17497124,0.711231279,0.009021621,68284.61887,0.705692177,0.696364054,-1.428675556,1.534552806,1.092058709,0.416225233,-0.415930644
4951,274,Atiwa East,2015,0,1327.855479,24.59889272,0.671809953,0.010298557,61929.28801,0.714556884,0.705692177,-0.88929608,0.255971188,0.809946752,0.476273827,-0.411517378
4952,274,Atiwa East,2016,0,1603.180903,24.56445211,0.683922434,0.010724207,63337.2787,0.723046855,0.714556884,-0.933116831,1.281398373,0.896627639,0.533339239,-0.410046272
4953,274,Atiwa East,2017,0,1615.681191,24.16480443,0.67260508,0.011575503,64773.46286,0.731046286,0.723046855,-1.441611368,1.327954679,0.81563694,0.587992341,-0.407104074
4954,274,Atiwa East,2018,0,1543.576934,24.58053638,0.73795896,0.011575503,66142.27025,0.738504276,0.731046286,-0.9126519,1.059408231,1.283330777,0.639487652,-0.407104074
4955,274,Atiwa East,2019,0,1450.056946,25.27604976,0.732512927,0.011575503,67488.71971,0.745628352,0.738504276,-0.027710576,0.711100628,1.244357176,0.687497509,-0.407104074
4956,274,Atiwa East,2020,0,1216.387834,25.1063201,0.719499073,0.011575503,68824.81348,0.926636663,0.745628352,-0.243667291,-0.159181002,1.151225759,0.733357829,-0.407104074
4957,274,Atiwa East,2021,0,1299.839804,25.27684067,0.747938182,0.011575503,70201.76205,0.928572009,0.926636663,-0.026704254,0.151629084,1.354745372,1.898575624,-0.407104074
4958,274,Atiwa East,2022,0,1384.291918,24.13457722,0.687744111,0.011575503,71551.9822,0.930430842,0.928572009,-1.480071168,0.466164124,0.923976818,1.911034165,-0.407104074
4959,274,Atiwa East,2023,0,1640.374748,24.74957578,0.672306891,0.012001146,72926.60987,0.932213361,0.930430842,-0.69757343,1.419923829,0.813503003,1.923000163,-0.405632994
4960,274,Atiwa East,2024,0,1195.881651,24.67395024,0.651556755,0.012852443,74310.39854,0.933932903,0.932213361,-0.793796116,-0.235554617,0.665008208,1.934474905,-0.402690795
4961,275,Awutu Senya East,2005,0,1122.163235,24.98602941,0.501344397,0.615739551,53954.50818,0.392812958,0.373884814,-0.396719997,-0.510112869,-0.409960783,-1.659693526,1.680970328
4962,275,Awutu Senya East,2006,0,926.6676471,25.38117647,0.480365346,0.615739551,56986.40596,0.410714046,0.392812958,0.106048138,-1.238220312,-0.560093761,-1.537846027,1.680970328
4963,275,Awutu Senya East,2007,0,1263.497059,25.30338235,0.477759858,0.615739551,60706.22934,0.42959128,0.410714046,0.007066246,0.016273479,-0.578739495,-1.422610067,1.680970328
4964,275,Awutu Senya East,2008,0,1370.751471,25.28029412,0.502586594,0.615739551,63571.12389,0.44753486,0.42959128,-0.022310232,0.415733826,-0.401071209,-1.301090294,1.680970328
4965,275,Awutu Senya East,2009,0,958.0985294,25.18904412,0.418821535,0.615739551,68483.92758,0.464708388,0.44753486,-0.13841281,-1.121158543,-1.0005215,-1.185580802,1.680970328
4966,275,Awutu Senya East,2010,0,1334.739706,25.78889706,0.486226532,0.615739551,60979.43328,0.481263212,0.464708388,0.62481429,0.281610933,-0.518149189,-1.075028419,1.680970328
4967,275,Awutu Senya East,2011,0,1068.963235,25.34477941,0.446368528,0.615739551,71136.07054,0.497365851,0.481263212,0.059738084,-0.708251949,-0.803386167,-0.968458861,1.680970328
4968,275,Awutu Senya East,2012,0,1187.379412,25.08404412,0.431690383,0.620096204,78428.2617,0.512992048,0.497365851,-0.272010298,-0.267220516,-0.908427794,-0.864800186,1.696027522
4969,275,Awutu Senya East,2013,0,1050.104412,24.98617647,0.42974443,0.620096204,81498.53562,0.528074484,0.512992048,-0.396532885,-0.778490106,-0.922353673,-0.764208549,1.696027522
4970,275,Awutu Senya East,2014,0,1166.397059,25.40713235,0.453745054,0.620096204,83824.63037,0.542572699,0.528074484,0.139073287,-0.345367586,-0.750597323,-0.6671173,1.696027522
4971,275,Awutu Senya East,2015,0,938.35,25.75735294,0.41230422,0.620096204,207258.3883,0.55635065,0.542572699,0.584678911,-1.194710337,-1.047161543,-0.573786901,1.696027522
4972,275,Awutu Senya East,2016,0,1136.027941,25.77220588,0.421094895,0.620096204,212072.5234,0.56954617,0.55635065,0.603577155,-0.458474898,-0.984252584,-0.485093107,1.696027522
4973,275,Awutu Senya East,2017,0,1202.136765,25.39463235,0.428899754,0.620096204,216983.0106,0.581979268,0.56954617,0.123168824,-0.212257953,-0.928398447,-0.400148641,1.696027522
4974,275,Awutu Senya East,2018,0,1017.942647,25.78095588,0.406081593,0.620096204,221692.2947,0.593570833,0.581979268,0.614710279,-0.898273987,-1.091692707,-0.320112164,1.696027522
4975,275,Awutu Senya East,2019,0,1026.85,26.16029412,0.423627804,0.620096204,226272.3698,0.604643412,0.593570833,1.097363945,-0.865099274,-0.966126255,-0.245492948,1.696027522
4976,275,Awutu Senya East,2020,0,937.7911765,25.59242647,0.382939348,0.620096204,230845.2866,0.807138718,0.604643412,0.374833558,-1.19679163,-1.257306219,-0.174214644,1.696027522
4977,275,Awutu Senya East,2021,0,973.3147059,26.39235294,0.387778521,0.620096204,235517.6398,0.812226454,0.807138718,1.392625618,-1.064487129,-1.222675503,1.129322926,1.696027522
4978,275,Awutu Senya East,2022,0,1060.998529,25.07154412,0.375071004,0.624452922,240149.7666,0.817113049,0.812226454,-0.28791476,-0.737915849,-1.313614675,1.162074574,1.711084943
4979,275,Awutu Senya East,2023,0,1047,26.14463235,0.382665355,0.624452922,244834.755,0.821799028,0.817113049,1.077436589,-0.790052235,-1.259266998,1.193531401,1.711084943
4980,275,Awutu Senya East,2024,0,929.0676471,25.64463235,0.377790749,0.64117919,249575.1531,0.826319445,0.821799028,0.441258079,-1.229281707,-1.294151283,1.223696789,1.768893233
4981,30,Kadjebi,2005,0,1388.285025,24.82636846,0.71759009,0.00278708,49419.41758,0.617102775,0.604302804,-0.599865731,0.481036127,1.13756445,-0.17640726,-0.437478079
4982,30,Kadjebi,2006,0,1392.544852,25.06208102,0.720211184,0.00278708,50460.46247,0.627768645,0.617102775,-0.299955196,0.496901504,1.156321864,-0.09400909,-0.437478079
4983,30,Kadjebi,2007,0,1727.698577,25.05622739,0.694061687,0.00278708,51022.8305,0.639017165,0.627768645,-0.307403102,1.745154339,0.969187469,-0.02534892,-0.437478079
4984,30,Kadjebi,2008,0,1707.404509,24.94166265,0.708148634,0.00278708,51364.24331,0.650372749,0.639017165,-0.45317036,1.66957073,1.069998291,0.047061983,-0.437478079
4985,30,Kadjebi,2009,0,1579.780082,24.99905956,0.718521544,0.00278708,52401.38873,0.661241006,0.650372749,-0.380140995,1.194243915,1.14423024,0.1201621,-0.437478079
4986,30,Kadjebi,2010,0,1760.167109,25.31420304,0.722258362,0.00278708,52612.91069,0.671717717,0.661241006,0.020834021,1.866080747,1.170972137,0.190125112,-0.437478079
4987,30,Kadjebi,2011,0,1476.269834,25.13823246,0.719601987,0.00278708,53916.37515,0.681908263,0.671717717,-0.203063383,0.8087284,1.151962246,0.257567597,-0.437478079
4988,30,Kadjebi,2012,0,1520.358572,24.80224861,0.677757583,0.00278708,55297.78229,0.691797293,0.681908263,-0.630554786,0.972933328,0.852509946,0.32316793,-0.437478079
4989,30,Kadjebi,2013,0,1446.849409,24.80083796,0.72813579,0.00278708,55857.17579,0.701342204,0.691797293,-0.632349647,0.699154419,1.213032948,0.386827291,-0.437478079
4990,30,Kadjebi,2014,0,1653.38775,25.12665782,0.713479791,0.00278708,56554.74207,0.710517391,0.701342204,-0.217790448,1.468389698,1.108149803,0.448271433,-0.437478079
4991,30,Kadjebi,2015,0,1266.312274,25.47285387,0.727674701,0.00278708,66020.33345,0.71923676,0.710517391,0.222694521,0.026758519,1.209733243,0.507335523,-0.437478079
4992,30,Kadjebi,2016,0,1417.771401,25.5454666,0.68943873,0.00278708,67552.77558,0.727587537,0.71923676,0.31508384,0.590855739,0.936104066,0.563465341,-0.437478079
4993,30,Kadjebi,2017,0,1402.227996,25.03014227,0.707163234,0.00278708,69114.75138,0.735455816,0.727587537,-0.34059269,0.532965589,1.062946443,0.617222398,-0.437478079
4994,30,Kadjebi,2018,0,1588.992404,25.48301182,0.720697096,0.00278708,70607.01589,0.922656209,0.735455816,0.235619054,1.228554461,1.159799206,0.667873437,-0.437478079
4995,30,Kadjebi,2019,0,1652.278756,25.8932421,0.722060793,0.00278708,72059.00464,0.924763329,0.922656209,0.757578439,1.464259338,1.169558268,1.87295196,-0.437478079
4996,30,Kadjebi,2020,0,1184.224741,25.66187605,0.726854723,0.00278708,73512.62158,0.926779228,0.924763329,0.463198224,-0.278969832,1.203865208,1.886516277,-0.437478079
4997,30,Kadjebi,2021,0,1246.723897,26.05172414,0.72184104,0.00278708,75001.93204,0.928710813,0.926779228,0.959224169,-0.046196801,1.167985647,1.89949337,-0.437478079
4998,30,Kadjebi,2022,0,1437.230046,25.05453943,0.732668448,0.00278708,76464.79363,0.935232265,0.928710813,-0.309550799,0.663327881,1.245470138,1.9119277,-0.437478079
4999,30,Kadjebi,2023,0,1593.817338,25.7206354,0.728043919,0.00278708,77954.72245,0.936891761,0.935232265,0.537961088,1.246524534,1.212375488,1.953908709,-0.437478079
5000,30,Kadjebi,2024,1,1159.388835,25.70232095,0.719787722,0.00278708,79457.47464,0.938492626,0.936891761,0.514658577,-0.371469145,1.153291427,1.964591504,-0.437478079
5001,130,Kumasi,2005,0,1352.544974,24.5789418,0.405461177,0.941738801,575769.2407,0.375872354,0.358656541,-0.914680779,0.347925206,-1.096132608,-1.757723585,2.807668765
5002,130,Kumasi,2006,0,1274.026455,24.97216931,0.407131889,0.950353473,606477.0503,0.389179,0.375872354,-0.414354992,0.05548936,-1.084176443,-1.646898997,2.837442262
5003,130,Kumasi,2007,0,1725.744974,24.7768254,0.392776373,0.951834024,646853.1134,0.404324987,0.389179,-0.662902194,1.7378783,-1.186909235,-1.561239169,2.84255925
5004,130,Kumasi,2008,0,1684.485714,24.80661376,0.369820734,0.951834024,685345.5682,0.422871438,0.404324987,-0.625000765,1.584211539,-1.351187332,-1.463738819,2.84255925
5005,130,Kumasi,2009,0,1458.361905,24.81312169,0.352283998,0.951834024,736629.102,0.44032978,0.422871438,-0.616720346,0.742031774,-1.476685975,-1.344348418,2.84255925
5006,130,Kumasi,2010,0,1512.73545,25.26756614,0.392773643,0.95225865,756568.8768,0.457638555,0.44032978,-0.038504767,0.944541626,-1.186928772,-1.23196258,2.844026817
5007,130,Kumasi,2011,0,1352.84127,24.91756614,0.381299572,0.955255326,797741.9251,0.471443892,0.457638555,-0.483829724,0.349028738,-1.269040996,-1.12053956,2.854383744
5008,130,Kumasi,2012,1,1538.933333,24.6789418,0.353913554,0.957499873,853806.7347,0.483980978,0.471443892,-0.787445077,1.042113516,-1.465024334,-1.031669474,2.862141209
5009,130,Kumasi,2013,0,1393.926984,24.5768254,0.343686596,0.957499873,902716.4868,0.499318743,0.483980978,-0.917373598,0.502049144,-1.53821181,-0.950963589,2.862141209
5010,130,Kumasi,2014,0,1418.197884,25.07296296,0.342319355,0.957499873,950661.5397,0.514700375,0.499318743,-0.286109483,0.592444138,-1.547996236,-0.852228695,2.862141209
5011,130,Kumasi,2015,0,1220.419048,25.26544974,0.302983896,0.957499873,424442.8918,0.529317855,0.514700375,-0.041197586,-0.144167075,-1.829493703,-0.753211413,2.862141209
5012,130,Kumasi,2016,0,1414.042328,25.3184127,0.30577514,0.957499873,434204.1581,0.543317414,0.529317855,0.026190211,0.576967109,-1.809518644,-0.659113259,2.862141209
5013,130,Kumasi,2017,0,1432.349206,25.0184127,0.326354628,0.957499873,444159.4006,0.556508096,0.543317414,-0.355516895,0.645149591,-1.662245066,-0.568992889,2.862141209
5014,130,Kumasi,2018,0,1485.042328,25.28439153,0.331630331,0.957499873,453651.1238,0.568805968,0.556508096,-0.017096855,0.841400844,-1.624490404,-0.484079566,2.862141209
5015,130,Kumasi,2019,0,1533.303704,25.86793651,0.315840207,0.957499873,462910.9058,0.58055323,0.568805968,0.725380688,1.021146418,-1.737489716,-0.404913592,2.862141209
5016,130,Kumasi,2020,0,1233.485714,25.75084656,0.326011156,0.957499873,472147.7637,0.59179193,0.58055323,0.576400472,-0.095501336,-1.664703061,-0.329292102,2.862141209
5017,130,Kumasi,2021,0,1276.928042,25.86587302,0.329949714,0.957499873,481621.3874,0.602560576,0.59179193,0.72275519,0.066296087,-1.636517449,-0.256944409,2.862141209
5018,130,Kumasi,2022,0,1489.901587,24.74941799,0.316411697,0.957499873,490874.7932,0.612903489,0.602560576,-0.697774201,0.85949876,-1.733399945,-0.18762263,2.862141209
5019,130,Kumasi,2023,0,1363.168254,25.35417989,0.307299316,0.957499873,500299.7581,0.62282178,0.612903489,0.071698854,0.387490752,-1.79861114,-0.121041456,2.862141209
5020,130,Kumasi,2024,0,1126.946032,25.14952381,0.271144984,0.957499873,509792.6021,0.632389646,0.62282178,-0.188696752,-0.492299732,-2.057343416,-0.057193728,2.862141209
5021,264,Tema,2005,0,971.8524096,25.24698795,0.316028553,0.998819026,82991.30289,0.384860535,0.367453724,-0.064687566,-1.069933333,-1.736141851,-1.701092849,3.004945907
5022,264,Tema,2006,0,829.1746988,25.65978916,0.306372188,0.998819026,83426.05626,0.403119256,0.384860535,0.460542945,-1.601324881,-1.805245973,-1.589038734,3.004945907
5023,264,Tema,2007,0,1105.873494,25.64698795,0.31775409,0.998819026,85870.27691,0.418845662,0.403119256,0.444255242,-0.570782688,-1.723793339,-1.471500558,3.004945907
5024,264,Tema,2008,0,1204.731928,25.55978916,0.320315821,0.998819026,88968.59576,0.435865192,0.418845662,0.333307243,-0.202592479,-1.705460753,-1.370263837,3.004945907
5025,264,Tema,2009,0,866.5843373,25.47966867,0.277977395,0.998819026,94786.18822,0.446148423,0.435865192,0.231365385,-1.46199572,-2.00844844,-1.260702793,3.004945907
5026,264,Tema,2010,0,1176.78012,26.02966867,0.313093269,0.998819026,95341.10331,0.456783756,0.446148423,0.931161746,-0.306696716,-1.75714771,-1.194505811,3.004945907
5027,264,Tema,2011,0,979.3313253,25.64698795,0.318213806,0.998819026,98491.93814,0.46657662,0.456783756,0.444255242,-1.042078719,-1.720503462,-1.126042217,3.004945907
5028,264,Tema,2012,0,1024.045181,25.32710843,0.287414273,0.998819026,100896.7877,0.477256659,0.46657662,0.037254291,-0.875545596,-1.940915038,-1.063001916,3.004945907
5029,264,Tema,2013,0,922.9006024,25.22966867,0.26234342,0.998819026,103838.8069,0.492950346,0.477256659,-0.08672387,-1.252250364,-2.120330305,-0.994250534,3.004945907
5030,264,Tema,2014,0,1039.575301,25.62560241,0.30722379,0.998819026,108512.6449,0.508527623,0.492950346,0.417045197,-0.817704923,-1.799151632,-0.893224436,3.004945907
5031,264,Tema,2015,0,805.626506,26.04698795,0.288002298,0.998819026,135386.9211,0.52333103,0.508527623,0.95319805,-1.689028212,-1.93670694,-0.792947707,3.004945907
5032,264,Tema,2016,0,994.2710843,26.04548193,0.269110747,0.998819026,138518.0555,0.537508657,0.52333103,0.951281849,-0.9864368,-2.071901091,-0.697652675,3.004945907
5033,264,Tema,2017,0,1047.88253,25.62966867,0.285405042,0.998819026,141684.1355,0.550867117,0.537508657,0.422218938,-0.786765323,-1.955293758,-0.606386022,3.004945907
5034,264,Tema,2018,0,905.686747,26.05978916,0.267873539,0.998819026,144715.5561,0.563321411,0.550867117,0.969485753,-1.316361971,-2.080754952,-0.520392647,3.004945907
5035,264,Tema,2019,0,1035.71988,26.35978916,0.281081951,0.998819026,147656.3825,0.575218092,0.563321411,1.351192859,-0.832064128,-1.986231215,-0.440219725,3.004945907
5036,264,Tema,2020,0,708.7831325,25.83990964,0.271795802,0.998819026,150614.1154,0.586599742,0.575218092,0.689720504,-2.049713493,-2.052685951,-0.36363637,3.004945907
5037,264,Tema,2021,0,1092.123494,26.62710843,0.264766185,0.998819026,153636.6983,0.59750536,0.586599742,1.691318417,-0.621993446,-2.102992202,-0.290368452,3.004945907
5038,264,Tema,2022,0,926.9728916,25.1939759,0.267764616,0.998819026,156606.6838,0.607979829,0.59750536,-0.132137818,-1.237083454,-2.081534446,-0.220164938,3.004945907
5039,264,Tema,2023,1,910.1536145,26.3939759,0.271109137,0.998819026,159632.2592,0.618024275,0.607979829,1.394690606,-1.299725485,-2.05759995,-0.152736887,3.004945907
5040,264,Tema,2024,0,737.4427711,25.9939759,0.267240077,0.998819026,162690.1455,0.62771384,0.618024275,0.885747798,-1.942972996,-2.085288214,-0.088077051,3.004945907
5041,156,Ga South,2005,0,1125.698928,24.8944461,0.536280107,0.114255896,182242.5855,0.340457046,0.332427226,-0.513246668,-0.496944469,-0.159949364,-1.926571438,-0.052226454
5042,156,Ga South,2006,0,930.0229303,25.3111078,0.544247308,0.115135646,185914.7217,0.348643442,0.340457046,0.016895776,-1.225723832,-0.102933455,-1.874880497,-0.049185917
5043,156,Ga South,2007,0,1278.574151,25.25308219,0.54572139,0.115135646,193166.0268,0.361060019,0.348643442,-0.056933517,0.072426886,-0.092384436,-1.822181624,-0.049185917
5044,156,Ga South,2008,0,1379.063728,25.19332936,0.571262621,0.115135646,203195.5687,0.373786976,0.361060019,-0.132960449,0.446692155,0.090397001,-1.742251501,-0.049185917
5045,156,Ga South,2009,0,970.5077427,25.12523824,0.491532958,0.116015389,203211.9651,0.393252977,0.373786976,-0.219596671,-1.074941436,-0.480174662,-1.660323346,-0.046145402
5046,156,Ga South,2010,0,1340.574747,25.71675104,0.567562294,0.119534376,224587.27,0.412017684,0.393252977,0.5330188,0.303343069,0.063916244,-1.535013464,-0.033983298
5047,156,Ga South,2011,0,1084.998809,25.27635497,0.53068003,0.122173632,231347.0065,0.430269844,0.412017684,-0.02732223,-0.648528758,-0.200025354,-1.414218068,-0.024861664
5048,156,Ga South,2012,0,1192.027993,25.00422871,0.511669724,0.123936576,243240.3712,0.447981963,0.430269844,-0.373563995,-0.249907253,-0.336069345,-1.296722126,-0.018768688
5049,156,Ga South,2013,0,1046.221858,24.90110185,0.514130516,0.123936576,253492.4595,0.465077734,0.447981963,-0.504778181,-0.792950361,-0.318459111,-1.182702637,-0.018768688
5050,156,Ga South,2014,0,1178.209649,25.30315664,0.530129643,0.126589639,267944.3339,0.481511298,0.465077734,0.00677906,-0.301372554,-0.203964105,-1.072650798,-0.009599334
5051,156,Ga South,2015,0,943.5196546,25.66745086,0.497290508,0.130988408,299645.7269,0.497128451,0.481511298,0.470291371,-1.175456379,-0.43897174,-0.96686184,0.005603419
5052,156,Ga South,2016,0,1143.336212,25.6758785,0.4960185,0.133627684,306574.0368,0.51071717,0.497128451,0.481014332,-0.431255837,-0.44807465,-0.866328422,0.01472512
5053,156,Ga South,2017,0,1207.743597,25.30868076,0.502682307,0.138868348,313629.1336,0.524849468,0.51071717,0.013807714,-0.19137576,-0.400386261,-0.778852781,0.03283758
5054,156,Ga South,2018,0,1028.841572,25.70062537,0.478960363,0.142377004,320355.7133,0.538025222,0.524849468,0.51250119,-0.857681824,-0.570148285,-0.687877928,0.044963981
5055,156,Ga South,2019,0,1020.711435,26.11594699,0.495542684,0.143256748,326912.8784,0.550611061,0.538025222,1.040938569,-0.887961859,-0.451479748,-0.603060699,0.048004495
5056,156,Ga South,2020,0,916.9711138,25.5523377,0.475808902,0.144136491,333451.5694,0.562652035,0.550611061,0.323826331,-1.274334263,-0.592701175,-0.522040976,0.05104501
5057,156,Ga South,2021,0,975.8624181,26.30838297,0.478851579,0.147445102,340165.2549,0.5741894,0.562652035,1.285785831,-1.054998382,-0.570926775,-0.444528749,0.062480027
5058,156,Ga South,2022,0,1042.994044,24.99752829,0.465114461,0.151843955,346745.2356,0.638397306,0.5741894,-0.382089317,-0.804972093,-0.669234109,-0.370258442,0.077683071
5059,156,Ga South,2023,0,1038.202799,26.0628648,0.467177994,0.153603481,353479.9239,0.647662388,0.638397306,0.97339907,-0.822816695,-0.654466785,0.043071721,0.083764235
5060,156,Ga South,2024,2,910.6265634,25.56774866,0.466978111,0.159019951,360257.1859,0.656600123,0.647662388,0.343434572,-1.297964025,-0.655897217,0.102714496,0.102484305
5061,232,Sekondi-Takoradi,2005,0,1543.623109,24.47603164,0.599586511,0.318528147,232803.8027,0.359505591,0.348379574,-1.045619246,1.059580204,0.293092069,-1.82388024,0.653766663
5062,232,Sekondi-Takoradi,2006,0,1581.416781,24.84181568,0.583725563,0.319047931,244631.1995,0.37241824,0.359505591,-0.58021135,1.200339668,0.179585914,-1.752257936,0.655563106
5063,232,Sekondi-Takoradi,2007,0,1925.314305,24.62644429,0.613961147,0.321079338,258144.0002,0.384948002,0.37241824,-0.854240649,2.48115807,0.395961684,-1.669134413,0.66258393
5064,232,Sekondi-Takoradi,2008,0,1940.848693,24.6551238,0.606891516,0.321079338,273320.0067,0.396466707,0.384948002,-0.817750079,2.539014636,0.345369081,-1.588475677,0.66258393
5065,232,Sekondi-Takoradi,2009,0,1492.026135,24.57644429,0.557723262,0.321079338,288712.262,0.406879079,0.396466707,-0.9178585,0.867411465,-0.006495101,-1.514325486,0.66258393
5066,232,Sekondi-Takoradi,2010,0,2013.064649,25.27568776,0.599841581,0.322350958,304420.28,0.419131328,0.406879079,-0.028171167,2.8079771,0.294917432,-1.447297178,0.666978826
5067,232,Sekondi-Takoradi,2011,0,1584.495873,24.75477992,0.579959468,0.326429527,323897.2029,0.428132745,0.419131328,-0.690951914,1.211807497,0.152634496,-1.368424896,0.681074923
5068,232,Sekondi-Takoradi,2012,0,1823.398212,24.55656809,0.568484789,0.326429527,346551.599,0.434253189,0.428132745,-0.943148127,2.101579856,0.070517924,-1.310479429,0.681074923
5069,232,Sekondi-Takoradi,2013,0,1538.711142,24.47644429,0.551903051,0.337593335,368433.7688,0.437874636,0.434253189,-1.045094202,1.041285982,-0.04814644,-1.271079857,0.719658584
5070,232,Sekondi-Takoradi,2014,0,1524.382393,24.84226272,0.589740289,0.344894531,385957.9576,0.442213851,0.437874636,-0.579642552,0.987919722,0.222629264,-1.247767256,0.744892526
5071,232,Sekondi-Takoradi,2015,0,1402.788858,25.02596286,0.545561325,0.352275705,221554.9487,0.459014663,0.442213851,-0.345910392,0.535054475,-0.093529919,-1.219834115,0.770402885
5072,232,Sekondi-Takoradi,2016,0,1506.603164,25.2551238,0.568933416,0.360128805,226676.9243,0.47510526,0.459014663,-0.054335867,0.921702425,0.073728446,-1.111681039,0.797544283
5073,232,Sekondi-Takoradi,2017,0,1874.486245,24.88136176,0.566860559,0.36216817,231885.9889,0.487567745,0.47510526,-0.529894617,2.291853086,0.058894404,-1.008099888,0.804592609
5074,232,Sekondi-Takoradi,2018,0,1684.209766,25.25333563,0.563112492,0.369125523,236854.6789,0.501777308,0.487567745,-0.056611059,1.583183793,0.032072003,-0.927874237,0.828638181
5075,232,Sekondi-Takoradi,2019,0,1389.941541,25.2849381,0.557355669,0.373203876,241704.5795,0.515350669,0.501777308,-0.016401427,0.487205683,-0.009125715,-0.836401996,0.842733533
5076,232,Sekondi-Takoradi,2020,0,1381.999312,25.00491747,0.537872841,0.377866134,246533.5165,0.528336414,0.515350669,-0.372687644,0.457625499,-0.14855123,-0.749025225,0.858846941
5077,232,Sekondi-Takoradi,2021,0,2045.96011,25.71530261,0.540927385,0.379905311,251487.1571,0.540779035,0.528336414,0.531175881,2.930493572,-0.126691911,-0.665431158,0.865894617
5078,232,Sekondi-Takoradi,2022,0,1748.148556,24.68256534,0.554216713,0.388253976,256344.143,0.552729742,0.540779035,-0.782834643,1.821318622,-0.031589114,-0.585333382,0.894748757
5079,232,Sekondi-Takoradi,2023,0,1983.814305,25.58256534,0.539913044,0.392332584,261288.8112,0.564189822,0.552729742,0.362286676,2.699036569,-0.133950872,-0.508402234,0.90884499
5080,232,Sekondi-Takoradi,2024,2,1670.298487,24.91090096,0.561388328,0.392332584,266273.3137,0.575245003,0.564189822,-0.492310206,1.531372363,0.019733321,-0.434629444,0.90884499
5081,229,Effia-Kwesimintsim,2005,0,1550.696934,24.48419811,0.610645775,0.343460361,135826.8429,0.359505591,0.348379574,-1.035228572,1.085926092,0.372235797,-1.82388024,0.739935837
5082,229,Effia-Kwesimintsim,2006,0,1596.970519,24.85442217,0.605937834,0.343460361,144443.5275,0.37241824,0.359505591,-0.564171395,1.258268301,0.338544223,-1.752257936,0.739935837
5083,229,Effia-Kwesimintsim,2007,0,1927.733491,24.63637972,0.616506083,0.343460361,153081.6534,0.384948002,0.37241824,-0.84159924,2.490168129,0.414174081,-1.669134413,0.739935837
5084,229,Effia-Kwesimintsim,2008,0,1949.59316,24.65919811,0.621925286,0.343460361,163184.9481,0.396466707,0.384948002,-0.812566094,2.571582694,0.452955684,-1.588475677,0.739935837
5085,229,Effia-Kwesimintsim,2009,0,1504.431604,24.58419811,0.545769322,0.343460361,176571.8425,0.406879079,0.396466707,-0.90799287,0.913614626,-0.092041418,-1.514325486,0.739935837
5086,229,Effia-Kwesimintsim,2010,0,2030.352594,25.28242925,0.60523123,0.343460361,187371.9308,0.419131328,0.406879079,-0.019593588,2.872364647,0.33348753,-1.447297178,0.739935837
5087,229,Effia-Kwesimintsim,2011,0,1596.07783,24.75465802,0.556713054,0.343460361,192364.2814,0.428132745,0.419131328,-0.691107013,1.254943554,-0.013724482,-1.368424896,0.739935837
5088,229,Effia-Kwesimintsim,2012,0,1823.215802,24.55701651,0.551337765,0.346960159,198262.098,0.434253189,0.428132745,-0.942577575,2.100900485,-0.052191812,-1.310479429,0.752031624
5089,229,Effia-Kwesimintsim,2013,0,1537.561321,24.48637972,0.568994922,0.348785532,210825.0458,0.437874636,0.434253189,-1.032452793,1.037003567,0.074168607,-1.271079857,0.758340365
5090,229,Effia-Kwesimintsim,2014,0,1524.397406,24.85442217,0.612947131,0.348785532,222090.7074,0.442213851,0.437874636,-0.564171395,0.987975634,0.388705053,-1.247767256,0.758340365
5091,229,Effia-Kwesimintsim,2015,0,1415.768868,25.02724057,0.54373862,0.348785532,164586.5426,0.459014663,0.442213851,-0.344284695,0.583397467,-0.106573794,-1.219834115,0.758340365
5092,229,Effia-Kwesimintsim,2016,0,1507.727594,25.25919811,0.56583487,0.3522854,168369.283,0.466583342,0.459014663,-0.049151882,0.925890276,0.051554231,-1.111681039,0.770436392
5093,229,Effia-Kwesimintsim,2017,0,1895.471698,24.89038915,0.573283135,0.35931261,172236.0681,0.471424572,0.466583342,-0.518408554,2.370011703,0.104856467,-1.062958642,0.794723399
5094,229,Effia-Kwesimintsim,2018,0,1704.326651,25.24333726,0.594918879,0.362812385,175925.8334,0.485488572,0.471424572,-0.069332544,1.658107497,0.259688961,-1.031793846,0.806819106
5095,229,Effia-Kwesimintsim,2019,0,1425.29717,25.32293632,0.576349129,0.366312184,179545.6338,0.499505696,0.485488572,0.031945874,0.618884853,0.126797726,-0.941258646,0.818914893
5096,229,Effia-Kwesimintsim,2020,0,1411.701651,25.06586085,0.569938446,0.369812051,183164.3847,0.512915993,0.499505696,-0.295145907,0.568249447,0.080920773,-0.851025206,0.831010919
5097,229,Effia-Kwesimintsim,2021,0,2038.446934,25.77211085,0.562143387,0.387311552,186884.0611,0.525765409,0.512915993,0.603456238,2.902511358,0.025136771,-0.764698141,0.891491609
5098,229,Effia-Kwesimintsim,2022,0,1735.429245,24.68832547,0.559381888,0.390811442,190532.5092,0.538106829,0.525765409,-0.775505695,1.773946584,0.005374575,-0.681981673,0.903587715
5099,229,Effia-Kwesimintsim,2023,0,1993.82783,25.58832547,0.543645934,0.394311356,194251.7549,0.549941581,0.538106829,0.369615623,2.736331129,-0.107237085,-0.602535362,0.915683901
5100,229,Effia-Kwesimintsim,2024,0,1679.681604,24.89198113,0.556279288,0.394311356,197993.6109,0.561358196,0.549941581,-0.516382986,1.56631902,-0.016828653,-0.526350668,0.915683901
5101,218,Sagnarigu,2005,0,1108.127545,25.96508101,0.418607831,0.037894688,150377.2364,0.562906521,0.54829481,0.848983182,-0.562387659,-1.002050836,-0.536951546,-0.316141336
5102,218,Sagnarigu,2006,0,1054.344828,26.14906523,0.40696254,0.037894688,157922.473,0.577108807,0.562906521,1.083076787,-0.762697021,-1.085388358,-0.442890528,-0.316141336
5103,218,Sagnarigu,2007,0,1076.215621,25.75735355,0.405515367,0.037894688,162558.436,0.590655737,0.577108807,0.584679688,-0.681241027,-1.095744806,-0.351465135,-0.316141336
5104,218,Sagnarigu,2008,0,1188.389697,25.69983382,0.428333695,0.037894688,164130.9499,0.603532647,0.590655737,0.511494051,-0.263457792,-0.932449358,-0.264258505,-0.316141336
5105,218,Sagnarigu,2009,0,1255.121728,26.28431658,0.425215802,0.037894688,154686.8906,0.615856941,0.603532647,1.255164792,-0.014919759,-0.95476202,-0.181365052,-0.316141336
5106,218,Sagnarigu,2010,0,1170.769838,26.17440798,0.430724947,0.037894688,154902.5986,0.627737233,0.615856941,1.115321813,-0.329081525,-0.915336766,-0.102028987,-0.316141336
5107,218,Sagnarigu,2011,0,1069.299128,26.19831741,0.394625069,0.037894688,157164.4448,0.639293023,0.627737233,1.145743145,-0.707000946,-1.173679359,-0.025551129,-0.316141336
5108,218,Sagnarigu,2012,0,1095.386373,25.86672206,0.425931172,0.037894688,161203.2037,0.650506901,0.639293023,0.723835478,-0.609841118,-0.9496426,0.048837783,-0.316141336
5109,218,Sagnarigu,2013,0,967.4665559,25.79154549,0.408029663,0.037894688,173783.5499,0.656945764,0.650506901,0.628184043,-1.086268089,-1.077751679,0.121025686,-0.316141336
5110,218,Sagnarigu,2014,0,1138.031575,26.19675945,0.398110276,0.037894688,170872.2929,0.667484872,0.656945764,1.143760869,-0.451012528,-1.148738071,0.162475043,-0.316141336
5111,218,Sagnarigu,2015,0,951.2941421,26.37253843,0.371373465,0.038747522,263453.1834,0.670624993,0.667484872,1.367414486,-1.146500931,-1.34007548,0.2303192,-0.313193823
5112,218,Sagnarigu,2016,0,1155.124221,26.43442044,0.385658946,0.038747522,269633.9516,0.671736687,0.670624993,1.446150496,-0.387352354,-1.237843879,0.250533326,-0.313193823
5113,218,Sagnarigu,2017,0,947.2264229,26.23442044,0.381511981,0.038747522,275961.7021,0.671601613,0.671736687,1.191679092,-1.161650821,-1.267520924,0.25768971,-0.313193823
5114,218,Sagnarigu,2018,0,1244.781471,26.1285833,0.402978354,0.039969248,281987.922,0.680707983,0.671601613,1.057016462,-0.053431209,-1.113900508,0.256820194,-0.30897137
5115,218,Sagnarigu,2019,0,926.1022019,27.05629414,0.399188885,0.039969248,287889.2891,0.689406635,0.680707983,2.237395866,-1.240326267,-1.141019188,0.315441282,-0.30897137
5116,218,Sagnarigu,2020,0,1096.31076,26.71917324,0.418486711,0.041190958,293814.2825,0.854861335,0.689406635,1.808457726,-0.606398313,-1.00291761,0.371437739,-0.30474897
5117,218,Sagnarigu,2021,0,819.0232655,26.54202327,0.383850066,0.041190958,299902.8024,0.858690134,0.854861335,1.583059706,-1.63913307,-1.250788818,1.436531151,-0.30474897
5118,218,Sagnarigu,2022,0,1154.528043,26.11877856,0.412039452,0.041190958,305862.0511,0.862367564,0.858690134,1.044541337,-0.38957277,-1.049056312,1.461178558,-0.30474897
5119,218,Sagnarigu,2023,0,999.4648941,26.62044038,0.408318626,0.041190958,311936.9404,0.86589402,0.862367564,1.682834275,-0.967092877,-1.075683767,1.484851541,-0.30474897
5120,218,Sagnarigu,2024,0,1028.032821,26.42276693,0.374335145,0.041190958,318054.7519,0.869295881,0.86589402,1.43132307,-0.860693953,-1.318880721,1.507552645,-0.30474897
5121,226,Tamale,2005,0,1120.399081,25.93979331,0.453790422,0.031764469,180650.0597,0.562906521,0.54829481,0.816808201,-0.516683317,-0.750272649,-0.536951546,-0.33732822
5122,226,Tamale,2006,0,1057.793059,26.1116739,0.444309772,0.032143265,180694.7401,0.577108807,0.562906521,1.035501665,-0.749854362,-0.8181193,-0.442890528,-0.33601905
5123,226,Tamale,2007,0,1092.958663,25.76882496,0.446638065,0.032143265,184385.1481,0.590655737,0.577108807,0.599275408,-0.618882927,-0.801457269,-0.351465135,-0.33601905
5124,226,Tamale,2008,0,1214.59135,25.77467466,0.471555815,0.032143265,191506.7401,0.603532647,0.590655737,0.606718324,-0.165871862,-0.623137665,-0.264258505,-0.33601905
5125,226,Tamale,2009,0,1276.461342,26.27780046,0.459698559,0.032143265,208985.033,0.615856941,0.603532647,1.246873964,0.0645579,-0.70799208,-0.181365052,-0.33601905
5126,226,Tamale,2010,0,1195.706303,26.17148507,0.474546806,0.032143265,216776.1542,0.627737233,0.615856941,1.111602835,-0.236207687,-0.60173315,-0.102028987,-0.33601905
5127,226,Tamale,2011,0,1086.9889,26.20953049,0.446175316,0.032143265,223458.2148,0.639293023,0.627737233,1.160010192,-0.641116824,-0.804768851,-0.025551129,-0.33601905
5128,226,Tamale,2012,0,1107.298035,25.85359786,0.471969168,0.032143265,228388.9495,0.650506901,0.639293023,0.707136804,-0.5654771,-0.620179569,0.048837783,-0.33601905
5129,226,Tamale,2013,0,976.0456749,25.77094284,0.45944687,0.032143265,225573.0597,0.661330559,0.650506901,0.601970117,-1.054315857,-0.709793253,0.121025686,-0.33601905
5130,226,Tamale,2014,0,1144.675045,26.19312962,0.467533275,0.032143265,237325.6191,0.67173496,0.661330559,1.139142433,-0.426269463,-0.65192428,0.190701595,-0.33601905
5131,226,Tamale,2015,0,956.8601684,26.39136259,0.403519113,0.032257636,398992.6199,0.681622475,0.67173496,1.391365541,-1.125770718,-1.110030658,0.257678592,-0.335623766
5132,226,Tamale,2016,0,1167.243812,26.42142128,0.433428179,0.032257636,408133.6712,0.691092019,0.681622475,1.429610925,-0.342213921,-0.895991555,0.321328208,-0.335623766
5133,226,Tamale,2017,0,967.5958153,26.22142128,0.439233915,0.032257636,417431.69,0.699015528,0.691092019,1.175139521,-1.085786673,-0.854443798,0.382287181,-0.335623766
5134,226,Tamale,2018,0,1250.094667,26.15731692,0.44363755,0.032636418,426310.7084,0.70736172,0.699015528,1.093575884,-0.033642641,-0.822929942,0.433293753,-0.334314645
5135,226,Tamale,2019,0,961.2850217,27.03837076,0.437736869,0.032636418,434991.4024,0.715334229,0.70736172,2.214590923,-1.109290711,-0.865157153,0.487021292,-0.334314645
5136,226,Tamale,2020,0,1106.223654,26.68744578,0.477981956,0.033772805,443612.8402,0.866977164,0.715334229,1.76808906,-0.569478545,-0.577150085,0.538343298,-0.330387133
5137,226,Tamale,2021,0,826.4571319,26.55502679,0.439396032,0.033772805,452469.3706,0.870486345,0.866977164,1.599604835,-1.611446238,-0.853283638,1.514525252,-0.330387133
5138,226,Tamale,2022,0,1197.332738,26.10304925,0.44659403,0.033772805,461162.0263,0.873856792,0.870486345,1.024528033,-0.230150161,-0.801772396,1.537115152,-0.330387133
5139,226,Tamale,2023,0,1079.389895,26.60304925,0.449132407,0.033772805,470010.6255,0.877088867,0.873856792,1.660706543,-0.6694187,-0.78360694,1.558811971,-0.330387133
5140,226,Tamale,2024,0,1034.804797,26.49495407,0.417153604,0.033772805,478920.7935,0.880206749,0.877088867,1.523170885,-0.835472278,-1.012457757,1.579618041,-0.330387133
5141,91,Cape Coast,2005,0,1357.983275,24.49881533,0.617444894,0.181504066,144509.0633,0.389621715,0.37165985,-1.016630253,0.36817972,0.420892523,-1.674016452,0.180192512
5142,91,Cape Coast,2006,0,1264.063415,24.89602787,0.626448157,0.181504066,148913.4663,0.408664884,0.389621715,-0.511234084,0.018382826,0.485322831,-1.558389248,0.180192512
5143,91,Cape Coast,2007,0,1632.384669,24.77097561,0.633367061,0.185604814,154733.0927,0.426245852,0.408664884,-0.670345211,1.390165427,0.53483678,-1.435801288,0.194365262
5144,91,Cape Coast,2008,0,1675.935192,24.81825784,0.629878166,0.185604814,160419.5948,0.439903781,0.426245852,-0.610185334,1.552365812,0.5098691,-1.322626062,0.194365262
5145,91,Cape Coast,2009,0,1216.639024,24.6869338,0.562441467,0.185604814,166654.1122,0.45392134,0.439903781,-0.777276401,-0.158245465,0.027269926,-1.234704893,0.194365262
5146,91,Cape Coast,2010,0,1704.822997,25.29881533,0.630258947,0.185604814,171604.5965,0.465709847,0.45392134,0.001255363,1.659956096,0.512594098,-1.144468657,0.194365262
5147,91,Cape Coast,2011,0,1237.581185,24.88421603,0.605160575,0.185604814,178323.0151,0.480105408,0.465709847,-0.52626297,-0.080248089,0.332981897,-1.068581655,0.194365262
5148,91,Cape Coast,2012,0,1533.330314,24.7197561,0.594875501,0.185604814,185405.0495,0.493841169,0.480105408,-0.735514717,1.021245524,0.259378528,-0.975912076,0.194365262
5149,91,Cape Coast,2013,0,1393.793728,24.5869338,0.603700754,0.18765523,192388.0158,0.505393898,0.493841169,-0.904512103,0.501552844,0.322534944,-0.887489872,0.201451782
5150,91,Cape Coast,2014,0,1362.675958,24.8825784,0.632043592,0.193806393,199377.4373,0.518596917,0.505393898,-0.528346621,0.385657236,0.525365606,-0.813120664,0.222711052
5151,91,Cape Coast,2015,0,1183.098258,25.21696864,0.570772547,0.199957612,176104.4171,0.533097031,0.518596917,-0.102882847,-0.283165326,0.086889874,-0.728127924,0.243970515
5152,91,Cape Coast,2016,0,1374.395819,25.31181185,0.590316473,0.202007986,180149.3305,0.546605585,0.533097031,0.017791571,0.429306905,0.22675263,-0.634785297,0.25105689
5153,91,Cape Coast,2017,0,1530.133101,25.02216028,0.625894962,0.205079505,184278.491,0.559046608,0.546605585,-0.350748634,1.009337766,0.481363986,-0.547825712,0.261672483
5154,91,Cape Coast,2018,0,1356.328223,25.40369338,0.592924383,0.209180238,188211.7701,0.956603892,0.559046608,0.134697685,0.362015612,0.245415688,-0.467738222,0.275845185
5155,91,Cape Coast,2019,0,1248.620209,25.65505226,0.616301987,0.211230541,192063.0539,0.957786156,0.956603892,0.454515927,-0.03913414,0.412713508,2.091485816,0.282931316
5156,91,Cape Coast,2020,0,1119.951916,25.2910453,0.587132123,0.213280957,195889.6604,0.958917238,0.957786156,-0.008630895,-0.518348747,0.203964371,2.099096492,0.290017836
5157,91,Cape Coast,2021,0,1598.783275,26.06156794,0.58988678,0.213280957,199830.8043,0.960001013,0.958917238,0.971749005,1.265019765,0.223677605,2.106377689,0.290017836
5158,91,Cape Coast,2022,0,1519.792334,24.86317073,0.614005907,0.215331345,203704.1694,0.961041942,0.960001013,-0.553040101,0.970824421,0.396282004,2.113354352,0.29710426
5159,91,Cape Coast,2023,0,1633.337282,25.78421603,0.611565281,0.223500761,207637.3742,0.962040136,0.961041942,0.618858348,1.393713358,0.37881608,2.120055195,0.32533889
5160,91,Cape Coast,2024,0,1377.49547,25.10567944,0.614627385,0.229651755,211595.8006,0.963003062,0.962040136,-0.24448244,0.440851306,0.400729505,2.12648094,0.346597575
5161,0,Accra Metro,2005,0,945.3791822,25.36375465,0.264957211,0.994143739,259481.9299,0.392752829,0.374407374,0.083881358,-1.168530719,-2.101625154,-1.656329617,2.988787471
5162,0,Accra Metro,2006,0,799.9182156,25.79553903,0.254638609,0.994143739,265064.9769,0.409290494,0.392752829,0.633265253,-1.710288276,-2.17546846,-1.538233099,2.988787471
5163,0,Accra Metro,2007,0,1077.386617,25.74795539,0.261652856,0.994143739,275301.8727,0.427244249,0.409290494,0.572721871,-0.676879747,-2.125272204,-1.431774005,2.988787471
5164,0,Accra Metro,2008,0,1174.572491,25.66375465,0.264372047,0.994143739,287065.5536,0.443165245,0.427244249,0.465588464,-0.314918853,-2.10581278,-1.316199009,2.988787471
5165,0,Accra Metro,2009,0,836.4386617,25.59553903,0.24079877,0.994143739,293938.4317,0.458931727,0.443165245,0.378793849,-1.574270841,-2.274510899,-1.213709641,2.988787471
5166,0,Accra Metro,2010,0,1129.553903,26.16840149,0.247570808,0.994143739,305739.7349,0.472522286,0.458931727,1.107679414,-0.482586926,-2.226047969,-1.112214934,2.988787471
5167,0,Accra Metro,2011,0,938.3754647,25.74553903,0.258315891,0.994143739,316659.0303,0.482467621,0.472522286,0.569647402,-1.194615496,-2.149152624,-1.024727453,2.988787471
5168,0,Accra Metro,2012,0,993.33829,25.43754647,0.240954243,0.994143739,326295.8026,0.492092992,0.482467621,0.1777709,-0.989910917,-2.273398284,-0.960705635,2.988787471
5169,0,Accra Metro,2013,0,882.3159851,25.34795539,0.236670833,0.994143739,341650.1373,0.503090046,0.492092992,0.063779063,-1.403404475,-2.304051774,-0.898743543,2.988787471
5170,0,Accra Metro,2014,0,991.9665428,25.75817844,0.263005871,0.994143739,349754.7669,0.511888297,0.503090046,0.585729238,-0.995019878,-2.115589589,-0.827951412,2.988787471
5171,0,Accra Metro,2015,0,788.6208178,26.12063197,0.243253605,0.994143739,263779.8059,0.526590478,0.511888297,1.046899534,-1.752364517,-2.25694329,-0.771313806,2.988787471
5172,0,Accra Metro,2016,0,967.9144981,26.14684015,0.246456668,0.994143739,269863.9609,0.540671158,0.526590478,1.080245693,-1.084599765,-2.234021124,-0.676670397,2.988787471
5173,0,Accra Metro,2017,0,1034.171004,25.74684015,0.253191286,0.994143739,276062.3462,0.553938274,0.540671158,0.571302885,-0.83783279,-2.185825983,-0.586027823,2.988787471
5174,0,Accra Metro,2018,0,869.795539,26.14776952,0.238290022,0.994143739,281978.1579,0.566307406,0.553938274,1.081428181,-1.45003586,-2.292464325,-0.500622468,2.988787471
5175,0,Accra Metro,2019,0,890.3828996,26.30241636,0.252718687,0.994143739,287762.1513,0.578122737,0.566307406,1.278194174,-1.373359907,-2.189208057,-0.420997766,2.988787471
5176,0,Accra Metro,2020,0,732.6133829,25.59423792,0.239731731,0.994143739,293540.7083,0.589426561,0.578122737,0.377138366,-1.96095966,-2.282146977,-0.344938086,2.988787471
5177,0,Accra Metro,2021,0,870.7769517,26.56505576,0.22853847,0.994143739,299466.3386,0.600257606,0.589426561,1.612365265,-1.446380668,-2.362249634,-0.272171172,2.988787471
5178,0,Accra Metro,2022,0,888.8959108,25.26356877,0.236166398,0.994143739,305274.1196,0.610660451,0.600257606,-0.043590842,-1.378898076,-2.307661677,-0.202447707,2.988787471
5179,0,Accra Metro,2023,0,881.0892193,26.53420074,0.254441577,0.994143739,311196.3193,0.620636214,0.610660451,1.573106665,-1.407973465,-2.176878486,-0.135480727,2.988787471
5180,0,Accra Metro,2024,0,790.5836431,26.07100372,0.248912293,0.994143739,317164.0533,0.630259521,0.620636214,0.983754678,-1.745054134,-2.216447862,-0.071263033,2.988787471
5181,0,Okai Koi North,2005,0,998.6203209,25.45481283,0.316064122,0.887337836,133580.4295,0.394739285,0.376460235,0.199739882,-0.970238421,-1.735887307,-1.643114584,2.619651518
5182,0,Okai Koi North,2006,0,836.6149733,25.89331551,0.302715429,0.887337836,138250.3844,0.411212405,0.394739285,0.757671837,-1.573614183,-1.831414943,-1.525445545,2.619651518
5183,0,Okai Koi North,2007,0,1135.588235,25.84652406,0.306248855,0.887337836,143650.0477,0.429104593,0.411212405,0.698136415,-0.460112547,-1.806128583,-1.419401951,2.619651518
5184,0,Okai Koi North,2008,0,1239.652406,25.75721925,0.333717294,0.887337836,144165.9172,0.444967067,0.429104593,0.584508809,-0.072533992,-1.609555411,-1.304223282,2.619651518
5185,0,Okai Koi North,2009,0,871.2887701,25.69331551,0.284828788,0.887337836,155399.2873,0.460677539,0.444967067,0.503200433,-1.444474442,-1.959417618,-1.202110639,2.619651518
5186,0,Okai Koi North,2010,0,1191.144385,26.25721925,0.298133416,0.887337836,148749.2163,0.474214106,0.460677539,1.22068732,-0.253198179,-1.86420533,-1.10097649,2.619651518
5187,0,Okai Koi North,2011,0,986.4117647,25.84331551,0.306155437,0.887337836,162928.5292,0.484106923,0.474214106,0.694053986,-1.015708197,-1.806797114,-1.013836578,2.619651518
5188,0,Okai Koi North,2012,0,1043.299465,25.51791444,0.289894869,0.887337836,164396.5975,0.493681331,0.484106923,0.280027651,-0.803834576,-1.923163085,-0.950152835,2.619651518
5189,0,Okai Koi North,2013,0,927.459893,25.44652406,0.271617577,0.887337836,170156.1008,0.504629195,0.493681331,0.189193607,-1.235269656,-2.053961389,-0.888518815,2.619651518
5190,0,Okai Koi North,2014,0,1051.695187,25.81791444,0.303858184,0.887337836,179254.4802,0.51338016,0.504629195,0.661734757,-0.772565392,-1.823237013,-0.81804334,2.619651518
5191,0,Okai Koi North,2015,0,833.0106952,26.20721925,0.284444189,0.887337836,146201.2011,0.528037406,0.51338016,1.157069469,-1.587038024,-1.962169939,-0.761710123,2.619651518
5192,0,Okai Koi North,2016,0,1017.304813,26.23502674,0.296270906,0.887337836,149569.2775,0.54207505,0.528037406,1.192450519,-0.900649548,-1.877534064,-0.667355983,2.619651518
5193,0,Okai Koi North,2017,0,1081.860963,25.83502674,0.29060504,0.887337836,152969.4592,0.555301616,0.54207505,0.683507711,-0.660215411,-1.918080861,-0.576990449,2.619651518
5194,0,Okai Koi North,2018,0,917.513369,26.24331551,0.284942439,0.887337836,156235.8018,0.567632943,0.555301616,1.202996794,-1.272314677,-1.958604295,-0.491846126,2.619651518
5195,0,Okai Koi North,2019,0,959.9251337,26.52941176,0.303302737,0.887337836,159372.668,0.579412162,0.567632943,1.567013375,-1.114355504,-1.827211975,-0.412464789,2.619651518
5196,0,Okai Koi North,2020,0,788.4064171,25.89331551,0.293901019,0.887337836,162555.4833,0.590681437,0.579412162,0.757671837,-1.753163035,-1.894493752,-0.336637577,2.619651518
5197,0,Okai Koi North,2021,0,921.8502674,26.70721925,0.28546373,0.887337836,165787.3662,0.601479378,0.590681437,1.793247979,-1.256162251,-1.954873769,-0.264093068,2.619651518
5198,0,Okai Koi North,2022,0,939.6203209,25.40721925,0.283489937,0.887337836,168974.2635,0.611850428,0.601479378,0.139183852,-1.18997913,-1.968998877,-0.194582706,2.619651518
5199,0,Okai Koi North,2023,1,921.5561497,26.60721925,0.295002326,0.887337836,172200.2833,0.621795701,0.611850428,1.666012277,-1.257257669,-1.88661244,-0.127820404,2.619651518
5200,0,Okai Koi North,2024,0,825.3903743,26.10721925,0.291723422,0.887337836,175451.2159,0.631389595,0.621795701,1.029833767,-1.61541929,-1.910077353,-0.063798984,2.619651518
5201,0,Guan District,2005,0,1505.95932,24.02299593,0.714402934,0,40993.37467,0.578841394,0.57581489,-1.622042405,0.919304483,1.114756118,-0.359794556,-0.447110612
5202,0,Guan District,2006,0,1488.138311,24.34860014,0.730825331,0,44338.43861,0.581345432,0.578841394,-1.207757601,0.852931579,1.232280185,-0.340311824,-0.447110612
5203,0,Guan District,2007,0,1864.821249,24.27747069,0.693226923,0,46367.01367,0.58382548,0.581345432,-1.298259665,2.255856594,0.963213621,-0.324192404,-0.447110612
5204,0,Guan District,2008,0,1842.14525,24.20740608,0.709873367,0,48015.39101,0.586858596,0.58382548,-1.387406861,2.171401677,1.082341047,-0.308227414,-0.447110612
5205,0,Guan District,2009,0,1600.317779,24.15638909,0.708883376,0,52470.37615,0.586714341,0.586858596,-1.452318686,1.270734901,1.075256344,-0.288702112,-0.447110612
5206,0,Guan District,2010,0,1928.130175,24.64845657,0.727931042,0,55265.33869,0.589920217,0.586714341,-0.826233174,2.491645547,1.211567702,-0.289630736,-0.447110612
5207,0,Guan District,2011,0,1586.759033,24.38028236,0.723671554,0,60308.3201,0.593073583,0.589920217,-1.167446505,1.220236452,1.181085404,-0.268993321,-0.447110612
5208,0,Guan District,2012,0,1618.330462,24.04869586,0.679561536,0,64381.27296,0.59653324,0.593073583,-1.589342921,1.337821674,0.865419623,-0.248693933,-0.447110612
5209,0,Guan District,2013,0,1626.214166,23.97806892,0.73715123,0,67222.64915,0.60902844,0.59653324,-1.679205609,1.36718389,1.277550394,-0.226422837,-0.447110612
5210,0,Guan District,2014,0,1804.53386,24.3224336,0.708833162,0,71169.58797,0.621039635,0.60902844,-1.241050791,2.031321109,1.074896997,-0.14598659,-0.447110612
5211,0,Guan District,2015,0,1374.446518,24.77638191,0.724601681,0,25875.47515,0.632454121,0.621039635,-0.663466468,0.429495731,1.187741702,-0.068666058,-0.447110612
5212,0,Guan District,2016,0,1518.653266,24.76572146,0.700790914,0,26473.48915,0.643386085,0.632454121,-0.67703036,0.966582054,1.017344025,0.00481323,-0.447110612
5213,0,Guan District,2017,0,1517.336444,24.26572146,0.728067646,0,27082.74217,0.653686414,0.643386085,-1.31320887,0.961677656,1.212545286,0.075186349,-0.447110612
5214,0,Guan District,2018,0,1658.880593,24.79302465,0.721989398,0,27663.94889,0.663289566,0.653686414,-0.642290964,1.488847346,1.169047346,0.141493393,-0.447110612
5215,0,Guan District,2019,0,1701.033501,25.20244078,0.73367002,0,28231.77435,0.672462758,0.663289566,-0.121367479,1.645842427,1.252637717,0.203312452,-0.447110612
5216,0,Guan District,2020,0,1315.215602,24.9065207,0.731397171,0,28798.43028,0.681238825,0.672462758,-0.497883466,0.208894993,1.23637246,0.262363698,-0.447110612
5217,0,Guan District,2021,0,1208.35487,25.38878918,0.726182245,0,29379.96715,0.689647836,0.681238825,0.115734227,-0.189099127,1.199052739,0.318858504,-0.447110612
5218,0,Guan District,2022,0,1390.983967,24.29548935,0.744699523,0,29950.03687,0.697724401,0.689647836,-1.27533349,0.491088118,1.331568459,0.372990437,-0.447110612
5219,0,Guan District,2023,0,1500.374731,25.06268246,0.69988974,0,30530.98111,0.705469388,0.697724401,-0.299189953,0.898505132,1.010894933,0.424982288,-0.447110612
5220,0,Guan District,2024,3,1143.620483,24.8992223,0.729415781,0,31116.23957,0.712940735,0.705469388,-0.507169632,-0.430197091,1.222192984,0.474839648,-0.447110612
