"","x","y"
"211641",0.471615524162749,7.35271060051828
"21431",-2.72638688730275,10.7842749858549
"242803",-0.866874249175338,6.78677197152299
"92674",-1.18128459861717,9.49968412956394
"315888",-0.633312275304263,5.46624850386729
"265850",0.795009026445777,6.373546940828
"132437",-1.15433514009359,8.78103190226832
"290056",-0.52551444120992,5.93337245160944
"241769",-1.22620036282315,6.80473827720538
"107611",-0.9387394719049,9.23018954432808
"301994",-0.435682912797968,5.71777678342075
"122839",-2.54672383047884,8.95171180625103
"21722",-0.11228941051494,10.7842749858549
"32625",-0.390767148591992,10.5866456233486
"199685",0.220087244609283,7.56830626870697
"160714",-1.62145908783574,8.2689921903202
"166160",-1.81010529750084,8.17017750906705
"210917",-1.56756017078857,7.36169375335948
"162124",-2.34909446797255,8.24204273179661
"139437",-0.777042720763386,8.65526776249159
"328645",-2.11553249410147,5.23268652999621
"333608",-2.17841456398984,5.14285500158426
"296591",0.139238869038526,5.8165914646739
"124942",-1.51366125374139,8.91577919488625
"151736",-1.90891997875398,8.43068894146171
"293940",-1.35196450259988,5.86150722887988
"11164",-1.19925090429956,10.97292119552
"164102",-2.4389259963845,8.20611012043183
"241090",-2.86113417992068,6.81372143004657
"193150",-0.444666065639163,7.68508725564251
"178744",-0.381783995750797,7.94559868803717
"183047",-1.90891997875398,7.86475031246641
"211872",-1.91790313159518,7.34372744767709
"297526",-0.390767148591992,5.79862515899151
"230785",-1.67535800488291,7.00236763971167
"345066",-1.93586943727757,4.93624248623677
"296048",-0.273986161656454,5.8255746175151
"88179",-1.37891396112347,9.5805325051347
"134345",-1.8729873673892,8.74509929090354
"63690",-2.60062274752601,10.0207069943533
"278047",-1.25314982134673,6.14896811979813
"263739",-0.309918773021235,6.40947955219279
"33491",-1.54061071226498,10.5686793176662
"288094",-0.291952467338845,5.96930506297422
"315392",-0.624329122463068,5.47523165670848
"123484",-1.21721720998195,8.94272865340984
"153163",-2.48384176059048,8.40373948293812
"201198",0.417716607115577,7.54135681018338
"308266",-2.13349879978386,5.60099579648522
"113981",-1.75620638045366,9.11340855739255
"198618",-0.435682912797968,7.58627257438936
"114147",-0.265003008815259,9.11340855739255
"318837",-0.929756319063705,5.41234958682012
"56850",-1.54061071226498,10.14647113413
"187973",-2.30417870376657,7.77491878405446
"91253",-0.552463899733506,9.52663358808753
"217278",-2.46587545490809,7.24491276642394
"322295",-1.1184025287288,5.34946751693175
"254405",0.669244886669043,6.58015945617549
"186472",-2.39401023217853,7.80186824257804
"105499",-2.05265042421311,9.26612215569286
"206519",-0.893823707698924,7.44254212893024
"209814",-2.54672383047884,7.37966005904187
"85206",-1.29806558555271,9.63443142218187
"211563",-0.229070397450478,7.35271060051828
"126988",-0.992638388952071,8.87984658352147
"276957",-2.11553249410147,6.16693442548052
"193428",-2.41197653786092,7.67610410280131
"71208",-2.03468411853072,9.88595970173533
"256252",-0.597379663939482,6.54422684481071
"116214",0.444666065639163,9.07747594602776
"280334",-3.03181408390339,6.10405235559215
"215313",-2.2592629395606,7.28084537778872
"122551",-0.669244886669044,8.96069495909223
"341106",-1.79213899181845,5.00810770896633
"250116",-2.14248195262506,6.65202467890506
"204401",-2.0616335770543,7.47847474029502
"186484",-2.28621239808418,7.80186824257804
"300536",-0.139238869038526,5.74472624194434
"295119",0.309918773021235,5.84354092319749
"113620",-0.534497594051115,9.12239171023374
"211099",0.067373646308964,7.36169375335948
"278456",-2.04366727137191,6.13998496695693
"39491",-1.21721720998195,10.4608814835718
"229877",-0.902806860540119,7.02033394539406
"329763",-1.00162154179327,5.21472022431382
"317893",-0.480598677003944,5.43031589250251
"60743",-2.28621239808418,10.0746059114004
"16006",-2.34909446797255,10.883089667108
"204103",-0.273986161656454,7.48745789313621
"321272",-1.37891396112347,5.36743382261414
"115969",-1.75620638045366,9.07747594602776
"132877",-1.66637485204171,8.77204874942713
"103086",-1.40586341964705,9.31103791989884
"289881",-2.09756618841908,5.93337245160944
"297060",-0.11228941051494,5.80760831183271
"253511",-2.89706679128546,6.58914260901669
"183979",-2.46587545490809,7.84678400678402
"60241",-2.33112816229016,10.0835890642416
"293547",-0.417716607115578,5.87049038172107
"205660",0.31890192586243,7.46050843461263
"78790",-0.893823707698924,9.75121240911741
"76676",-2.02570096568952,9.78714502048219
"130401",-1.58552647647096,8.8169645136331
"284075",-0.678228039510239,6.04117028570378
"115379",-2.59163959468482,9.08645909886896
"338634",-1.67535800488291,5.05302347317231
"69764",-1.61247593499454,9.91290916025892
"138276",-2.27722924524299,8.67323406817398
"153165",-2.46587545490809,8.40373948293812
"179049",-2.10654934126028,7.93661553519597
"46338",-2.21434717535462,10.3351173437951
"179066",-1.95383574295996,7.93661553519597
"172064",-2.34909446797255,8.06237967497271
"317816",-1.17230144577598,5.43031589250251
"17519",-2.15146510546625,10.8561402085844
"145342",-1.3070487383939,8.54746992839725
"245436",0.462632371321554,6.74185620731701
"141316",-1.75620638045366,8.61933515112681
"274393",-2.8252015685559,6.21185018968649
"147932",-0.363817690068406,8.50255416419127
"253145",-1.72027376908888,6.59812576185789
"155700",-2.01671781284833,8.35882371873215
"22635",-0.839924790651753,10.7663086801725
"287102",-0.273986161656454,5.98727136865661
"300035",-0.175171480403307,5.75370939478554
"130398",-1.61247593499454,8.8169645136331
"298574",0.0943231048325495,5.78065885330912
"109549",-1.38789711396466,9.1942569329633
"120889",-2.20536402251343,8.98764441761581
"297027",-0.408733454274382,5.80760831183271
"295952",-1.13636883441119,5.8255746175151
"14018",-2.34909446797255,10.9190222784728
"153363",-0.687211192351434,8.40373948293812
"133806",-2.2502797867194,8.75408244374474
"126411",-1.71129061624769,8.88882973636267
"15967",-2.69943742877916,10.883089667108
"211651",0.561447052574701,7.35271060051828
"244775",-1.01060469463446,6.7508393601582
"278860",-2.87910048560307,6.13100181411573
"313433",-0.363817690068406,5.51116426807326
"7778",-0.363817690068406,11.0358032654083
"106554",-1.5046781009002,9.24815585001047
"265928",-2.96893201401502,6.36456378798681
"125447",-1.44179603101183,8.90679604204506
"274165",-0.408733454274382,6.22083334252769
"285616",-0.229070397450478,6.0142208271802
"77137",-2.34909446797255,9.77816186764099
"32098",-0.660261733827848,10.5956287761898
"153390",-0.444666065639163,8.40373948293812
"11509",-2.56469013616123,10.9639380426788
"141484",-0.247036703132868,8.61933515112681
"242114",-2.59163959468482,6.79575512436418
"56297",-2.04366727137191,10.1554542869712
"79198",-1.6933243105653,9.74222925627621
"255493",-2.95096570833263,6.55320999765191
"19609",-1.23518351566434,10.8202075972196
"299822",-2.08858303557789,5.75370939478554
"204049",-0.759076415080996,7.48745789313621
"250400",0.408733454274382,6.65202467890506
"262481",-2.68147112309677,6.42744585787518
"57240",-2.50180806627287,10.1374879812888
"79854",-0.265003008815259,9.73324610343502
"235305",-1.25314982134673,6.92151926414091
"286528",-0.965688930428486,5.99625452149781
"288979",-1.27111612702912,5.95133875729183
"22457",-2.4389259963845,10.7663086801725
"36530",-1.02857100031685,10.514780400619
"172615",-1.86400421454801,8.05339652213151
"68222",-2.0706167298955,9.93985861878251
"136380",-1.45077918385303,8.70916667953876
"11573",-1.98976835432474,10.9639380426788
"203365",-2.4389259963845,7.49644104597741
"335606",-2.08858303557789,5.10692239021948
"135779",-2.38502707933733,8.71814983237996
"323309",-0.9387394719049,5.33150121124936
"122087",-0.372800842909601,8.96967811193342
"279557",-1.08246991736402,6.12201866127454
"100816",0.52551444120992,9.35595368410482
"284136",-0.130255716197331,6.04117028570378
"180505",-2.42095969070211,7.90966607667239
"316385",-0.633312275304263,5.45726535102609
"129391",-1.72925692193008,8.83493081931549
"26121",-0.777042720763386,10.7034266102841
"243834",-0.534497594051115,6.76880566584059
"122968",-1.38789711396466,8.95171180625103
"268772",0.256019855974063,6.31964802378083
"215794",-2.40299338501972,7.27186222494753
"273672",-0.372800842909601,6.22981649536888
"234924",-0.211104091768088,6.93050241698211
"46394",-1.71129061624769,10.3351173437951
"12687",-0.911790013381315,10.9459717369964
"349008",-2.24129663387821,4.86437726350721
"159654",-2.21434717535462,8.28695849600259
"53825",-1.92688628443637,10.2003700511772
"303448",-0.768059567922191,5.69082732489717
"161647",-2.16943141114864,8.25102588463781
"72625",-2.69943742877916,9.85901024321175
"110522",-1.57654332362976,9.17629062728091
"281680",0.13025571619733,6.08608604990976
"270920",-2.77130265150872,6.27473225957486
"154731",-1.79213899181845,8.37679002441454
"106436",-2.56469013616123,9.24815585001047
"275241",0.327885078703625,6.2028670368453
"18624",-1.15433514009359,10.838173902902
"108747",0.336868231544821,9.21222323864569
"72835",-0.812975332128167,9.85901024321175
"229157",-2.90604994412665,7.02931709823526
"66771",-1.71129061624769,9.96680807730609
"238719",-1.83705475602442,6.85863719425255
"199388",-2.4479091492257,7.56830626870697
"283073",-0.750093262239801,6.05913659138617
"210283",-2.79825211003231,7.37067690620067
"257092",-1.98078520148355,6.52626053912832
"103225",-0.157205174720916,9.31103791989884
"112440",-2.20536402251343,9.14035801591613
"114001",-1.57654332362976,9.11340855739255
"316215",-2.16044825830745,5.45726535102609
"22485",-2.18739771683104,10.7663086801725
"124455",-1.42382972532944,8.92476234772745
"181534",-2.10654934126028,7.89169977099
"309922",-0.651278580986653,5.57404633796163
"60700",-2.67248797025558,10.0746059114004
"189530",-1.71129061624769,7.74796932553087
"140940",-0.669244886669044,8.628318303968
"332202",-1.41484657248825,5.16980446010785
"145311",-1.58552647647096,8.54746992839725
"143271",-2.05265042421311,8.58340253976203
"274910",-2.64553851173199,6.2028670368453
"273686",-0.247036703132868,6.22981649536888
"92709",-0.866874249175338,9.49968412956394
"138756",-2.42994284354331,8.66425091533278
"308960",-0.363817690068406,5.59201264364402
"293761",-2.95994886117382,5.86150722887988
"198456",-1.89095367307159,7.58627257438936
"114960",-1.89095367307159,9.09544225171016
"86599",-2.17841456398984,9.60748196365828
"15638",-1.19026775145837,10.8920728199492
"265236",-0.256019855974064,6.3825300936692
"237917",-0.11228941051494,6.87660349993494
"119015",-1.18128459861717,9.02357702898059
"20637",-0.929756319063705,10.8022412915372
"298907",-1.37891396112347,5.77167570046793
"313361",-1.01060469463446,5.51116426807326
"202435",-1.86400421454801,7.5144073516598
"26109",-0.884840554857729,10.7034266102841
"95028",-2.35807762081374,9.45476836535796
"303954",-0.687211192351434,5.68184417205597
"304988",-0.327885078703626,5.66387786637358
"103587",-1.36993080828227,9.30205476705765
"139369",-1.38789711396466,8.65526776249159
"96653",-1.15433514009359,9.42781890683438
"259172",-1.15433514009359,6.49032792776354
"177028",-2.40299338501972,7.97254814656075
"98155",-1.05552045884044,9.40086944831079
"169629",-1.89993682591279,8.10729543917868
"198403",-2.36706077365494,7.58627257438936
"271608",-1.05552045884044,6.26574910673366
"102577",-1.51366125374139,9.32002107274004
"94194",-0.92077316622251,9.47273467104035
"110014",-1.67535800488291,9.18527378012211
"17193",-0.615345969621873,10.8651233614256
"169056",-2.58265644184362,8.11627859201988
"277183",-0.0853399519913549,6.16693442548052
"239100",-2.87910048560307,6.84965404141135
"98816",0.417716607115577,9.3918862954696
"197914",-2.29519555092538,7.59525572723055
"309404",-0.839924790651753,5.58302949080283
"241344",-0.579413358257092,6.81372143004657
"278407",-2.48384176059048,6.13998496695693
"245224",-1.44179603101183,6.74185620731701
"37147",0.0494073406265736,10.5057972477778
"192690",-0.11228941051494,7.6940704084837
"147763",-1.8819705202304,8.50255416419127
"24429",-2.58265644184362,10.7303760688077
"291040",-0.615345969621873,5.91540614592705
"104572",-1.45077918385303,9.28408846137526
"176262",-0.354834537227211,7.99051445224314
"127512",-0.750093262239801,8.87086343068028
"20507",-2.09756618841908,10.8022412915372
"183208",-0.462632371321554,7.86475031246641
"232704",-2.29519555092538,6.96643502834689
"225059",0.462632371321554,7.11016547380601
"227275",-1.95383574295996,7.06524970960004
"111518",-1.55857701794737,9.15832432159852
"48265",-2.76231949866753,10.2991847324303
"109513",-1.71129061624769,9.1942569329633
"95114",-1.58552647647096,9.45476836535796
"230021",0.390767148591992,7.02033394539406
"186014",-2.04366727137191,7.81085139541924
"264325",0.489581829845139,6.40049639935159
"237468",0.31890192586243,6.88558665277613
"125514",-0.839924790651753,8.90679604204506
"129566",-0.157205174720916,8.83493081931549
"270047",-1.6843411577241,6.29269856525725
"50365",-1.75620638045366,10.2632521210655
"105051",-1.61247593499454,9.27510530853406
"51879",-1.54959386510617,10.2363026625419
"126317",-2.55570698332004,8.88882973636267
"236293",-1.3070487383939,6.90355295845852
"111949",-2.15146510546625,9.14934116875733
"199908",-2.24129663387821,7.55932311586577
"240252",-1.45976233669422,6.83168773572896
"278006",-1.62145908783574,6.14896811979813
"234796",-1.36094765544108,6.93050241698211
"289279",-3.04079723674458,5.94235560445063
"265605",-1.40586341964705,6.373546940828
"106927",-2.61858905320841,9.23917269716928
"107044",-1.56756017078857,9.23917269716928
"244917",0.265003008815259,6.7508393601582
"213853",-1.98078520148355,7.30779483631231
"264477",-2.60960590036721,6.3915132465104
"109037",-1.52264440658259,9.2032400858045
"100317",0.50754813552753,9.36493683694601
"120457",-1.62145908783574,8.99662757045701
"121075",-0.534497594051115,8.98764441761581
"268050",-1.76518953329486,6.32863117662203
"120857",-2.49282491343167,8.98764441761581
"110961",-2.09756618841908,9.16730747443972
"14682",-0.848907943492948,10.9100391256316
"15688",-0.741110109398605,10.8920728199492
"215848",-1.91790313159518,7.27186222494753
"319208",-2.0616335770543,5.40336643397892
"198683",0.148222021879721,7.58627257438936
"124903",-1.86400421454801,8.91577919488625
"103562",-1.59450962931215,9.30205476705765
"267046",-1.85502106170681,6.34659748230442
"109913",-2.58265644184362,9.18527378012211
"230796",-1.57654332362976,7.00236763971167
"12159",-1.19026775145837,10.9549548898376
"102799",0.480598677003944,9.32002107274004
"269200",-0.363817690068406,6.31066487093964
"280667",-0.0404241877853786,6.10405235559215
"230018",0.363817690068406,7.02033394539406
"109017",-1.70230746340649,9.2032400858045
"181964",-2.70842058162036,7.8827166181488
"248075",-2.61858905320841,6.68795729026984
"117911",-2.16943141114864,9.04154333466298
"219247",-2.6365553588908,7.20898015505916
"96996",-2.53774067763765,9.41883575399318
"206364",-2.28621239808418,7.44254212893024
"90635",-1.63942539351813,9.53561674092872
"290966",-1.28009927987032,5.91540614592705
"121969",-1.43281287817064,8.96967811193342
"208886",-1.95383574295996,7.39762636472426
"284104",-0.417716607115578,6.04117028570378
"254743",-0.759076415080996,6.5711763033343
"195481",-1.82807160318323,7.64017149143653
"275712",0.0943231048325495,6.1938838840041
"291990",-1.01060469463446,5.89743984024466
"181543",-2.02570096568952,7.89169977099
"186450",-2.59163959468482,7.80186824257804
"12577",-1.89993682591279,10.9459717369964
"48295",-2.49282491343167,10.2991847324303
"78668",-1.98976835432474,9.75121240911741
"95294",0.0314410349441832,9.45476836535796
"230689",-2.53774067763765,7.00236763971167
"258606",-1.77417268613606,6.49931108060474
"168770",-0.687211192351434,8.12526174486107
"42959",-1.3160318912351,10.3979994136835
"311885",-0.875857402016534,5.53811372659685
"88028",-2.73537004014394,9.5805325051347
"42858",-2.22333032819582,10.3979994136835
"18455",-2.67248797025558,10.838173902902
"277905",-2.52875752479645,6.14896811979813
"146289",-1.72925692193008,8.52950362271486
"123403",-1.94485259011876,8.94272865340984
"276953",-2.15146510546625,6.16693442548052
"122478",-1.32501504407629,8.96069495909223
"116468",-1.73824007477127,9.06849279318657
"324258",-1.34298134975868,5.31353490556697
"298543",-0.184154633244502,5.78065885330912
"122548",-0.696194345192629,8.96069495909223
"14655",-1.09145307020522,10.9100391256316
"293095",-0.0134747292617932,5.87947353456227
"265475",-2.57367328900243,6.373546940828
"191494",-1.92688628443637,7.71203671416609
"189124",-0.893823707698924,7.75695247837207
"118641",-0.0763567991501595,9.03256018182179
"138401",-1.15433514009359,8.67323406817398
"88638",-1.72027376908888,9.5715493522935
"221084",0.471615524162749,7.18203069653558
"280417",-2.28621239808418,6.10405235559215
"134017",-0.354834537227211,8.75408244374474
"16162",-0.947722624746095,10.883089667108
"217819",-2.0706167298955,7.23592961358275
"120446",-1.72027376908888,8.99662757045701
"19507",-2.15146510546625,10.8202075972196
"16178",-0.803992179286972,10.883089667108
"202353",-2.60062274752601,7.5144073516598
"107109",-0.983655236110876,9.23917269716928
"172540",-2.53774067763765,8.05339652213151
"147714",-2.32214500944896,8.50255416419127
"231342",-1.13636883441119,6.99338448687048
"31931",-2.16044825830745,10.5956287761898
"203855",-2.50180806627287,7.48745789313621
"282855",-2.70842058162036,6.05913659138617
"14188",-0.821958484969362,10.9190222784728
"199417",-2.18739771683104,7.56830626870697
"205076",-0.462632371321554,7.46949158745382
"66680",-2.52875752479645,9.96680807730609
"97097",-1.63044224067693,9.41883575399318
"210316",-2.50180806627287,7.37067690620067
"194523",-1.5046781009002,7.65813779711892
"177282",-0.121272563356135,7.97254814656075
"170557",-2.49282491343167,8.08932913349629
"112895",-2.58265644184362,9.13137486307494
"260034",-2.34011131513135,6.47236162208115
"116107",-0.516531288368725,9.07747594602776
"13739",-0.390767148591992,10.928005431314
"170073",-2.37604392649613,8.09831228633749
"262062",-1.98078520148355,6.43642901071637
"119441",-1.81908845034203,9.0145938761394
"155272",-1.39688026680586,8.36780687157334
"197456",-1.94485259011876,7.60423888007175
"146697",-2.52875752479645,8.52052046987366
"265487",-2.46587545490809,6.373546940828
"113973",-1.82807160318323,9.11340855739255
"285804",-3.0048646253798,6.005237674339
"257775",-0.309918773021235,6.51727738628713
"50403",-1.41484657248825,10.2632521210655
"159127",-2.48384176059048,8.29594164884378
"127146",0.426699759956773,8.87984658352147
"24621",-0.857891096334143,10.7303760688077
"256502",-2.8162184157147,6.53524369196952
"276599",-0.866874249175338,6.17591757832171
"31376",-2.68147112309677,10.604611929031
"294149",0.52551444120992,5.86150722887988
"222486",-0.327885078703626,7.15508123801199
"24599",-1.05552045884044,10.7303760688077
"317290",-1.43281287817064,5.4392990453437
"268983",-2.31316185660777,6.31066487093964
"84209",-1.32501504407629,9.65239772786426
"238202",-2.01671781284833,6.86762034709374
"327793",-0.839924790651753,5.2506528356786
"15517",-2.27722924524299,10.8920728199492
"251679",-1.495694948059,6.62507522038147
"10710",-0.812975332128167,10.9819043483611
"58225",-2.58265644184362,10.1195216756064
"231142",-2.93299940265024,6.99338448687048
"191521",-1.6843411577241,7.71203671416609
"174640",-1.53162755942378,8.01746391076673
"29421",-2.38502707933733,10.6405445403957
"81666",-1.84603790886562,9.69731349207023
"197402",-2.42994284354331,7.60423888007175
"170117",-1.98078520148355,8.09831228633749
"88193",-1.25314982134673,9.5805325051347
"187005",-2.0706167298955,7.79288508973685
"183053",-1.85502106170681,7.86475031246641
"122486",-1.25314982134673,8.96069495909223
"112504",-1.63044224067693,9.14035801591613
"259358",0.516531288368725,6.49032792776354
"179575",-1.84603790886562,7.92763238235478
"174633",-1.59450962931215,8.01746391076673
"244605",-2.53774067763765,6.7508393601582
"138449",-0.723143803716215,8.67323406817398
"137326",-1.8819705202304,8.69120037385637
"112395",-2.60960590036721,9.14035801591613
"236815",-1.08246991736402,6.89456980561733
"111026",-1.51366125374139,9.16730747443972
"270147",-0.786025873604582,6.29269856525725
"258117",-1.70230746340649,6.50829423344593
"186023",-1.96281889580115,7.81085139541924
"34555",-0.911790013381315,10.5507130119838
"188478",-2.23231348103701,7.76593563121326
"188513",-1.91790313159518,7.76593563121326
"308936",-0.579413358257092,5.59201264364402
"150364",-0.839924790651753,8.4576383999853
"249666",-1.72027376908888,6.66100783174625
"190999",-1.90891997875398,7.72101986700729
"285120",-0.220087244609283,6.02320398002139
"83227",-1.21721720998195,9.67036403354665
"274614",-0.839924790651753,6.21185018968649
"223295",-1.98976835432474,7.1371149323296
"44786",-2.76231949866753,10.3620668023187
"300565",0.121272563356135,5.74472624194434
"235721",-1.98078520148355,6.91253611129972
"190969",-2.17841456398984,7.72101986700729
"123928",-1.6933243105653,8.93374550056864
"100123",-1.23518351566434,9.36493683694601
"260767",-0.220087244609283,6.46337846923996
"241264",-1.29806558555271,6.81372143004657
"12679",-0.983655236110876,10.9459717369964
"121605",-0.238053550291673,8.97866126477462
"141969",-0.354834537227211,8.61035199828561
"36084",-0.570430205415896,10.5237635534602
"97139",-1.25314982134673,9.41883575399318
"157667",-2.20536402251343,8.32289110736737
"290535",-0.687211192351434,5.92438929876824
"29397",-2.60062274752601,10.6405445403957
"265201",-0.570430205415896,6.3825300936692
"12678",-0.992638388952071,10.9459717369964
"20110",-1.19925090429956,10.8112244443784
"333611",-2.15146510546625,5.14285500158426
"198877",-2.57367328900243,7.57728942154816
"100503",-2.28621239808418,9.35595368410482
"96783",0.0134747292617927,9.42781890683438
"325254",-1.32501504407629,5.29556859988458
"87706",-1.16331829293478,9.58951565797589
"283860",-2.60960590036721,6.04117028570378
"325751",-1.32501504407629,5.28658544704338
"195145",-0.381783995750797,7.64915464427773
"316847",-0.947722624746095,5.4482821981849
"307881",-1.12738568157,5.60997894932641
"85855",0.067373646308964,9.62544826934067
"13721",-0.552463899733506,10.928005431314
"21723",-0.103306257673745,10.7842749858549
"98106",-1.495694948059,9.40086944831079
"148823",-1.28908243271151,8.48458785850888
"178532",-2.28621239808418,7.94559868803717
"226346",-1.36993080828227,7.08321601528243
"126019",-0.768059567922191,8.89781288920386
"79737",-1.3160318912351,9.73324610343502
"138965",-0.552463899733506,8.66425091533278
"301304",-2.16943141114864,5.72675993626195
"275666",-0.31890192586243,6.1938838840041
"252909",0.624329122463067,6.60710891469908
"256489",-2.93299940265024,6.53524369196952
"16140",-1.14535198725239,10.883089667108
"310859",-1.16331829293478,5.55608003227924
"111571",-1.08246991736402,9.15832432159852
"110895",-2.69045427593797,9.16730747443972
"303009",-0.247036703132868,5.69981047773836
"265980",-2.50180806627287,6.36456378798681
"17003",-2.32214500944896,10.8651233614256
"253624",-1.8819705202304,6.58914260901669
"197955",-1.92688628443637,7.59525572723055
"195696",0.103306257673745,7.64017149143653
"172036",-2.60062274752601,8.06237967497271
"139365",-1.42382972532944,8.65526776249159
"84631",-1.99875150716594,9.64341457502306
"220595",0.54348074689231,7.19101384937677
"291063",-0.408733454274382,5.91540614592705
"49072",0.0224578821029877,10.2902015795891
"107944",-2.41197653786092,9.22120639148689
"38831",-2.68147112309677,10.469864636413
"233825",-1.15433514009359,6.9484687226645
"261597",-1.6933243105653,6.44541216355757
"265004",-2.34011131513135,6.3825300936692
"182740",-0.202120938926893,7.87373346530761
"271264",0.31890192586243,6.27473225957486
"141946",-0.561447052574701,8.61035199828561
"130417",-1.44179603101183,8.8169645136331
"147799",-1.55857701794737,8.50255416419127
"191947",-2.32214500944896,7.7030535613249
"92584",-1.98976835432474,9.49968412956394
"244392",0.0134747292617927,6.7598225129994
"37045",-0.866874249175338,10.5057972477778
"111990",-1.78315583897725,9.14934116875733
"287538",-0.821958484969362,5.97828821581542
"115456",-1.89993682591279,9.08645909886896
"263679",-0.848907943492948,6.40947955219279
"208152",0.381783995750796,7.41559267040665
"11138",-1.43281287817064,10.97292119552
"15145",-1.15433514009359,10.9010559727904
"173048",-2.4389259963845,8.04441336929031
"17944",-2.79825211003231,10.8471570557432
"287143",0.0943231048325495,5.98727136865661
"241643",-2.35807762081374,6.80473827720538
"248093",-2.45689230206689,6.68795729026984
"271681",-0.399750301433187,6.26574910673366
"291545",-0.543480746892311,5.90642299308585
"15188",-0.768059567922191,10.9010559727904
"153888",-0.435682912797968,8.39475633009693
"260813",0.193137786085697,6.46337846923996
"228224",-2.35807762081374,7.04728340391765
"81301",-0.660261733827848,9.70629664491143
"28433",-2.33112816229016,10.6585108460781
"272502",-1.95383574295996,6.24778280105127
"27118",-0.750093262239801,10.6854603046017
"171616",-1.90891997875398,8.0713628278139
"293925",-1.48671179521781,5.86150722887988
"110670",-0.247036703132868,9.17629062728091
"214343",-2.04366727137191,7.29881168347111
"128378",-1.89993682591279,8.85289712499788
"123437",-1.63942539351813,8.94272865340984
"113007",-1.57654332362976,9.13137486307494
"223311",-1.84603790886562,7.1371149323296
"12181",-0.992638388952071,10.9549548898376
"18642",-0.992638388952071,10.838173902902
"38342",-2.60960590036721,10.4788477892542
"304496",-0.282969314497649,5.67286101921478
"100319",0.52551444120992,9.36493683694601
"203879",-2.28621239808418,7.48745789313621
"267086",-1.495694948059,6.34659748230442
"188974",-2.24129663387821,7.75695247837207
"106538",-1.64840854635932,9.24815585001047
"106271",0.417716607115577,9.25713900285167
"46771",-2.78926895719111,10.3261341909539
"48764",-2.74435319298514,10.2902015795891
"9563",-2.18739771683104,10.9998706540435
"60695",-2.71740373446155,10.0746059114004
"213293",-2.54672383047884,7.3167779891535
"96737",-0.399750301433187,9.42781890683438
"15962",-2.74435319298514,10.883089667108
"193400",-2.66350481741438,7.67610410280131
"117437",-1.96281889580115,9.05052648750418
"18708",-0.399750301433187,10.838173902902
"133791",-2.38502707933733,8.75408244374474
"138770",-2.30417870376657,8.66425091533278
"96828",0.417716607115577,9.42781890683438
"169109",-2.10654934126028,8.11627859201988
"135374",-1.55857701794737,8.72713298522115
"188174",-0.498564982686335,7.77491878405446
"16613",-1.36094765544108,10.8741065142668
"120980",-1.38789711396466,8.98764441761581
"134809",-2.16943141114864,8.73611613806235
"99121",-1.3070487383939,9.3829031426284
"276666",-0.265003008815259,6.17591757832171
"103698",-0.372800842909601,9.30205476705765
"300820",-2.05265042421311,5.73574308910314
"319869",-0.588396511098287,5.39438328113773
"227662",-2.94198255549143,7.05626655675884
"307485",-0.220087244609283,5.61896210216761
"132361",-1.83705475602442,8.78103190226832
"97577",-1.78315583897725,9.40985260115199
"111483",-1.8729873673892,9.15832432159852
"279445",-2.08858303557789,6.12201866127454
"107474",-2.16943141114864,9.23018954432808
"282637",-0.202120938926893,6.06811974422737
"79246",-1.26213297418793,9.74222925627621
"276656",-0.354834537227211,6.17591757832171
"11045",-2.26824609240179,10.97292119552
"286541",-0.848907943492948,5.99625452149781
"277619",-0.633312275304263,6.15795127263932
"68670",-2.51079121911406,9.93087546594131
"95128",-1.45976233669422,9.45476836535796
"101565",-1.67535800488291,9.33798737842243
"124443",-1.53162755942378,8.92476234772745
"89754",-0.624329122463068,9.55358304661111
"198185",0.139238869038526,7.59525572723055
"284646",-0.0134747292617932,6.03218713286259
"176125",-1.58552647647096,7.99051445224314
"228806",-1.59450962931215,7.03830025107645
"153681",-2.29519555092538,8.39475633009693
"255778",-0.390767148591992,6.55320999765191
"88565",-2.37604392649613,9.5715493522935
"274227",0.148222021879721,6.22083334252769
"26535",-1.52264440658259,10.6944434574429
"99577",-1.67535800488291,9.37391998978721
"269282",0.372800842909601,6.31066487093964
"205117",-0.0943231048325499,7.46949158745382
"101252",-0.0224578821029882,9.34697053126362
"274647",-0.543480746892311,6.21185018968649
"215341",-2.00773466000713,7.28084537778872
"199368",-2.6275722060496,7.56830626870697
"1336",-0.193137786085697,11.1525842523439
"346523",-2.24129663387821,4.90929302771319
"240685",-2.03468411853072,6.82270458288777
"109563",-1.26213297418793,9.1942569329633
"89637",-1.67535800488291,9.55358304661111
"115219",0.435682912797968,9.09544225171016
"125456",-1.36094765544108,8.90679604204506
"131934",-1.20823405714076,8.79001505510952
"121508",-1.10941937588761,8.97866126477462
"45392",-1.78315583897725,10.3530836494775
"14153",-1.13636883441119,10.9190222784728
"157648",-2.37604392649613,8.32289110736737
"131878",-1.71129061624769,8.79001505510952
"98126",-1.3160318912351,9.40086944831079
"256399",0.723143803716215,6.54422684481071
"186948",-2.58265644184362,7.79288508973685
"313926",-0.399750301433187,5.50218111523207
"105588",-1.25314982134673,9.26612215569286
"272504",-1.93586943727757,6.24778280105127
"134359",-1.74722322761247,8.74509929090354
"154870",-0.543480746892311,8.37679002441454
"237188",-2.19638086967223,6.88558665277613
"262544",-2.11553249410147,6.42744585787518
"286633",-0.0224578821029882,5.99625452149781
"315894",-0.579413358257092,5.46624850386729
"145361",-1.13636883441119,8.54746992839725
"202448",-1.74722322761247,7.5144073516598
"283967",-1.64840854635932,6.04117028570378
"26896",-2.74435319298514,10.6854603046017
"296584",0.076356799150159,5.8165914646739
"314213",-2.28621239808418,5.49319796239087
"278616",-0.606362816780677,6.13998496695693
"336183",-1.36993080828227,5.09793923737828
"158664",-2.17841456398984,8.30492480168498
"121186",0.462632371321554,8.98764441761581
"143490",-0.0853399519913549,8.58340253976203
"141818",-1.71129061624769,8.61035199828561
"98322",0.444666065639163,9.40086944831079
"260755",-0.327885078703626,6.46337846923996
"289824",-2.60960590036721,5.93337245160944
"22547",-1.63044224067693,10.7663086801725
"152683",-2.33112816229016,8.41272263577932
"235776",-1.48671179521781,6.91253611129972
"216277",-2.52875752479645,7.26287907210633
"328783",-0.875857402016534,5.23268652999621
"59712",-2.61858905320841,10.0925722170828
"26025",-1.63942539351813,10.7034266102841
"127896",-1.76518953329486,8.86188027783908
"279215",0.309918773021235,6.13100181411573
"222090",0.579413358257091,7.16406439085318
"244097",-2.6365553588908,6.7598225129994
"249692",-1.48671179521781,6.66100783174625
"301403",-1.28009927987032,5.72675993626195
"316287",-1.51366125374139,5.45726535102609
"221859",-1.495694948059,7.16406439085318
"247206",-1.495694948059,6.70592359595223
"132008",-0.543480746892311,8.79001505510952
"268398",-3.10367930663295,6.31964802378083
"164658",-1.90891997875398,8.19712696759063
"91332",0.157205174720916,9.52663358808753
"37389",-2.24129663387821,10.4968140949366
"341531",-2.4389259963845,4.99912455612514
"115011",-1.43281287817064,9.09544225171016
"336161",-1.56756017078857,5.09793923737828
"285944",-1.74722322761247,6.005237674339
"114006",-1.53162755942378,9.11340855739255
"114141",-0.31890192586243,9.11340855739255
"286513",-1.10043622304641,5.99625452149781
"95560",-2.04366727137191,9.44578521251677
"81249",-1.12738568157,9.70629664491143
"304015",-0.139238869038526,5.68184417205597
"300046",-0.0763567991501595,5.75370939478554
"206892",-2.00773466000713,7.43355897608904
"18502",-2.2502797867194,10.838173902902
"104551",-1.63942539351813,9.28408846137526
"199422",-2.14248195262506,7.56830626870697
"200939",-1.90891997875398,7.54135681018338
"97536",-2.15146510546625,9.40985260115199
"122351",-2.46587545490809,8.96069495909223
"265656",-0.947722624746095,6.373546940828
"255131",-1.73824007477127,6.5621931504931
"123623",0.0314410349441832,8.94272865340984
"87741",-0.848907943492948,9.58951565797589
"110045",-1.39688026680586,9.18527378012211
"13196",-0.803992179286972,10.9369885841552
"97827",0.462632371321554,9.40985260115199
"14268",-0.103306257673745,10.9190222784728
"243877",-0.148222021879721,6.76880566584059
"317744",-1.81908845034203,5.43031589250251
"23201",-0.220087244609283,10.7573255273313
"136764",-2.46587545490809,8.70018352669757
"126427",-1.56756017078857,8.88882973636267
"124559",-0.48958182984514,8.92476234772745
"205674",0.444666065639163,7.46050843461263
"150203",-2.28621239808418,8.4576383999853
"251081",-2.40299338501972,6.63405837322267
"91682",-1.16331829293478,9.51765043524633
"212590",0.067373646308964,7.33474429483589
"184610",-1.26213297418793,7.83780085394283
"174312",-0.0134747292617932,8.02644706360793
"144442",-0.462632371321554,8.56543623407964
"342071",-2.05265042421311,4.99014140328394
"187217",-0.166188327562112,7.79288508973685
"275116",-0.795009026445777,6.2028670368453
"61856",-1.21721720998195,10.056639605718
"229494",0.121272563356135,7.02931709823526
"275908",-2.60960590036721,6.18490073116291
"239197",-2.00773466000713,6.84965404141135
"107565",-1.35196450259988,9.23018954432808
"81708",-1.46874548953542,9.69731349207023
"234672",-2.47485860774928,6.93050241698211
"202622",-0.184154633244502,7.5144073516598
"21106",-1.18128459861717,10.7932581386961
"297558",-0.103306257673745,5.79862515899151
"10994",-2.72638688730275,10.97292119552
"249703",-1.38789711396466,6.66100783174625
"183260",0.00449157642059728,7.86475031246641
"213554",-0.202120938926893,7.3167779891535
"127838",-2.28621239808418,8.86188027783908
"195867",-2.8252015685559,7.63118833859533
"41322",-2.6275722060496,10.424948872207
"90649",-1.51366125374139,9.53561674092872
"107990",-1.99875150716594,9.22120639148689
"301449",-0.866874249175338,5.72675993626195
"252399",0.50754813552753,6.61609206754028
"154695",-2.11553249410147,8.37679002441454
"328192",-1.72027376908888,5.24166968283741
"282644",-0.139238869038526,6.06811974422737
"104470",-2.36706077365494,9.28408846137526
"98742",-0.247036703132868,9.3918862954696
"24150",-0.624329122463068,10.7393592216489
"111593",-0.884840554857729,9.15832432159852
"191993",-1.90891997875398,7.7030535613249
"21613",-1.09145307020522,10.7842749858549
"195880",-2.70842058162036,7.63118833859533
"275974",-2.01671781284833,6.18490073116291
"330708",-1.44179603101183,5.19675391863143
"311426",-0.534497594051115,5.54709687943805
"127893",-1.79213899181845,8.86188027783908
"303955",-0.678228039510239,5.68184417205597
"41021",-0.866874249175338,10.4339320250482
"268570",-1.55857701794737,6.31964802378083
"264743",-0.220087244609283,6.3915132465104
"158675",-2.07959988273669,8.30492480168498
"47037",-0.399750301433187,10.3261341909539
"311396",-0.803992179286972,5.54709687943805
"273364",-3.13961191799773,6.22981649536888
"112474",-1.89993682591279,9.14035801591613
"28555",-1.23518351566434,10.6585108460781
"27533",-1.48671179521781,10.6764771517605
"250897",0.408733454274382,6.64304152606386
"94081",-1.93586943727757,9.47273467104035
"154743",-1.6843411577241,8.37679002441454
"253076",-2.34011131513135,6.59812576185789
"178041",-2.23231348103701,7.95458184087836
"31064",-1.01958784747566,10.6135950818721
"262981",-2.65452166457319,6.41846270503398
"18523",-2.0616335770543,10.838173902902
"114966",-1.83705475602442,9.09544225171016
"15465",-2.74435319298514,10.8920728199492
"145790",-1.74722322761247,8.53848677555605
"28964",-2.02570096568952,10.6495276932369
"50027",-0.327885078703626,10.2722352739067
"14612",-1.47772864237661,10.9100391256316
"206871",-2.19638086967223,7.43355897608904
"258840",0.327885078703625,6.49931108060474
"172572",-2.2502797867194,8.05339652213151
"111447",-2.19638086967223,9.15832432159852
"15698",-0.651278580986653,10.8920728199492
"248638",-2.02570096568952,6.67897413742864
"173159",-1.44179603101183,8.04441336929031
"299964",-0.812975332128167,5.75370939478554
"32989",-1.58552647647096,10.5776624705074
"187509",-2.00773466000713,7.78390193689565
"301509",-0.327885078703626,5.72675993626195
"268429",-2.8252015685559,6.31964802378083
"194742",0.462632371321554,7.65813779711892
"10188",-1.03755415315805,10.9908875012023
"14275",-0.0404241877853786,10.9190222784728
"66770",-1.72027376908888,9.96680807730609
"286339",-2.66350481741438,5.99625452149781
"296455",-1.08246991736402,5.8165914646739
"203583",-0.480598677003944,7.49644104597741
"161689",-1.79213899181845,8.25102588463781
"217581",0.256019855974063,7.24491276642394
"195024",-1.46874548953542,7.64915464427773
"77115",-2.54672383047884,9.77816186764099
"193913",-2.51977437195526,7.66712094996012
"97775",-0.00449157642059772,9.40985260115199
"15653",-1.05552045884044,10.8920728199492
"185177",-0.633312275304263,7.82881770110163
"118458",-1.72027376908888,9.03256018182179
"200089",-0.615345969621873,7.55932311586577
"132515",-0.453649218480359,8.78103190226832
"217871",-1.60349278215335,7.23592961358275
"123912",-1.83705475602442,8.93374550056864
"46406",-1.60349278215335,10.3351173437951
"156718",-1.80112214465964,8.34085741304976
"142483",-0.202120938926893,8.60136884544442
"165629",-2.11553249410147,8.17916066190824
"9306",-0.0314410349441836,11.0088538068847
"40081",-0.381783995750797,10.4518983307306
"128517",-0.651278580986653,8.85289712499788
"260510",-2.52875752479645,6.46337846923996
"130051",-0.265003008815259,8.8259476664743
"77598",-2.67248797025558,9.7691787147998
"114516",-1.41484657248825,9.10442540455135
"107088",-1.17230144577598,9.23917269716928
"274667",-0.363817690068406,6.21185018968649
"299814",-2.16044825830745,5.75370939478554
"310882",-0.95670577758729,5.55608003227924
"282629",-0.273986161656454,6.06811974422737
"142236",-2.42095969070211,8.60136884544442
"190472",-2.17841456398984,7.73000301984848
"25586",-1.1184025287288,10.7124097631253
"237235",-1.77417268613606,6.88558665277613
"257089",-2.00773466000713,6.52626053912832
"121009",-1.12738568157,8.98764441761581
"218794",-2.24129663387821,7.21796330790036
"99479",-2.55570698332004,9.37391998978721
"23112",-1.01958784747566,10.7573255273313
"325646",-2.26824609240179,5.28658544704338
"29140",-0.444666065639163,10.6495276932369
"239605",-2.80723526287351,6.84067088857016
"132922",-1.26213297418793,8.77204874942713
"183736",-0.184154633244502,7.85576715962522
"129842",-2.14248195262506,8.8259476664743
"177054",-2.16943141114864,7.97254814656075
"118943",-1.82807160318323,9.02357702898059
"312930",-0.417716607115578,5.52014742091446
"258001",-2.74435319298514,6.50829423344593
"296363",-1.90891997875398,5.8165914646739
"177539",-2.27722924524299,7.96356499371956
"297922",-1.29806558555271,5.78964200615032
"100994",-2.34011131513135,9.34697053126362
"301955",-0.786025873604582,5.71777678342075
"99099",-1.5046781009002,9.3829031426284
"330130",-2.16943141114864,5.20573707147263
"319706",-2.05265042421311,5.39438328113773
"166823",-0.31890192586243,8.16119435622585
"263780",0.0583904934677686,6.40947955219279
"113114",-0.615345969621873,9.13137486307494
"306445",-0.633312275304263,5.63692840785
"126870",-2.05265042421311,8.87984658352147
"314364",-0.929756319063705,5.49319796239087
"321730",-1.72925692193008,5.35845066977295
"165632",-2.08858303557789,8.17916066190824
"173297",-0.202120938926893,8.04441336929031
"22617",-1.00162154179327,10.7663086801725
"13646",-1.22620036282315,10.928005431314
"207384",-2.05265042421311,7.42457582324785
"9302",-0.0673736463089645,11.0088538068847
"260985",-2.72638688730275,6.45439531639876
"352998",-2.11553249410147,4.79251204077765
"151380",-0.642295428145458,8.4396720943029
"114482",-1.72027376908888,9.10442540455135
"129870",-1.89095367307159,8.8259476664743
"303000",-0.327885078703626,5.69981047773836
"186555",-1.64840854635932,7.80186824257804
"295274",-2.76231949866753,5.83455777035629
"248129",-2.13349879978386,6.68795729026984
"173603",-1.91790313159518,8.03543021644912
"297094",0.193137786085697,5.80760831183271
"32363",-2.74435319298514,10.5866456233486
"85378",0.247036703132868,9.63443142218187
"53397",-1.3070487383939,10.2093532040184
"63188",-2.64553851173199,10.0296901471945
"246738",-1.23518351566434,6.71490674879342
"178743",-0.390767148591992,7.94559868803717
"283111",-0.408733454274382,6.05913659138617
"251211",-1.23518351566434,6.63405837322267
"118972",-1.56756017078857,9.02357702898059
"246185",-1.73824007477127,6.72388990163462
"22101",-1.17230144577598,10.7752918330137
"95158",-1.19026775145837,9.45476836535796
"294530",-0.516531288368725,5.85252407603868
"155687",-2.13349879978386,8.35882371873215
"22464",-2.37604392649613,10.7663086801725
"306878",-1.20823405714076,5.6279452550088
"278543",-1.26213297418793,6.13998496695693
"6292",-0.31890192586243,11.0627527239319
"261231",-0.516531288368725,6.45439531639876
"55279",-2.2592629395606,10.1734205926536
"298443",-1.08246991736402,5.78065885330912
"164096",-2.49282491343167,8.20611012043183
"131452",-1.07348676452283,8.79899820795071
"103532",-1.86400421454801,9.30205476705765
"29639",-0.426699759956773,10.6405445403957
"114940",-2.0706167298955,9.09544225171016
"294486",-0.911790013381315,5.85252407603868
"299537",-0.184154633244502,5.76269254762673
"26932",-2.42095969070211,10.6854603046017
"100580",-1.59450962931215,9.35595368410482
"196720",0.372800842909601,7.62220518575414
"143432",-0.606362816780677,8.58340253976203
"268689",-0.48958182984514,6.31964802378083
"328286",-0.875857402016534,5.24166968283741
"20550",-1.71129061624769,10.8022412915372
"292105",0.0224578821029877,5.89743984024466
"295017",-0.606362816780677,5.84354092319749
"89180",-1.3160318912351,9.56256619945231
"73697",-1.99875150716594,9.84104393752936
"95578",-1.8819705202304,9.44578521251677
"116497",-1.47772864237661,9.06849279318657
"90568",-2.24129663387821,9.53561674092872
"119001",-1.3070487383939,9.02357702898059
"255620",-1.81010529750084,6.55320999765191
"199948",-1.8819705202304,7.55932311586577
"20099",-1.29806558555271,10.8112244443784
"16532",-2.08858303557789,10.8741065142668
"270771",0.354834537227211,6.28371541241605
"310777",-1.89993682591279,5.55608003227924
"18177",-0.705177498033824,10.8471570557432
"106059",-1.48671179521781,9.25713900285167
"301329",-1.94485259011876,5.72675993626195
"267576",-1.55857701794737,6.33761432946322
"311373",-1.01060469463446,5.54709687943805
"137853",-1.61247593499454,8.68221722101518
"294014",-0.687211192351434,5.86150722887988
"168102",-2.22333032819582,8.13424489770227
"257981",-2.92401624980904,6.50829423344593
"255571",-2.2502797867194,6.55320999765191
"217793",-2.30417870376657,7.23592961358275
"115002",-1.51366125374139,9.09544225171016
"249899",0.372800842909601,6.66100783174625
"313428",-0.408733454274382,5.51116426807326
"186569",-1.52264440658259,7.80186824257804
"319196",-2.16943141114864,5.40336643397892
"310951",-0.336868231544821,5.55608003227924
"91129",-1.66637485204171,9.52663358808753
"102516",-2.0616335770543,9.32002107274004
"302918",-1.06450361168163,5.69981047773836
"168862",0.139238869038526,8.12526174486107
"305515",-0.058390493467769,5.65489471353239
"30520",-1.44179603101183,10.6225782347133
"101686",-0.588396511098287,9.33798737842243
"215618",0.480598677003944,7.28084537778872
"255009",-2.83418472139709,6.5621931504931
"245812",-0.624329122463068,6.73287305447581
"77325",-0.660261733827848,9.77816186764099
"281819",-3.08571300095056,6.07710289706856
"212414",-1.51366125374139,7.33474429483589
"94017",-2.51079121911406,9.47273467104035
"301499",-0.417716607115578,5.72675993626195
"244147",-2.18739771683104,6.7598225129994
"10555",-2.20536402251343,10.9819043483611
"128874",-1.90891997875398,8.84391397215669
"286947",-1.66637485204171,5.98727136865661
"308458",-0.408733454274382,5.60099579648522
"279021",-1.43281287817064,6.13100181411573
"97114",-1.47772864237661,9.41883575399318
"165596",-2.41197653786092,8.17916066190824
"34054",-0.947722624746095,10.559696164825
"252616",-2.00773466000713,6.60710891469908
"279342",-3.01384777822099,6.12201866127454
"46869",-1.90891997875398,10.3261341909539
"125924",-1.62145908783574,8.89781288920386
"24553",-1.46874548953542,10.7303760688077
"119958",-1.63942539351813,9.0056107232982
"289579",-0.345851384386016,5.94235560445063
"302931",-0.947722624746095,5.69981047773836
"153275",-1.47772864237661,8.40373948293812
"189152",-0.642295428145458,7.75695247837207
"111471",-1.98078520148355,9.15832432159852
"118606",-0.390767148591992,9.03256018182179
"22592",-1.22620036282315,10.7663086801725
"109746",0.381783995750796,9.1942569329633
"277080",-1.01060469463446,6.16693442548052
"26689",-0.139238869038526,10.6944434574429
"179003",-2.51977437195526,7.93661553519597
"250175",-1.61247593499454,6.65202467890506
"22919",-2.75333634582633,10.7573255273313
"230039",0.552463899733505,7.02033394539406
"271793",0.606362816780677,6.26574910673366
"194918",-2.42095969070211,7.64915464427773
"244614",-2.45689230206689,6.7508393601582
"122911",-1.89993682591279,8.95171180625103
"307405",-0.9387394719049,5.61896210216761
"133349",-1.89095367307159,8.76306559658593
"216261",-2.67248797025558,7.26287907210633
"278564",-1.07348676452283,6.13998496695693
"137453",-0.741110109398605,8.69120037385637
"110992",-1.81908845034203,9.16730747443972
"319687",-2.22333032819582,5.39438328113773
"280608",-0.570430205415896,6.10405235559215
"239423",0.0224578821029877,6.84965404141135
"314275",-1.72925692193008,5.49319796239087
"148719",-2.22333032819582,8.48458785850888
"301043",-0.049407340626574,5.73574308910314
"242641",-2.32214500944896,6.78677197152299
"268775",0.282969314497649,6.31964802378083
"134797",-2.27722924524299,8.73611613806235
"194924",-2.36706077365494,7.64915464427773
"84859",0.0494073406265736,9.64341457502306
"25894",-2.8162184157147,10.7034266102841
"216547",-0.103306257673745,7.26287907210633
"121866",-2.35807762081374,8.96967811193342
"51260",-2.64553851173199,10.2452858153831
"177058",-2.13349879978386,7.97254814656075
"121933",-1.75620638045366,8.96967811193342
"28911",-2.50180806627287,10.6495276932369
"223765",-2.23231348103701,7.1281317794884
"121413",-1.96281889580115,8.97866126477462
"300464",-0.786025873604582,5.74472624194434
"98563",-1.85502106170681,9.3918862954696
"82804",-0.552463899733506,9.67934718638784
"217554",0.0134747292617927,7.24491276642394
"157186",-2.0616335770543,8.33187426020856
"41535",-0.71416065087502,10.424948872207
"198423",-2.18739771683104,7.58627257438936
"95762",-0.229070397450478,9.44578521251677
"141435",-0.687211192351434,8.61933515112681
"48028",-0.426699759956773,10.3081678852715
"222849",-1.53162755942378,7.14609808517079
"27513",-1.66637485204171,10.6764771517605
"18439",-2.8162184157147,10.838173902902
"103257",0.13025571619733,9.31103791989884
"120493",-1.29806558555271,8.99662757045701
"22912",-2.8162184157147,10.7573255273313
"249171",-1.70230746340649,6.66999098458745
"197937",-2.08858303557789,7.59525572723055
"252862",0.202120938926892,6.60710891469908
"295096",0.103306257673745,5.84354092319749
"27938",-2.31316185660777,10.6674939989193
"160333",-0.579413358257092,8.27797534316139
"54314",-1.99875150716594,10.191386898336
"278635",-0.435682912797968,6.13998496695693
"121634",0.0224578821029877,8.97866126477462
"68648",-2.70842058162036,9.93087546594131
"239742",-1.57654332362976,6.84067088857016
"298526",-0.336868231544821,5.78065885330912
"1837",-0.157205174720916,11.1436010995027
"122971",-1.36094765544108,8.95171180625103
"18649",-0.929756319063705,10.838173902902
"19142",-0.965688930428486,10.8291907500608
"249678",-1.61247593499454,6.66100783174625
"33372",-2.60960590036721,10.5686793176662
"31892",-2.51079121911406,10.5956287761898
"188964",-2.33112816229016,7.75695247837207
"163703",-1.55857701794737,8.21509327327302
"147218",-2.31316185660777,8.51153731703247
"26907",-2.64553851173199,10.6854603046017
"199715",0.489581829845139,7.56830626870697
"231458",-0.0943231048325499,6.99338448687048
"113978",-1.78315583897725,9.11340855739255
"304915",-0.983655236110876,5.66387786637358
"184719",-0.282969314497649,7.83780085394283
"14258",-0.193137786085697,10.9190222784728
"205350",-2.46587545490809,7.46050843461263
"139777",-2.18739771683104,8.64628460965039
"226039",0.336868231544821,7.09219916812362
"97576",-1.79213899181845,9.40985260115199
"200944",-1.86400421454801,7.54135681018338
"117501",-1.38789711396466,9.05052648750418
"226505",0.0583904934677686,7.08321601528243
"105688",-0.354834537227211,9.26612215569286
"311919",-0.570430205415896,5.53811372659685
"45282",-2.77130265150872,10.3530836494775
"174553",-2.31316185660777,8.01746391076673
"40970",-1.32501504407629,10.4339320250482
"149399",-0.579413358257092,8.47560470566768
"289646",0.256019855974063,5.94235560445063
"22961",-2.37604392649613,10.7573255273313
"223682",-2.97791516685621,7.1281317794884
"270566",-1.48671179521781,6.28371541241605
"122082",-0.417716607115578,8.96967811193342
"233217",-2.15146510546625,6.95745187550569
"281401",-2.37604392649613,6.08608604990976
"197218",0.381783995750796,7.61322203291294
"267435",-2.8252015685559,6.33761432946322
"195927",-2.28621239808418,7.63118833859533
"80414",0.30093562018004,9.72426295059382
"264990",-2.46587545490809,6.3825300936692
"35974",-1.55857701794737,10.5237635534602
"6305",-0.202120938926893,11.0627527239319
"290095",-0.175171480403307,5.93337245160944
"80274",-0.95670577758729,9.72426295059382
"114465",-1.8729873673892,9.10442540455135
"266737",-0.166188327562112,6.35558063514561
"16948",-2.8162184157147,10.8651233614256
"175498",-2.75333634582633,7.99949760508434
"265990",-2.41197653786092,6.36456378798681
"101007",-2.22333032819582,9.34697053126362
"29062",-1.14535198725239,10.6495276932369
"77717",-1.60349278215335,9.7691787147998
"229962",-0.139238869038526,7.02033394539406
"219544",0.0314410349441832,7.20898015505916
"298888",-1.54959386510617,5.77167570046793
"104158",-0.705177498033824,9.29307161421645
"211301",-2.58265644184362,7.35271060051828
"260263",-0.282969314497649,6.47236162208115
"17750",-0.0763567991501595,10.8561402085844
"118847",-2.69045427593797,9.02357702898059
"19687",-0.534497594051115,10.8202075972196
"274483",-2.01671781284833,6.21185018968649
"263138",-1.24416666850554,6.41846270503398
"320784",-1.29806558555271,5.37641697545534
"12139",-1.36993080828227,10.9549548898376
"156228",-1.73824007477127,8.34984056589095
"247720",-1.34298134975868,6.69694044311103
"26111",-0.866874249175338,10.7034266102841
"28895",-2.64553851173199,10.6495276932369
"89286",-0.363817690068406,9.56256619945231
"206906",-1.8819705202304,7.43355897608904
"276457",-2.14248195262506,6.17591757832171
"267836",0.777042720763386,6.33761432946322
"37555",-0.750093262239801,10.4968140949366
"199445",-1.93586943727757,7.56830626870697
"281696",0.273986161656454,6.08608604990976
"152189",-2.30417870376657,8.42170578862051
"231942",-0.211104091768088,6.98440133402928
"59401",-0.947722624746095,10.101555369924
"25950",-2.31316185660777,10.7034266102841
"13546",-2.12451564694267,10.928005431314
"52313",-2.11553249410147,10.2273195097008
"30360",-2.87910048560307,10.6225782347133
"252528",-2.79825211003231,6.60710891469908
"298471",-0.830941637810557,5.78065885330912
"100102",-1.42382972532944,9.36493683694601
"45884",-1.82807160318323,10.3441004966363
"105517",-1.89095367307159,9.26612215569286
"318300",-1.28908243271151,5.42133273966131
"118970",-1.58552647647096,9.02357702898059
"91567",-2.19638086967223,9.51765043524633
"137989",-0.390767148591992,8.68221722101518
"321286",-1.25314982134673,5.36743382261414
"305463",-0.52551444120992,5.65489471353239
"120407",-2.0706167298955,8.99662757045701
"199409",-2.2592629395606,7.56830626870697
"175993",-2.77130265150872,7.99051445224314
"244326",-0.579413358257092,6.7598225129994
"294319",-2.41197653786092,5.85252407603868
"245649",-2.08858303557789,6.73287305447581
"10682",-1.06450361168163,10.9819043483611
"86298",-0.417716607115578,9.61646511649948
"146272",-1.8819705202304,8.52950362271486
"132967",-0.857891096334143,8.77204874942713
"187504",-2.05265042421311,7.78390193689565
"216024",-0.336868231544821,7.27186222494753
"312791",-1.66637485204171,5.52014742091446
"75138",-2.4479091492257,9.81409447900577
"260541",-2.2502797867194,6.46337846923996
"127911",-1.63044224067693,8.86188027783908
"82584",-2.52875752479645,9.67934718638784
"151266",-1.66637485204171,8.4396720943029
"243592",-2.70842058162036,6.76880566584059
"108031",-1.63044224067693,9.22120639148689
"296444",-1.18128459861717,5.8165914646739
"197922",-2.22333032819582,7.59525572723055
"122048",-0.723143803716215,8.96967811193342
"119584",-0.534497594051115,9.0145938761394
"16219",-0.435682912797968,10.883089667108
"263053",-2.00773466000713,6.41846270503398
"250336",-0.166188327562112,6.65202467890506
"212864",-1.93586943727757,7.3257611419947
"102447",-2.68147112309677,9.32002107274004
"220366",-1.51366125374139,7.19101384937677
"92021",-2.58265644184362,9.50866728240513
"213363",-1.91790313159518,7.3167779891535
"272382",-3.03181408390339,6.24778280105127
"100156",-0.9387394719049,9.36493683694601
"141284",-2.04366727137191,8.61933515112681
"110987",-1.86400421454801,9.16730747443972
"230284",-1.71129061624769,7.01135079255287
"251853",0.067373646308964,6.62507522038147
"157696",-1.94485259011876,8.32289110736737
"225836",-1.48671179521781,7.09219916812362
"235490",0.408733454274382,6.92151926414091
"65768",-1.79213899181845,9.98477438298848
"254038",-2.6275722060496,6.58015945617549
"172558",-2.37604392649613,8.05339652213151
"10499",-2.70842058162036,10.9819043483611
"287100",-0.291952467338845,5.98727136865661
"302513",-0.238053550291673,5.70879363057956
"158188",-1.98976835432474,8.31390795452617
"190955",-2.30417870376657,7.72101986700729
"115503",-1.47772864237661,9.08645909886896
"138288",-2.16943141114864,8.67323406817398
"250232",-1.10043622304641,6.65202467890506
"203450",-1.67535800488291,7.49644104597741
"181594",-1.56756017078857,7.89169977099
"42092",-0.175171480403307,10.4159657193659
"165691",-1.55857701794737,8.17916066190824
"274752",0.399750301433187,6.21185018968649
"132300",-2.38502707933733,8.78103190226832
"308940",-0.543480746892311,5.59201264364402
"146350",-1.18128459861717,8.52950362271486
"266928",-2.91503309696785,6.34659748230442
"102944",-2.68147112309677,9.31103791989884
"264956",-2.77130265150872,6.3825300936692
"218798",-2.20536402251343,7.21796330790036
"186708",-0.273986161656454,7.80186824257804
"193971",-1.99875150716594,7.66712094996012
"298028",-0.345851384386016,5.78964200615032
"202012",-1.19925090429956,7.52339050450099
"118917",-2.0616335770543,9.02357702898059
"104062",-1.56756017078857,9.29307161421645
"252193",-1.34298134975868,6.61609206754028
"256128",-1.71129061624769,6.54422684481071
"99269",0.0224578821029877,9.3829031426284
"177555",-2.13349879978386,7.96356499371956
"111007",-1.6843411577241,9.16730747443972
"164146",-2.04366727137191,8.20611012043183
"217821",-2.05265042421311,7.23592961358275
"149223",-2.16044825830745,8.47560470566768
"226687",-2.77130265150872,7.07423286244123
"262847",0.606362816780677,6.42744585787518
"112689",0.0314410349441832,9.14035801591613
"214252",-2.86113417992068,7.29881168347111
"210143",0.408733454274382,7.37966005904187
"313737",-2.09756618841908,5.50218111523207
"200915",-2.12451564694267,7.54135681018338
"24579",-1.23518351566434,10.7303760688077
"15124",-1.34298134975868,10.9010559727904
"34362",-2.64553851173199,10.5507130119838
"20700",-0.363817690068406,10.8022412915372
"124889",-1.98976835432474,8.91577919488625
"296982",-0.812975332128167,5.80760831183271
"127425",-1.53162755942378,8.87086343068028
"230999",0.247036703132868,7.00236763971167
"85569",-2.50180806627287,9.62544826934067
"251877",0.282969314497649,6.62507522038147
"297472",-0.875857402016534,5.79862515899151
"137311",-2.01671781284833,8.69120037385637
"129405",-1.60349278215335,8.83493081931549
"172775",-0.426699759956773,8.05339652213151
"102491",-2.28621239808418,9.32002107274004
"134856",-1.74722322761247,8.73611613806235
"336047",-2.59163959468482,5.09793923737828
"104293",0.50754813552753,9.29307161421645
"122404",-1.98976835432474,8.96069495909223
"104525",-1.8729873673892,9.28408846137526
"264100",-1.53162755942378,6.40049639935159
"271717",-0.0763567991501595,6.26574910673366
"132544",-0.193137786085697,8.78103190226832
"120456",-1.63044224067693,8.99662757045701
"15485",-2.56469013616123,10.8920728199492
"39535",-0.821958484969362,10.4608814835718
"104703",-0.273986161656454,9.28408846137526
"262337",0.489581829845139,6.43642901071637
"88674",-1.39688026680586,9.5715493522935
"285082",-0.561447052574701,6.02320398002139
"120188",0.426699759956773,9.0056107232982
"28470",-1.99875150716594,10.6585108460781
"292044",-0.52551444120992,5.89743984024466
"108659",-0.453649218480359,9.21222323864569
"210351",-2.18739771683104,7.37067690620067
"266457",-2.68147112309677,6.35558063514561
"189554",-1.495694948059,7.74796932553087
"293111",0.13025571619733,5.87947353456227
"41024",-0.839924790651753,10.4339320250482
"244113",-2.49282491343167,6.7598225129994
"244202",-1.6933243105653,6.7598225129994
"99550",-1.91790313159518,9.37391998978721
"119942",-1.78315583897725,9.0056107232982
"11248",-0.444666065639163,10.97292119552
"135263",-2.55570698332004,8.72713298522115
"128944",-1.28009927987032,8.84391397215669
"133795",-2.34909446797255,8.75408244374474
"308989",-0.103306257673745,5.59201264364402
"227816",-1.55857701794737,7.05626655675884
"181992",-2.45689230206689,7.8827166181488
"236441",0.0224578821029877,6.90355295845852
"221873",-1.36993080828227,7.16406439085318
"225753",-2.23231348103701,7.09219916812362
"13201",-0.759076415080996,10.9369885841552
"40831",-2.57367328900243,10.4339320250482
"67688",-2.40299338501972,9.9488417716237
"260279",-0.139238869038526,6.47236162208115
"113539",-1.26213297418793,9.12239171023374
"119962",-1.60349278215335,9.0056107232982
"293512",-0.73212695655741,5.87049038172107
"309472",-0.229070397450478,5.58302949080283
"280716",0.399750301433187,6.10405235559215
"288664",0.363817690068406,5.96032191013303
"78779",-0.992638388952071,9.75121240911741
"294033",-0.516531288368725,5.86150722887988
"254137",-1.73824007477127,6.58015945617549
"124909",-1.81010529750084,8.91577919488625
"345551",-2.04366727137191,4.92725933339558
"249515",-3.07672984810936,6.66100783174625
"25112",-0.911790013381315,10.7213929159665
"319200",-2.13349879978386,5.40336643397892
"339577",-2.13349879978386,5.03505716748992
"84393",0.327885078703625,9.65239772786426
"114891",-2.51079121911406,9.09544225171016
"283582",-0.642295428145458,6.05015343854498
"168702",-1.29806558555271,8.12526174486107
"134356",-1.77417268613606,8.74509929090354
"100292",0.282969314497649,9.36493683694601
"320256",-1.57654332362976,5.38540012829653
"81740",-1.18128459861717,9.69731349207023
"238673",-2.2502797867194,6.85863719425255
"281101",-0.606362816780677,6.09506920275095
"93017",-2.56469013616123,9.49070097672275
"277088",-0.9387394719049,6.16693442548052
"26458",-2.21434717535462,10.6944434574429
"235793",-1.33399819691749,6.91253611129972
"127920",-1.54959386510617,8.86188027783908
"35365",-2.56469013616123,10.5327467063014
"244632",-2.29519555092538,6.7508393601582
"314274",-1.73824007477127,5.49319796239087
"255064",-2.34011131513135,6.5621931504931
"263510",-2.36706077365494,6.40947955219279
"191675",-0.30093562018004,7.71203671416609
"281173",0.0404241877853782,6.09506920275095
"190730",0.139238869038526,7.73000301984848
"117580",-0.678228039510239,9.05052648750418
"140317",-1.80112214465964,8.6373014568092
"308981",-0.175171480403307,5.59201264364402
"185183",-0.579413358257092,7.82881770110163
"208398",-1.8729873673892,7.40660951756545
"229340",-1.26213297418793,7.02931709823526
"11170",-1.14535198725239,10.97292119552
"138812",-1.92688628443637,8.66425091533278
"103548",-1.72027376908888,9.30205476705765
"125510",-0.875857402016534,8.90679604204506
"180734",-0.363817690068406,7.90966607667239
"191909",-2.66350481741438,7.7030535613249
"304506",-0.193137786085697,5.67286101921478
"168084",-2.38502707933733,8.13424489770227
"140338",-1.61247593499454,8.6373014568092
"285607",-0.309918773021235,6.0142208271802
"28106",-0.803992179286972,10.6674939989193
"11195",-0.92077316622251,10.97292119552
"313287",-1.67535800488291,5.51116426807326
"292054",-0.435682912797968,5.89743984024466
"102604",-1.27111612702912,9.32002107274004
"232792",-1.5046781009002,6.96643502834689
"112486",-1.79213899181845,9.14035801591613
"118953",-1.73824007477127,9.02357702898059
"243903",0.0853399519913545,6.76880566584059
"291522",-0.750093262239801,5.90642299308585
"188160",-0.624329122463068,7.77491878405446
"239961",0.390767148591992,6.84067088857016
"116924",-2.10654934126028,9.05950964034538
"13740",-0.381783995750797,10.928005431314
"73191",-2.07959988273669,9.85002709037055
"231738",-2.04366727137191,6.98440133402928
"116952",-1.85502106170681,9.05950964034538
"274455",-2.26824609240179,6.21185018968649
"12015",-2.48384176059048,10.9549548898376
"78592",-2.67248797025558,9.75121240911741
"19503",-2.18739771683104,10.8202075972196
"280612",-0.534497594051115,6.10405235559215
"267198",-0.48958182984514,6.34659748230442
"76103",-2.70842058162036,9.79612817332338
"83296",-0.597379663939482,9.67036403354665
"254117",-1.91790313159518,6.58015945617549
"188741",0.13025571619733,7.76593563121326
"288550",-0.660261733827848,5.96032191013303
"237976",0.417716607115577,6.87660349993494
"105569",-1.42382972532944,9.26612215569286
"233859",-0.848907943492948,6.9484687226645
"289534",-0.750093262239801,5.94235560445063
"113529",-1.35196450259988,9.12239171023374
"68650",-2.69045427593797,9.93087546594131
"13634",-1.33399819691749,10.928005431314
"73322",-0.902806860540119,9.85002709037055
"215325",-2.15146510546625,7.28084537778872
"95342",0.462632371321554,9.45476836535796
"166584",-2.46587545490809,8.16119435622585
"15717",-0.480598677003944,10.8920728199492
"156704",-1.92688628443637,8.34085741304976
"119644",0.00449157642059728,9.0145938761394
"296475",-0.902806860540119,5.8165914646739
"273589",-1.1184025287288,6.22981649536888
"87685",-1.35196450259988,9.58951565797589
"172816",-0.058390493467769,8.05339652213151
"200889",-2.35807762081374,7.54135681018338
"246100",-2.50180806627287,6.72388990163462
"109905",-2.65452166457319,9.18527378012211
"123452",-1.5046781009002,8.94272865340984
"117948",-1.83705475602442,9.04154333466298
"213514",-0.561447052574701,7.3167779891535
"183011",-2.23231348103701,7.86475031246641
"267206",-0.417716607115578,6.34659748230442
"304456",-0.642295428145458,5.67286101921478
"194381",-2.78028580434992,7.65813779711892
"299497",-0.543480746892311,5.76269254762673
"137921",-1.00162154179327,8.68221722101518
"34339",-2.85215102707948,10.5507130119838
"209395",-1.84603790886562,7.38864321188306
"105454",-2.45689230206689,9.26612215569286
"96833",0.462632371321554,9.42781890683438
"261311",0.202120938926892,6.45439531639876
"150402",-0.498564982686335,8.4576383999853
"16469",-2.65452166457319,10.8741065142668
"332166",-1.73824007477127,5.16980446010785
"142862",-1.26213297418793,8.59238569260322
"278715",0.282969314497649,6.13998496695693
"62215",-2.45689230206689,10.0476564528768
"38038",-0.875857402016534,10.4878309420954
"8763",-0.444666065639163,11.0178369597259
"177023",-2.4479091492257,7.97254814656075
"32943",-1.99875150716594,10.5776624705074
"196110",-0.642295428145458,7.63118833859533
"335630",-1.8729873673892,5.10692239021948
"313927",-0.390767148591992,5.50218111523207
"304947",-0.696194345192629,5.66387786637358
"127941",-1.36094765544108,8.86188027783908
"116121",-0.390767148591992,9.07747594602776
"89148",-1.60349278215335,9.56256619945231
"137821",-1.89993682591279,8.68221722101518
"239957",0.354834537227211,6.84067088857016
"157799",-1.01958784747566,8.32289110736737
"222755",-2.37604392649613,7.14609808517079
"166315",-0.417716607115578,8.17017750906705
"328099",-2.55570698332004,5.24166968283741
"200404",-2.2502797867194,7.55033996302458
"95655",-1.19026775145837,9.44578521251677
"57226",-2.6275722060496,10.1374879812888
"235457",0.11228941051494,6.92151926414091
"285341",-2.69943742877916,6.0142208271802
"191189",-0.202120938926893,7.72101986700729
"188458",-2.41197653786092,7.76593563121326
"98294",0.193137786085697,9.40086944831079
"261605",-1.62145908783574,6.44541216355757
"90637",-1.62145908783574,9.53561674092872
"278676",-0.0673736463089645,6.13998496695693
"37321",-2.85215102707948,10.4968140949366
"168620",-2.03468411853072,8.12526174486107
"175831",0.238053550291673,7.99949760508434
"100079",-1.63044224067693,9.36493683694601
"101043",-1.89993682591279,9.34697053126362
"175101",-1.85502106170681,8.00848075792553
"103667",-0.651278580986653,9.30205476705765
"19495",-2.2592629395606,10.8202075972196
"144812",-1.60349278215335,8.55645308123844
"117106",-0.471615524162749,9.05950964034538
"12141",-1.35196450259988,10.9549548898376
"212393",-1.70230746340649,7.33474429483589
"202634",-0.0763567991501595,7.5144073516598
"253297",-0.354834537227211,6.59812576185789
"47861",-1.92688628443637,10.3081678852715
"135797",-2.22333032819582,8.71814983237996
"27462",-2.12451564694267,10.6764771517605
"156694",-2.01671781284833,8.34085741304976
"295522",-0.534497594051115,5.83455777035629
"185543",-1.81010529750084,7.81983454826043
"113975",-1.81010529750084,9.11340855739255
"251913",0.606362816780677,6.62507522038147
"197410",-2.35807762081374,7.60423888007175
"126000",-0.9387394719049,8.89781288920386
"136880",-1.42382972532944,8.70018352669757
"37466",-1.54959386510617,10.4968140949366
"156687",-2.07959988273669,8.34085741304976
"25064",-1.34298134975868,10.7213929159665
"32034",-1.23518351566434,10.5956287761898
"298441",-1.10043622304641,5.78065885330912
"191171",-0.363817690068406,7.72101986700729
"261583",-1.81908845034203,6.44541216355757
"200398",-2.30417870376657,7.55033996302458
"138853",-1.55857701794737,8.66425091533278
"190431",-2.54672383047884,7.73000301984848
"328659",-1.98976835432474,5.23268652999621
"135535",-0.11228941051494,8.72713298522115
"123090",-0.291952467338845,8.95171180625103
"169596",-2.19638086967223,8.10729543917868
"82091",-2.49282491343167,9.68833033922904
"106241",0.148222021879721,9.25713900285167
"101658",-0.839924790651753,9.33798737842243
"112709",0.211104091768088,9.14035801591613
"268212",-0.309918773021235,6.32863117662203
"109107",-0.893823707698924,9.2032400858045
"259556",-2.16943141114864,6.48134477492235
"83080",-2.53774067763765,9.67036403354665
"281868",-2.64553851173199,6.07710289706856
"94581",-1.90891997875398,9.46375151819916
"212097",0.103306257673745,7.34372744767709
"251687",-1.42382972532944,6.62507522038147
"30894",-2.54672383047884,10.6135950818721
"297047",-0.229070397450478,5.80760831183271
"100098",-1.45976233669422,9.36493683694601
"276100",-0.884840554857729,6.18490073116291
"123941",-1.57654332362976,8.93374550056864
"111008",-1.67535800488291,9.16730747443972
"194007",-1.67535800488291,7.66712094996012
"78606",-2.54672383047884,9.75121240911741
"206172",0.453649218480358,7.45152528177143
"306892",-1.08246991736402,5.6279452550088
"128052",-0.363817690068406,8.86188027783908
"118949",-1.77417268613606,9.02357702898059
"309864",-1.17230144577598,5.57404633796163
"144433",-0.543480746892311,8.56543623407964
"108548",-1.45077918385303,9.21222323864569
"49784",-2.51079121911406,10.2722352739067
"110524",-1.55857701794737,9.17629062728091
"187930",-2.69045427593797,7.77491878405446
"18605",-1.32501504407629,10.838173902902
"216336",-1.99875150716594,7.26287907210633
"110137",-0.570430205415896,9.18527378012211
"252682",-1.41484657248825,6.60710891469908
"249112",-2.23231348103701,6.66999098458745
"37587",-0.462632371321554,10.4968140949366
"203590",-0.417716607115578,7.49644104597741
"150200",-2.31316185660777,8.4576383999853
"272900",-2.84316787423829,6.23879964821008
"210083",-0.130255716197331,7.37966005904187
"86197",-1.32501504407629,9.61646511649948
"150290",-1.5046781009002,8.4576383999853
"175681",-1.10941937588761,7.99949760508434
"186139",-0.92077316622251,7.81085139541924
"213335",-2.16943141114864,7.3167779891535
"229783",-1.74722322761247,7.02033394539406
"263936",-3.0048646253798,6.40049639935159
"35517",-1.19925090429956,10.5327467063014
"113017",-1.48671179521781,9.13137486307494
"22419",-2.78028580434992,10.7663086801725
"302469",-0.633312275304263,5.70879363057956
"191518",-1.71129061624769,7.71203671416609
"228257",-2.0616335770543,7.04728340391765
"309358",-1.25314982134673,5.58302949080283
"93179",-1.10941937588761,9.49070097672275
"65228",-2.17841456398984,9.99375753582968
"110008",-1.72925692193008,9.18527378012211
"221374",-1.38789711396466,7.17304754369438
"25919",-2.59163959468482,10.7034266102841
"302494",-0.408733454274382,5.70879363057956
"147345",-1.17230144577598,8.51153731703247
"13586",-1.76518953329486,10.928005431314
"258794",-0.0853399519913549,6.49931108060474
"310861",-1.14535198725239,5.55608003227924
"118874",-2.4479091492257,9.02357702898059
"317690",-2.30417870376657,5.43031589250251
"24440",-2.48384176059048,10.7303760688077
"201853",-2.6275722060496,7.52339050450099
"267269",0.148222021879721,6.34659748230442
"48766",-2.72638688730275,10.2902015795891
"219363",-1.59450962931215,7.20898015505916
"268544",-1.79213899181845,6.31964802378083
"21659",-0.678228039510239,10.7842749858549
"173600",-1.94485259011876,8.03543021644912
"295444",-1.23518351566434,5.83455777035629
"305330",-1.72027376908888,5.65489471353239
"286580",-0.498564982686335,5.99625452149781
"191979",-2.03468411853072,7.7030535613249
"98605",-1.47772864237661,9.3918862954696
"63698",-2.52875752479645,10.0207069943533
"37471",-1.5046781009002,10.4968140949366
"111993",-1.75620638045366,9.14934116875733
"273957",-2.27722924524299,6.22083334252769
"275124",-0.723143803716215,6.2028670368453
"189212",-0.103306257673745,7.75695247837207
"121047",-0.786025873604582,8.98764441761581
"114530",-1.28908243271151,9.10442540455135
"176032",-2.42095969070211,7.99051445224314
"237764",-1.48671179521781,6.87660349993494
"229460",-0.184154633244502,7.02931709823526
"165619",-2.20536402251343,8.17916066190824
"32595",-0.660261733827848,10.5866456233486
"198478",-1.6933243105653,7.58627257438936
"269945",-2.60062274752601,6.29269856525725
"251223",-1.12738568157,6.63405837322267
"237434",0.0134747292617927,6.88558665277613
"274447",-2.34011131513135,6.21185018968649
"112528",-1.41484657248825,9.14035801591613
"200194",0.327885078703625,7.55932311586577
"267977",-2.42095969070211,6.32863117662203
"76689",-1.90891997875398,9.78714502048219
"136303",-2.14248195262506,8.70916667953876
"291534",-0.642295428145458,5.90642299308585
"47867",-1.8729873673892,10.3081678852715
"277405",-2.55570698332004,6.15795127263932
"117004",-1.38789711396466,9.05950964034538
"105507",-1.98078520148355,9.26612215569286
"205908",-1.91790313159518,7.45152528177143
"107057",-1.45077918385303,9.23917269716928
"142309",-1.76518953329486,8.60136884544442
"241199",-1.8819705202304,6.81372143004657
"163702",-1.56756017078857,8.21509327327302
"102980",-2.35807762081374,9.31103791989884
"254778",-0.444666065639163,6.5711763033343
"159646",-2.28621239808418,8.28695849600259
"231180",-2.59163959468482,6.99338448687048
"299065",0.0404241877853782,5.77167570046793
"212254",-2.95096570833263,7.33474429483589
"25428",-2.53774067763765,10.7124097631253
"115496",-1.54061071226498,9.08645909886896
"141854",-1.38789711396466,8.61035199828561
"271185",-0.390767148591992,6.27473225957486
"308761",-2.15146510546625,5.59201264364402
"251875",0.265003008815259,6.62507522038147
"120393",-2.19638086967223,8.99662757045701
"101989",-2.33112816229016,9.32900422558123
"229045",0.552463899733505,7.03830025107645
"91139",-1.57654332362976,9.52663358808753
"306475",-0.363817690068406,5.63692840785
"271197",-0.282969314497649,6.27473225957486
"93654",-1.3070487383939,9.48171782388155
"109050",-1.40586341964705,9.2032400858045
"31084",-0.839924790651753,10.6135950818721
"178001",-2.59163959468482,7.95458184087836
"284837",-2.76231949866753,6.02320398002139
"305014",-0.0943231048325499,5.66387786637358
"128410",-1.61247593499454,8.85289712499788
"34883",-2.42994284354331,10.5417298591426
"288640",0.148222021879721,5.96032191013303
"311463",-0.202120938926893,5.54709687943805
"115930",-2.10654934126028,9.07747594602776
"113058",-1.1184025287288,9.13137486307494
"108990",-1.94485259011876,9.2032400858045
"20729",-0.103306257673745,10.8022412915372
"146783",-1.75620638045366,8.52052046987366
"66195",-2.42095969070211,9.97579123014729
"107033",-1.66637485204171,9.23917269716928
"169634",-1.85502106170681,8.10729543917868
"112036",-1.36993080828227,9.14934116875733
"30395",-2.56469013616123,10.6225782347133
"13672",-0.992638388952071,10.928005431314
"97550",-2.02570096568952,9.40985260115199
"232176",-2.57367328900243,6.97541818118808
"191008",-1.82807160318323,7.72101986700729
"185010",-2.13349879978386,7.82881770110163
"234135",-2.83418472139709,6.9394855698233
"99472",-2.61858905320841,9.37391998978721
"121439",-1.72925692193008,8.97866126477462
"260309",0.13025571619733,6.47236162208115
"202350",-2.6275722060496,7.5144073516598
"99566",-1.77417268613606,9.37391998978721
"103795",0.498564982686334,9.30205476705765
"296014",-0.579413358257092,5.8255746175151
"211799",-2.57367328900243,7.34372744767709
"106098",-1.13636883441119,9.25713900285167
"108528",-1.63044224067693,9.21222323864569
"265213",-0.462632371321554,6.3825300936692
"255355",0.273986161656454,6.5621931504931
"129537",-0.417716607115578,8.83493081931549
"18637",-1.03755415315805,10.838173902902
"239445",0.220087244609283,6.84965404141135
"288441",-1.63942539351813,5.96032191013303
"25140",-0.660261733827848,10.7213929159665
"48865",-1.83705475602442,10.2902015795891
"180594",-1.62145908783574,7.90966607667239
"254563",-2.37604392649613,6.5711763033343
"26112",-0.857891096334143,10.7034266102841
"192245",0.354834537227211,7.7030535613249
"221716",-2.78028580434992,7.16406439085318
"255138",-1.67535800488291,6.5621931504931
"275215",0.0943231048325495,6.2028670368453
"141459",-0.471615524162749,8.61933515112681
"167153",-1.81908845034203,8.15221120338466
"120602",-0.31890192586243,8.99662757045701
"301051",0.0224578821029877,5.73574308910314
"119516",-1.14535198725239,9.0145938761394
"277650",-0.354834537227211,6.15795127263932
"37335",-2.72638688730275,10.4968140949366
"205643",0.166188327562111,7.46050843461263
"214044",-0.265003008815259,7.30779483631231
"254534",-2.6365553588908,6.5711763033343
"201993",-1.36993080828227,7.52339050450099
"278721",0.336868231544821,6.13998496695693
"139885",-1.21721720998195,8.64628460965039
"101484",-2.40299338501972,9.33798737842243
"72749",-1.58552647647096,9.85901024321175
"273629",-0.759076415080996,6.22981649536888
"184231",-0.202120938926893,7.84678400678402
"228203",-2.54672383047884,7.04728340391765
"198919",-2.19638086967223,7.57728942154816
"30038",-1.3070487383939,10.6315613875545
"72339",-0.803992179286972,9.86799339605294
"245718",-1.46874548953542,6.73287305447581
"41608",-0.058390493467769,10.424948872207
"33032",-1.19925090429956,10.5776624705074
"278148",-0.345851384386016,6.14896811979813
"264176",-0.848907943492948,6.40049639935159
"21447",-2.58265644184362,10.7842749858549
"207854",-2.29519555092538,7.41559267040665
"151406",-0.408733454274382,8.4396720943029
"291949",-1.37891396112347,5.89743984024466
"133336",-2.00773466000713,8.76306559658593
"197449",-2.00773466000713,7.60423888007175
"281829",-2.9958814725386,6.07710289706856
"22649",-0.71416065087502,10.7663086801725
"23942",-2.49282491343167,10.7393592216489
"211537",-0.462632371321554,7.35271060051828
"22576",-1.36993080828227,10.7663086801725
"32419",-2.24129663387821,10.5866456233486
"255716",-0.947722624746095,6.55320999765191
"212776",-2.72638688730275,7.3257611419947
"261481",-2.73537004014394,6.44541216355757
"41991",-1.08246991736402,10.4159657193659
"191919",-2.57367328900243,7.7030535613249
"31890",-2.52875752479645,10.5956287761898
"45325",-2.38502707933733,10.3530836494775
"307968",-0.345851384386016,5.60997894932641
"191670",-0.345851384386016,7.71203671416609
"34841",-2.80723526287351,10.5417298591426
"60730",-2.40299338501972,10.0746059114004
"145261",-2.03468411853072,8.54746992839725
"226723",-2.4479091492257,7.07423286244123
"157885",-0.247036703132868,8.32289110736737
"129866",-1.92688628443637,8.8259476664743
"308941",-0.534497594051115,5.59201264364402
"102584",-1.45077918385303,9.32002107274004
"151849",-0.893823707698924,8.43068894146171
"21645",-0.803992179286972,10.7842749858549
"117482",-1.55857701794737,9.05052648750418
"241067",-3.06774669526817,6.81372143004657
"300969",-0.71416065087502,5.73574308910314
"224015",0.0134747292617927,7.1281317794884
"27160",-0.372800842909601,10.6854603046017
"30960",-1.95383574295996,10.6135950818721
"14010",-2.42095969070211,10.9190222784728
"267219",-0.30093562018004,6.34659748230442
"271506",-1.97180204864235,6.26574910673366
"138317",-1.90891997875398,8.67323406817398
"211337",-2.2592629395606,7.35271060051828
"144313",-1.62145908783574,8.56543623407964
"174772",-0.345851384386016,8.01746391076673
"178522",-2.37604392649613,7.94559868803717
"261608",-1.59450962931215,6.44541216355757
"306433",-0.741110109398605,5.63692840785
"15617",-1.37891396112347,10.8920728199492
"233776",-1.59450962931215,6.9484687226645
"100651",-0.95670577758729,9.35595368410482
"272711",-0.0763567991501595,6.24778280105127
"131367",-1.83705475602442,8.79899820795071
"262492",-2.58265644184362,6.42744585787518
"47791",-2.55570698332004,10.3081678852715
"246569",-2.75333634582633,6.71490674879342
"243692",-1.81010529750084,6.76880566584059
"110177",-0.211104091768088,9.18527378012211
"246355",-0.211104091768088,6.72388990163462
"192160",-0.408733454274382,7.7030535613249
"105774",0.417716607115577,9.26612215569286
"108965",-2.16943141114864,9.2032400858045
"306492",-0.211104091768088,5.63692840785
"290795",-2.8162184157147,5.91540614592705
"164326",-0.426699759956773,8.20611012043183
"251195",-1.37891396112347,6.63405837322267
"78700",-1.70230746340649,9.75121240911741
"216770",-2.56469013616123,7.25389591926514
"168193",-1.40586341964705,8.13424489770227
"309921",-0.660261733827848,5.57404633796163
"137810",-1.99875150716594,8.68221722101518
"309969",-0.229070397450478,5.57404633796163
"194894",-2.6365553588908,7.64915464427773
"275603",-0.884840554857729,6.1938838840041
"258135",-1.54061071226498,6.50829423344593
"285638",-0.0314410349441836,6.0142208271802
"325144",-2.31316185660777,5.29556859988458
"169586",-2.28621239808418,8.10729543917868
"138931",-0.857891096334143,8.66425091533278
"143794",-1.81908845034203,8.57441938692083
"47826",-2.24129663387821,10.3081678852715
"123108",-0.130255716197331,8.95171180625103
"16622",-1.28009927987032,10.8741065142668
"120920",-1.92688628443637,8.98764441761581
"68660",-2.60062274752601,9.93087546594131
"168335",-0.130255716197331,8.13424489770227
"265604",-1.41484657248825,6.373546940828
"239756",-1.45077918385303,6.84067088857016
"101021",-2.09756618841908,9.34697053126362
"242252",-1.35196450259988,6.79575512436418
"41316",-2.68147112309677,10.424948872207
"107001",-1.95383574295996,9.23917269716928
"172599",-2.00773466000713,8.05339652213151
"187713",-0.175171480403307,7.78390193689565
"167600",-2.26824609240179,8.14322805054346
"115478",-1.70230746340649,9.08645909886896
"235666",-2.47485860774928,6.91253611129972
"175633",-1.54061071226498,7.99949760508434
"121425",-1.85502106170681,8.97866126477462
"61306",-1.6933243105653,10.0656227585592
"114462",-1.89993682591279,9.10442540455135
"113992",-1.65739169920052,9.11340855739255
"259316",0.139238869038526,6.49032792776354
"110012",-1.6933243105653,9.18527378012211
"258002",-2.73537004014394,6.50829423344593
"177521",-2.4389259963845,7.96356499371956
"31912",-2.33112816229016,10.5956287761898
"166603",-2.29519555092538,8.16119435622585
"325805",-0.839924790651753,5.28658544704338
"286642",0.0583904934677686,5.99625452149781
"236916",-0.175171480403307,6.89456980561733
"303468",-0.588396511098287,5.69082732489717
"323151",-2.35807762081374,5.33150121124936
"298019",-0.426699759956773,5.78964200615032
"26449",-2.29519555092538,10.6944434574429
"234778",-1.52264440658259,6.93050241698211
"260216",-0.705177498033824,6.47236162208115
"19582",-1.47772864237661,10.8202075972196
"210035",-0.561447052574701,7.37966005904187
"268928",-2.80723526287351,6.31066487093964
"21582",-1.36993080828227,10.7842749858549
"16136",-1.18128459861717,10.883089667108
"221587",0.52551444120992,7.17304754369438
"77338",-0.543480746892311,9.77816186764099
"68231",-1.98976835432474,9.93985861878251
"55741",-2.57367328900243,10.1644374398124
"193395",-2.70842058162036,7.67610410280131
"259137",-1.46874548953542,6.49032792776354
"131298",-2.45689230206689,8.79899820795071
"256723",-0.830941637810557,6.53524369196952
"112452",-2.09756618841908,9.14035801591613
"255379",0.489581829845139,6.5621931504931
"103765",0.229070397450478,9.30205476705765
"238740",-1.64840854635932,6.85863719425255
"306477",-0.345851384386016,5.63692840785
"245652",-2.0616335770543,6.73287305447581
"292609",0.0853399519913545,5.88845668740346
"124911",-1.79213899181845,8.91577919488625
"312431",-0.435682912797968,5.52913057375565
"276649",-0.417716607115578,6.17591757832171
"124875",-2.11553249410147,8.91577919488625
"109149",-0.516531288368725,9.2032400858045
"115641",-0.238053550291673,9.08645909886896
"272671",-0.435682912797968,6.24778280105127
"270716",-0.139238869038526,6.28371541241605
"110936",-2.32214500944896,9.16730747443972
"317710",-2.12451564694267,5.43031589250251
"265279",0.13025571619733,6.3825300936692
"167089",-2.39401023217853,8.15221120338466
"24551",-1.48671179521781,10.7303760688077
"262346",0.570430205415896,6.43642901071637
"115466",-1.81010529750084,9.08645909886896
"274634",-0.660261733827848,6.21185018968649
"33068",-0.875857402016534,10.5776624705074
"319367",-0.633312275304263,5.40336643397892
"41044",-0.660261733827848,10.4339320250482
"288129",0.0224578821029877,5.96930506297422
"244846",-0.372800842909601,6.7508393601582
"248125",-2.16943141114864,6.68795729026984
"76170",-2.10654934126028,9.79612817332338
"199394",-2.39401023217853,7.56830626870697
"256386",0.606362816780677,6.54422684481071
"121168",0.30093562018004,8.98764441761581
"185998",-2.18739771683104,7.81085139541924
"144245",-2.23231348103701,8.56543623407964
"303016",-0.184154633244502,5.69981047773836
"173304",-0.139238869038526,8.04441336929031
"257452",-3.21147714072729,6.51727738628713
"18503",-2.24129663387821,10.838173902902
"239395",-0.229070397450478,6.84965404141135
"100081",-1.61247593499454,9.36493683694601
"198900",-2.36706077365494,7.57728942154816
"195639",-0.408733454274382,7.64017149143653
"270205",-0.265003008815259,6.29269856525725
"97094",-1.65739169920052,9.41883575399318
"91121",-1.73824007477127,9.52663358808753
"216332",-2.03468411853072,7.26287907210633
"223511",-0.049407340626574,7.1371149323296
"271769",0.390767148591992,6.26574910673366
"182618",-1.29806558555271,7.87373346530761
"88208",-1.1184025287288,9.5805325051347
"282604",-0.498564982686335,6.06811974422737
"121076",-0.52551444120992,8.98764441761581
"30590",-0.812975332128167,10.6225782347133
"23632",-0.812975332128167,10.7483423744901
"176024",-2.49282491343167,7.99051445224314
"309773",-1.98976835432474,5.57404633796163
"222517",-0.049407340626574,7.15508123801199
"122844",-2.50180806627287,8.95171180625103
"312269",-1.89095367307159,5.52913057375565
"211596",0.067373646308964,7.35271060051828
"189633",-0.786025873604582,7.74796932553087
"156711",-1.86400421454801,8.34085741304976
"39822",-2.70842058162036,10.4518983307306
"333579",-2.4389259963845,5.14285500158426
"208078",-0.282969314497649,7.41559267040665
"18433",-2.87011733276187,10.838173902902
"264750",-0.157205174720916,6.3915132465104
"151457",0.0494073406265736,8.4396720943029
"131497",-0.669244886669044,8.79899820795071
"171573",-2.29519555092538,8.0713628278139
"297528",-0.372800842909601,5.79862515899151
"166318",-0.390767148591992,8.17017750906705
"231675",-2.60960590036721,6.98440133402928
"210085",-0.11228941051494,7.37966005904187
"264922",-3.07672984810936,6.3825300936692
"269191",-0.444666065639163,6.31066487093964
"142329",-1.58552647647096,8.60136884544442
"173799",-0.157205174720916,8.03543021644912
"230183",-2.61858905320841,7.01135079255287
"69239",-1.86400421454801,9.92189231310012
"33602",-0.543480746892311,10.5686793176662
"350508",-2.16044825830745,4.83742780498362
"156145",-2.48384176059048,8.34984056589095
"324252",-1.39688026680586,5.31353490556697
"12275",-0.148222021879721,10.9549548898376
"36034",-1.01958784747566,10.5237635534602
"311227",-2.32214500944896,5.54709687943805
"291126",0.157205174720916,5.91540614592705
"205364",-2.34011131513135,7.46050843461263
"271521",-1.83705475602442,6.26574910673366
"16254",-0.121272563356135,10.883089667108
"212622",0.354834537227211,7.33474429483589
"171109",-1.99875150716594,8.0803459806551
"153206",-2.09756618841908,8.40373948293812
"137364",-1.54061071226498,8.69120037385637
"239452",0.282969314497649,6.84965404141135
"318189",-2.28621239808418,5.42133273966131
"37040",-0.911790013381315,10.5057972477778
"242644",-2.29519555092538,6.78677197152299
"254993",-2.97791516685621,6.5621931504931
"262789",0.0853399519913545,6.42744585787518
"335157",-1.65739169920052,5.11590554306068
"218808",-2.11553249410147,7.21796330790036
"25078",-1.21721720998195,10.7213929159665
"196859",-2.84316787423829,7.61322203291294
"130040",-0.363817690068406,8.8259476664743
"261974",-2.77130265150872,6.43642901071637
"14040",-2.15146510546625,10.9190222784728
"136348",-1.73824007477127,8.70916667953876
"65842",-1.12738568157,9.98477438298848
"61717",-2.46587545490809,10.056639605718
"29450",-2.12451564694267,10.6405445403957
"174021",-2.6275722060496,8.02644706360793
"73164",-2.32214500944896,9.85002709037055
"118463",-1.67535800488291,9.03256018182179
"185963",-2.50180806627287,7.81085139541924
"204308",-2.89706679128546,7.47847474029502
"152180",-2.38502707933733,8.42170578862051
"120450",-1.6843411577241,8.99662757045701
"120420",-1.95383574295996,8.99662757045701
"320857",-0.642295428145458,5.37641697545534
"192684",-0.166188327562112,7.6940704084837
"134526",-0.247036703132868,8.74509929090354
"117963",-1.70230746340649,9.04154333466298
"228521",0.309918773021235,7.04728340391765
"277158",-0.309918773021235,6.16693442548052
"107739",0.211104091768088,9.23018954432808
"240645",-2.39401023217853,6.82270458288777
"301491",-0.48958182984514,5.72675993626195
"151725",-2.00773466000713,8.43068894146171
"282617",-0.381783995750797,6.06811974422737
"236255",-1.64840854635932,6.90355295845852
"143955",-0.372800842909601,8.57441938692083
"196913",-2.35807762081374,7.61322203291294
"268730",-0.121272563356135,6.31964802378083
"27432",-2.39401023217853,10.6764771517605
"253803",-0.273986161656454,6.58914260901669
"189211",-0.11228941051494,7.75695247837207
"92726",-0.71416065087502,9.49968412956394
"18525",-2.04366727137191,10.838173902902
"346532",-2.16044825830745,4.90929302771319
"173112",-1.86400421454801,8.04441336929031
"23562",-1.44179603101183,10.7483423744901
"91670",-1.27111612702912,9.51765043524633
"209280",-2.87910048560307,7.38864321188306
"115977",-1.6843411577241,9.07747594602776
"81181",-1.73824007477127,9.70629664491143
"283863",-2.58265644184362,6.04117028570378
"197432",-2.16044825830745,7.60423888007175
"181552",-1.94485259011876,7.89169977099
"316188",-2.40299338501972,5.45726535102609
"146306",-1.57654332362976,8.52950362271486
"235230",-1.92688628443637,6.92151926414091
"248709",-1.38789711396466,6.67897413742864
"301913",-1.16331829293478,5.71777678342075
"301027",-0.193137786085697,5.73574308910314
"175258",-0.444666065639163,8.00848075792553
"101971",-2.49282491343167,9.32900422558123
"141329",-1.63942539351813,8.61933515112681
"17120",-1.27111612702912,10.8651233614256
"142719",-2.54672383047884,8.59238569260322
"266529",-2.03468411853072,6.35558063514561
"11680",-1.02857100031685,10.9639380426788
"115627",-0.363817690068406,9.08645909886896
"267950",-2.66350481741438,6.32863117662203
"121604",-0.247036703132868,8.97866126477462
"129385",-1.78315583897725,8.83493081931549
"293602",0.076356799150159,5.87049038172107
"98541",-2.05265042421311,9.3918862954696
"241741",-1.47772864237661,6.80473827720538
"121849",-2.51079121911406,8.96967811193342
"103154",-0.795009026445777,9.31103791989884
"267789",0.354834537227211,6.33761432946322
"265959",-2.69045427593797,6.36456378798681
"117594",-0.552463899733506,9.05052648750418
"127430",-1.48671179521781,8.87086343068028
"140260",-2.31316185660777,8.6373014568092
"32409",-2.33112816229016,10.5866456233486
"77201",-1.77417268613606,9.77816186764099
"196414",-2.37604392649613,7.62220518575414
"215245",-2.87011733276187,7.28084537778872
"281857",-2.74435319298514,6.07710289706856
"118516",-1.19925090429956,9.03256018182179
"335631",-1.86400421454801,5.10692239021948
"126922",-1.58552647647096,8.87984658352147
"122931",-1.72027376908888,8.95171180625103
"324330",-0.696194345192629,5.31353490556697
"30169",-0.130255716197331,10.6315613875545
"126433",-1.51366125374139,8.88882973636267
"109044",-1.45976233669422,9.2032400858045
"106205",-0.175171480403307,9.25713900285167
"128879",-1.86400421454801,8.84391397215669
"230176",-2.68147112309677,7.01135079255287
"19104",-1.3070487383939,10.8291907500608
"119905",-2.11553249410147,9.0056107232982
"96214",-0.633312275304263,9.43680205967557
"116460",-1.81010529750084,9.06849279318657
"99309",0.381783995750796,9.3829031426284
"269553",-1.65739169920052,6.30168171809844
"227985",-0.0404241877853786,7.05626655675884
"202132",-0.121272563356135,7.52339050450099
"246686",-1.70230746340649,6.71490674879342
"294449",-1.24416666850554,5.85252407603868
"226989",-0.058390493467769,7.07423286244123
"98092",-1.62145908783574,9.40086944831079
"283094",-0.561447052574701,6.05913659138617
"36379",-2.38502707933733,10.514780400619
"206650",0.282969314497649,7.44254212893024
"39950",-1.55857701794737,10.4518983307306
"83122",-2.16044825830745,9.67036403354665
"251562",-2.54672383047884,6.62507522038147
"264451",-2.84316787423829,6.3915132465104
"17018",-2.18739771683104,10.8651233614256
"111512",-1.61247593499454,9.15832432159852
"179596",-1.65739169920052,7.92763238235478
"213025",-0.48958182984514,7.3257611419947
"16199",-0.615345969621873,10.883089667108
"246888",0.11228941051494,6.71490674879342
"260544",-2.22333032819582,6.46337846923996
"301498",-0.426699759956773,5.72675993626195
"217810",-2.15146510546625,7.23592961358275
"280618",-0.480598677003944,6.10405235559215
"275006",-1.78315583897725,6.2028670368453
"319216",-1.98976835432474,5.40336643397892
"298005",-0.552463899733506,5.78964200615032
"7790",-0.256019855974064,11.0358032654083
"106433",-2.59163959468482,9.24815585001047
"191688",-0.184154633244502,7.71203671416609
"282167",0.0404241877853782,6.07710289706856
"111522",-1.52264440658259,9.15832432159852
"225246",-2.32214500944896,7.10118232096482
"231294",-1.56756017078857,6.99338448687048
"92510",-2.65452166457319,9.49968412956394
"262364",0.73212695655741,6.43642901071637
"11151",-1.3160318912351,10.97292119552
"41311",-2.72638688730275,10.424948872207
"190160",-0.516531288368725,7.73898617268968
"202436",-1.85502106170681,7.5144073516598
"111476",-1.93586943727757,9.15832432159852
"135276",-2.4389259963845,8.72713298522115
"23439",-2.54672383047884,10.7483423744901
"174785",-0.229070397450478,8.01746391076673
"87653",-1.63942539351813,9.58951565797589
"246560",-2.83418472139709,6.71490674879342
"279664",-0.121272563356135,6.12201866127454
"146233",-2.23231348103701,8.52950362271486
"120960",-1.56756017078857,8.98764441761581
"60254",-2.21434717535462,10.0835890642416
"160149",-2.23231348103701,8.27797534316139
"144469",-0.220087244609283,8.56543623407964
"298409",-1.38789711396466,5.78065885330912
"302508",-0.282969314497649,5.70879363057956
"205404",-1.98078520148355,7.46050843461263
"99093",-1.55857701794737,9.3829031426284
"22215",-0.148222021879721,10.7752918330137
"88123",-1.8819705202304,9.5805325051347
"300004",-0.453649218480359,5.75370939478554
"117883",-2.42095969070211,9.04154333466298
"179719",-0.552463899733506,7.92763238235478
"265570",-1.72027376908888,6.373546940828
"307406",-0.929756319063705,5.61896210216761
"166664",-1.74722322761247,8.16119435622585
"106268",0.390767148591992,9.25713900285167
"172636",-1.67535800488291,8.05339652213151
"307497",-0.11228941051494,5.61896210216761
"168125",-2.01671781284833,8.13424489770227
"176111",-1.71129061624769,7.99051445224314
"58708",-2.70842058162036,10.1105385227652
"256037",-2.52875752479645,6.54422684481071
"163609",-2.40299338501972,8.21509327327302
"306335",-1.62145908783574,5.63692840785
"278413",-2.42994284354331,6.13998496695693
"314415",-0.471615524162749,5.49319796239087
"254056",-2.46587545490809,6.58015945617549
"37845",-2.60960590036721,10.4878309420954
"252670",-1.52264440658259,6.60710891469908
"35053",-0.902806860540119,10.5417298591426
"131896",-1.54959386510617,8.79001505510952
"109547",-1.40586341964705,9.1942569329633
"108181",-0.282969314497649,9.22120639148689
"36827",-2.8252015685559,10.5057972477778
"111018",-1.58552647647096,9.16730747443972
"316843",-0.983655236110876,5.4482821981849
"147454",-0.193137786085697,8.51153731703247
"15597",-1.55857701794737,10.8920728199492
"107554",-1.45077918385303,9.23018954432808
"295515",-0.597379663939482,5.83455777035629
"73846",-0.660261733827848,9.84104393752936
"248235",-1.18128459861717,6.68795729026984
"115698",0.273986161656454,9.08645909886896
"121902",-2.03468411853072,8.96967811193342
"211779",-2.75333634582633,7.34372744767709
"203609",-0.247036703132868,7.49644104597741
"274912",-2.6275722060496,6.2028670368453
"100506",-2.2592629395606,9.35595368410482
"203378",-2.32214500944896,7.49644104597741
"123922",-1.74722322761247,8.93374550056864
"288564",-0.534497594051115,5.96032191013303
"213801",-2.4479091492257,7.30779483631231
"101742",-0.0853399519913549,9.33798737842243
"168086",-2.36706077365494,8.13424489770227
"292584",-0.139238869038526,5.88845668740346
"134441",-1.01060469463446,8.74509929090354
"261733",-0.471615524162749,6.44541216355757
"277119",-0.660261733827848,6.16693442548052
"283600",-0.480598677003944,6.05015343854498
"178828",0.372800842909601,7.94559868803717
"94675",-1.06450361168163,9.46375151819916
"172801",-0.193137786085697,8.05339652213151
"143328",-1.54061071226498,8.58340253976203
"184018",-2.11553249410147,7.84678400678402
"277054",-1.24416666850554,6.16693442548052
"261928",-3.1845276822037,6.43642901071637
"176611",-1.6843411577241,7.98153129940195
"140815",-1.79213899181845,8.628318303968
"114895",-2.47485860774928,9.09544225171016
"155156",-2.4389259963845,8.36780687157334
"243731",-1.45976233669422,6.76880566584059
"35338",-2.80723526287351,10.5327467063014
"86082",-2.35807762081374,9.61646511649948
"214241",-2.95994886117382,7.29881168347111
"329141",-2.12451564694267,5.22370337715502
"69752",-1.72027376908888,9.91290916025892
"290999",-0.983655236110876,5.91540614592705
"269006",-2.10654934126028,6.31066487093964
"292284",-2.83418472139709,5.88845668740346
"270078",-1.40586341964705,6.29269856525725
"245894",0.11228941051494,6.73287305447581
"162641",-2.16943141114864,8.23305957895541
"223247",-2.42095969070211,7.1371149323296
"208909",-1.74722322761247,7.39762636472426
"219010",-0.30093562018004,7.21796330790036
"318348",-0.857891096334143,5.42133273966131
"118954",-1.72925692193008,9.02357702898059
"216605",0.417716607115577,7.26287907210633
"102975",-2.40299338501972,9.31103791989884
"195151",-0.327885078703626,7.64915464427773
"324244",-1.46874548953542,5.31353490556697
"309481",-0.148222021879721,5.58302949080283
"110009",-1.72027376908888,9.18527378012211
"34833",-2.87910048560307,10.5417298591426
"31848",-2.90604994412665,10.5956287761898
"111926",-2.35807762081374,9.14934116875733
"139292",-2.07959988273669,8.65526776249159
"110739",0.372800842909601,9.17629062728091
"212277",-2.74435319298514,7.33474429483589
"12263",-0.256019855974064,10.9549548898376
"86584",-2.31316185660777,9.60748196365828
"4297",-0.381783995750797,11.0986853352967
"189176",-0.426699759956773,7.75695247837207
"113563",-1.04653730599924,9.12239171023374
"99661",-0.92077316622251,9.37391998978721
"351519",-2.00773466000713,4.81946149930123
"29570",-1.04653730599924,10.6405445403957
"203374",-2.35807762081374,7.49644104597741
"115047",-1.10941937588761,9.09544225171016
"125398",-1.8819705202304,8.90679604204506
"226478",-0.184154633244502,7.08321601528243
"279958",-1.94485259011876,6.11303550843334
"285609",-0.291952467338845,6.0142208271802
"202843",-2.66350481741438,7.5054241988186
"316730",-1.99875150716594,5.4482821981849
"135277",-2.42994284354331,8.72713298522115
"270891",-3.03181408390339,6.27473225957486
"48768",-2.70842058162036,10.2902015795891
"340577",-2.07959988273669,5.01709086180753
"115536",-1.18128459861717,9.08645909886896
"183969",-2.55570698332004,7.84678400678402
"247683",-1.67535800488291,6.69694044311103
"269206",-0.309918773021235,6.31066487093964
"17111",-1.35196450259988,10.8651233614256
"114958",-1.90891997875398,9.09544225171016
"18679",-0.660261733827848,10.838173902902
"257627",-1.63942539351813,6.51727738628713
"8524",-2.59163959468482,11.0178369597259
"44809",-2.55570698332004,10.3620668023187
"15727",-0.390767148591992,10.8920728199492
"115709",0.372800842909601,9.08645909886896
"289081",-0.354834537227211,5.95133875729183
"248009",-3.21147714072729,6.68795729026984
"282038",-1.1184025287288,6.07710289706856
"266321",0.561447052574701,6.36456378798681
"13699",-0.750093262239801,10.928005431314
"235943",0.0134747292617927,6.91253611129972
"27600",-0.884840554857729,10.6764771517605
"188703",-0.211104091768088,7.76593563121326
"306300",-1.93586943727757,5.63692840785
"290500",-1.00162154179327,5.92438929876824
"90556",-2.34909446797255,9.53561674092872
"119102",-0.399750301433187,9.02357702898059
"87330",-0.0763567991501595,9.59849881081709
"14710",-0.597379663939482,10.9100391256316
"146880",-0.884840554857729,8.52052046987366
"174523",-2.58265644184362,8.01746391076673
"32147",-0.220087244609283,10.5956287761898
"275694",-0.0673736463089645,6.1938838840041
"249726",-1.18128459861717,6.66100783174625
"195962",-1.97180204864235,7.63118833859533
"22637",-0.821958484969362,10.7663086801725
"166644",-1.92688628443637,8.16119435622585
"260775",-0.148222021879721,6.46337846923996
"323696",-1.92688628443637,5.32251805840817
"246942",0.597379663939482,6.71490674879342
"72847",-0.705177498033824,9.85901024321175
"109029",-1.59450962931215,9.2032400858045
"186028",-1.91790313159518,7.81085139541924
"91831",0.175171480403307,9.51765043524633
"292076",-0.238053550291673,5.89743984024466
"116987",-1.54061071226498,9.05950964034538
"2828",-0.184154633244502,11.1256347938203
"213026",-0.480598677003944,7.3257611419947
"121897",-2.07959988273669,8.96967811193342
"27399",-2.69045427593797,10.6764771517605
"297307",-2.35807762081374,5.79862515899151
"116904",-2.28621239808418,9.05950964034538
"136949",-0.803992179286972,8.70018352669757
"254893",0.588396511098286,6.5711763033343
"184167",-0.777042720763386,7.84678400678402
"194496",-1.74722322761247,7.65813779711892
"275152",-0.471615524162749,6.2028670368453
"111585",-0.95670577758729,9.15832432159852
"104780",0.417716607115577,9.28408846137526
"299997",-0.516531288368725,5.75370939478554
"205857",-2.37604392649613,7.45152528177143
"273759",0.408733454274382,6.22981649536888
"209653",0.471615524162749,7.38864321188306
"125543",-0.579413358257092,8.90679604204506
"144731",-2.33112816229016,8.55645308123844
"10248",-0.498564982686335,10.9908875012023
"262330",0.426699759956773,6.43642901071637
"160147",-2.2502797867194,8.27797534316139
"225474",-0.273986161656454,7.10118232096482
"129549",-0.309918773021235,8.83493081931549
"183511",-2.20536402251343,7.85576715962522
"203866",-2.40299338501972,7.48745789313621
"99155",-1.00162154179327,9.3829031426284
"201870",-2.47485860774928,7.52339050450099
"140295",-1.99875150716594,8.6373014568092
"142870",-1.19026775145837,8.59238569260322
"89230",-0.866874249175338,9.56256619945231
"11977",-2.8252015685559,10.9549548898376
"297539",-0.273986161656454,5.79862515899151
"36493",-1.36094765544108,10.514780400619
"282363",-2.66350481741438,6.06811974422737
"267218",-0.309918773021235,6.34659748230442
"233506",0.444666065639163,6.95745187550569
"158209",-1.80112214465964,8.31390795452617
"294600",0.11228941051494,5.85252407603868
"180277",-0.00449157642059772,7.91864922951358
"276615",-0.723143803716215,6.17591757832171
"317394",-0.498564982686335,5.4392990453437
"113985",-1.72027376908888,9.11340855739255
"150184",-2.45689230206689,8.4576383999853
"264588",-1.61247593499454,6.3915132465104
"124924",-1.67535800488291,8.91577919488625
"76890",-0.103306257673745,9.78714502048219
"175069",-2.14248195262506,8.00848075792553
"73194",-2.05265042421311,9.85002709037055
"100323",0.561447052574701,9.36493683694601
"275369",-2.98689831969741,6.1938838840041
"276481",-1.92688628443637,6.17591757832171
"200204",0.417716607115577,7.55932311586577
"14989",-2.55570698332004,10.9010559727904
"163208",-1.54061071226498,8.22407642611422
"314831",-1.19925090429956,5.48421480954968
"129897",-1.64840854635932,8.8259476664743
"210401",-1.73824007477127,7.37067690620067
"174587",-2.00773466000713,8.01746391076673
"294475",-1.01060469463446,5.85252407603868
"127054",-0.399750301433187,8.87984658352147
"182808",0.408733454274382,7.87373346530761
"254648",-1.61247593499454,6.5711763033343
"104016",-1.98078520148355,9.29307161421645
"124946",-1.47772864237661,8.91577919488625
"36336",-2.77130265150872,10.514780400619
"262510",-2.42095969070211,6.42744585787518
"240739",-1.54959386510617,6.82270458288777
"276563",-1.19026775145837,6.17591757832171
"307503",-0.058390493467769,5.61896210216761
"255553",-2.41197653786092,6.55320999765191
"19946",-2.67248797025558,10.8112244443784
"189190",-0.30093562018004,7.75695247837207
"103510",-2.0616335770543,9.30205476705765
"188641",-0.768059567922191,7.76593563121326
"250670",-1.63044224067693,6.64304152606386
"305994",-0.220087244609283,5.64591156069119
"126398",-1.82807160318323,8.88882973636267
"85243",-0.965688930428486,9.63443142218187
"271248",0.175171480403307,6.27473225957486
"308471",-0.291952467338845,5.60099579648522
"168638",-1.8729873673892,8.12526174486107
"275984",-1.92688628443637,6.18490073116291
"177227",-0.615345969621873,7.97254814656075
"242750",-1.34298134975868,6.78677197152299
"275395",-2.75333634582633,6.1938838840041
"285132",-0.11228941051494,6.02320398002139
"108987",-1.97180204864235,9.2032400858045
"134446",-0.965688930428486,8.74509929090354
"228789",-1.74722322761247,7.03830025107645
"103077",-1.48671179521781,9.31103791989884
"298513",-0.453649218480359,5.78065885330912
"169554",-2.57367328900243,8.10729543917868
"164154",-1.97180204864235,8.20611012043183
"179849",0.615345969621872,7.92763238235478
"210836",-2.29519555092538,7.36169375335948
"264214",-0.50754813552753,6.40049639935159
"27969",-2.03468411853072,10.6674939989193
"191724",0.139238869038526,7.71203671416609
"221566",0.336868231544821,7.17304754369438
"143504",0.0404241877853782,8.58340253976203
"331630",-2.08858303557789,5.17878761294904
"195208",0.184154633244502,7.64915464427773
"151721",-2.04366727137191,8.43068894146171
"268289",0.381783995750796,6.32863117662203
"233703",-2.2502797867194,6.9484687226645
"80620",-2.31316185660777,9.71527979775263
"117446",-1.8819705202304,9.05052648750418
"243743",-1.35196450259988,6.76880566584059
"138569",0.354834537227211,8.67323406817398
"329630",-2.19638086967223,5.21472022431382
"251530",-2.83418472139709,6.62507522038147
"280122",-0.471615524162749,6.11303550843334
"298013",-0.480598677003944,5.78964200615032
"287182",0.444666065639163,5.98727136865661
"24118",-0.911790013381315,10.7393592216489
"194655",-0.31890192586243,7.65813779711892
"115687",0.175171480403307,9.08645909886896
"19066",-1.64840854635932,10.8291907500608
"25532",-1.60349278215335,10.7124097631253
"205375",-2.24129663387821,7.46050843461263
"233716",-2.13349879978386,6.9484687226645
"21507",-2.04366727137191,10.7842749858549
"48079",0.0314410349441832,10.3081678852715
"252247",-0.857891096334143,6.61609206754028
"309961",-0.30093562018004,5.57404633796163
"130353",-2.01671781284833,8.8169645136331
"108115",-0.875857402016534,9.22120639148689
"268947",-2.6365553588908,6.31066487093964
"106500",-1.98976835432474,9.24815585001047
"114621",-0.471615524162749,9.10442540455135
"346051",-2.01671781284833,4.91827618055438
"229516",0.31890192586243,7.02931709823526
"286637",0.0134747292617927,5.99625452149781
"32561",-0.965688930428486,10.5866456233486
"141741",-2.40299338501972,8.61035199828561
"291454",-1.36094765544108,5.90642299308585
"273699",-0.130255716197331,6.22981649536888
"285874",-2.37604392649613,6.005237674339
"77173",-2.02570096568952,9.77816186764099
"243219",-1.59450962931215,6.77778881868179
"236787",-1.33399819691749,6.89456980561733
"136968",-0.633312275304263,8.70018352669757
"31176",-0.0134747292617932,10.6135950818721
"287984",-1.28009927987032,5.96930506297422
"104542",-1.72027376908888,9.28408846137526
"23676",-0.417716607115578,10.7483423744901
"54909",-1.1184025287288,10.1824037454948
"126527",-0.669244886669044,8.88882973636267
"162217",-1.51366125374139,8.24204273179661
"231465",-0.0314410349441836,6.99338448687048
"100536",-1.98976835432474,9.35595368410482
"36115",-0.291952467338845,10.5237635534602
"100071",-1.70230746340649,9.36493683694601
"68679",-2.42994284354331,9.93087546594131
"138860",-1.495694948059,8.66425091533278
"197487",-1.66637485204171,7.60423888007175
"194425",-2.38502707933733,7.65813779711892
"287597",-0.291952467338845,5.97828821581542
"256651",-1.47772864237661,6.53524369196952
"144292",-1.81010529750084,8.56543623407964
"258554",-2.24129663387821,6.49931108060474
"201590",-0.52551444120992,7.53237365734219
"250338",-0.148222021879721,6.65202467890506
"113471",-1.8729873673892,9.12239171023374
"299927",-1.14535198725239,5.75370939478554
"169665",-1.57654332362976,8.10729543917868
"67660",-2.65452166457319,9.9488417716237
"210809",-2.53774067763765,7.36169375335948
"256051",-2.40299338501972,6.54422684481071
"320233",-1.78315583897725,5.38540012829653
"256532",-2.54672383047884,6.53524369196952
"116961",-1.77417268613606,9.05950964034538
"182766",0.0314410349441832,7.87373346530761
"28371",-2.88808363844426,10.6585108460781
"259865",0.606362816780677,6.48134477492235
"308367",-1.22620036282315,5.60099579648522
"235753",-1.6933243105653,6.91253611129972
"240731",-1.62145908783574,6.82270458288777
"80636",-2.16943141114864,9.71527979775263
"20607",-1.19925090429956,10.8022412915372
"310934",-0.48958182984514,5.55608003227924
"243646",-2.22333032819582,6.76880566584059
"325778",-1.08246991736402,5.28658544704338
"280105",-0.624329122463068,6.11303550843334
"191437",-2.4389259963845,7.71203671416609
"254216",-1.02857100031685,6.58015945617549
"101558",-1.73824007477127,9.33798737842243
"307893",-1.01958784747566,5.60997894932641
"248588",-2.47485860774928,6.67897413742864
"224776",-2.07959988273669,7.11016547380601
"19445",-2.70842058162036,10.8202075972196
"112669",-0.148222021879721,9.14035801591613
"242785",-1.02857100031685,6.78677197152299
"270237",0.0224578821029877,6.29269856525725
"118061",-0.821958484969362,9.04154333466298
"127392",-1.82807160318323,8.87086343068028
"299028",-0.291952467338845,5.77167570046793
"275454",-2.22333032819582,6.1938838840041
"276677",-0.166188327562112,6.17591757832171
"161115",-2.48384176059048,8.260009037479
"216334",-2.01671781284833,7.26287907210633
"202869",-2.42994284354331,7.5054241988186
"10066",-2.13349879978386,10.9908875012023
"129906",-1.56756017078857,8.8259476664743
"109997",-1.82807160318323,9.18527378012211
"225688",-2.8162184157147,7.09219916812362
"132282",-2.54672383047884,8.78103190226832
"287296",-2.9958814725386,5.97828821581542
"261965",-2.85215102707948,6.43642901071637
"139807",-1.91790313159518,8.64628460965039
"275534",-1.5046781009002,6.1938838840041
"261058",-2.0706167298955,6.45439531639876
"247731",-1.24416666850554,6.69694044311103
"150409",-0.435682912797968,8.4576383999853
"166294",-0.606362816780677,8.17017750906705
"79310",-0.687211192351434,9.74222925627621
"305384",-1.23518351566434,5.65489471353239
"296980",-0.830941637810557,5.80760831183271
"188474",-2.26824609240179,7.76593563121326
"268681",-0.561447052574701,6.31964802378083
"91542",-2.42095969070211,9.51765043524633
"284494",-1.37891396112347,6.03218713286259
"253665",-1.51366125374139,6.58914260901669
"107500",-1.93586943727757,9.23018954432808
"58316",-1.76518953329486,10.1195216756064
"34919",-2.10654934126028,10.5417298591426
"97514",-2.34909446797255,9.40985260115199
"93062",-2.16044825830745,9.49070097672275
"165670",-1.74722322761247,8.17916066190824
"18686",-0.597379663939482,10.838173902902
"191972",-2.09756618841908,7.7030535613249
"242196",-1.85502106170681,6.79575512436418
"278700",0.148222021879721,6.13998496695693
"298037",-0.265003008815259,5.78964200615032
"89682",-1.27111612702912,9.55358304661111
"23086",-1.25314982134673,10.7573255273313
"33386",-2.48384176059048,10.5686793176662
"292454",-1.3070487383939,5.88845668740346
"277364",-2.92401624980904,6.15795127263932
"142246",-2.33112816229016,8.60136884544442
"120554",-0.750093262239801,8.99662757045701
"80134",-2.21434717535462,9.72426295059382
"293525",-0.615345969621873,5.87049038172107
"255892",0.633312275304263,6.55320999765191
"120437",-1.80112214465964,8.99662757045701
"73796",-1.10941937588761,9.84104393752936
"12629",-1.43281287817064,10.9459717369964
"192270",0.579413358257091,7.7030535613249
"127536",-0.534497594051115,8.87086343068028
"261668",-1.05552045884044,6.44541216355757
"18125",-1.17230144577598,10.8471570557432
"96093",-1.72027376908888,9.43680205967557
"15196",-0.696194345192629,10.9010559727904
"114145",-0.282969314497649,9.11340855739255
"295002",-0.741110109398605,5.84354092319749
"261142",-1.3160318912351,6.45439531639876
"11244",-0.480598677003944,10.97292119552
"130898",-1.58552647647096,8.80798136079191
"118425",-2.01671781284833,9.03256018182179
"33550",-1.01060469463446,10.5686793176662
"129036",-0.453649218480359,8.84391397215669
"96692",-0.803992179286972,9.42781890683438
"256020",-2.68147112309677,6.54422684481071
"250560",-2.61858905320841,6.64304152606386
"223077",0.516531288368725,7.14609808517079
"129335",-2.23231348103701,8.83493081931549
"303212",-2.88808363844426,5.69082732489717
"194674",-0.148222021879721,7.65813779711892
"21455",-2.51079121911406,10.7842749858549
"304480",-0.426699759956773,5.67286101921478
"104612",-1.09145307020522,9.28408846137526
"261763",-0.202120938926893,6.44541216355757
"101555",-1.76518953329486,9.33798737842243
"289148",0.247036703132868,5.95133875729183
"26628",-0.687211192351434,10.6944434574429
"67240",-1.96281889580115,9.9578249244649
"78238",-1.38789711396466,9.7601955619586
"137830",-1.81908845034203,8.68221722101518
"113492",-1.6843411577241,9.12239171023374
"28867",-2.89706679128546,10.6495276932369
"120463",-1.56756017078857,8.99662757045701
"121365",-2.39401023217853,8.97866126477462
"214289",-2.52875752479645,7.29881168347111
"109048",-1.42382972532944,9.2032400858045
"130893",-1.63044224067693,8.80798136079191
"249246",-1.02857100031685,6.66999098458745
"279399",-2.50180806627287,6.12201866127454
"180530",-2.19638086967223,7.90966607667239
"209163",0.534497594051115,7.39762636472426
"239120",-2.69943742877916,6.84965404141135
"161717",-1.54061071226498,8.25102588463781
"46896",-1.66637485204171,10.3261341909539
"337122",-1.86400421454801,5.07997293169589
"120085",-0.498564982686335,9.0056107232982
"198158",-0.103306257673745,7.59525572723055
"291006",-0.92077316622251,5.91540614592705
"289102",-0.166188327562112,5.95133875729183
"194649",-0.372800842909601,7.65813779711892
"22966",-2.33112816229016,10.7573255273313
"125374",-2.09756618841908,8.90679604204506
"245739",-1.28009927987032,6.73287305447581
"231172",-2.66350481741438,6.99338448687048
"238739",-1.65739169920052,6.85863719425255
"263459",-2.8252015685559,6.40947955219279
"24064",-1.39688026680586,10.7393592216489
"26056",-1.36094765544108,10.7034266102841
"36111",-0.327885078703626,10.5237635534602
"307461",-0.435682912797968,5.61896210216761
"134500",-0.480598677003944,8.74509929090354
"41323",-2.61858905320841,10.424948872207
"15649",-1.09145307020522,10.8920728199492
"183946",-2.76231949866753,7.84678400678402
"90126",-1.74722322761247,9.54459989376992
"34611",-0.408733454274382,10.5507130119838
"24161",-0.52551444120992,10.7393592216489
"296314",-2.34909446797255,5.8165914646739
"191174",-0.336868231544821,7.72101986700729
"241147",-2.34909446797255,6.81372143004657
"257570",-2.15146510546625,6.51727738628713
"129037",-0.444666065639163,8.84391397215669
"118984",-1.45976233669422,9.02357702898059
"96618",-1.46874548953542,9.42781890683438
"226007",0.0494073406265736,7.09219916812362
"254167",-1.46874548953542,6.58015945617549
"262584",-1.75620638045366,6.42744585787518
"259447",-3.14859507083892,6.48134477492235
"171565",-2.36706077365494,8.0713628278139
"291963",-1.25314982134673,5.89743984024466
"182997",-2.35807762081374,7.86475031246641
"33342",-2.87910048560307,10.5686793176662
"138784",-2.17841456398984,8.66425091533278
"253200",-1.22620036282315,6.59812576185789
"337078",-2.2592629395606,5.07997293169589
"18143",-1.01060469463446,10.8471570557432
"220851",-1.62145908783574,7.18203069653558
"283038",-1.06450361168163,6.05913659138617
"140914",-0.902806860540119,8.628318303968
"309959",-0.31890192586243,5.57404633796163
"18955",-2.64553851173199,10.8291907500608
"283579",-0.669244886669044,6.05015343854498
"173060",-2.33112816229016,8.04441336929031
"171075",-2.30417870376657,8.0803459806551
"23601",-1.09145307020522,10.7483423744901
"282149",-0.121272563356135,6.07710289706856
"277891",-2.65452166457319,6.14896811979813
"211636",0.426699759956773,7.35271060051828
"303023",-0.121272563356135,5.69981047773836
"29521",-1.48671179521781,10.6405445403957
"129431",-1.36993080828227,8.83493081931549
"48933",-1.22620036282315,10.2902015795891
"137347",-1.6933243105653,8.69120037385637
"81135",-2.15146510546625,9.70629664491143
"195897",-2.55570698332004,7.63118833859533
"9267",-0.381783995750797,11.0088538068847
"332690",-1.495694948059,5.16082130726665
"132503",-0.561447052574701,8.78103190226832
"53745",-2.64553851173199,10.2003700511772
"31910",-2.34909446797255,10.5956287761898
"266688",-0.606362816780677,6.35558063514561
"298575",0.103306257673745,5.78065885330912
"264063",-1.86400421454801,6.40049639935159
"28875",-2.8252015685559,10.6495276932369
"279535",-1.28009927987032,6.12201866127454
"15672",-0.884840554857729,10.8920728199492
"2332",-0.175171480403307,11.1346179466615
"19638",-0.974672083269681,10.8202075972196
"11055",-2.17841456398984,10.97292119552
"228642",-3.06774669526817,7.03830025107645
"102602",-1.28908243271151,9.32002107274004
"11761",-0.30093562018004,10.9639380426788
"114479",-1.74722322761247,9.10442540455135
"116387",-2.46587545490809,9.06849279318657
"174059",-2.28621239808418,8.02644706360793
"51787",-2.37604392649613,10.2363026625419
"270671",-0.543480746892311,6.28371541241605
"236937",0.0134747292617927,6.89456980561733
"178052",-2.13349879978386,7.95458184087836
"83224",-1.24416666850554,9.67036403354665
"75268",-1.28009927987032,9.81409447900577
"231787",-1.60349278215335,6.98440133402928
"15686",-0.759076415080996,10.8920728199492
"62321",-1.5046781009002,10.0476564528768
"324809",-0.857891096334143,5.30455175272577
"154653",-2.49282491343167,8.37679002441454
"16216",-0.462632371321554,10.883089667108
"12744",-0.399750301433187,10.9459717369964
"200677",0.202120938926892,7.55033996302458
"274502",-1.84603790886562,6.21185018968649
"169161",-1.63942539351813,8.11627859201988
"244707",-1.62145908783574,6.7508393601582
"116029",-1.21721720998195,9.07747594602776
"346022",-2.27722924524299,4.91827618055438
"288637",0.121272563356135,5.96032191013303
"41949",-1.45976233669422,10.4159657193659
"177518",-2.46587545490809,7.96356499371956
"198442",-2.01671781284833,7.58627257438936
"123019",-0.929756319063705,8.95171180625103
"289507",-0.992638388952071,5.94235560445063
"7815",-0.0314410349441836,11.0358032654083
"287483",-1.3160318912351,5.97828821581542
"302841",-1.75620638045366,5.69981047773836
"42593",-0.139238869038526,10.4069825665247
"17133",-1.15433514009359,10.8651233614256
"9043",-2.39401023217853,11.0088538068847
"113965",-1.89993682591279,9.11340855739255
"197935",-2.10654934126028,7.59525572723055
"276189",-0.0853399519913549,6.18490073116291
"132331",-2.10654934126028,8.78103190226832
"324694",-1.89095367307159,5.30455175272577
"149885",-0.678228039510239,8.46662155282649
"233505",0.435682912797968,6.95745187550569
"221286",-2.17841456398984,7.17304754369438
"45283",-2.76231949866753,10.3530836494775
"185210",-0.336868231544821,7.82881770110163
"267738",-0.103306257673745,6.33761432946322
"133884",-1.54959386510617,8.75408244374474
"27935",-2.34011131513135,10.6674939989193
"185681",-0.570430205415896,7.81983454826043
"296935",-1.23518351566434,5.80760831183271
"100570",-1.6843411577241,9.35595368410482
"297402",-1.5046781009002,5.79862515899151
"128913",-1.55857701794737,8.84391397215669
"117460",-1.75620638045366,9.05052648750418
"289284",-2.9958814725386,5.94235560445063
"138447",-0.741110109398605,8.67323406817398
"281383",-2.53774067763765,6.08608604990976
"119996",-1.29806558555271,9.0056107232982
"132061",-0.0673736463089645,8.79001505510952
"226739",-2.30417870376657,7.07423286244123
"191535",-1.55857701794737,7.71203671416609
"168106",-2.18739771683104,8.13424489770227
"19652",-0.848907943492948,10.8202075972196
"86237",-0.965688930428486,9.61646511649948
"287484",-1.3070487383939,5.97828821581542
"301964",-0.705177498033824,5.71777678342075
"265499",-2.35807762081374,6.373546940828
"340617",-1.72027376908888,5.01709086180753
"145764",-1.98078520148355,8.53848677555605
"168089",-2.34011131513135,8.13424489770227
"109607",-0.866874249175338,9.1942569329633
"102070",-1.60349278215335,9.32900422558123
"48358",-1.92688628443637,10.2991847324303
"243126",-2.42994284354331,6.77778881868179
"32518",-1.35196450259988,10.5866456233486
"49996",-0.606362816780677,10.2722352739067
"15094",-1.61247593499454,10.9010559727904
"26606",-0.884840554857729,10.6944434574429
"118523",-1.13636883441119,9.03256018182179
"98634",-1.21721720998195,9.3918862954696
"248162",-1.83705475602442,6.68795729026984
"141451",-0.543480746892311,8.61933515112681
"116879",-2.51079121911406,9.05950964034538
"107224",0.0494073406265736,9.23917269716928
"127904",-1.6933243105653,8.86188027783908
"110037",-1.46874548953542,9.18527378012211
"9027",-2.53774067763765,11.0088538068847
"177220",-0.678228039510239,7.97254814656075
"178010",-2.51079121911406,7.95458184087836
"87061",-2.49282491343167,9.59849881081709
"185695",-0.444666065639163,7.81983454826043
"140839",-1.57654332362976,8.628318303968
"277014",-1.60349278215335,6.16693442548052
"305454",-0.606362816780677,5.65489471353239
"192211",0.0494073406265736,7.7030535613249
"213885",-1.6933243105653,7.30779483631231
"167566",-2.57367328900243,8.14322805054346
"131014",-0.543480746892311,8.80798136079191
"247672",-1.77417268613606,6.69694044311103
"75891",-0.148222021879721,9.80511132616458
"206649",0.273986161656454,7.44254212893024
"243910",0.148222021879721,6.76880566584059
"151918",-0.273986161656454,8.43068894146171
"102526",-1.97180204864235,9.32002107274004
"286306",-2.95994886117382,5.99625452149781
"133780",-2.48384176059048,8.75408244374474
"136849",-1.70230746340649,8.70018352669757
"82064",-2.73537004014394,9.68833033922904
"217623",0.633312275304263,7.24491276642394
"262851",0.642295428145458,6.42744585787518
"17232",-0.265003008815259,10.8651233614256
"147922",-0.453649218480359,8.50255416419127
"17724",-0.309918773021235,10.8561402085844
"275415",-2.57367328900243,6.1938838840041
"27655",-0.390767148591992,10.6764771517605
"320642",-2.57367328900243,5.37641697545534
"35562",-0.795009026445777,10.5327467063014
"24408",-2.77130265150872,10.7303760688077
"266437",-2.86113417992068,6.35558063514561
"238687",-2.12451564694267,6.85863719425255
"152778",-1.47772864237661,8.41272263577932
"251699",-1.3160318912351,6.62507522038147
"93143",-1.43281287817064,9.49070097672275
"133788",-2.41197653786092,8.75408244374474
"208362",-2.19638086967223,7.40660951756545
"113511",-1.51366125374139,9.12239171023374
"261017",-2.4389259963845,6.45439531639876
"111995",-1.73824007477127,9.14934116875733
"116361",-2.69943742877916,9.06849279318657
"260009",-2.56469013616123,6.47236162208115
"246183",-1.75620638045366,6.72388990163462
"263501",-2.4479091492257,6.40947955219279
"219340",-1.80112214465964,7.20898015505916
"292817",-2.51079121911406,5.87947353456227
"294521",-0.597379663939482,5.85252407603868
"247211",-1.45077918385303,6.70592359595223
"62200",-2.59163959468482,10.0476564528768
"251167",-1.63044224067693,6.63405837322267
"242412",0.0853399519913545,6.79575512436418
"69335",-1.00162154179327,9.92189231310012
"257136",-1.58552647647096,6.52626053912832
"197621",-0.462632371321554,7.60423888007175
"143935",-0.552463899733506,8.57441938692083
"11223",-0.669244886669044,10.97292119552
"110531",-1.495694948059,9.17629062728091
"248063",-2.72638688730275,6.68795729026984
"173081",-2.14248195262506,8.04441336929031
"306434",-0.73212695655741,5.63692840785
"226255",-2.18739771683104,7.08321601528243
"258564",-2.15146510546625,6.49931108060474
"164370",-0.0314410349441836,8.20611012043183
"153664",-2.4479091492257,8.39475633009693
"295614",0.291952467338844,5.83455777035629
"141482",-0.265003008815259,8.61933515112681
"103951",-2.56469013616123,9.29307161421645
"247139",-2.09756618841908,6.70592359595223
"98129",-1.28908243271151,9.40086944831079
"149277",-1.67535800488291,8.47560470566768
"263737",-0.327885078703626,6.40947955219279
"107571",-1.29806558555271,9.23018954432808
"306992",-0.184154633244502,5.6279452550088
"13635",-1.32501504407629,10.928005431314
"230511",0.327885078703625,7.01135079255287
"289988",-1.13636883441119,5.93337245160944
"122378",-2.22333032819582,8.96069495909223
"234788",-1.43281287817064,6.93050241698211
"282595",-0.579413358257092,6.06811974422737
"16100",-1.5046781009002,10.883089667108
"12175",-1.04653730599924,10.9549548898376
"215042",-0.229070397450478,7.28982853062992
"305821",-1.77417268613606,5.64591156069119
"304338",-1.70230746340649,5.67286101921478
"123988",-1.15433514009359,8.93374550056864
"46334",-2.2502797867194,10.3351173437951
"316871",-0.73212695655741,5.4482821981849
"187656",-0.687211192351434,7.78390193689565
"245707",-1.56756017078857,6.73287305447581
"114977",-1.73824007477127,9.09544225171016
"190992",-1.97180204864235,7.72101986700729
"232993",0.30093562018004,6.96643502834689
"111449",-2.17841456398984,9.15832432159852
"232963",0.0314410349441832,6.96643502834689
"37051",-0.812975332128167,10.5057972477778
"116530",-1.18128459861717,9.06849279318657
"106521",-1.80112214465964,9.24815585001047
"40811",-2.75333634582633,10.4339320250482
"327639",-2.22333032819582,5.2506528356786
"106269",0.399750301433187,9.25713900285167
"239215",-1.84603790886562,6.84965404141135
"188440",-2.57367328900243,7.76593563121326
"100084",-1.58552647647096,9.36493683694601
"141361",-1.35196450259988,8.61933515112681
"134901",-1.34298134975868,8.73611613806235
"101218",-0.327885078703626,9.34697053126362
"181962",-2.72638688730275,7.8827166181488
"95057",-2.09756618841908,9.45476836535796
"174556",-2.28621239808418,8.01746391076673
"85110",-2.16044825830745,9.63443142218187
"227855",-1.20823405714076,7.05626655675884
"329737",-1.23518351566434,5.21472022431382
"157643",-2.42095969070211,8.32289110736737
"135406",-1.27111612702912,8.72713298522115
"269501",-2.12451564694267,6.30168171809844
"279898",-2.48384176059048,6.11303550843334
"84191",-1.48671179521781,9.65239772786426
"151316",-1.21721720998195,8.4396720943029
"91135",-1.61247593499454,9.52663358808753
"286620",-0.139238869038526,5.99625452149781
"284189",0.345851384386016,6.04117028570378
"241655",-2.2502797867194,6.80473827720538
"24061",-1.42382972532944,10.7393592216489
"304355",-1.54959386510617,5.67286101921478
"298000",-0.597379663939482,5.78964200615032
"265028",-2.12451564694267,6.3825300936692
"144753",-2.13349879978386,8.55645308123844
"107103",-1.03755415315805,9.23917269716928
"209867",-2.0706167298955,7.37966005904187
"24912",-2.70842058162036,10.7213929159665
"167088",-2.40299338501972,8.15221120338466
"132846",-1.94485259011876,8.77204874942713
"209445",-1.39688026680586,7.38864321188306
"23062",-1.46874548953542,10.7573255273313
"121490",-1.27111612702912,8.97866126477462
"84853",-0.00449157642059772,9.64341457502306
"274281",0.633312275304263,6.22083334252769
"167580",-2.4479091492257,8.14322805054346
"158227",-1.63942539351813,8.31390795452617
"182067",-1.78315583897725,7.8827166181488
"249038",-2.89706679128546,6.66999098458745
"149272",-1.72027376908888,8.47560470566768
"88293",-0.354834537227211,9.5805325051347
"77920",0.220087244609283,9.7691787147998
"86640",-1.81010529750084,9.60748196365828
"205903",-1.96281889580115,7.45152528177143
"97035",-2.18739771683104,9.41883575399318
"306397",-1.06450361168163,5.63692840785
"242753",-1.3160318912351,6.78677197152299
"113493",-1.67535800488291,9.12239171023374
"307928",-0.705177498033824,5.60997894932641
"317291",-1.42382972532944,5.4392990453437
"188487",-2.15146510546625,7.76593563121326
"268555",-1.6933243105653,6.31964802378083
"189663",-0.516531288368725,7.74796932553087
"158639",-2.40299338501972,8.30492480168498
"24957",-2.30417870376657,10.7213929159665
"149888",-0.651278580986653,8.46662155282649
"295544",-0.336868231544821,5.83455777035629
"261105",-1.64840854635932,6.45439531639876
"164795",-0.678228039510239,8.19712696759063
"292574",-0.229070397450478,5.88845668740346
"16588",-1.58552647647096,10.8741065142668
"228540",0.480598677003944,7.04728340391765
"147423",-0.471615524162749,8.51153731703247
"221526",-0.0224578821029882,7.17304754369438
"297109",0.327885078703625,5.80760831183271
"285894",-2.19638086967223,6.005237674339
"243268",-1.15433514009359,6.77778881868179
"267210",-0.381783995750797,6.34659748230442
"121684",0.471615524162749,8.97866126477462
"311747",-2.11553249410147,5.53811372659685
"52366",-1.63942539351813,10.2273195097008
"173635",-1.63044224067693,8.03543021644912
"222317",-1.84603790886562,7.15508123801199
"308962",-0.345851384386016,5.59201264364402
"136336",-1.84603790886562,8.70916667953876
"94629",-1.47772864237661,9.46375151819916
"252150",-1.72925692193008,6.61609206754028
"287365",-2.37604392649613,5.97828821581542
"117602",-0.480598677003944,9.05052648750418
"22710",-0.166188327562112,10.7663086801725
"72268",-1.44179603101183,9.86799339605294
"350041",-1.89095367307159,4.84641095782482
"101753",0.0134747292617927,9.33798737842243
"258094",-1.90891997875398,6.50829423344593
"315197",-2.37604392649613,5.47523165670848
"120040",-0.902806860540119,9.0056107232982
"176740",-0.52551444120992,7.98153129940195
"290330",-2.52875752479645,5.92438929876824
"183587",-1.52264440658259,7.85576715962522
"114581",-0.830941637810557,9.10442540455135
"182597",-1.48671179521781,7.87373346530761
"190151",-0.597379663939482,7.73898617268968
"31026",-1.36094765544108,10.6135950818721
"253562",-2.4389259963845,6.58914260901669
"26169",-0.345851384386016,10.7034266102841
"216573",0.13025571619733,7.26287907210633
"322324",-0.857891096334143,5.34946751693175
"111980",-1.8729873673892,9.14934116875733
"139347",-1.58552647647096,8.65526776249159
"112206",0.157205174720916,9.14934116875733
"6811",-0.121272563356135,11.0537695710907
"233695",-2.32214500944896,6.9484687226645
"177064",-2.07959988273669,7.97254814656075
"221326",-1.81908845034203,7.17304754369438
"302464",-0.678228039510239,5.70879363057956
"271727",0.0134747292617927,6.26574910673366
"104018",-1.96281889580115,9.29307161421645
"226240",-2.32214500944896,7.08321601528243
"180538",-2.12451564694267,7.90966607667239
"175793",-0.103306257673745,7.99949760508434
"74159",-2.31316185660777,9.83206078468816
"223841",-1.54959386510617,7.1281317794884
"12762",-0.238053550291673,10.9459717369964
"105082",-1.33399819691749,9.27510530853406
"26433",-2.4389259963845,10.6944434574429
"216002",-0.534497594051115,7.27186222494753
"220830",-1.81010529750084,7.18203069653558
"69216",-2.0706167298955,9.92189231310012
"227753",-2.12451564694267,7.05626655675884
"11566",-2.05265042421311,10.9639380426788
"25134",-0.71416065087502,10.7213929159665
"193919",-2.46587545490809,7.66712094996012
"194965",-1.99875150716594,7.64915464427773
"33515",-1.32501504407629,10.5686793176662
"64734",-2.15146510546625,10.0027406886709
"285143",-0.0134747292617932,6.02320398002139
"122580",-0.408733454274382,8.96069495909223
"119438",-1.84603790886562,9.0145938761394
"10130",-1.55857701794737,10.9908875012023
"132383",-1.63942539351813,8.78103190226832
"314769",-1.75620638045366,5.48421480954968
"303897",-1.19925090429956,5.68184417205597
"25553",-1.41484657248825,10.7124097631253
"133857",-1.79213899181845,8.75408244374474
"135861",-1.64840854635932,8.71814983237996
"247820",-0.444666065639163,6.69694044311103
"148705",-2.34909446797255,8.48458785850888
"13237",-0.435682912797968,10.9369885841552
"26467",-2.13349879978386,10.6944434574429
"141332",-1.61247593499454,8.61933515112681
"246632",-2.18739771683104,6.71490674879342
"307974",-0.291952467338845,5.60997894932641
"17961",-2.64553851173199,10.8471570557432
"197618",-0.48958182984514,7.60423888007175
"101628",-1.10941937588761,9.33798737842243
"204434",-1.76518953329486,7.47847474029502
"179248",-0.31890192586243,7.93661553519597
"51051",-0.058390493467769,10.2542689682243
"23129",-0.866874249175338,10.7573255273313
"119414",-2.0616335770543,9.0145938761394
"101538",-1.91790313159518,9.33798737842243
"206606",-0.11228941051494,7.44254212893024
"12524",-2.37604392649613,10.9459717369964
"9557",-2.24129663387821,10.9998706540435
"154726",-1.83705475602442,8.37679002441454
"286098",-0.363817690068406,6.005237674339
"338107",-1.94485259011876,5.0620066260135
"21102",-1.21721720998195,10.7932581386961
"79697",-1.67535800488291,9.73324610343502
"115000",-1.53162755942378,9.09544225171016
"250567",-2.55570698332004,6.64304152606386
"180227",-0.453649218480359,7.91864922951358
"24531",-1.66637485204171,10.7303760688077
"173093",-2.03468411853072,8.04441336929031
"296094",0.139238869038526,5.8255746175151
"115464",-1.82807160318323,9.08645909886896
"296558",-0.157205174720916,5.8165914646739
"288631",0.067373646308964,5.96032191013303
"105239",0.076356799150159,9.27510530853406
"271200",-0.256019855974064,6.27473225957486
"185555",-1.70230746340649,7.81983454826043
"187940",-2.60062274752601,7.77491878405446
"110230",0.265003008815259,9.18527378012211
"212770",-2.78028580434992,7.3257611419947
"227851",-1.24416666850554,7.05626655675884
"90657",-1.44179603101183,9.53561674092872
"252681",-1.42382972532944,6.60710891469908
"260548",-2.18739771683104,6.46337846923996
"281338",-2.94198255549143,6.08608604990976
"215615",0.453649218480358,7.28084537778872
"139297",-2.03468411853072,8.65526776249159
"95834",0.417716607115577,9.44578521251677
"186442",-2.66350481741438,7.80186824257804
"179227",-0.50754813552753,7.93661553519597
"240717",-1.74722322761247,6.82270458288777
"11679",-1.03755415315805,10.9639380426788
"134541",-0.11228941051494,8.74509929090354
"282533",-1.13636883441119,6.06811974422737
"116020",-1.29806558555271,9.07747594602776
"175129",-1.60349278215335,8.00848075792553
"177225",-0.633312275304263,7.97254814656075
"139335",-1.6933243105653,8.65526776249159
"31556",-1.06450361168163,10.604611929031
"182979",-2.51977437195526,7.86475031246641
"154169",-2.37604392649613,8.38577317725573
"127458",-1.23518351566434,8.87086343068028
"28162",-0.30093562018004,10.6674939989193
"116991",-1.5046781009002,9.05950964034538
"71896",-0.31890192586243,9.87697654889414
"197425",-2.22333032819582,7.60423888007175
"144829",-1.45077918385303,8.55645308123844
"315306",-1.39688026680586,5.47523165670848
"173585",-2.07959988273669,8.03543021644912
"110520",-1.59450962931215,9.17629062728091
"105453",-2.46587545490809,9.26612215569286
"234755",-1.72925692193008,6.93050241698211
"111251",0.50754813552753,9.16730747443972
"117925",-2.04366727137191,9.04154333466298
"142757",-2.20536402251343,8.59238569260322
"44007",-0.830941637810557,10.3800331080011
"120590",-0.426699759956773,8.99662757045701
"181251",-0.184154633244502,7.90068292383119
"17641",-1.05552045884044,10.8561402085844
"154704",-2.03468411853072,8.37679002441454
"107040",-1.60349278215335,9.23917269716928
"149403",-0.543480746892311,8.47560470566768
"182491",-2.4389259963845,7.87373346530761
"231722",-2.18739771683104,6.98440133402928
"324814",-0.812975332128167,5.30455175272577
"108004",-1.8729873673892,9.22120639148689
"106033",-1.72027376908888,9.25713900285167
"104080",-1.40586341964705,9.29307161421645
"165220",-1.32501504407629,8.18814381474944
"281040",-1.15433514009359,6.09506920275095
"21117",-1.08246991736402,10.7932581386961
"290910",-1.78315583897725,5.91540614592705
"166110",-2.2592629395606,8.17017750906705
"29612",-0.669244886669044,10.6405445403957
"161130",-2.34909446797255,8.260009037479
"209274",-2.93299940265024,7.38864321188306
"235592",-3.13961191799773,6.91253611129972
"124337",-2.48384176059048,8.92476234772745
"312841",-1.21721720998195,5.52014742091446
"253907",0.660261733827848,6.58914260901669
"280349",-2.89706679128546,6.10405235559215
"295008",-0.687211192351434,5.84354092319749
"104022",-1.92688628443637,9.29307161421645
"308906",-0.848907943492948,5.59201264364402
"10008",-2.65452166457319,10.9908875012023
"127909",-1.64840854635932,8.86188027783908
"171056",-2.47485860774928,8.0803459806551
"46768",-2.8162184157147,10.3261341909539
"296915",-1.41484657248825,5.80760831183271
"64216",-2.34011131513135,10.0117238415121
"109644",-0.534497594051115,9.1942569329633
"110492",-1.84603790886562,9.17629062728091
"255859",0.336868231544821,6.55320999765191
"104566",-1.5046781009002,9.28408846137526
"25682",-0.256019855974064,10.7124097631253
"242297",-0.947722624746095,6.79575512436418
"107981",-2.07959988273669,9.22120639148689
"299024",-0.327885078703626,5.77167570046793
"69381",-0.588396511098287,9.92189231310012
"223084",0.579413358257091,7.14609808517079
"261012",-2.48384176059048,6.45439531639876
"310938",-0.453649218480359,5.55608003227924
"133406",-1.37891396112347,8.76306559658593
"273921",-2.60062274752601,6.22083334252769
"18680",-0.651278580986653,10.838173902902
"298909",-1.36094765544108,5.77167570046793
"97528",-2.22333032819582,9.40985260115199
"121451",-1.62145908783574,8.97866126477462
"195877",-2.73537004014394,7.63118833859533
"118387",-2.35807762081374,9.03256018182179
"239227",-1.73824007477127,6.84965404141135
"260025",-2.42095969070211,6.47236162208115
"192471",-2.07959988273669,7.6940704084837
"259537",-2.34011131513135,6.48134477492235
"202871",-2.41197653786092,7.5054241988186
"46366",-1.96281889580115,10.3351173437951
"286154",0.139238869038526,6.005237674339
"135988",-0.50754813552753,8.71814983237996
"26077",-1.17230144577598,10.7034266102841
"187519",-1.91790313159518,7.78390193689565
"13010",-2.47485860774928,10.9369885841552
"5788",-0.381783995750797,11.0717358767731
"191129",-0.741110109398605,7.72101986700729
"245703",-1.60349278215335,6.73287305447581
"88105",-2.04366727137191,9.5805325051347
"317389",-0.543480746892311,5.4392990453437
"212562",-0.184154633244502,7.33474429483589
"175077",-2.0706167298955,8.00848075792553
"299549",-0.0763567991501595,5.76269254762673
"37474",-1.47772864237661,10.4968140949366
"35354",-2.66350481741438,10.5327467063014
"137815",-1.95383574295996,8.68221722101518
"286104",-0.309918773021235,6.005237674339
"132357",-1.8729873673892,8.78103190226832
"121928",-1.80112214465964,8.96967811193342
"310472",-0.175171480403307,5.56506318512044
"109049",-1.41484657248825,9.2032400858045
"124850",-2.34011131513135,8.91577919488625
"20435",-2.74435319298514,10.8022412915372
"111149",-0.408733454274382,9.16730747443972
"192428",-2.46587545490809,7.6940704084837
"266512",-2.18739771683104,6.35558063514561
"173185",-1.20823405714076,8.04441336929031
"268204",-0.381783995750797,6.32863117662203
"292492",-0.965688930428486,5.88845668740346
"164594",-2.48384176059048,8.19712696759063
"19430",-2.84316787423829,10.8202075972196
"24611",-0.947722624746095,10.7303760688077
"271974",-2.23231348103701,6.25676595389247
"315248",-1.91790313159518,5.47523165670848
"263967",-2.72638688730275,6.40049639935159
"110902",-2.6275722060496,9.16730747443972
"311744",-2.14248195262506,5.53811372659685
"172543",-2.51079121911406,8.05339652213151
"318237",-1.85502106170681,5.42133273966131
"117929",-2.00773466000713,9.04154333466298
"107552",-1.46874548953542,9.23018954432808
"131604",0.291952467338844,8.79899820795071
"116445",-1.94485259011876,9.06849279318657
"23404",-2.86113417992068,10.7483423744901
"75677",-2.0706167298955,9.80511132616458
"211771",-2.8252015685559,7.34372744767709
"287647",0.157205174720916,5.97828821581542
"118494",-1.39688026680586,9.03256018182179
"284392",-2.29519555092538,6.03218713286259
"274648",-0.534497594051115,6.21185018968649
"117378",-2.49282491343167,9.05052648750418
"282564",-0.857891096334143,6.06811974422737
"268012",-2.10654934126028,6.32863117662203
"109234",0.247036703132868,9.2032400858045
"262447",-2.98689831969741,6.42744585787518
"107569",-1.3160318912351,9.23018954432808
"86544",-2.67248797025558,9.60748196365828
"265493",-2.41197653786092,6.373546940828
"351022",-2.00773466000713,4.82844465214243
"185577",-1.5046781009002,7.81983454826043
"320705",-2.00773466000713,5.37641697545534
"204627",-0.0314410349441836,7.47847474029502
"170609",-2.02570096568952,8.08932913349629
"3818",-0.220087244609283,11.1076684881379
"280141",-0.30093562018004,6.11303550843334
"308979",-0.193137786085697,5.59201264364402
"188996",-2.04366727137191,7.75695247837207
"123895",-1.98976835432474,8.93374550056864
"290931",-1.59450962931215,5.91540614592705
"278194",0.067373646308964,6.14896811979813
"249924",0.597379663939482,6.66100783174625
"168580",-2.39401023217853,8.12526174486107
"61211",-2.54672383047884,10.0656227585592
"127875",-1.95383574295996,8.86188027783908
"179058",-2.02570096568952,7.93661553519597
"16663",-0.911790013381315,10.8741065142668
"299047",-0.121272563356135,5.77167570046793
"117021",-1.23518351566434,9.05950964034538
"200893",-2.32214500944896,7.54135681018338
"95058",-2.08858303557789,9.45476836535796
"240700",-1.89993682591279,6.82270458288777
"69651",-2.6275722060496,9.91290916025892
"145249",-2.14248195262506,8.54746992839725
"250058",-2.66350481741438,6.65202467890506
"100995",-2.33112816229016,9.34697053126362
"16194",-0.660261733827848,10.883089667108
"197849",-2.87910048560307,7.59525572723055
"178060",-2.0616335770543,7.95458184087836
"108018",-1.74722322761247,9.22120639148689
"279035",-1.3070487383939,6.13100181411573
"307282",-2.04366727137191,5.61896210216761
"247162",-1.89095367307159,6.70592359595223
"118115",-0.336868231544821,9.04154333466298
"75647",-2.34011131513135,9.80511132616458
"54332",-1.83705475602442,10.191386898336
"153229",-1.89095367307159,8.40373948293812
"120927",-1.86400421454801,8.98764441761581
"69358",-0.795009026445777,9.92189231310012
"125421",-1.67535800488291,8.90679604204506
"24570",-1.3160318912351,10.7303760688077
"229044",0.54348074689231,7.03830025107645
"96601",-1.62145908783574,9.42781890683438
"258991",-2.78028580434992,6.49032792776354
"331150",-1.93586943727757,5.18777076579024
"133465",-0.848907943492948,8.76306559658593
"279655",-0.202120938926893,6.12201866127454
"314348",-1.07348676452283,5.49319796239087
"108516",-1.73824007477127,9.21222323864569
"86114",-2.0706167298955,9.61646511649948
"101562",-1.70230746340649,9.33798737842243
"262460",-2.87011733276187,6.42744585787518
"47326",-2.26824609240179,10.3171510381127
"111568",-1.10941937588761,9.15832432159852
"317862",-0.759076415080996,5.43031589250251
"29113",-0.687211192351434,10.6495276932369
"123962",-1.38789711396466,8.93374550056864
"278672",-0.103306257673745,6.13998496695693
"263086",-1.71129061624769,6.41846270503398
"119927",-1.91790313159518,9.0056107232982
"5822",-0.0763567991501595,11.0717358767731
"203394",-2.17841456398984,7.49644104597741
"30039",-1.29806558555271,10.6315613875545
"96836",0.489581829845139,9.42781890683438
"256629",-1.67535800488291,6.53524369196952
"120430",-1.86400421454801,8.99662757045701
"13777",-0.049407340626574,10.928005431314
"10709",-0.821958484969362,10.9819043483611
"217226",-2.93299940265024,7.24491276642394
"110567",-1.17230144577598,9.17629062728091
"276403",-2.6275722060496,6.17591757832171
"96577",-1.83705475602442,9.42781890683438
"17538",-1.98078520148355,10.8561402085844
"117491",-1.47772864237661,9.05052648750418
"46329",-2.29519555092538,10.3351173437951
"172531",-2.61858905320841,8.05339652213151
"156271",-1.35196450259988,8.34984056589095
"154387",-0.417716607115578,8.38577317725573
"129033",-0.480598677003944,8.84391397215669
"253180",-1.40586341964705,6.59812576185789
"100298",0.336868231544821,9.36493683694601
"108520",-1.70230746340649,9.21222323864569
"94516",-2.49282491343167,9.46375151819916
"177519",-2.45689230206689,7.96356499371956
"63788",-1.72027376908888,10.0207069943533
"11656",-1.24416666850554,10.9639380426788
"262771",-0.0763567991501595,6.42744585787518
"101056",-1.78315583897725,9.34697053126362
"169072",-2.4389259963845,8.11627859201988
"274184",-0.238053550291673,6.22083334252769
"123887",-2.0616335770543,8.93374550056864
"103060",-1.63942539351813,9.31103791989884
"125050",-0.543480746892311,8.91577919488625
"78798",-0.821958484969362,9.75121240911741
"16660",-0.9387394719049,10.8741065142668
"173154",-1.48671179521781,8.04441336929031
"206896",-1.97180204864235,7.43355897608904
"103443",-2.66350481741438,9.30205476705765
"14037",-2.17841456398984,10.9190222784728
"93517",-2.53774067763765,9.48171782388155
"307264",-2.20536402251343,5.61896210216761
"18111",-1.29806558555271,10.8471570557432
"240153",-2.34909446797255,6.83168773572896
"182986",-2.45689230206689,7.86475031246641
"20641",-0.893823707698924,10.8022412915372
"176118",-1.64840854635932,7.99051445224314
"259607",-1.71129061624769,6.48134477492235
"290034",-0.723143803716215,5.93337245160944
"147424",-0.462632371321554,8.51153731703247
"279053",-1.14535198725239,6.13100181411573
"44296",-2.69943742877916,10.3710499551599
"108964",-2.17841456398984,9.2032400858045
"291600",-0.049407340626574,5.90642299308585
"221223",-2.74435319298514,7.17304754369438
"264494",-2.45689230206689,6.3915132465104
"285046",-0.884840554857729,6.02320398002139
"293972",-1.06450361168163,5.86150722887988
"227058",0.561447052574701,7.07423286244123
"324784",-1.08246991736402,5.30455175272577
"241057",-3.15757822368012,6.81372143004657
"234206",-2.19638086967223,6.9394855698233
"247614",-2.29519555092538,6.69694044311103
"247727",-1.28009927987032,6.69694044311103
"223767",-2.21434717535462,7.1281317794884
"5801",-0.265003008815259,11.0717358767731
"298034",-0.291952467338845,5.78964200615032
"127949",-1.28908243271151,8.86188027783908
"234732",-1.93586943727757,6.93050241698211
"323172",-2.16943141114864,5.33150121124936
"7293",-0.256019855974064,11.0447864182495
"231221",-2.22333032819582,6.99338448687048
"110502",-1.75620638045366,9.17629062728091
"217094",0.345851384386016,7.25389591926514
"288190",0.570430205415896,5.96930506297422
"293546",-0.426699759956773,5.87049038172107
"29119",-0.633312275304263,10.6495276932369
"281158",-0.0943231048325499,6.09506920275095
"99537",-2.03468411853072,9.37391998978721
"204931",-1.76518953329486,7.46949158745382
"111487",-1.83705475602442,9.15832432159852
"285906",-2.08858303557789,6.005237674339
"130577",-0.00449157642059772,8.8169645136331
"105525",-1.81908845034203,9.26612215569286
"198417",-2.24129663387821,7.58627257438936
"228513",0.238053550291673,7.04728340391765
"293064",-0.291952467338845,5.87947353456227
"268962",-2.50180806627287,6.31066487093964
"234182",-2.41197653786092,6.9394855698233
"300769",-2.51079121911406,5.73574308910314
"305398",-1.10941937588761,5.65489471353239
"96679",-0.92077316622251,9.42781890683438
"103044",-1.78315583897725,9.31103791989884
"96082",-1.81908845034203,9.43680205967557
"295586",0.0404241877853782,5.83455777035629
"119606",-0.336868231544821,9.0145938761394
"21113",-1.1184025287288,10.7932581386961
"284107",-0.390767148591992,6.04117028570378
"165169",-1.78315583897725,8.18814381474944
"18603",-1.34298134975868,10.838173902902
"24141",-0.705177498033824,10.7393592216489
"257111",-1.81010529750084,6.52626053912832
"9564",-2.17841456398984,10.9998706540435
"151695",-2.27722924524299,8.43068894146171
"215139",0.642295428145458,7.28982853062992
"258482",-2.88808363844426,6.49931108060474
"215063",-0.0404241877853786,7.28982853062992
"113910",-2.39401023217853,9.11340855739255
"261002",-2.57367328900243,6.45439531639876
"73769",-1.35196450259988,9.84104393752936
"86171",-1.55857701794737,9.61646511649948
"16141",-1.13636883441119,10.883089667108
"194409",-2.52875752479645,7.65813779711892
"282051",-1.00162154179327,6.07710289706856
"242232",-1.53162755942378,6.79575512436418
"233510",0.480598677003944,6.95745187550569
"272278",0.498564982686334,6.25676595389247
"112002",-1.67535800488291,9.14934116875733
"148338",-1.18128459861717,8.49357101135008
"231730",-2.11553249410147,6.98440133402928
"216371",-1.6843411577241,7.26287907210633
"258585",-1.96281889580115,6.49931108060474
"308448",-0.498564982686335,5.60099579648522
"16484",-2.51977437195526,10.8741065142668
"260496",-2.65452166457319,6.46337846923996
"278627",-0.50754813552753,6.13998496695693
"213042",-0.336868231544821,7.3257611419947
"268769",0.229070397450478,6.31964802378083
"299967",-0.786025873604582,5.75370939478554
"303514",-0.175171480403307,5.69082732489717
"198936",-2.04366727137191,7.57728942154816
"75635",-2.4479091492257,9.80511132616458
"206413",-1.84603790886562,7.44254212893024
"93324",0.193137786085697,9.49070097672275
"135384",-1.46874548953542,8.72713298522115
"120942",-1.72925692193008,8.98764441761581
"291026",-0.741110109398605,5.91540614592705
"160125",-2.4479091492257,8.27797534316139
"35520",-1.17230144577598,10.5327467063014
"287477",-1.36993080828227,5.97828821581542
"235168",-2.48384176059048,6.92151926414091
"119603",-0.363817690068406,9.0145938761394
"124048",-0.615345969621873,8.93374550056864
"88083",-2.24129663387821,9.5805325051347
"199633",-0.247036703132868,7.56830626870697
"309942",-0.471615524162749,5.57404633796163
"98306",0.30093562018004,9.40086944831079
"119946",-1.74722322761247,9.0056107232982
"113506",-1.55857701794737,9.12239171023374
"277104",-0.795009026445777,6.16693442548052
"27435",-2.36706077365494,10.6764771517605
"61207",-2.58265644184362,10.0656227585592
"326260",-1.21721720998195,5.27760229420219
"267515",-2.10654934126028,6.33761432946322
"163133",-2.21434717535462,8.22407642611422
"21630",-0.9387394719049,10.7842749858549
"24109",-0.992638388952071,10.7393592216489
"115470",-1.77417268613606,9.08645909886896
"27132",-0.624329122463068,10.6854603046017
"205160",0.291952467338844,7.46949158745382
"222695",-2.91503309696785,7.14609808517079
"309305",-1.72925692193008,5.58302949080283
"81744",-1.14535198725239,9.69731349207023
"186734",-0.0404241877853786,7.80186824257804
"311266",-1.97180204864235,5.54709687943805
"300049",-0.049407340626574,5.75370939478554
"288617",-0.058390493467769,5.96032191013303
"65280",-1.71129061624769,9.99375753582968
"156714",-1.83705475602442,8.34085741304976
"14205",-0.669244886669044,10.9190222784728
"144887",-0.929756319063705,8.55645308123844
"253499",-3.0048646253798,6.58914260901669
"221891",-1.20823405714076,7.16406439085318
"80158",-1.99875150716594,9.72426295059382
"132019",-0.444666065639163,8.79001505510952
"221695",-2.96893201401502,7.16406439085318
"62218",-2.42994284354331,10.0476564528768
"257676",-1.19925090429956,6.51727738628713
"19457",-2.60062274752601,10.8202075972196
"70143",-2.67248797025558,9.90392600741773
"310470",-0.193137786085697,5.56506318512044
"290568",-0.390767148591992,5.92438929876824
"17476",-2.53774067763765,10.8561402085844
"118955",-1.72027376908888,9.02357702898059
"119451",-1.72925692193008,9.0145938761394
"97602",-1.55857701794737,9.40985260115199
"90133",-1.6843411577241,9.54459989376992
"186021",-1.98078520148355,7.81085139541924
"59244",-2.35807762081374,10.101555369924
"80669",-1.8729873673892,9.71527979775263
"323827",-0.750093262239801,5.32251805840817
"308380",-1.10941937588761,5.60099579648522
"189021",-1.81908845034203,7.75695247837207
"116959",-1.79213899181845,9.05950964034538
"31096",-0.73212695655741,10.6135950818721
"269294",0.480598677003944,6.31066487093964
"239755",-1.45976233669422,6.84067088857016
"233608",-3.10367930663295,6.9484687226645
"257637",-1.54959386510617,6.51727738628713
"203380",-2.30417870376657,7.49644104597741
"111605",-0.777042720763386,9.15832432159852
"80736",-1.27111612702912,9.71527979775263
"294884",-1.80112214465964,5.84354092319749
"129930",-1.35196450259988,8.8259476664743
"267253",0.00449157642059728,6.34659748230442
"232617",-3.07672984810936,6.96643502834689
"331686",-1.58552647647096,5.17878761294904
"28566",-1.13636883441119,10.6585108460781
"24639",-0.696194345192629,10.7303760688077
"278988",-1.72925692193008,6.13100181411573
"83571",-2.59163959468482,9.66138088070545
"33036",-1.16331829293478,10.5776624705074
"127403",-1.72925692193008,8.87086343068028
"69422",-0.220087244609283,9.92189231310012
"163166",-1.91790313159518,8.22407642611422
"108225",0.11228941051494,9.22120639148689
"32074",-0.875857402016534,10.5956287761898
"166098",-2.36706077365494,8.17017750906705
"257605",-1.83705475602442,6.51727738628713
"54317",-1.97180204864235,10.191386898336
"129023",-0.570430205415896,8.84391397215669
"258506",-2.67248797025558,6.49931108060474
"33343",-2.87011733276187,10.5686793176662
"313362",-1.00162154179327,5.51116426807326
"274706",-0.0134747292617932,6.21185018968649
"306450",-0.588396511098287,5.63692840785
"21597",-1.23518351566434,10.7842749858549
"284140",-0.0943231048325499,6.04117028570378
"270079",-1.39688026680586,6.29269856525725
"191942",-2.36706077365494,7.7030535613249
"185684",-0.543480746892311,7.81983454826043
"175091",-1.94485259011876,8.00848075792553
"121458",-1.55857701794737,8.97866126477462
"264291",0.184154633244502,6.40049639935159
"154194",-2.15146510546625,8.38577317725573
"113707",0.247036703132868,9.12239171023374
"19577",-1.52264440658259,10.8202075972196
"122454",-1.54061071226498,8.96069495909223
"221027",-0.0404241877853786,7.18203069653558
"54310",-2.03468411853072,10.191386898336
"299041",-0.175171480403307,5.77167570046793
"17207",-0.48958182984514,10.8651233614256
"219817",-1.98078520148355,7.19999700221797
"155766",-1.42382972532944,8.35882371873215
"296503",-0.651278580986653,5.8165914646739
"189234",0.0943231048325495,7.75695247837207
"304020",-0.0943231048325499,5.68184417205597
"161640",-2.23231348103701,8.25102588463781
"176792",-0.058390493467769,7.98153129940195
"217794",-2.29519555092538,7.23592961358275
"107550",-1.48671179521781,9.23018954432808
"129859",-1.98976835432474,8.8259476664743
"270451",-2.51977437195526,6.28371541241605
"138791",-2.11553249410147,8.66425091533278
"95214",-0.687211192351434,9.45476836535796
"298516",-0.426699759956773,5.78065885330912
"167268",-0.786025873604582,8.15221120338466
"270169",-0.588396511098287,6.29269856525725
"231813",-1.36993080828227,6.98440133402928
"104574",-1.43281287817064,9.28408846137526
"321720",-1.81908845034203,5.35845066977295
"173066",-2.27722924524299,8.04441336929031
"202607",-0.31890192586243,7.5144073516598
"115515",-1.36993080828227,9.08645909886896
"93621",-1.60349278215335,9.48171782388155
"112382",-2.72638688730275,9.14035801591613
"153392",-0.426699759956773,8.40373948293812
"327615",-2.4389259963845,5.2506528356786
"202670",0.247036703132868,7.5144073516598
"207063",-0.471615524162749,7.43355897608904
"194466",-2.01671781284833,7.65813779711892
"189938",-2.51079121911406,7.73898617268968
"150007",0.417716607115577,8.46662155282649
"234303",-1.32501504407629,6.9394855698233
"287977",-1.34298134975868,5.96930506297422
"104501",-2.08858303557789,9.28408846137526
"117388",-2.40299338501972,9.05052648750418
"182753",-0.0853399519913549,7.87373346530761
"242610",-2.60062274752601,6.78677197152299
"133845",-1.89993682591279,8.75408244374474
"342103",-1.76518953329486,4.99014140328394
"219779",-2.32214500944896,7.19999700221797
"98664",-0.947722624746095,9.3918862954696
"111946",-2.17841456398984,9.14934116875733
"201395",-2.27722924524299,7.53237365734219
"296919",-1.37891396112347,5.80760831183271
"273562",-1.36094765544108,6.22981649536888
"109511",-1.72925692193008,9.1942569329633
"247742",-1.14535198725239,6.69694044311103
"151314",-1.23518351566434,8.4396720943029
"268712",-0.282969314497649,6.31964802378083
"171562",-2.39401023217853,8.0713628278139
"22937",-2.59163959468482,10.7573255273313
"260153",-1.27111612702912,6.47236162208115
"283672",0.166188327562111,6.05015343854498
"101016",-2.14248195262506,9.34697053126362
"184074",-1.61247593499454,7.84678400678402
"196995",-1.62145908783574,7.61322203291294
"295463",-1.06450361168163,5.83455777035629
"118862",-2.55570698332004,9.02357702898059
"260007",-2.58265644184362,6.47236162208115
"130958",-1.04653730599924,8.80798136079191
"249067",-2.6365553588908,6.66999098458745
"296499",-0.687211192351434,5.8165914646739
"270002",-2.08858303557789,6.29269856525725
"263745",-0.256019855974064,6.40947955219279
"102100",-1.33399819691749,9.32900422558123
"347031",-2.14248195262506,4.90030987487199
"113525",-1.38789711396466,9.12239171023374
"185700",-0.399750301433187,7.81983454826043
"120594",-0.390767148591992,8.99662757045701
"12130",-1.45077918385303,10.9549548898376
"247674",-1.75620638045366,6.69694044311103
"133496",-0.570430205415896,8.76306559658593
"89101",-2.02570096568952,9.56256619945231
"194536",-1.38789711396466,7.65813779711892
"178045",-2.19638086967223,7.95458184087836
"10684",-1.04653730599924,10.9819043483611
"103547",-1.72925692193008,9.30205476705765
"23122",-0.929756319063705,10.7573255273313
"133871",-1.66637485204171,8.75408244374474
"127956",-1.22620036282315,8.86188027783908
"246202",-1.58552647647096,6.72388990163462
"174610",-1.80112214465964,8.01746391076673
"48867",-1.81908845034203,10.2902015795891
"236780",-1.39688026680586,6.89456980561733
"210067",-0.273986161656454,7.37966005904187
"325186",-1.93586943727757,5.29556859988458
"266946",-2.75333634582633,6.34659748230442
"18996",-2.27722924524299,10.8291907500608
"254113",-1.95383574295996,6.58015945617549
"100296",0.31890192586243,9.36493683694601
"146889",-0.803992179286972,8.52052046987366
"294538",-0.444666065639163,5.85252407603868
"215829",-2.08858303557789,7.27186222494753
"186995",-2.16044825830745,7.79288508973685
"148236",-2.09756618841908,8.49357101135008
"108562",-1.32501504407629,9.21222323864569
"269984",-2.2502797867194,6.29269856525725
"177524",-2.41197653786092,7.96356499371956
"278020",-1.495694948059,6.14896811979813
"281113",-0.498564982686335,6.09506920275095
"173138",-1.63044224067693,8.04441336929031
"165677",-1.6843411577241,8.17916066190824
"11026",-2.4389259963845,10.97292119552
"109647",-0.50754813552753,9.1942569329633
"108160",-0.471615524162749,9.22120639148689
"306976",-0.327885078703626,5.6279452550088
"22700",-0.256019855974064,10.7663086801725
"333606",-2.19638086967223,5.14285500158426
"127821",-2.4389259963845,8.86188027783908
"303510",-0.211104091768088,5.69082732489717
"340546",-2.35807762081374,5.01709086180753
"13192",-0.839924790651753,10.9369885841552
"204658",0.247036703132868,7.47847474029502
"243253",-1.28908243271151,6.77778881868179
"132351",-1.92688628443637,8.78103190226832
"134397",-1.40586341964705,8.74509929090354
"87745",-0.812975332128167,9.58951565797589
"154202",-2.07959988273669,8.38577317725573
"275853",-3.10367930663295,6.18490073116291
"22023",-1.8729873673892,10.7752918330137
"21195",-0.381783995750797,10.7932581386961
"196600",-0.705177498033824,7.62220518575414
"277426",-2.36706077365494,6.15795127263932
"164191",-1.63942539351813,8.20611012043183
"80083",-2.67248797025558,9.72426295059382
"202430",-1.90891997875398,7.5144073516598
"55270",-2.34011131513135,10.1734205926536
"314389",-0.705177498033824,5.49319796239087
"86630",-1.89993682591279,9.60748196365828
"174808",-0.0224578821029882,8.01746391076673
"119994",-1.3160318912351,9.0056107232982
"28615",-0.696194345192629,10.6585108460781
"301391",-1.38789711396466,5.72675993626195
"221325",-1.82807160318323,7.17304754369438
"95110",-1.62145908783574,9.45476836535796
"187229",-0.058390493467769,7.79288508973685
"40514",-0.95670577758729,10.4429151778894
"105046",-1.65739169920052,9.27510530853406
"218717",-2.93299940265024,7.21796330790036
"220596",0.552463899733505,7.19101384937677
"264818",0.453649218480358,6.3915132465104
"97650",-1.12738568157,9.40985260115199
"206049",-0.651278580986653,7.45152528177143
"333629",-1.98976835432474,5.14285500158426
"240233",-1.63044224067693,6.83168773572896
"92632",-1.55857701794737,9.49968412956394
"126526",-0.678228039510239,8.88882973636267
"190522",-1.72925692193008,7.73000301984848
"132896",-1.495694948059,8.77204874942713
"42116",0.0404241877853782,10.4159657193659
"190017",-1.80112214465964,7.73898617268968
"287615",-0.130255716197331,5.97828821581542
"40334",-2.57367328900243,10.4429151778894
"35918",-2.0616335770543,10.5237635534602
"135972",-0.651278580986653,8.71814983237996
"337554",-2.4479091492257,5.0709897788547
"246596",-2.51079121911406,6.71490674879342
"73641",-2.50180806627287,9.84104393752936
"288627",0.0314410349441832,5.96032191013303
"292634",0.309918773021235,5.88845668740346
"297042",-0.273986161656454,5.80760831183271
"117944",-1.8729873673892,9.04154333466298
"263269",-0.0673736463089645,6.41846270503398
"308861",-1.25314982134673,5.59201264364402
"109013",-1.73824007477127,9.2032400858045
"243261",-1.21721720998195,6.77778881868179
"174738",-0.651278580986653,8.01746391076673
"259199",-0.911790013381315,6.49032792776354
"29645",-0.372800842909601,10.6405445403957
"263584",-1.70230746340649,6.40947955219279
"119582",-0.552463899733506,9.0145938761394
"246431",0.471615524162749,6.72388990163462
"24674",-0.381783995750797,10.7303760688077
"25628",-0.741110109398605,10.7124097631253
"173618",-1.78315583897725,8.03543021644912
"307925",-0.73212695655741,5.60997894932641
"262149",-1.19925090429956,6.43642901071637
"290543",-0.615345969621873,5.92438929876824
"301436",-0.983655236110876,5.72675993626195
"187995",-2.10654934126028,7.77491878405446
"70747",-1.71129061624769,9.89494285457653
"151196",-2.29519555092538,8.4396720943029
"153189",-2.2502797867194,8.40373948293812
"96086",-1.78315583897725,9.43680205967557
"262428",-3.15757822368012,6.42744585787518
"19939",-2.73537004014394,10.8112244443784
"239691",-2.03468411853072,6.84067088857016
"125400",-1.86400421454801,8.90679604204506
"93630",-1.52264440658259,9.48171782388155
"281048",-1.08246991736402,6.09506920275095
"220233",-2.70842058162036,7.19101384937677
"313416",-0.516531288368725,5.51116426807326
"32072",-0.893823707698924,10.5956287761898
"295529",-0.471615524162749,5.83455777035629
"188451",-2.47485860774928,7.76593563121326
"68862",-0.786025873604582,9.93087546594131
"141763",-2.20536402251343,8.61035199828561
"115972",-1.72925692193008,9.07747594602776
"291507",-0.884840554857729,5.90642299308585
"244735",-1.36993080828227,6.7508393601582
"276883",-2.78028580434992,6.16693442548052
"14640",-1.22620036282315,10.9100391256316
"19194",-0.498564982686335,10.8291907500608
"271532",-1.73824007477127,6.26574910673366
"87313",-0.229070397450478,9.59849881081709
"33902",-2.31316185660777,10.559696164825
"192969",-2.0706167298955,7.68508725564251
"10485",-2.83418472139709,10.9819043483611
"181576",-1.72925692193008,7.89169977099
"246175",-1.82807160318323,6.72388990163462
"205394",-2.0706167298955,7.46050843461263
"322697",-1.97180204864235,5.34048436409056
"266672",-0.750093262239801,6.35558063514561
"102014",-2.10654934126028,9.32900422558123
"246224",-1.38789711396466,6.72388990163462
"215296",-2.41197653786092,7.28084537778872
"203685",0.435682912797968,7.49644104597741
"208365",-2.16943141114864,7.40660951756545
"257367",0.489581829845139,6.52626053912832
"210313",-2.52875752479645,7.37067690620067
"306511",-0.0404241877853786,5.63692840785
"55812",-1.93586943727757,10.1644374398124
"129885",-1.75620638045366,8.8259476664743
"305964",-0.48958182984514,5.64591156069119
"54882",-1.36094765544108,10.1824037454948
"38976",-1.37891396112347,10.469864636413
"287345",-2.55570698332004,5.97828821581542
"231011",0.354834537227211,7.00236763971167
"84572",-2.52875752479645,9.64341457502306
"94157",-1.25314982134673,9.47273467104035
"270392",-3.04978038958578,6.28371541241605
"270127",-0.965688930428486,6.29269856525725
"9023",-2.57367328900243,11.0088538068847
"65168",-2.71740373446155,9.99375753582968
"264926",-3.04079723674458,6.3825300936692
"140347",-1.53162755942378,8.6373014568092
"201905",-2.16044825830745,7.52339050450099
"74271",-1.3070487383939,9.83206078468816
"288619",-0.0404241877853786,5.96032191013303
"100598",-1.43281287817064,9.35595368410482
"245200",-1.65739169920052,6.74185620731701
"18969",-2.51977437195526,10.8291907500608
"193495",-1.81010529750084,7.67610410280131
"92164",-1.29806558555271,9.50866728240513
"336603",-2.0616335770543,5.08895608453709
"336103",-2.08858303557789,5.09793923737828
"164222",-1.36094765544108,8.20611012043183
"111747",0.498564982686334,9.15832432159852
"25684",-0.238053550291673,10.7124097631253
"297439",-1.17230144577598,5.79862515899151
"249630",-2.04366727137191,6.66100783174625
"13018",-2.40299338501972,10.9369885841552
"139853",-1.5046781009002,8.64628460965039
"128914",-1.54959386510617,8.84391397215669
"311425",-0.543480746892311,5.54709687943805
"292610",0.0943231048325495,5.88845668740346
"28069",-1.13636883441119,10.6674939989193
"121013",-1.09145307020522,8.98764441761581
"238970",0.417716607115577,6.85863719425255
"95823",0.31890192586243,9.44578521251677
"235731",-1.89095367307159,6.91253611129972
"313396",-0.696194345192629,5.51116426807326
"303380",-1.37891396112347,5.69082732489717
"4336",-0.0314410349441836,11.0986853352967
"253266",-0.633312275304263,6.59812576185789
"60715",-2.53774067763765,10.0746059114004
"205175",0.426699759956773,7.46949158745382
"163622",-2.28621239808418,8.21509327327302
"11171",-1.13636883441119,10.97292119552
"25626",-0.759076415080996,10.7124097631253
"250702",-1.34298134975868,6.64304152606386
"152402",-0.390767148591992,8.42170578862051
"124827",-2.54672383047884,8.91577919488625
"316339",-1.04653730599924,5.45726535102609
"118465",-1.65739169920052,9.03256018182179
"270937",-2.61858905320841,6.27473225957486
"299541",-0.148222021879721,5.76269254762673
"56755",-2.39401023217853,10.14647113413
"11697",-0.875857402016534,10.9639380426788
"105100",-1.17230144577598,9.27510530853406
"327777",-0.983655236110876,5.2506528356786
"296559",-0.148222021879721,5.8165914646739
"128892",-1.74722322761247,8.84391397215669
"270184",-0.453649218480359,6.29269856525725
"126926",-1.54959386510617,8.87984658352147
"14244",-0.31890192586243,10.9190222784728
"112982",-1.80112214465964,9.13137486307494
"63359",-1.10941937588761,10.0296901471945
"160411",0.121272563356135,8.27797534316139
"24602",-1.02857100031685,10.7303760688077
"116938",-1.98078520148355,9.05950964034538
"240206",-1.8729873673892,6.83168773572896
"263609",-1.47772864237661,6.40947955219279
"23088",-1.23518351566434,10.7573255273313
"178611",-1.57654332362976,7.94559868803717
"283419",-2.10654934126028,6.05015343854498
"260150",-1.29806558555271,6.47236162208115
"14243",-0.327885078703626,10.9190222784728
"147933",-0.354834537227211,8.50255416419127
"205362",-2.35807762081374,7.46050843461263
"312349",-1.17230144577598,5.52913057375565
"295999",-0.71416065087502,5.8255746175151
"190986",-2.02570096568952,7.72101986700729
"304467",-0.543480746892311,5.67286101921478
"297036",-0.327885078703626,5.80760831183271
"19490",-2.30417870376657,10.8202075972196
"199457",-1.82807160318323,7.56830626870697
"116692",0.273986161656454,9.06849279318657
"169078",-2.38502707933733,8.11627859201988
"301036",-0.11228941051494,5.73574308910314
"44853",-2.16044825830745,10.3620668023187
"30523",-1.41484657248825,10.6225782347133
"33347",-2.83418472139709,10.5686793176662
"25994",-1.91790313159518,10.7034266102841
"137482",-0.480598677003944,8.69120037385637
"183968",-2.56469013616123,7.84678400678402
"188167",-0.561447052574701,7.77491878405446
"111992",-1.76518953329486,9.14934116875733
"236695",-2.16044825830745,6.89456980561733
"15132",-1.27111612702912,10.9010559727904
"228046",0.50754813552753,7.05626655675884
"136335",-1.85502106170681,8.70916667953876
"294125",0.309918773021235,5.86150722887988
"194017",-1.58552647647096,7.66712094996012
"5817",-0.121272563356135,11.0717358767731
"144438",-0.498564982686335,8.56543623407964
"307010",-0.0224578821029882,5.6279452550088
"12035",-2.30417870376657,10.9549548898376
"185071",-1.58552647647096,7.82881770110163
"36571",-0.660261733827848,10.514780400619
"91593",-1.96281889580115,9.51765043524633
"12537",-2.2592629395606,10.9459717369964
"115679",0.103306257673745,9.08645909886896
"109131",-0.678228039510239,9.2032400858045
"269934",-2.69943742877916,6.29269856525725
"90122",-1.78315583897725,9.54459989376992
"128316",-2.45689230206689,8.85289712499788
"263012",-2.37604392649613,6.41846270503398
"13749",-0.30093562018004,10.928005431314
"50820",-2.13349879978386,10.2542689682243
"138956",-0.633312275304263,8.66425091533278
"52249",-2.69045427593797,10.2273195097008
"298069",0.0224578821029877,5.78964200615032
"31577",-0.875857402016534,10.604611929031
"202870",-2.42095969070211,7.5054241988186
"15174",-0.893823707698924,10.9010559727904
"262006",-2.48384176059048,6.43642901071637
"172560",-2.35807762081374,8.05339652213151
"175066",-2.16943141114864,8.00848075792553
"46837",-2.19638086967223,10.3261341909539
"250541",-2.78926895719111,6.64304152606386
"193478",-1.96281889580115,7.67610410280131
"246143",-2.11553249410147,6.72388990163462
"16640",-1.1184025287288,10.8741065142668
"314715",-2.24129663387821,5.48421480954968
"87756",-0.71416065087502,9.58951565797589
"284635",-0.11228941051494,6.03218713286259
"45331",-2.33112816229016,10.3530836494775
"267745",-0.0404241877853786,6.33761432946322
"295926",-1.36993080828227,5.8255746175151
"250394",0.354834537227211,6.65202467890506
"113211",0.256019855974063,9.13137486307494
"178128",-1.45077918385303,7.95458184087836
"108955",-2.2592629395606,9.2032400858045
"169830",-0.0943231048325499,8.10729543917868
"286595",-0.363817690068406,5.99625452149781
"250667",-1.65739169920052,6.64304152606386
"254066",-2.37604392649613,6.58015945617549
"281179",0.0943231048325495,6.09506920275095
"213048",-0.282969314497649,7.3257611419947
"222270",-2.26824609240179,7.15508123801199
"183487",-2.42095969070211,7.85576715962522
"110411",-2.57367328900243,9.17629062728091
"237420",-0.11228941051494,6.88558665277613
"305323",-1.78315583897725,5.65489471353239
"272430",-2.60062274752601,6.24778280105127
"222331",-1.72027376908888,7.15508123801199
"21121",-1.04653730599924,10.7932581386961
"16525",-2.15146510546625,10.8741065142668
"263729",-0.399750301433187,6.40947955219279
"168563",-2.54672383047884,8.12526174486107
"107549",-1.495694948059,9.23018954432808
"279739",0.552463899733505,6.12201866127454
"117914",-2.14248195262506,9.04154333466298
"313213",-2.34011131513135,5.51116426807326
"219523",-0.157205174720916,7.20898015505916
"130622",0.399750301433187,8.8169645136331
"154874",-0.50754813552753,8.37679002441454
"104550",-1.64840854635932,9.28408846137526
"196618",-0.543480746892311,7.62220518575414
"202052",-0.839924790651753,7.52339050450099
"197932",-2.13349879978386,7.59525572723055
"183819",0.561447052574701,7.85576715962522
"261925",-3.21147714072729,6.43642901071637
"127878",-1.92688628443637,8.86188027783908
"256293",-0.229070397450478,6.54422684481071
"127136",0.336868231544821,8.87984658352147
"264509",-2.32214500944896,6.3915132465104
"296000",-0.705177498033824,5.8255746175151
"93740",-0.534497594051115,9.48171782388155
"36878",-2.36706077365494,10.5057972477778
"181773",0.0404241877853782,7.89169977099
"320174",-2.31316185660777,5.38540012829653
"99763",-0.00449157642059772,9.37391998978721
"105570",-1.41484657248825,9.26612215569286
"133582",0.202120938926892,8.76306559658593
"3326",-0.175171480403307,11.1166516409791
"115469",-1.78315583897725,9.08645909886896
"130330",-2.22333032819582,8.8169645136331
"51266",-2.59163959468482,10.2452858153831
"58749",-2.34011131513135,10.1105385227652
"66182",-2.53774067763765,9.97579123014729
"245545",-3.02283093106219,6.73287305447581
"287113",-0.175171480403307,5.98727136865661
"263516",-2.31316185660777,6.40947955219279
"172140",-1.66637485204171,8.06237967497271
"210355",-2.15146510546625,7.37067690620067
"166310",-0.462632371321554,8.17017750906705
"343536",-2.28621239808418,4.96319194476036
"109482",-1.98976835432474,9.1942569329633
"295347",-2.10654934126028,5.83455777035629
"111986",-1.81908845034203,9.14934116875733
"113967",-1.8819705202304,9.11340855739255
"16186",-0.73212695655741,10.883089667108
"201457",-1.72027376908888,7.53237365734219
"32350",-2.86113417992068,10.5866456233486
"22144",-0.786025873604582,10.7752918330137
"30408",-2.4479091492257,10.6225782347133
"26455",-2.24129663387821,10.6944434574429
"160803",-0.821958484969362,8.2689921903202
"242127",-2.47485860774928,6.79575512436418
"107622",-0.839924790651753,9.23018954432808
"207620",0.067373646308964,7.42457582324785
"26482",-1.99875150716594,10.6944434574429
"156651",-2.40299338501972,8.34085741304976
"124360",-2.27722924524299,8.92476234772745
"298740",-2.87910048560307,5.77167570046793
"257081",-2.07959988273669,6.52626053912832
"332127",-2.08858303557789,5.16980446010785
"93854",0.489581829845139,9.48171782388155
"239743",-1.56756017078857,6.84067088857016
"97488",-2.58265644184362,9.40985260115199
"131536",-0.31890192586243,8.79899820795071
"26447",-2.31316185660777,10.6944434574429
"233810",-1.28908243271151,6.9484687226645
"120621",-0.148222021879721,8.99662757045701
"140360",-1.41484657248825,8.6373014568092
"286836",-2.66350481741438,5.98727136865661
"255038",-2.57367328900243,6.5621931504931
"255694",-1.14535198725239,6.55320999765191
"294899",-1.66637485204171,5.84354092319749
"297468",-0.911790013381315,5.79862515899151
"176763",-0.31890192586243,7.98153129940195
"39495",-1.18128459861717,10.4608814835718
"311923",-0.534497594051115,5.53811372659685
"174081",-2.08858303557789,8.02644706360793
"116438",-2.00773466000713,9.06849279318657
"178492",-2.64553851173199,7.94559868803717
"263996",-2.46587545490809,6.40049639935159
"299496",-0.552463899733506,5.76269254762673
"112003",-1.66637485204171,9.14934116875733
"313856",-1.02857100031685,5.50218111523207
"190005",-1.90891997875398,7.73898617268968
"67227",-2.07959988273669,9.9578249244649
"35392",-2.32214500944896,10.5327467063014
"253194",-1.28009927987032,6.59812576185789
"113501",-1.60349278215335,9.12239171023374
"178190",-0.893823707698924,7.95458184087836
"169582",-2.32214500944896,8.10729543917868
"189647",-0.660261733827848,7.74796932553087
"280553",-1.06450361168163,6.10405235559215
"307991",-0.139238869038526,5.60997894932641
"231025",0.480598677003944,7.00236763971167
"11700",-0.848907943492948,10.9639380426788
"295556",-0.229070397450478,5.83455777035629
"113961",-1.93586943727757,9.11340855739255
"20595",-1.3070487383939,10.8022412915372
"16737",-0.247036703132868,10.8741065142668
"257018",-2.64553851173199,6.52626053912832
"152206",-2.15146510546625,8.42170578862051
"113993",-1.64840854635932,9.11340855739255
"166581",-2.49282491343167,8.16119435622585
"111024",-1.53162755942378,9.16730747443972
"31365",-2.78028580434992,10.604611929031
"15003",-2.42994284354331,10.9010559727904
"170575",-2.33112816229016,8.08932913349629
"187692",-0.363817690068406,7.78390193689565
"215741",-2.87910048560307,7.27186222494753
"168586",-2.34011131513135,8.12526174486107
"114214",0.336868231544821,9.11340855739255
"244826",-0.552463899733506,6.7508393601582
"107034",-1.65739169920052,9.23917269716928
"200681",0.238053550291673,7.55033996302458
"106532",-1.70230746340649,9.24815585001047
"185042",-1.84603790886562,7.82881770110163
"276894",-2.68147112309677,6.16693442548052
"62701",-2.55570698332004,10.0386733000357
"256495",-2.87910048560307,6.53524369196952
"304814",-1.89095367307159,5.66387786637358
"41828",-2.54672383047884,10.4159657193659
"109411",-2.6275722060496,9.1942569329633
"108906",-2.69943742877916,9.2032400858045
"104017",-1.97180204864235,9.29307161421645
"95598",-1.70230746340649,9.44578521251677
"162116",-2.42095969070211,8.24204273179661
"113102",-0.723143803716215,9.13137486307494
"144949",-0.372800842909601,8.55645308123844
"186508",-2.0706167298955,7.80186824257804
"113509",-1.53162755942378,9.12239171023374
"43792",-2.76231949866753,10.3800331080011
"120047",-0.839924790651753,9.0056107232982
"151389",-0.561447052574701,8.4396720943029
"287534",-0.857891096334143,5.97828821581542
"101103",-1.36094765544108,9.34697053126362
"88178",-1.38789711396466,9.5805325051347
"173528",-2.59163959468482,8.03543021644912
"171828",-0.00449157642059772,8.0713628278139
"105572",-1.39688026680586,9.26612215569286
"134847",-1.82807160318323,8.73611613806235
"165129",-2.14248195262506,8.18814381474944
"116472",-1.70230746340649,9.06849279318657
"56311",-1.91790313159518,10.1554542869712
"113386",-2.6365553588908,9.12239171023374
"319846",-0.795009026445777,5.39438328113773
"15763",-0.0673736463089645,10.8920728199492
"209149",0.408733454274382,7.39762636472426
"297250",-2.87011733276187,5.79862515899151
"110120",-0.723143803716215,9.18527378012211
"9137",-1.54959386510617,11.0088538068847
"277098",-0.848907943492948,6.16693442548052
"106223",-0.0134747292617932,9.25713900285167
"309965",-0.265003008815259,5.57404633796163
"202867",-2.4479091492257,7.5054241988186
"313870",-0.902806860540119,5.50218111523207
"194936",-2.2592629395606,7.64915464427773
"300957",-0.821958484969362,5.73574308910314
"122947",-1.57654332362976,8.95171180625103
"152194",-2.2592629395606,8.42170578862051
"173584",-2.08858303557789,8.03543021644912
"133771",-2.56469013616123,8.75408244374474
"79258",-1.15433514009359,9.74222925627621
"132371",-1.74722322761247,8.78103190226832
"188623",-0.929756319063705,7.76593563121326
"293539",-0.48958182984514,5.87049038172107
"251329",-0.175171480403307,6.63405837322267
"274360",-3.12164561231534,6.21185018968649
"40319",-2.70842058162036,10.4429151778894
"171081",-2.2502797867194,8.0803459806551
"242713",-1.67535800488291,6.78677197152299
"182977",-2.53774067763765,7.86475031246641
"210844",-2.22333032819582,7.36169375335948
"118971",-1.57654332362976,9.02357702898059
"255018",-2.75333634582633,6.5621931504931
"156189",-2.08858303557789,8.34984056589095
"210348",-2.21434717535462,7.37067690620067
"115504",-1.46874548953542,9.08645909886896
"125909",-1.75620638045366,8.89781288920386
"207381",-2.07959988273669,7.42457582324785
"149741",-1.97180204864235,8.46662155282649
"233307",-1.34298134975868,6.95745187550569
"289107",-0.121272563356135,5.95133875729183
"128444",-1.3070487383939,8.85289712499788
"81597",-2.46587545490809,9.69731349207023
"283590",-0.570430205415896,6.05015343854498
"194091",-0.92077316622251,7.66712094996012
"100819",0.552463899733505,9.35595368410482
"201601",-0.426699759956773,7.53237365734219
"289440",-1.59450962931215,5.94235560445063
"266244",-0.130255716197331,6.36456378798681
"209300",-2.69943742877916,7.38864321188306
"250403",0.435682912797968,6.65202467890506
"259441",-3.20249398788609,6.48134477492235
"168624",-1.99875150716594,8.12526174486107
"175073",-2.10654934126028,8.00848075792553
"31873",-2.68147112309677,10.5956287761898
"136783",-2.29519555092538,8.70018352669757
"22076",-1.39688026680586,10.7752918330137
"304963",-0.552463899733506,5.66387786637358
"235109",-3.01384777822099,6.92151926414091
"312407",-0.651278580986653,5.52913057375565
"267056",-1.76518953329486,6.34659748230442
"21972",-2.33112816229016,10.7752918330137
"116443",-1.96281889580115,9.06849279318657
"92530",-2.47485860774928,9.49968412956394
"74681",-2.08858303557789,9.82307763184697
"14167",-1.01060469463446,10.9190222784728
"247703",-1.495694948059,6.69694044311103
"278888",-2.6275722060496,6.13100181411573
"235667",-2.46587545490809,6.91253611129972
"29591",-0.857891096334143,10.6405445403957
"315702",-2.30417870376657,5.46624850386729
"110525",-1.54959386510617,9.17629062728091
"19184",-0.588396511098287,10.8291907500608
"101501",-2.2502797867194,9.33798737842243
"107562",-1.37891396112347,9.23018954432808
"95506",-2.52875752479645,9.44578521251677
"36327",-2.85215102707948,10.514780400619
"122467",-1.42382972532944,8.96069495909223
"312734",-2.17841456398984,5.52014742091446
"293056",-0.363817690068406,5.87947353456227
"264426",-3.06774669526817,6.3915132465104
"93103",-1.79213899181845,9.49070097672275
"282197",0.309918773021235,6.07710289706856
"304528",0.00449157642059728,5.67286101921478
"101509",-2.17841456398984,9.33798737842243
"289472",-1.3070487383939,5.94235560445063
"169115",-2.05265042421311,8.11627859201988
"189200",-0.211104091768088,7.75695247837207
"302037",-0.049407340626574,5.71777678342075
"282368",-2.61858905320841,6.06811974422737
"147216",-2.33112816229016,8.51153731703247
"9759",-0.426699759956773,10.9998706540435
"198457",-1.8819705202304,7.58627257438936
"103074",-1.51366125374139,9.31103791989884
"23118",-0.965688930428486,10.7573255273313
"174074",-2.15146510546625,8.02644706360793
"127420",-1.57654332362976,8.87086343068028
"170331",-0.058390493467769,8.09831228633749
"211638",0.444666065639163,7.35271060051828
"160351",-0.417716607115578,8.27797534316139
"241695",-1.89095367307159,6.80473827720538
"265274",0.0853399519913545,6.3825300936692
"231300",-1.51366125374139,6.99338448687048
"12188",-0.929756319063705,10.9549548898376
"179006",-2.49282491343167,7.93661553519597
"34897",-2.30417870376657,10.5417298591426
"99786",0.202120938926892,9.37391998978721
"217267",-2.56469013616123,7.24491276642394
"64684",-2.60062274752601,10.0027406886709
"253644",-1.70230746340649,6.58914260901669
"138387",-1.28009927987032,8.67323406817398
"211349",-2.15146510546625,7.35271060051828
"105980",-2.19638086967223,9.25713900285167
"18227",-0.256019855974064,10.8471570557432
"239291",-1.16331829293478,6.84965404141135
"297497",-0.651278580986653,5.79862515899151
"197442",-2.0706167298955,7.60423888007175
"293610",0.148222021879721,5.87049038172107
"56313",-1.89993682591279,10.1554542869712
"100573",-1.65739169920052,9.35595368410482
"273240",0.211104091768088,6.23879964821008
"106765",0.390767148591992,9.24815585001047
"150209",-2.23231348103701,8.4576383999853
"131128",0.480598677003944,8.80798136079191
"279608",-0.624329122463068,6.12201866127454
"166625",-2.09756618841908,8.16119435622585
"211820",-2.38502707933733,7.34372744767709
"175522",-2.53774067763765,7.99949760508434
"341519",-2.54672383047884,4.99912455612514
"271993",-2.0616335770543,6.25676595389247
"93079",-2.00773466000713,9.49070097672275
"201411",-2.13349879978386,7.53237365734219
"298469",-0.848907943492948,5.78065885330912
"280101",-0.660261733827848,6.11303550843334
"256535",-2.51977437195526,6.53524369196952
"293038",-0.52551444120992,5.87947353456227
"236262",-1.58552647647096,6.90355295845852
"307447",-0.561447052574701,5.61896210216761
"184500",-2.2502797867194,7.83780085394283
"164837",-0.30093562018004,8.19712696759063
"283151",-0.049407340626574,6.05913659138617
"295794",-2.55570698332004,5.8255746175151
"21655",-0.71416065087502,10.7842749858549
"175739",-0.588396511098287,7.99949760508434
"308919",-0.73212695655741,5.59201264364402
"58702",-2.76231949866753,10.1105385227652
"57211",-2.76231949866753,10.1374879812888
"252623",-1.94485259011876,6.60710891469908
"265551",-1.89095367307159,6.373546940828
"174039",-2.46587545490809,8.02644706360793
"7771",-0.426699759956773,11.0358032654083
"159733",-1.5046781009002,8.28695849600259
"109042",-1.47772864237661,9.2032400858045
"194995",-1.72925692193008,7.64915464427773
"24113",-0.95670577758729,10.7393592216489
"124046",-0.633312275304263,8.93374550056864
"94569",-2.01671781284833,9.46375151819916
"161623",-2.38502707933733,8.25102588463781
"170624",-1.89095367307159,8.08932913349629
"247886",0.148222021879721,6.69694044311103
"151754",-1.74722322761247,8.43068894146171
"223836",-1.59450962931215,7.1281317794884
"70331",-0.983655236110876,9.90392600741773
"255665",-1.40586341964705,6.55320999765191
"216741",-2.8252015685559,7.25389591926514
"200422",-2.08858303557789,7.55033996302458
"101754",0.0224578821029877,9.33798737842243
"127101",0.0224578821029877,8.87984658352147
"177068",-2.04366727137191,7.97254814656075
"187934",-2.65452166457319,7.77491878405446
"351023",-1.99875150716594,4.82844465214243
"13668",-1.02857100031685,10.928005431314
"182978",-2.52875752479645,7.86475031246641
"116473",-1.6933243105653,9.06849279318657
"245258",-1.13636883441119,6.74185620731701
"133419",-1.26213297418793,8.76306559658593
"97595",-1.62145908783574,9.40985260115199
"34123",-0.327885078703626,10.559696164825
"112211",0.202120938926892,9.14934116875733
"250785",-0.597379663939482,6.64304152606386
"84762",-0.821958484969362,9.64341457502306
"38829",-2.69943742877916,10.469864636413
"61722",-2.42095969070211,10.056639605718
"195674",-0.0943231048325499,7.64017149143653
"271958",-2.37604392649613,6.25676595389247
"33434",-2.05265042421311,10.5686793176662
"344069",-1.96281889580115,4.95420879191916
"19429",-2.85215102707948,10.8202075972196
"76597",-2.73537004014394,9.78714502048219
"78403",0.0943231048325495,9.7601955619586
"165353",-0.130255716197331,8.18814381474944
"237937",0.067373646308964,6.87660349993494
"278704",0.184154633244502,6.13998496695693
"206849",-2.39401023217853,7.43355897608904
"187976",-2.27722924524299,7.77491878405446
"120390",-2.22333032819582,8.99662757045701
"23599",-1.10941937588761,10.7483423744901
"50752",-2.74435319298514,10.2542689682243
"55328",-1.81908845034203,10.1734205926536
"252210",-1.19026775145837,6.61609206754028
"278145",-0.372800842909601,6.14896811979813
"306966",-0.417716607115578,5.6279452550088
"71658",-2.45689230206689,9.87697654889414
"252673",-1.495694948059,6.60710891469908
"26406",-2.68147112309677,10.6944434574429
"231767",-1.78315583897725,6.98440133402928
"292575",-0.220087244609283,5.88845668740346
"268656",-0.786025873604582,6.31964802378083
"97627",-1.33399819691749,9.40985260115199
"156860",-0.52551444120992,8.34085741304976
"298009",-0.516531288368725,5.78964200615032
"27129",-0.651278580986653,10.6854603046017
"283612",-0.372800842909601,6.05015343854498
"31539",-1.21721720998195,10.604611929031
"18074",-1.63044224067693,10.8471570557432
"254518",-2.78028580434992,6.5711763033343
"275939",-2.33112816229016,6.18490073116291
"321323",-0.92077316622251,5.36743382261414
"34831",-2.89706679128546,10.5417298591426
"210555",-0.354834537227211,7.37067690620067
"314370",-0.875857402016534,5.49319796239087
"39029",-0.902806860540119,10.469864636413
"213035",-0.399750301433187,7.3257611419947
"21947",-2.55570698332004,10.7752918330137
"133876",-1.62145908783574,8.75408244374474
"281681",0.139238869038526,6.08608604990976
"172292",-0.30093562018004,8.06237967497271
"85392",0.372800842909601,9.63443142218187
"118978",-1.51366125374139,9.02357702898059
"120434",-1.82807160318323,8.99662757045701
"273275",0.52551444120992,6.23879964821008
"117055",-0.929756319063705,9.05950964034538
"205413",-1.89993682591279,7.46050843461263
"262594",-1.66637485204171,6.42744585787518
"222847",-1.54959386510617,7.14609808517079
"112963",-1.97180204864235,9.13137486307494
"208867",-2.12451564694267,7.39762636472426
"270743",0.103306257673745,6.28371541241605
"228468",-0.166188327562112,7.04728340391765
"184522",-2.05265042421311,7.83780085394283
"24897",-2.84316787423829,10.7213929159665
"247252",-1.08246991736402,6.70592359595223
"19157",-0.830941637810557,10.8291907500608
"188484",-2.17841456398984,7.76593563121326
"297932",-1.20823405714076,5.78964200615032
"246695",-1.62145908783574,6.71490674879342
"95337",0.417716607115577,9.45476836535796
"231792",-1.55857701794737,6.98440133402928
"193456",-2.16044825830745,7.67610410280131
"15214",-0.534497594051115,10.9010559727904
"37599",-0.354834537227211,10.4968140949366
"111513",-1.60349278215335,9.15832432159852
"264552",-1.93586943727757,6.3915132465104
"29856",-2.94198255549143,10.6315613875545
"18560",-1.72925692193008,10.838173902902
"13679",-0.929756319063705,10.928005431314
"42853",-2.26824609240179,10.3979994136835
"307492",-0.157205174720916,5.61896210216761
"110005",-1.75620638045366,9.18527378012211
"243161",-2.11553249410147,6.77778881868179
"182488",-2.46587545490809,7.87373346530761
"303528",-0.049407340626574,5.69082732489717
"57312",-1.85502106170681,10.1374879812888
"12138",-1.37891396112347,10.9549548898376
"109503",-1.80112214465964,9.1942569329633
"287117",-0.139238869038526,5.98727136865661
"259314",0.121272563356135,6.49032792776354
"150210",-2.22333032819582,8.4576383999853
"226771",-2.01671781284833,7.07423286244123
"218792",-2.2592629395606,7.21796330790036
"111450",-2.16943141114864,9.15832432159852
"123093",-0.265003008815259,8.95171180625103
"314413",-0.48958182984514,5.49319796239087
"100198",-0.561447052574701,9.36493683694601
"292565",-0.309918773021235,5.88845668740346
"301315",-2.0706167298955,5.72675993626195
"204313",-2.85215102707948,7.47847474029502
"111723",0.282969314497649,9.15832432159852
"103085",-1.41484657248825,9.31103791989884
"30857",-2.87910048560307,10.6135950818721
"341014",-2.61858905320841,5.00810770896633
"329635",-2.15146510546625,5.21472022431382
"167072",-2.54672383047884,8.15221120338466
"227458",-0.309918773021235,7.06524970960004
"70228",-1.90891997875398,9.90392600741773
"218832",-1.89993682591279,7.21796330790036
"294579",-0.0763567991501595,5.85252407603868
"128896",-1.71129061624769,8.84391397215669
"312848",-1.15433514009359,5.52014742091446
"139861",-1.43281287817064,8.64628460965039
"157640",-2.4479091492257,8.32289110736737
"203191",0.462632371321554,7.5054241988186
"106984",-2.10654934126028,9.23917269716928
"273155",-0.552463899733506,6.23879964821008
"182572",-1.71129061624769,7.87373346530761
"139943",-0.696194345192629,8.64628460965039
"146769",-1.8819705202304,8.52052046987366
"113962",-1.92688628443637,9.11340855739255
"160621",-2.45689230206689,8.2689921903202
"216118",0.50754813552753,7.27186222494753
"288070",-0.50754813552753,5.96930506297422
"113603",-0.687211192351434,9.12239171023374
"111977",-1.89993682591279,9.14934116875733
"75442",0.282969314497649,9.81409447900577
"11631",-1.46874548953542,10.9639380426788
"161701",-1.6843411577241,8.25102588463781
"143333",-1.495694948059,8.58340253976203
"279963",-1.89993682591279,6.11303550843334
"234392",-0.52551444120992,6.9394855698233
"107023",-1.75620638045366,9.23917269716928
"128912",-1.56756017078857,8.84391397215669
"128521",-0.615345969621873,8.85289712499788
"300028",-0.238053550291673,5.75370939478554
"243250",-1.3160318912351,6.77778881868179
"94320",0.211104091768088,9.47273467104035
"15484",-2.57367328900243,10.8920728199492
"163139",-2.16044825830745,8.22407642611422
"120907",-2.04366727137191,8.98764441761581
"113155",-0.247036703132868,9.13137486307494
"46336",-2.23231348103701,10.3351173437951
"161672",-1.94485259011876,8.25102588463781
"13238",-0.426699759956773,10.9369885841552
"153207",-2.08858303557789,8.40373948293812
"262042",-2.16044825830745,6.43642901071637
"287112",-0.184154633244502,5.98727136865661
"260325",0.273986161656454,6.47236162208115
"45305",-2.56469013616123,10.3530836494775
"127401",-1.74722322761247,8.87086343068028
"188493",-2.09756618841908,7.76593563121326
"123938",-1.60349278215335,8.93374550056864
"24907",-2.75333634582633,10.7213929159665
"105064",-1.495694948059,9.27510530853406
"135012",-0.345851384386016,8.73611613806235
"24091",-1.15433514009359,10.7393592216489
"282125",-0.336868231544821,6.07710289706856
"217537",-0.139238869038526,7.24491276642394
"276695",-0.00449157642059772,6.17591757832171
"27440",-2.32214500944896,10.6764771517605
"307938",-0.615345969621873,5.60997894932641
"107767",0.462632371321554,9.23018954432808
"238403",-0.211104091768088,6.86762034709374
"271913",-2.78028580434992,6.25676595389247
"188054",-1.57654332362976,7.77491878405446
"166748",-0.992638388952071,8.16119435622585
"256593",-1.99875150716594,6.53524369196952
"152255",-1.71129061624769,8.42170578862051
"33954",-1.84603790886562,10.559696164825
"115008",-1.45976233669422,9.09544225171016
"40090",-0.30093562018004,10.4518983307306
"138499",-0.273986161656454,8.67323406817398
"32047",-1.1184025287288,10.5956287761898
"92169",-1.25314982134673,9.50866728240513
"147709",-2.36706077365494,8.50255416419127
"292497",-0.92077316622251,5.88845668740346
"110138",-0.561447052574701,9.18527378012211
"187554",-1.60349278215335,7.78390193689565
"199956",-1.81010529750084,7.55932311586577
"235124",-2.87910048560307,6.92151926414091
"93188",-1.02857100031685,9.49070097672275
"310426",-0.588396511098287,5.56506318512044
"115492",-1.57654332362976,9.08645909886896
"312863",-1.01958784747566,5.52014742091446
"308768",-2.08858303557789,5.59201264364402
"188671",-0.498564982686335,7.76593563121326
"222355",-1.5046781009002,7.15508123801199
"23905",-2.8252015685559,10.7393592216489
"316318",-1.23518351566434,5.45726535102609
"196914",-2.34909446797255,7.61322203291294
"235678",-2.36706077365494,6.91253611129972
"93209",-0.839924790651753,9.49070097672275
"170577",-2.31316185660777,8.08932913349629
"134873",-1.59450962931215,8.73611613806235
"123458",-1.45077918385303,8.94272865340984
"176506",-2.6275722060496,7.98153129940195
"210776",-2.83418472139709,7.36169375335948
"293084",-0.11228941051494,5.87947353456227
"128370",-1.97180204864235,8.85289712499788
"41001",-1.04653730599924,10.4339320250482
"13632",-1.35196450259988,10.928005431314
"21687",-0.426699759956773,10.7842749858549
"34370",-2.57367328900243,10.5507130119838
"111436",-2.29519555092538,9.15832432159852
"210848",-2.18739771683104,7.36169375335948
"228263",-2.00773466000713,7.04728340391765
"61190",-2.73537004014394,10.0656227585592
"18712",-0.363817690068406,10.838173902902
"343561",-2.0616335770543,4.96319194476036
"93693",-0.95670577758729,9.48171782388155
"202128",-0.157205174720916,7.52339050450099
"11677",-1.05552045884044,10.9639380426788
"109541",-1.45976233669422,9.1942569329633
"174092",-1.98976835432474,8.02644706360793
"294539",-0.435682912797968,5.85252407603868
"166641",-1.95383574295996,8.16119435622585
"263028",-2.23231348103701,6.41846270503398
"180184",-0.839924790651753,7.91864922951358
"17654",-0.9387394719049,10.8561402085844
"303749",-2.52875752479645,5.68184417205597
"135446",-0.911790013381315,8.72713298522115
"166593",-2.38502707933733,8.16119435622585
"26603",-0.911790013381315,10.6944434574429
"119637",-0.058390493467769,9.0145938761394
"127931",-1.45077918385303,8.86188027783908
"267192",-0.543480746892311,6.34659748230442
"273097",-1.07348676452283,6.23879964821008
"170269",-0.615345969621873,8.09831228633749
"143324",-1.57654332362976,8.58340253976203
"110515",-1.63942539351813,9.17629062728091
"202428",-1.92688628443637,7.5144073516598
"191925",-2.51977437195526,7.7030535613249
"22171",-0.543480746892311,10.7752918330137
"315912",-0.417716607115578,5.46624850386729
"31353",-2.88808363844426,10.604611929031
"161149",-2.17841456398984,8.260009037479
"114665",-0.0763567991501595,9.10442540455135
"44810",-2.54672383047884,10.3620668023187
"316252",-1.82807160318323,5.45726535102609
"168149",-1.80112214465964,8.13424489770227
"244546",-3.06774669526817,6.7508393601582
"267736",-0.121272563356135,6.33761432946322
"266739",-0.148222021879721,6.35558063514561
"116899",-2.33112816229016,9.05950964034538
"106948",-2.42994284354331,9.23917269716928
"185563",-1.63044224067693,7.81983454826043
"211763",-2.89706679128546,7.34372744767709
"281069",-0.893823707698924,6.09506920275095
"107026",-1.72925692193008,9.23917269716928
"194948",-2.15146510546625,7.64915464427773
"122535",-0.812975332128167,8.96069495909223
"271124",-0.9387394719049,6.27473225957486
"284882",-2.35807762081374,6.02320398002139
"107510",-1.84603790886562,9.23018954432808
"15957",-2.78926895719111,10.883089667108
"191482",-2.03468411853072,7.71203671416609
"134395",-1.42382972532944,8.74509929090354
"52790",-2.29519555092538,10.2183363568596
"189692",-0.256019855974064,7.74796932553087
"287789",-3.03181408390339,5.96930506297422
"39554",-0.651278580986653,10.4608814835718
"105554",-1.55857701794737,9.26612215569286
"271555",-1.53162755942378,6.26574910673366
"271576",-1.34298134975868,6.26574910673366
"252134",-1.8729873673892,6.61609206754028
"24399",-2.85215102707948,10.7303760688077
"288005",-1.09145307020522,5.96930506297422
"189931",-2.57367328900243,7.73898617268968
"196963",-1.90891997875398,7.61322203291294
"188934",-2.60062274752601,7.75695247837207
"185523",-1.98976835432474,7.81983454826043
"33848",-2.79825211003231,10.559696164825
"11039",-2.32214500944896,10.97292119552
"125938",-1.495694948059,8.89781288920386
"170551",-2.54672383047884,8.08932913349629
"91273",-0.372800842909601,9.52663358808753
"191175",-0.327885078703626,7.72101986700729
"36354",-2.60960590036721,10.514780400619
"11563",-2.07959988273669,10.9639380426788
"11715",-0.71416065087502,10.9639380426788
"256610",-1.84603790886562,6.53524369196952
"129316",-2.40299338501972,8.83493081931549
"110231",0.273986161656454,9.18527378012211
"2324",-0.247036703132868,11.1346179466615
"244106",-2.55570698332004,6.7598225129994
"138826",-1.80112214465964,8.66425091533278
"275639",-0.561447052574701,6.1938838840041
"269928",-2.75333634582633,6.29269856525725
"177994",-2.65452166457319,7.95458184087836
"108507",-1.81908845034203,9.21222323864569
"318677",-2.36706077365494,5.41234958682012
"261139",-1.34298134975868,6.45439531639876
"98537",-2.08858303557789,9.3918862954696
"191187",-0.220087244609283,7.72101986700729
"45831",-2.30417870376657,10.3441004966363
"41983",-1.15433514009359,10.4159657193659
"267240",-0.11228941051494,6.34659748230442
"189546",-1.56756017078857,7.74796932553087
"267978",-2.41197653786092,6.32863117662203
"269675",-0.561447052574701,6.30168171809844
"271476",-2.24129663387821,6.26574910673366
"198147",-0.202120938926893,7.59525572723055
"148703",-2.36706077365494,8.48458785850888
"64755",-1.96281889580115,10.0027406886709
"34355",-2.70842058162036,10.5507130119838
"13014",-2.4389259963845,10.9369885841552
"36984",-1.41484657248825,10.5057972477778
"202857",-2.53774067763765,7.5054241988186
"250064",-2.60960590036721,6.65202467890506
"105089",-1.27111612702912,9.27510530853406
"267915",-2.97791516685621,6.32863117662203
"324702",-1.81908845034203,5.30455175272577
"129377",-1.85502106170681,8.83493081931549
"31514",-1.44179603101183,10.604611929031
"103529",-1.89095367307159,9.30205476705765
"251689",-1.40586341964705,6.62507522038147
"303979",-0.462632371321554,5.68184417205597
"13208",-0.696194345192629,10.9369885841552
"197887",-2.53774067763765,7.59525572723055
"32128",-0.390767148591992,10.5956287761898
"158255",-1.38789711396466,8.31390795452617
"42309",-2.69045427593797,10.4069825665247
"235189",-2.29519555092538,6.92151926414091
"17455",-2.72638688730275,10.8561402085844
"246609",-2.39401023217853,6.71490674879342
"317192",-2.31316185660777,5.4392990453437
"313388",-0.768059567922191,5.51116426807326
"210278",-2.84316787423829,7.37067690620067
"154394",-0.354834537227211,8.38577317725573
"257597",-1.90891997875398,6.51727738628713
"282598",-0.552463899733506,6.06811974422737
"128960",-1.13636883441119,8.84391397215669
"260488",-2.72638688730275,6.46337846923996
"335053",-2.59163959468482,5.11590554306068
"279899",-2.47485860774928,6.11303550843334
"253173",-1.46874548953542,6.59812576185789
"240460",0.408733454274382,6.83168773572896
"22102",-1.16331829293478,10.7752918330137
"253205",-1.18128459861717,6.59812576185789
"90151",-1.52264440658259,9.54459989376992
"34415",-2.16943141114864,10.5507130119838
"18978",-2.4389259963845,10.8291907500608
"184935",-2.80723526287351,7.82881770110163
"269790",0.471615524162749,6.30168171809844
"161714",-1.56756017078857,8.25102588463781
"96071",-1.91790313159518,9.43680205967557
"127563",-0.291952467338845,8.87086343068028
"228028",0.345851384386016,7.05626655675884
"197615",-0.516531288368725,7.60423888007175
"259523",-2.46587545490809,6.48134477492235
"20121",-1.10043622304641,10.8112244443784
"279037",-1.28908243271151,6.13100181411573
"54055",0.139238869038526,10.2003700511772
"182002",-2.36706077365494,7.8827166181488
"151200",-2.2592629395606,8.4396720943029
"105549",-1.60349278215335,9.26612215569286
"139290",-2.09756618841908,8.65526776249159
"330677",-1.72027376908888,5.19675391863143
"31629",-0.408733454274382,10.604611929031
"314901",-0.570430205415896,5.48421480954968
"125533",-0.669244886669044,8.90679604204506
"114608",-0.588396511098287,9.10442540455135
"54847",-1.67535800488291,10.1824037454948
"291502",-0.929756319063705,5.90642299308585
"109532",-1.54061071226498,9.1942569329633
"177504",-2.59163959468482,7.96356499371956
"109984",-1.94485259011876,9.18527378012211
"298983",-0.696194345192629,5.77167570046793
"89127",-1.79213899181845,9.56256619945231
"116543",-1.06450361168163,9.06849279318657
"78909",0.175171480403307,9.75121240911741
"94009",-2.58265644184362,9.47273467104035
"101500",-2.2592629395606,9.33798737842243
"263757",-0.148222021879721,6.40947955219279
"110065",-1.21721720998195,9.18527378012211
"139753",-2.40299338501972,8.64628460965039
"181099",-1.54959386510617,7.90068292383119
"21701",-0.30093562018004,10.7842749858549
"29367",-2.87011733276187,10.6405445403957
"262622",-1.41484657248825,6.42744585787518
"14139",-1.26213297418793,10.9190222784728
"12704",-0.759076415080996,10.9459717369964
"120416",-1.98976835432474,8.99662757045701
"111042",-1.36993080828227,9.16730747443972
"300027",-0.247036703132868,5.75370939478554
"79200",-1.67535800488291,9.74222925627621
"298099",0.291952467338844,5.78964200615032
"195173",-0.130255716197331,7.64915464427773
"14195",-0.759076415080996,10.9190222784728
"195468",-1.94485259011876,7.64017149143653
"28908",-2.52875752479645,10.6495276932369
"225515",0.0943231048325495,7.10118232096482
"190263",0.408733454274382,7.73898617268968
"310439",-0.471615524162749,5.56506318512044
"128415",-1.56756017078857,8.85289712499788
"141848",-1.44179603101183,8.61035199828561
"16168",-0.893823707698924,10.883089667108
"21169",-0.615345969621873,10.7932581386961
"308944",-0.50754813552753,5.59201264364402
"177574",-1.96281889580115,7.96356499371956
"115965",-1.79213899181845,9.07747594602776
"22676",-0.471615524162749,10.7663086801725
"109995",-1.84603790886562,9.18527378012211
"149785",-1.57654332362976,8.46662155282649
"295548",-0.30093562018004,5.83455777035629
"254024",-2.75333634582633,6.58015945617549
"186134",-0.965688930428486,7.81085139541924
"298541",-0.202120938926893,5.78065885330912
"258702",-0.911790013381315,6.49931108060474
"100981",-2.45689230206689,9.34697053126362
"242265",-1.23518351566434,6.79575512436418
"102560",-1.66637485204171,9.32002107274004
"227959",-0.273986161656454,7.05626655675884
"94143",-1.37891396112347,9.47273467104035
"50355",-1.84603790886562,10.2632521210655
"164607",-2.36706077365494,8.19712696759063
"106485",-2.12451564694267,9.24815585001047
"275363",-3.04079723674458,6.1938838840041
"227461",-0.282969314497649,7.06524970960004
"22082",-1.34298134975868,10.7752918330137
"6294",-0.30093562018004,11.0627527239319
"241730",-1.57654332362976,6.80473827720538
"174604",-1.85502106170681,8.01746391076673
"190976",-2.11553249410147,7.72101986700729
"344532",-2.26824609240179,4.94522563907797
"196016",-1.48671179521781,7.63118833859533
"135812",-2.08858303557789,8.71814983237996
"35455",-1.75620638045366,10.5327467063014
"206878",-2.13349879978386,7.43355897608904
"46283",-2.70842058162036,10.3351173437951
"121652",0.184154633244502,8.97866126477462
"318873",-0.606362816780677,5.41234958682012
"283623",-0.273986161656454,6.05015343854498
"182527",-2.11553249410147,7.87373346530761
"285108",-0.327885078703626,6.02320398002139
"129357",-2.03468411853072,8.83493081931549
"104224",-0.11228941051494,9.29307161421645
"116492",-1.52264440658259,9.06849279318657
"278515",-1.51366125374139,6.13998496695693
"249181",-1.61247593499454,6.66999098458745
"94592",-1.81010529750084,9.46375151819916
"91122",-1.72925692193008,9.52663358808753
"273735",0.193137786085697,6.22981649536888
"297782",-2.55570698332004,5.78964200615032
"203089",-0.453649218480359,7.5054241988186
"132815",-2.22333032819582,8.77204874942713
"263790",0.148222021879721,6.40947955219279
"171071",-2.34011131513135,8.0803459806551
"161659",-2.0616335770543,8.25102588463781
"40074",-0.444666065639163,10.4518983307306
"232790",-1.52264440658259,6.96643502834689
"92187",-1.09145307020522,9.50866728240513
"150190",-2.40299338501972,8.4576383999853
"158215",-1.74722322761247,8.31390795452617
"142975",-0.247036703132868,8.59238569260322
"259185",-1.03755415315805,6.49032792776354
"119064",-0.741110109398605,9.02357702898059
"262665",-1.02857100031685,6.42744585787518
"290444",-1.5046781009002,5.92438929876824
"127916",-1.58552647647096,8.86188027783908
"210633",0.345851384386016,7.37067690620067
"49522",-0.399750301433187,10.2812184267479
"103495",-2.19638086967223,9.30205476705765
"229252",-2.05265042421311,7.02931709823526
"24899",-2.8252015685559,10.7213929159665
"179578",-1.81908845034203,7.92763238235478
"66169",-2.65452166457319,9.97579123014729
"322263",-1.40586341964705,5.34946751693175
"172619",-1.82807160318323,8.05339652213151
"313423",-0.453649218480359,5.51116426807326
"286591",-0.399750301433187,5.99625452149781
"19064",-1.66637485204171,10.8291907500608
"186924",-2.79825211003231,7.79288508973685
"289032",-0.795009026445777,5.95133875729183
"141773",-2.11553249410147,8.61035199828561
"255998",-2.87910048560307,6.54422684481071
"143950",-0.417716607115578,8.57441938692083
"179276",-0.0673736463089645,7.93661553519597
"280136",-0.345851384386016,6.11303550843334
"231773",-1.72925692193008,6.98440133402928
"52763",-2.53774067763765,10.2183363568596
"312936",-0.363817690068406,5.52014742091446
"104223",-0.121272563356135,9.29307161421645
"11736",-0.52551444120992,10.9639380426788
"166125",-2.12451564694267,8.17017750906705
"248312",-0.48958182984514,6.68795729026984
"147925",-0.426699759956773,8.50255416419127
"183458",-2.68147112309677,7.85576715962522
"24894",-2.87011733276187,10.7213929159665
"254565",-2.35807762081374,6.5711763033343
"152871",-0.642295428145458,8.41272263577932
"268292",0.408733454274382,6.32863117662203
"291015",-0.839924790651753,5.91540614592705
"99015",-2.2592629395606,9.3829031426284
"291607",0.0134747292617927,5.90642299308585
"31135",-0.381783995750797,10.6135950818721
"186036",-1.84603790886562,7.81085139541924
"12647",-1.27111612702912,10.9459717369964
"189967",-2.2502797867194,7.73898617268968
"183079",-1.62145908783574,7.86475031246641
"139443",-0.723143803716215,8.65526776249159
"309429",-0.615345969621873,5.58302949080283
"40346",-2.46587545490809,10.4429151778894
"178581",-1.84603790886562,7.94559868803717
"30085",-0.884840554857729,10.6315613875545
"26691",-0.121272563356135,10.6944434574429
"180711",-0.570430205415896,7.90966607667239
"52247",-2.70842058162036,10.2273195097008
"101541",-1.89095367307159,9.33798737842243
"178974",-2.78028580434992,7.93661553519597
"184194",-0.534497594051115,7.84678400678402
"267442",-2.76231949866753,6.33761432946322
"239467",0.417716607115577,6.84965404141135
"211319",-2.42095969070211,7.35271060051828
"233487",0.273986161656454,6.95745187550569
"88606",-2.00773466000713,9.5715493522935
"127447",-1.33399819691749,8.87086343068028
"171120",-1.89993682591279,8.0803459806551
"310401",-0.812975332128167,5.56506318512044
"203658",0.193137786085697,7.49644104597741
"305017",-0.0673736463089645,5.66387786637358
"142942",-0.543480746892311,8.59238569260322
"203402",-2.10654934126028,7.49644104597741
"316273",-1.63942539351813,5.45726535102609
"156644",-2.46587545490809,8.34085741304976
"200910",-2.16943141114864,7.54135681018338
"179561",-1.97180204864235,7.92763238235478
"128903",-1.64840854635932,8.84391397215669
"94020",-2.48384176059048,9.47273467104035
"25614",-0.866874249175338,10.7124097631253
"304437",-0.812975332128167,5.67286101921478
"15215",-0.52551444120992,10.9010559727904
"123474",-1.3070487383939,8.94272865340984
"178071",-1.96281889580115,7.95458184087836
"118093",-0.534497594051115,9.04154333466298
"153788",-1.33399819691749,8.39475633009693
"184541",-1.8819705202304,7.83780085394283
"25453",-2.31316185660777,10.7124097631253
"315910",-0.435682912797968,5.46624850386729
"302252",-2.58265644184362,5.70879363057956
"113407",-2.4479091492257,9.12239171023374
"18129",-1.13636883441119,10.8471570557432
"13261",-0.220087244609283,10.9369885841552
"302002",-0.363817690068406,5.71777678342075
"105076",-1.38789711396466,9.27510530853406
"303809",-1.98976835432474,5.68184417205597
"267507",-2.17841456398984,6.33761432946322
"61736",-2.29519555092538,10.056639605718
"119388",-2.29519555092538,9.0145938761394
"202160",0.13025571619733,7.52339050450099
"277589",-0.902806860540119,6.15795127263932
"134966",-0.759076415080996,8.73611613806235
"334152",-1.75620638045366,5.13387184874307
"99605",-1.42382972532944,9.37391998978721
"272255",0.291952467338844,6.25676595389247
"302523",-0.148222021879721,5.70879363057956
"148751",-1.93586943727757,8.48458785850888
"287568",-0.552463899733506,5.97828821581542
"99118",-1.33399819691749,9.3829031426284
"37097",-0.399750301433187,10.5057972477778
"119077",-0.624329122463068,9.02357702898059
"195934",-2.22333032819582,7.63118833859533
"272452",-2.40299338501972,6.24778280105127
"282633",-0.238053550291673,6.06811974422737
"231453",-0.139238869038526,6.99338448687048
"212143",0.516531288368725,7.34372744767709
"249600",-2.31316185660777,6.66100783174625
"167094",-2.34909446797255,8.15221120338466
"217369",-1.64840854635932,7.24491276642394
"183739",-0.157205174720916,7.85576715962522
"103992",-2.19638086967223,9.29307161421645
"172123",-1.81908845034203,8.06237967497271
"300487",-0.579413358257092,5.74472624194434
"286007",-1.18128459861717,6.005237674339
"271702",-0.211104091768088,6.26574910673366
"269399",-3.04079723674458,6.30168171809844
"294636",0.435682912797968,5.85252407603868
"116406",-2.29519555092538,9.06849279318657
"18435",-2.85215102707948,10.838173902902
"226791",-1.83705475602442,7.07423286244123
"186933",-2.71740373446155,7.79288508973685
"263060",-1.94485259011876,6.41846270503398
"334658",-1.67535800488291,5.12488869590187
"116968",-1.71129061624769,9.05950964034538
"23603",-1.07348676452283,10.7483423744901
"251266",-0.741110109398605,6.63405837322267
"270995",-2.09756618841908,6.27473225957486
"191680",-0.256019855974064,7.71203671416609
"185529",-1.93586943727757,7.81983454826043
"33874",-2.56469013616123,10.559696164825
"265514",-2.22333032819582,6.373546940828
"291558",-0.426699759956773,5.90642299308585
"20925",-2.80723526287351,10.7932581386961
"151884",-0.579413358257092,8.43068894146171
"275171",-0.30093562018004,6.2028670368453
"262740",-0.354834537227211,6.42744585787518
"251381",0.291952467338844,6.63405837322267
"263832",0.52551444120992,6.40947955219279
"225503",-0.0134747292617932,7.10118232096482
"194946",-2.16943141114864,7.64915464427773
"185782",0.336868231544821,7.81983454826043
"277509",-1.62145908783574,6.15795127263932
"283528",-1.12738568157,6.05015343854498
"187985",-2.19638086967223,7.77491878405446
"192219",0.121272563356135,7.7030535613249
"351507",-2.11553249410147,4.81946149930123
"33890",-2.42095969070211,10.559696164825
"277585",-0.9387394719049,6.15795127263932
"152216",-2.0616335770543,8.42170578862051
"281599",-0.597379663939482,6.08608604990976
"105599",-1.15433514009359,9.26612215569286
"268616",-1.14535198725239,6.31964802378083
"244236",-1.38789711396466,6.7598225129994
"235710",-2.07959988273669,6.91253611129972
"25547",-1.46874548953542,10.7124097631253
"109233",0.238053550291673,9.2032400858045
"326172",-2.00773466000713,5.27760229420219
"20185",-0.52551444120992,10.8112244443784
"77140",-2.32214500944896,9.77816186764099
"306454",-0.552463899733506,5.63692840785
"237788",-1.27111612702912,6.87660349993494
"351006",-2.15146510546625,4.82844465214243
"190484",-2.0706167298955,7.73000301984848
"18687",-0.588396511098287,10.838173902902
"302517",-0.202120938926893,5.70879363057956
"307811",-1.75620638045366,5.60997894932641
"17991",-2.37604392649613,10.8471570557432
"23679",-0.390767148591992,10.7483423744901
"279103",-0.696194345192629,6.13100181411573
"128886",-1.80112214465964,8.84391397215669
"133073",0.0943231048325495,8.77204874942713
"175583",-1.98976835432474,7.99949760508434
"193143",-0.50754813552753,7.68508725564251
"244218",-1.54959386510617,6.7598225129994
"191961",-2.19638086967223,7.7030535613249
"3300",-0.408733454274382,11.1166516409791
"218790",-2.27722924524299,7.21796330790036
"264259",-0.103306257673745,6.40049639935159
"342058",-2.16943141114864,4.99014140328394
"18457",-2.65452166457319,10.838173902902
"39873",-2.2502797867194,10.4518983307306
"102021",-2.04366727137191,9.32900422558123
"47772",-2.72638688730275,10.3081678852715
"339553",-2.34909446797255,5.03505716748992
"182507",-2.29519555092538,7.87373346530761
"203098",-0.372800842909601,7.5054241988186
"238166",-2.34011131513135,6.86762034709374
"174316",0.0224578821029877,8.02644706360793
"253492",-3.06774669526817,6.58914260901669
"249862",0.0404241877853782,6.66100783174625
"85610",-2.13349879978386,9.62544826934067
"166675",-1.64840854635932,8.16119435622585
"258092",-1.92688628443637,6.50829423344593
"239616",-2.70842058162036,6.84067088857016
"133346",-1.91790313159518,8.76306559658593
"25591",-1.07348676452283,10.7124097631253
"71138",-2.66350481741438,9.88595970173533
"11029",-2.41197653786092,10.97292119552
"280674",0.0224578821029877,6.10405235559215
"278419",-2.37604392649613,6.13998496695693
"27953",-2.17841456398984,10.6674939989193
"266597",-1.42382972532944,6.35558063514561
"136805",-2.09756618841908,8.70018352669757
"87622",-1.91790313159518,9.58951565797589
"268725",-0.166188327562112,6.31964802378083
"349547",-1.86400421454801,4.85539411066601
"117505",-1.35196450259988,9.05052648750418
"228216",-2.42994284354331,7.04728340391765
"292019",-0.750093262239801,5.89743984024466
"36901",-2.16044825830745,10.5057972477778
"30399",-2.52875752479645,10.6225782347133
"302976",-0.543480746892311,5.69981047773836
"191457",-2.2592629395606,7.71203671416609
"172074",-2.2592629395606,8.06237967497271
"124413",-1.80112214465964,8.92476234772745
"163621",-2.29519555092538,8.21509327327302
"257581",-2.05265042421311,6.51727738628713
"163678",-1.78315583897725,8.21509327327302
"118998",-1.33399819691749,9.02357702898059
"290545",-0.597379663939482,5.92438929876824
"190187",-0.273986161656454,7.73898617268968
"302435",-0.9387394719049,5.70879363057956
"112009",-1.61247593499454,9.14934116875733
"208334",-2.4479091492257,7.40660951756545
"217298",-2.28621239808418,7.24491276642394
"177253",-0.381783995750797,7.97254814656075
"80133",-2.22333032819582,9.72426295059382
"325163",-2.14248195262506,5.29556859988458
"118853",-2.6365553588908,9.02357702898059
"83100",-2.35807762081374,9.67036403354665
"26136",-0.642295428145458,10.7034266102841
"131496",-0.678228039510239,8.79899820795071
"200947",-1.83705475602442,7.54135681018338
"203677",0.363817690068406,7.49644104597741
"255526",-2.65452166457319,6.55320999765191
"201091",-0.543480746892311,7.54135681018338
"226012",0.0943231048325495,7.09219916812362
"15007",-2.39401023217853,10.9010559727904
"127416",-1.61247593499454,8.87086343068028
"150275",-1.63942539351813,8.4576383999853
"121880",-2.23231348103701,8.96967811193342
"260202",-0.830941637810557,6.47236162208115
"233509",0.471615524162749,6.95745187550569
"268653",-0.812975332128167,6.31964802378083
"134465",-0.795009026445777,8.74509929090354
"220031",-0.058390493467769,7.19999700221797
"187177",-0.52551444120992,7.79288508973685
"126121",0.148222021879721,8.89781288920386
"179117",-1.495694948059,7.93661553519597
"191981",-2.01671781284833,7.7030535613249
"307772",-2.10654934126028,5.60997894932641
"309957",-0.336868231544821,5.57404633796163
"108764",0.489581829845139,9.21222323864569
"285562",-0.71416065087502,6.0142208271802
"206820",-2.65452166457319,7.43355897608904
"258490",-2.8162184157147,6.49931108060474
"152366",-0.71416065087502,8.42170578862051
"199686",0.229070397450478,7.56830626870697
"194137",-0.50754813552753,7.66712094996012
"150692",-2.35807762081374,8.4486552471441
"115013",-1.41484657248825,9.09544225171016
"308938",-0.561447052574701,5.59201264364402
"312330",-1.34298134975868,5.52913057375565
"191689",-0.175171480403307,7.71203671416609
"175759",-0.408733454274382,7.99949760508434
"282647",-0.11228941051494,6.06811974422737
"167085",-2.42994284354331,8.15221120338466
"178106",-1.64840854635932,7.95458184087836
"184504",-2.21434717535462,7.83780085394283
"265284",0.175171480403307,6.3825300936692
"265780",0.166188327562111,6.373546940828
"95041",-2.24129663387821,9.45476836535796
"138865",-1.45077918385303,8.66425091533278
"116488",-1.55857701794737,9.06849279318657
"67808",-1.32501504407629,9.9488417716237
"158661",-2.20536402251343,8.30492480168498
"139371",-1.36993080828227,8.65526776249159
"19636",-0.992638388952071,10.8202075972196
"188496",-2.0706167298955,7.76593563121326
"182700",-0.561447052574701,7.87373346530761
"117473",-1.63942539351813,9.05052648750418
"191145",-0.597379663939482,7.72101986700729
"108454",-2.29519555092538,9.21222323864569
"117121",-0.336868231544821,9.05950964034538
"213622",0.408733454274382,7.3167779891535
"212632",0.444666065639163,7.33474429483589
"192916",-2.54672383047884,7.68508725564251
"265786",0.220087244609283,6.373546940828
"24903",-2.78926895719111,10.7213929159665
"77704",-1.72027376908888,9.7691787147998
"43804",-2.65452166457319,10.3800331080011
"184544",-1.85502106170681,7.83780085394283
"66381",-0.750093262239801,9.97579123014729
"42365",-2.18739771683104,10.4069825665247
"98037",-2.11553249410147,9.40086944831079
"260555",-2.12451564694267,6.46337846923996
"207886",-2.00773466000713,7.41559267040665
"300525",-0.238053550291673,5.74472624194434
"237800",-1.16331829293478,6.87660349993494
"174127",-1.67535800488291,8.02644706360793
"280698",0.238053550291673,6.10405235559215
"201169",0.157205174720916,7.54135681018338
"136359",-1.63942539351813,8.70916667953876
"238339",-0.786025873604582,6.86762034709374
"238266",-1.44179603101183,6.86762034709374
"216058",-0.0314410349441836,7.27186222494753
"290956",-1.36993080828227,5.91540614592705
"167668",-1.65739169920052,8.14322805054346
"197656",-0.148222021879721,7.60423888007175
"297098",0.229070397450478,5.80760831183271
"49329",-2.13349879978386,10.2812184267479
"212866",-1.91790313159518,7.3257611419947
"254159",-1.54061071226498,6.58015945617549
"118623",-0.238053550291673,9.03256018182179
"219369",-1.54061071226498,7.20898015505916
"207802",-2.76231949866753,7.41559267040665
"288468",-1.39688026680586,5.96032191013303
"160148",-2.24129663387821,8.27797534316139
"208060",-0.444666065639163,7.41559267040665
"201873",-2.4479091492257,7.52339050450099
"301959",-0.750093262239801,5.71777678342075
"44300",-2.66350481741438,10.3710499551599
"206908",-1.86400421454801,7.43355897608904
"258185",-1.09145307020522,6.50829423344593
"182553",-1.8819705202304,7.87373346530761
"269247",0.0583904934677686,6.31066487093964
"292520",-0.71416065087502,5.88845668740346
"195245",0.516531288368725,7.64915464427773
"202943",-1.76518953329486,7.5054241988186
"69749",-1.74722322761247,9.91290916025892
"28639",-0.480598677003944,10.6585108460781
"84581",-2.4479091492257,9.64341457502306
"112913",-2.42095969070211,9.13137486307494
"105081",-1.34298134975868,9.27510530853406
"280469",-1.81908845034203,6.10405235559215
"131882",-1.67535800488291,8.79001505510952
"191613",-0.857891096334143,7.71203671416609
"257024",-2.59163959468482,6.52626053912832
"203405",-2.07959988273669,7.49644104597741
"212285",-2.67248797025558,7.33474429483589
"207421",-1.72027376908888,7.42457582324785
"170071",-2.39401023217853,8.09831228633749
"285646",0.0404241877853782,6.0142208271802
"107543",-1.54959386510617,9.23018954432808
"264221",-0.444666065639163,6.40049639935159
"237480",0.426699759956773,6.88558665277613
"247381",0.076356799150159,6.70592359595223
"123967",-1.34298134975868,8.93374550056864
"23597",-1.12738568157,10.7483423744901
"101306",0.462632371321554,9.34697053126362
"196445",-2.09756618841908,7.62220518575414
"120350",-2.58265644184362,8.99662757045701
"16746",-0.166188327562112,10.8741065142668
"256523",-2.6275722060496,6.53524369196952
"211805",-2.51977437195526,7.34372744767709
"148724",-2.17841456398984,8.48458785850888
"292581",-0.166188327562112,5.88845668740346
"99571",-1.72925692193008,9.37391998978721
"251551",-2.64553851173199,6.62507522038147
"246285",-0.839924790651753,6.72388990163462
"36528",-1.04653730599924,10.514780400619
"184452",-2.68147112309677,7.83780085394283
"117012",-1.3160318912351,9.05950964034538
"308749",-2.2592629395606,5.59201264364402
"257852",0.381783995750796,6.51727738628713
"125418",-1.70230746340649,8.90679604204506
"124453",-1.44179603101183,8.92476234772745
"121023",-1.00162154179327,8.98764441761581
"181590",-1.60349278215335,7.89169977099
"192459",-2.18739771683104,7.6940704084837
"342561",-2.11553249410147,4.98115825044275
"129364",-1.97180204864235,8.83493081931549
"286596",-0.354834537227211,5.99625452149781
"18652",-0.902806860540119,10.838173902902
"160127",-2.42994284354331,8.27797534316139
"121977",-1.36094765544108,8.96967811193342
"16138",-1.16331829293478,10.883089667108
"215775",-2.57367328900243,7.27186222494753
"266699",-0.50754813552753,6.35558063514561
"207813",-2.66350481741438,7.41559267040665
"193747",0.453649218480358,7.67610410280131
"42308",-2.69943742877916,10.4069825665247
"243779",-1.02857100031685,6.76880566584059
"15134",-1.25314982134673,10.9010559727904
"169679",-1.45077918385303,8.10729543917868
"23169",-0.50754813552753,10.7573255273313
"262735",-0.399750301433187,6.42744585787518
"309457",-0.363817690068406,5.58302949080283
"33037",-1.15433514009359,10.5776624705074
"89550",-2.45689230206689,9.55358304661111
"242749",-1.35196450259988,6.78677197152299
"107078",-1.26213297418793,9.23917269716928
"189687",-0.30093562018004,7.74796932553087
"290544",-0.606362816780677,5.92438929876824
"51290",-2.37604392649613,10.2452858153831
"291577",-0.256019855974064,5.90642299308585
"102542",-1.82807160318323,9.32002107274004
"243921",0.247036703132868,6.76880566584059
"186013",-2.05265042421311,7.81085139541924
"33564",-0.884840554857729,10.5686793176662
"173033",-2.57367328900243,8.04441336929031
"119456",-1.6843411577241,9.0145938761394
"90075",-2.20536402251343,9.54459989376992
"248543",-2.87910048560307,6.67897413742864
"24425",-2.61858905320841,10.7303760688077
"92163",-1.3070487383939,9.50866728240513
"236494",0.498564982686334,6.90355295845852
"175114",-1.73824007477127,8.00848075792553
"124937",-1.55857701794737,8.91577919488625
"144724",-2.39401023217853,8.55645308123844
"14704",-0.651278580986653,10.9100391256316
"303933",-0.875857402016534,5.68184417205597
"164637",-2.09756618841908,8.19712696759063
"259593",-1.83705475602442,6.48134477492235
"287388",-2.16943141114864,5.97828821581542
"181244",-0.247036703132868,7.90068292383119
"291627",0.193137786085697,5.90642299308585
"166829",-0.265003008815259,8.16119435622585
"113505",-1.56756017078857,9.12239171023374
"303003",-0.30093562018004,5.69981047773836
"215852",-1.8819705202304,7.27186222494753
"123958",-1.42382972532944,8.93374550056864
"293044",-0.471615524162749,5.87947353456227
"206792",-2.90604994412665,7.43355897608904
"156160",-2.34909446797255,8.34984056589095
"114943",-2.04366727137191,9.09544225171016
"190666",-0.435682912797968,7.73000301984848
"300492",-0.534497594051115,5.74472624194434
"258625",-1.60349278215335,6.49931108060474
"99548",-1.93586943727757,9.37391998978721
"299893",-1.45077918385303,5.75370939478554
"19615",-1.18128459861717,10.8202075972196
"140793",-1.98976835432474,8.628318303968
"233775",-1.60349278215335,6.9484687226645
"126850",-2.23231348103701,8.87984658352147
"174612",-1.78315583897725,8.01746391076673
"153196",-2.18739771683104,8.40373948293812
"154664",-2.39401023217853,8.37679002441454
"153261",-1.60349278215335,8.40373948293812
"277354",-3.01384777822099,6.15795127263932
"68691",-2.32214500944896,9.93087546594131
"100535",-1.99875150716594,9.35595368410482
"297311",-2.32214500944896,5.79862515899151
"191422",-2.57367328900243,7.71203671416609
"205867",-2.28621239808418,7.45152528177143
"215546",-0.166188327562112,7.28084537778872
"284682",0.309918773021235,6.03218713286259
"115473",-1.74722322761247,9.08645909886896
"124591",-0.202120938926893,8.92476234772745
"20143",-0.902806860540119,10.8112244443784
"132889",-1.55857701794737,8.77204874942713
"17736",-0.202120938926893,10.8561402085844
"222088",0.561447052574701,7.16406439085318
"166576",-2.53774067763765,8.16119435622585
"118927",-1.97180204864235,9.02357702898059
"166354",-0.0673736463089645,8.17017750906705
"245123",-2.34909446797255,6.74185620731701
"109433",-2.42994284354331,9.1942569329633
"110043",-1.41484657248825,9.18527378012211
"104570",-1.46874548953542,9.28408846137526
"285620",-0.193137786085697,6.0142208271802
"33541",-1.09145307020522,10.5686793176662
"36421",-2.00773466000713,10.514780400619
"161332",-0.534497594051115,8.260009037479
"266050",-1.8729873673892,6.36456378798681
"245101",-2.54672383047884,6.74185620731701
"147800",-1.54959386510617,8.50255416419127
"24605",-1.00162154179327,10.7303760688077
"277675",-0.130255716197331,6.15795127263932
"96009",-2.47485860774928,9.43680205967557
"299526",-0.282969314497649,5.76269254762673
"255642",-1.61247593499454,6.55320999765191
"306274",-2.16943141114864,5.63692840785
"163682",-1.74722322761247,8.21509327327302
"29518",-1.51366125374139,10.6405445403957
"200467",-1.6843411577241,7.55033996302458
"22903",-2.89706679128546,10.7573255273313
"47590",0.103306257673745,10.3171510381127
"268935",-2.74435319298514,6.31066487093964
"244209",-1.63044224067693,6.7598225129994
"242128",-2.46587545490809,6.79575512436418
"21667",-0.606362816780677,10.7842749858549
"150691",-2.36706077365494,8.4486552471441
"180995",-2.48384176059048,7.90068292383119
"207370",-2.17841456398984,7.42457582324785
"302044",0.0134747292617927,5.71777678342075
"162695",-1.6843411577241,8.23305957895541
"265287",0.202120938926892,6.3825300936692
"277697",0.067373646308964,6.15795127263932
"91049",-2.38502707933733,9.52663358808753
"322799",-1.05552045884044,5.34048436409056
"264546",-1.98976835432474,6.3915132465104
"302051",0.076356799150159,5.71777678342075
"97599",-1.58552647647096,9.40985260115199
"16972",-2.60062274752601,10.8651233614256
"218800",-2.18739771683104,7.21796330790036
"268460",-2.54672383047884,6.31964802378083
"104065",-1.54061071226498,9.29307161421645
"289544",-0.660261733827848,5.94235560445063
"119437",-1.85502106170681,9.0145938761394
"281078",-0.812975332128167,6.09506920275095
"183752",-0.0404241877853786,7.85576715962522
"117600",-0.498564982686335,9.05052648750418
"129390",-1.73824007477127,8.83493081931549
"239738",-1.61247593499454,6.84067088857016
"224806",-1.81010529750084,7.11016547380601
"263931",-3.04978038958578,6.40049639935159
"275976",-1.99875150716594,6.18490073116291
"83634",-2.02570096568952,9.66138088070545
"316880",-0.651278580986653,5.4482821981849
"21624",-0.992638388952071,10.7842749858549
"118439",-1.89095367307159,9.03256018182179
"104053",-1.64840854635932,9.29307161421645
"180056",-1.98976835432474,7.91864922951358
"243756",-1.23518351566434,6.76880566584059
"210294",-2.69943742877916,7.37067690620067
"292959",-1.23518351566434,5.87947353456227
"108065",-1.32501504407629,9.22120639148689
"10514",-2.57367328900243,10.9819043483611
"238481",0.489581829845139,6.86762034709374
"108742",0.291952467338844,9.21222323864569
"13761",-0.193137786085697,10.928005431314
"16975",-2.57367328900243,10.8651233614256
"113988",-1.6933243105653,9.11340855739255
"278103",-0.750093262239801,6.14896811979813
"72840",-0.768059567922191,9.85901024321175
"222851",-1.51366125374139,7.14609808517079
"121454",-1.59450962931215,8.97866126477462
"303483",-0.453649218480359,5.69082732489717
"299434",-1.10941937588761,5.76269254762673
"300534",-0.157205174720916,5.74472624194434
"148418",-0.462632371321554,8.49357101135008
"125920",-1.65739169920052,8.89781288920386
"25074",-1.25314982134673,10.7213929159665
"287329",-2.69943742877916,5.97828821581542
"119476",-1.5046781009002,9.0145938761394
"93676",-1.10941937588761,9.48171782388155
"31451",-2.00773466000713,10.604611929031
"134371",-1.63942539351813,8.74509929090354
"35360",-2.60960590036721,10.5327467063014
"303488",-0.408733454274382,5.69082732489717
"250529",-2.89706679128546,6.64304152606386
"132997",-0.588396511098287,8.77204874942713
"303966",-0.579413358257092,5.68184417205597
"192423",-2.51079121911406,7.6940704084837
"170593",-2.16943141114864,8.08932913349629
"272122",-0.902806860540119,6.25676595389247
"112428",-2.31316185660777,9.14035801591613
"200445",-1.8819705202304,7.55033996302458
"36853",-2.59163959468482,10.5057972477778
"67705",-2.2502797867194,9.9488417716237
"174227",-0.777042720763386,8.02644706360793
"289809",-2.74435319298514,5.93337245160944
"300523",-0.256019855974064,5.74472624194434
"136813",-2.02570096568952,8.70018352669757
"314347",-1.08246991736402,5.49319796239087
"99557",-1.85502106170681,9.37391998978721
"93662",-1.23518351566434,9.48171782388155
"314297",-1.53162755942378,5.49319796239087
"181189",-0.741110109398605,7.90068292383119
"235100",-3.09469615379175,6.92151926414091
"145769",-1.93586943727757,8.53848677555605
"41525",-0.803992179286972,10.424948872207
"108923",-2.54672383047884,9.2032400858045
"181677",-0.821958484969362,7.89169977099
"289092",-0.256019855974064,5.95133875729183
"303002",-0.309918773021235,5.69981047773836
"14674",-0.92077316622251,10.9100391256316
"185527",-1.95383574295996,7.81983454826043
"26174",-0.30093562018004,10.7034266102841
"324163",-2.19638086967223,5.31353490556697
"63443",-0.354834537227211,10.0296901471945
"300528",-0.211104091768088,5.74472624194434
"182709",-0.480598677003944,7.87373346530761
"253855",0.193137786085697,6.58914260901669
"186049",-1.72925692193008,7.81085139541924
"88654",-1.57654332362976,9.5715493522935
"239899",-0.166188327562112,6.84067088857016
"229206",-2.46587545490809,7.02931709823526
"190435",-2.51079121911406,7.73000301984848
"226730",-2.38502707933733,7.07423286244123
"194643",-0.426699759956773,7.65813779711892
"351999",-2.16044825830745,4.81047834646004
"103718",-0.193137786085697,9.30205476705765
"123593",-0.238053550291673,8.94272865340984
"198436",-2.0706167298955,7.58627257438936
"26627",-0.696194345192629,10.6944434574429
"187992",-2.13349879978386,7.77491878405446
"242619",-2.51977437195526,6.78677197152299
"180715",-0.534497594051115,7.90966607667239
"26594",-0.992638388952071,10.6944434574429
"85572",-2.47485860774928,9.62544826934067
"297549",-0.184154633244502,5.79862515899151
"263307",0.273986161656454,6.41846270503398
"308438",-0.588396511098287,5.60099579648522
"281453",-1.90891997875398,6.08608604990976
"18144",-1.00162154179327,10.8471570557432
"129013",-0.660261733827848,8.84391397215669
"239910",-0.0673736463089645,6.84067088857016
"164152",-1.98976835432474,8.20611012043183
"246157",-1.98976835432474,6.72388990163462
"118415",-2.10654934126028,9.03256018182179
"133363",-1.76518953329486,8.76306559658593
"166613",-2.20536402251343,8.16119435622585
"184201",-0.471615524162749,7.84678400678402
"205094",-0.30093562018004,7.46949158745382
"339559",-2.29519555092538,5.03505716748992
"189733",0.11228941051494,7.74796932553087
"105627",-0.902806860540119,9.26612215569286
"288159",0.291952467338844,5.96930506297422
"104560",-1.55857701794737,9.28408846137526
"193886",-2.76231949866753,7.66712094996012
"169598",-2.17841456398984,8.10729543917868
"274463",-2.19638086967223,6.21185018968649
"25906",-2.70842058162036,10.7034266102841
"187463",-2.42095969070211,7.78390193689565
"41101",-0.148222021879721,10.4339320250482
"288060",-0.597379663939482,5.96930506297422
"208111",0.0134747292617927,7.41559267040665
"252592",-2.22333032819582,6.60710891469908
"119960",-1.62145908783574,9.0056107232982
"222514",-0.0763567991501595,7.15508123801199
"261816",0.273986161656454,6.44541216355757
"275355",-3.11266245947414,6.1938838840041
"8562",-2.2502797867194,11.0178369597259
"117456",-1.79213899181845,9.05052648750418
"270218",-0.148222021879721,6.29269856525725
"237327",-0.947722624746095,6.88558665277613
"67298",-1.44179603101183,9.9578249244649
"276635",-0.543480746892311,6.17591757832171
"272488",-2.07959988273669,6.24778280105127
"260535",-2.30417870376657,6.46337846923996
"311436",-0.444666065639163,5.54709687943805
"93620",-1.61247593499454,9.48171782388155
"248413",0.417716607115577,6.68795729026984
"138886",-1.26213297418793,8.66425091533278
"232242",-1.98078520148355,6.97541818118808
"327301",-0.795009026445777,5.2596359885198
"73649",-2.42994284354331,9.84104393752936
"15223",-0.453649218480359,10.9010559727904
"112925",-2.31316185660777,9.13137486307494
"276487",-1.8729873673892,6.17591757832171
"15647",-1.10941937588761,10.8920728199492
"234910",-0.336868231544821,6.93050241698211
"118983",-1.46874548953542,9.02357702898059
"112460",-2.02570096568952,9.14035801591613
"197446",-2.03468411853072,7.60423888007175
"181227",-0.399750301433187,7.90068292383119
"274651",-0.50754813552753,6.21185018968649
"279658",-0.175171480403307,6.12201866127454
"262034",-2.23231348103701,6.43642901071637
"197981",-1.6933243105653,7.59525572723055
"255394",0.624329122463067,6.5621931504931
"13176",-0.983655236110876,10.9369885841552
"162110",-2.47485860774928,8.24204273179661
"331643",-1.97180204864235,5.17878761294904
"252283",-0.534497594051115,6.61609206754028
"105743",0.139238869038526,9.26612215569286
"195963",-1.96281889580115,7.63118833859533
"97580",-1.75620638045366,9.40985260115199
"262324",0.372800842909601,6.43642901071637
"94211",-0.768059567922191,9.47273467104035
"226045",0.390767148591992,7.09219916812362
"27927",-2.41197653786092,10.6674939989193
"322739",-1.59450962931215,5.34048436409056
"128909",-1.59450962931215,8.84391397215669
"284435",-1.90891997875398,6.03218713286259
"1830",-0.220087244609283,11.1436010995027
"157218",-1.77417268613606,8.33187426020856
"225193",-2.79825211003231,7.10118232096482
"185448",-2.66350481741438,7.81983454826043
"124918",-1.72925692193008,8.91577919488625
"110510",-1.6843411577241,9.17629062728091
"304469",-0.52551444120992,5.67286101921478
"332570",-2.57367328900243,5.16082130726665
"108043",-1.52264440658259,9.22120639148689
"185472",-2.4479091492257,7.81983454826043
"119411",-2.08858303557789,9.0145938761394
"62785",-1.80112214465964,10.0386733000357
"269995",-2.15146510546625,6.29269856525725
"76685",-1.94485259011876,9.78714502048219
"23613",-0.983655236110876,10.7483423744901
"260032",-2.35807762081374,6.47236162208115
"89033",-2.6365553588908,9.56256619945231
"144984",-0.058390493467769,8.55645308123844
"259188",-1.01060469463446,6.49032792776354
"318866",-0.669244886669044,5.41234958682012
"132370",-1.75620638045366,8.78103190226832
"41827",-2.55570698332004,10.4159657193659
"286822",-2.78926895719111,5.98727136865661
"343047",-2.21434717535462,4.97217509760155
"85163",-1.6843411577241,9.63443142218187
"305944",-0.669244886669044,5.64591156069119
"139816",-1.83705475602442,8.64628460965039
"162627",-2.29519555092538,8.23305957895541
"109968",-2.08858303557789,9.18527378012211
"266730",-0.229070397450478,6.35558063514561
"174533",-2.49282491343167,8.01746391076673
"296596",0.184154633244502,5.8165914646739
"303999",-0.282969314497649,5.68184417205597
"135506",-0.372800842909601,8.72713298522115
"260960",-2.95096570833263,6.45439531639876
"157170",-2.20536402251343,8.33187426020856
"145787",-1.77417268613606,8.53848677555605
"149219",-2.19638086967223,8.47560470566768
"171592",-2.12451564694267,8.0713628278139
"297489",-0.723143803716215,5.79862515899151
"247062",-2.78926895719111,6.70592359595223
"139774",-2.21434717535462,8.64628460965039
"29859",-2.91503309696785,10.6315613875545
"234190",-2.34011131513135,6.9394855698233
"115446",-1.98976835432474,9.08645909886896
"292557",-0.381783995750797,5.88845668740346
"109036",-1.53162755942378,9.2032400858045
"41107",-0.0943231048325499,10.4339320250482
"115035",-1.21721720998195,9.09544225171016
"164723",-1.32501504407629,8.19712696759063
"168560",-2.57367328900243,8.12526174486107
"299539",-0.166188327562112,5.76269254762673
"9282",-0.247036703132868,11.0088538068847
"30911",-2.39401023217853,10.6135950818721
"133371",-1.6933243105653,8.76306559658593
"16193",-0.669244886669044,10.883089667108
"2327",-0.220087244609283,11.1346179466615
"96992",-2.57367328900243,9.41883575399318
"201145",-0.058390493467769,7.54135681018338
"125923",-1.63044224067693,8.89781288920386
"248629",-2.10654934126028,6.67897413742864
"294625",0.336868231544821,5.85252407603868
"282859",-2.67248797025558,6.05913659138617
"14667",-0.983655236110876,10.9100391256316
"117504",-1.36094765544108,9.05052648750418
"168305",-0.399750301433187,8.13424489770227
"163637",-2.15146510546625,8.21509327327302
"109033",-1.55857701794737,9.2032400858045
"129408",-1.57654332362976,8.83493081931549
"231671",-2.64553851173199,6.98440133402928
"180574",-1.80112214465964,7.90966607667239
"225882",-1.07348676452283,7.09219916812362
"220718",-2.8162184157147,7.18203069653558
"38549",-0.750093262239801,10.4788477892542
"38918",-1.89993682591279,10.469864636413
"302912",-1.1184025287288,5.69981047773836
"299037",-0.211104091768088,5.77167570046793
"254086",-2.19638086967223,6.58015945617549
"41100",-0.157205174720916,10.4339320250482
"267289",0.327885078703625,6.34659748230442
"282062",-0.902806860540119,6.07710289706856
"110048",-1.36993080828227,9.18527378012211
"61781",-1.89095367307159,10.056639605718
"149701",-2.33112816229016,8.46662155282649
"108536",-1.55857701794737,9.21222323864569
"202625",-0.157205174720916,7.5144073516598
"322663",-2.27722924524299,5.34048436409056
"8783",-0.265003008815259,11.0178369597259
"144928",-0.561447052574701,8.55645308123844
"296959",-1.01958784747566,5.80760831183271
"242241",-1.45077918385303,6.79575512436418
"216274",-2.55570698332004,7.26287907210633
"61761",-2.0706167298955,10.056639605718
"227332",-1.44179603101183,7.06524970960004
"185530",-1.92688628443637,7.81983454826043
"296343",-2.08858303557789,5.8165914646739
"197702",0.265003008815259,7.60423888007175
"129356",-2.04366727137191,8.83493081931549
"112454",-2.07959988273669,9.14035801591613
"191499",-1.8819705202304,7.71203671416609
"251703",-1.28009927987032,6.62507522038147
"138342",-1.6843411577241,8.67323406817398
"343028",-2.38502707933733,4.97217509760155
"191940",-2.38502707933733,7.7030535613249
"176518",-2.51977437195526,7.98153129940195
"97594",-1.63044224067693,9.40985260115199
"16653",-1.00162154179327,10.8741065142668
"15130",-1.28908243271151,10.9010559727904
"298977",-0.750093262239801,5.77167570046793
"144918",-0.651278580986653,8.55645308123844
"256162",-1.40586341964705,6.54422684481071
"37527",-1.00162154179327,10.4968140949366
"10749",-0.462632371321554,10.9819043483611
"255854",0.291952467338844,6.55320999765191
"267014",-2.14248195262506,6.34659748230442
"234950",0.0224578821029877,6.93050241698211
"188195",-0.309918773021235,7.77491878405446
"24166",-0.480598677003944,10.7393592216489
"15534",-2.12451564694267,10.8920728199492
"240862",-0.444666065639163,6.82270458288777
"230325",-1.34298134975868,7.01135079255287
"323150",-2.36706077365494,5.33150121124936
"108550",-1.43281287817064,9.21222323864569
"308470",-0.30093562018004,5.60099579648522
"258589",-1.92688628443637,6.49931108060474
"61894",-0.875857402016534,10.056639605718
"272435",-2.55570698332004,6.24778280105127
"238271",-1.39688026680586,6.86762034709374
"272267",0.399750301433187,6.25676595389247
"99697",-0.597379663939482,9.37391998978721
"283354",-2.69045427593797,6.05015343854498
"301448",-0.875857402016534,5.72675993626195
"101059",-1.75620638045366,9.34697053126362
"190957",-2.28621239808418,7.72101986700729
"300075",0.184154633244502,5.75370939478554
"41392",-1.99875150716594,10.424948872207
"298911",-1.34298134975868,5.77167570046793
"114976",-1.74722322761247,9.09544225171016
"242717",-1.63942539351813,6.78677197152299
"103059",-1.64840854635932,9.31103791989884
"109019",-1.6843411577241,9.2032400858045
"302000",-0.381783995750797,5.71777678342075
"286604",-0.282969314497649,5.99625452149781
"168266",-0.750093262239801,8.13424489770227
"170118",-1.97180204864235,8.09831228633749
"38578",-0.48958182984514,10.4788477892542
"202886",-2.27722924524299,7.5054241988186
"31868",-2.72638688730275,10.5956287761898
"229328",-1.36993080828227,7.02931709823526
"300562",0.0943231048325495,5.74472624194434
"316841",-1.00162154179327,5.4482821981849
"182554",-1.8729873673892,7.87373346530761
"273438",-2.47485860774928,6.22981649536888
"143755",-2.16943141114864,8.57441938692083
"110480",-1.95383574295996,9.17629062728091
"12485",-2.72638688730275,10.9459717369964
"26388",-2.84316787423829,10.6944434574429
"194167",-0.238053550291673,7.66712094996012
"321289",-1.22620036282315,5.36743382261414
"25562",-1.33399819691749,10.7124097631253
"283095",-0.552463899733506,6.05913659138617
"139497",-0.238053550291673,8.65526776249159
"133400",-1.43281287817064,8.76306559658593
"9771",-0.31890192586243,10.9998706540435
"123871",-2.20536402251343,8.93374550056864
"83301",-0.552463899733506,9.67036403354665
"221540",0.103306257673745,7.17304754369438
"156831",-0.786025873604582,8.34085741304976
"125954",-1.35196450259988,8.89781288920386
"218371",-1.57654332362976,7.22694646074155
"212358",-2.01671781284833,7.33474429483589
"199659",-0.0134747292617932,7.56830626870697
"178976",-2.76231949866753,7.93661553519597
"15758",-0.11228941051494,10.8920728199492
"304472",-0.498564982686335,5.67286101921478
"76167",-2.13349879978386,9.79612817332338
"171091",-2.16044825830745,8.0803459806551
"272024",-1.78315583897725,6.25676595389247
"167145",-1.89095367307159,8.15221120338466
"24134",-0.768059567922191,10.7393592216489
"344566",-1.96281889580115,4.94522563907797
"115468",-1.79213899181845,9.08645909886896
"112973",-1.8819705202304,9.13137486307494
"41471",-1.28908243271151,10.424948872207
"123057",-0.588396511098287,8.95171180625103
"20566",-1.56756017078857,10.8022412915372
"253067",-2.42095969070211,6.59812576185789
"277759",0.624329122463067,6.15795127263932
"84205",-1.36094765544108,9.65239772786426
"292971",-1.12738568157,5.87947353456227
"81793",-0.705177498033824,9.69731349207023
"93638",-1.45077918385303,9.48171782388155
"143402",-0.875857402016534,8.58340253976203
"290508",-0.929756319063705,5.92438929876824
"293566",-0.247036703132868,5.87049038172107
"104527",-1.85502106170681,9.28408846137526
"276870",-2.89706679128546,6.16693442548052
"250655",-1.76518953329486,6.64304152606386
"9511",-2.65452166457319,10.9998706540435
"230673",-2.68147112309677,7.00236763971167
"185192",-0.498564982686335,7.82881770110163
"15516",-2.28621239808418,10.8920728199492
"40635",0.13025571619733,10.4429151778894
"12268",-0.211104091768088,10.9549548898376
"104287",0.453649218480358,9.29307161421645
"39017",-1.01060469463446,10.469864636413
"274533",-1.56756017078857,6.21185018968649
"291928",-1.56756017078857,5.89743984024466
"195658",-0.238053550291673,7.64017149143653
"241236",-1.54959386510617,6.81372143004657
"246218",-1.44179603101183,6.72388990163462
"39522",-0.9387394719049,10.4608814835718
"180033",-2.19638086967223,7.91864922951358
"234817",-1.17230144577598,6.93050241698211
"171560",-2.41197653786092,8.0713628278139
"272610",-0.983655236110876,6.24778280105127
"111001",-1.73824007477127,9.16730747443972
"269442",-2.65452166457319,6.30168171809844
"122480",-1.3070487383939,8.96069495909223
"127384",-1.89993682591279,8.87086343068028
"263595",-1.60349278215335,6.40947955219279
"15764",-0.058390493467769,10.8920728199492
"305006",-0.166188327562112,5.66387786637358
"108518",-1.72027376908888,9.21222323864569
"350008",-2.18739771683104,4.84641095782482
"131921",-1.32501504407629,8.79001505510952
"86796",-0.408733454274382,9.60748196365828
"119491",-1.36993080828227,9.0145938761394
"302407",-1.19026775145837,5.70879363057956
"72643",-2.53774067763765,9.85901024321175
"210381",-1.91790313159518,7.37067690620067
"64745",-2.05265042421311,10.0027406886709
"211855",-2.0706167298955,7.34372744767709
"279861",-2.8162184157147,6.11303550843334
"194036",-1.41484657248825,7.66712094996012
"303918",-1.01060469463446,5.68184417205597
"288693",0.624329122463067,5.96032191013303
"104091",-1.3070487383939,9.29307161421645
"47416",-1.45976233669422,10.3171510381127
"108040",-1.54959386510617,9.22120639148689
"233144",-2.80723526287351,6.95745187550569
"38314",-2.86113417992068,10.4788477892542
"291107",-0.0134747292617932,5.91540614592705
"275208",0.0314410349441832,6.2028670368453
"86219",-1.12738568157,9.61646511649948
"6821",-0.0314410349441836,11.0537695710907
"158221",-1.6933243105653,8.31390795452617
"287535",-0.848907943492948,5.97828821581542
"272702",-0.157205174720916,6.24778280105127
"130402",-1.57654332362976,8.8169645136331
"261538",-2.22333032819582,6.44541216355757
"155185",-2.17841456398984,8.36780687157334
"107470",-2.20536402251343,9.23018954432808
"99517",-2.21434717535462,9.37391998978721
"112955",-2.04366727137191,9.13137486307494
"113931",-2.20536402251343,9.11340855739255
"171657",-1.54061071226498,8.0713628278139
"200035",-1.10043622304641,7.55932311586577
"10685",-1.03755415315805,10.9819043483611
"85620",-2.04366727137191,9.62544826934067
"223320",-1.76518953329486,7.1371149323296
"131800",-2.41197653786092,8.79001505510952
"162612",-2.42994284354331,8.23305957895541
"66724",-2.13349879978386,9.96680807730609
"256102",-1.94485259011876,6.54422684481071
"183483",-2.45689230206689,7.85576715962522
"266114",-1.29806558555271,6.36456378798681
"103561",-1.60349278215335,9.30205476705765
"120464",-1.55857701794737,8.99662757045701
"164608",-2.35807762081374,8.19712696759063
"284626",-0.193137786085697,6.03218713286259
"302516",-0.211104091768088,5.70879363057956
"328723",-1.41484657248825,5.23268652999621
"169822",-0.166188327562112,8.10729543917868
"133391",-1.51366125374139,8.76306559658593
"270050",-1.65739169920052,6.29269856525725
"29537",-1.34298134975868,10.6405445403957
"273234",0.157205174720916,6.23879964821008
"65258",-1.90891997875398,9.99375753582968
"199634",-0.238053550291673,7.56830626870697
"40512",-0.974672083269681,10.4429151778894
"262764",-0.139238869038526,6.42744585787518
"295367",-1.92688628443637,5.83455777035629
"243637",-2.30417870376657,6.76880566584059
"223710",-2.72638688730275,7.1281317794884
"107647",-0.615345969621873,9.23018954432808
"165615",-2.24129663387821,8.17916066190824
"10214",-0.803992179286972,10.9908875012023
"340535",-2.45689230206689,5.01709086180753
"190444",-2.42994284354331,7.73000301984848
"66729",-2.08858303557789,9.96680807730609
"255734",-0.786025873604582,6.55320999765191
"157654",-2.32214500944896,8.32289110736737
"233194",-2.35807762081374,6.95745187550569
"203940",-1.73824007477127,7.48745789313621
"172539",-2.54672383047884,8.05339652213151
"103960",-2.48384176059048,9.29307161421645
"97116",-1.45976233669422,9.41883575399318
"210943",-1.33399819691749,7.36169375335948
"203950",-1.64840854635932,7.48745789313621
"85580",-2.40299338501972,9.62544826934067
"47275",-2.72638688730275,10.3171510381127
"202830",-2.78028580434992,7.5054241988186
"152878",-0.579413358257092,8.41272263577932
"308405",-0.884840554857729,5.60099579648522
"191427",-2.52875752479645,7.71203671416609
"127876",-1.94485259011876,8.86188027783908
"113165",-0.157205174720916,9.13137486307494
"282821",-3.01384777822099,6.05913659138617
"299495",-0.561447052574701,5.76269254762673
"259654",-1.28908243271151,6.48134477492235
"99497",-2.39401023217853,9.37391998978721
"325628",-2.42994284354331,5.28658544704338
"114992",-1.60349278215335,9.09544225171016
"134365",-1.6933243105653,8.74509929090354
"136841",-1.77417268613606,8.70018352669757
"181262",-0.0853399519913549,7.90068292383119
"256641",-1.56756017078857,6.53524369196952
"113588",-0.821958484969362,9.12239171023374
"35433",-1.95383574295996,10.5327467063014
"308885",-1.03755415315805,5.59201264364402
"112039",-1.34298134975868,9.14934116875733
"33160",-0.049407340626574,10.5776624705074
"136018",-0.238053550291673,8.71814983237996
"51344",-1.89095367307159,10.2452858153831
"307915",-0.821958484969362,5.60997894932641
"102092",-1.40586341964705,9.32900422558123
"160851",-0.390767148591992,8.2689921903202
"81595",-2.48384176059048,9.69731349207023
"198203",0.30093562018004,7.59525572723055
"141452",-0.534497594051115,8.61933515112681
"306270",-2.20536402251343,5.63692840785
"119976",-1.47772864237661,9.0056107232982
"294798",-2.57367328900243,5.84354092319749
"255043",-2.52875752479645,6.5621931504931
"100055",-1.84603790886562,9.36493683694601
"196972",-1.82807160318323,7.61322203291294
"208846",-2.31316185660777,7.39762636472426
"94570",-2.00773466000713,9.46375151819916
"121478",-1.37891396112347,8.97866126477462
"121929",-1.79213899181845,8.96967811193342
"102485",-2.34011131513135,9.32002107274004
"289343",-2.46587545490809,5.94235560445063
"15971",-2.66350481741438,10.883089667108
"139920",-0.902806860540119,8.64628460965039
"133416",-1.28908243271151,8.76306559658593
"300457",-0.848907943492948,5.74472624194434
"228477",-0.0853399519913549,7.04728340391765
"251030",-2.86113417992068,6.63405837322267
"310948",-0.363817690068406,5.55608003227924
"175738",-0.597379663939482,7.99949760508434
"115185",0.13025571619733,9.09544225171016
"328114",-2.42095969070211,5.24166968283741
"147226",-2.24129663387821,8.51153731703247
"94593",-1.80112214465964,9.46375151819916
"90712",-0.947722624746095,9.53561674092872
"113504",-1.57654332362976,9.12239171023374
"299963",-0.821958484969362,5.75370939478554
"71265",-1.52264440658259,9.88595970173533
"141340",-1.54061071226498,8.61933515112681
"94787",-0.058390493467769,9.46375151819916
"208786",-2.85215102707948,7.39762636472426
"247856",-0.121272563356135,6.69694044311103
"115514",-1.37891396112347,9.08645909886896
"265512",-2.24129663387821,6.373546940828
"124535",-0.705177498033824,8.92476234772745
"304500",-0.247036703132868,5.67286101921478
"5302",-0.282969314497649,11.0807190296143
"216852",-1.82807160318323,7.25389591926514
"254664",-1.46874548953542,6.5711763033343
"119083",-0.570430205415896,9.02357702898059
"304522",-0.049407340626574,5.67286101921478
"168101",-2.23231348103701,8.13424489770227
"8803",-0.0853399519913549,11.0178369597259
"14714",-0.561447052574701,10.9100391256316
"169135",-1.8729873673892,8.11627859201988
"24436",-2.51977437195526,10.7303760688077
"247714",-1.39688026680586,6.69694044311103
"246364",-0.130255716197331,6.72388990163462
"181468",-2.69943742877916,7.89169977099
"76839",-0.561447052574701,9.78714502048219
"150878",-0.687211192351434,8.4486552471441
"111984",-1.83705475602442,9.14934116875733
"195967",-1.92688628443637,7.63118833859533
"126908",-1.71129061624769,8.87984658352147
"165690",-1.56756017078857,8.17916066190824
"117463",-1.72925692193008,9.05052648750418
"21168",-0.624329122463068,10.7932581386961
"270146",-0.795009026445777,6.29269856525725
"282469",-1.71129061624769,6.06811974422737
"288032",-0.848907943492948,5.96930506297422
"127349",-2.21434717535462,8.87086343068028
"241874",-0.282969314497649,6.80473827720538
"112512",-1.55857701794737,9.14035801591613
"334618",-2.03468411853072,5.12488869590187
"153873",-0.570430205415896,8.39475633009693
"243716",-1.59450962931215,6.76880566584059
"209811",-2.57367328900243,7.37966005904187
"189524",-1.76518953329486,7.74796932553087
"11131",-1.495694948059,10.97292119552
"106638",-0.750093262239801,9.24815585001047
"179601",-1.61247593499454,7.92763238235478
"161629",-2.33112816229016,8.25102588463781
"28608",-0.759076415080996,10.6585108460781
"21096",-1.27111612702912,10.7932581386961
"85180",-1.53162755942378,9.63443142218187
"90644",-1.55857701794737,9.53561674092872
"192642",-0.543480746892311,7.6940704084837
"207847",-2.35807762081374,7.41559267040665
"106078",-1.3160318912351,9.25713900285167
"130991",-0.750093262239801,8.80798136079191
"198200",0.273986161656454,7.59525572723055
"104617",-1.04653730599924,9.28408846137526
"44404",-1.72925692193008,10.3710499551599
"12176",-1.03755415315805,10.9549548898376
"264749",-0.166188327562112,6.3915132465104
"199385",-2.47485860774928,7.56830626870697
"185199",-0.435682912797968,7.82881770110163
"109020",-1.67535800488291,9.2032400858045
"17645",-1.01958784747566,10.8561402085844
"178058",-2.07959988273669,7.95458184087836
"275956",-2.17841456398984,6.18490073116291
"109756",0.471615524162749,9.1942569329633
"243379",-0.157205174720916,6.77778881868179
"234852",-0.857891096334143,6.93050241698211
"256071",-2.22333032819582,6.54422684481071
"340082",-2.0616335770543,5.02607401464872
"176010",-2.61858905320841,7.99051445224314
"36848",-2.6365553588908,10.5057972477778
"215846",-1.93586943727757,7.27186222494753
"228552",0.588396511098286,7.04728340391765
"124042",-0.669244886669044,8.93374550056864
"262653",-1.13636883441119,6.42744585787518
"113543",-1.22620036282315,9.12239171023374
"239761",-1.40586341964705,6.84067088857016
"259960",-3.0048646253798,6.47236162208115
"302992",-0.399750301433187,5.69981047773836
"204433",-1.77417268613606,7.47847474029502
"253677",-1.40586341964705,6.58914260901669
"174829",0.166188327562111,8.01746391076673
"256137",-1.63044224067693,6.54422684481071
"227218",-2.46587545490809,7.06524970960004
"67824",-1.18128459861717,9.9488417716237
"120917",-1.95383574295996,8.98764441761581
"19127",-1.10043622304641,10.8291907500608
"11245",-0.471615524162749,10.97292119552
"255660",-1.45077918385303,6.55320999765191
"227972",-0.157205174720916,7.05626655675884
"140916",-0.884840554857729,8.628318303968
"223741",-2.4479091492257,7.1281317794884
"147798",-1.56756017078857,8.50255416419127
"91624",-1.6843411577241,9.51765043524633
"201585",-0.570430205415896,7.53237365734219
"196228",0.417716607115577,7.63118833859533
"182481",-2.52875752479645,7.87373346530761
"324262",-1.3070487383939,5.31353490556697
"102096",-1.36993080828227,9.32900422558123
"293567",-0.238053550291673,5.87049038172107
"186007",-2.10654934126028,7.81085139541924
"240668",-2.18739771683104,6.82270458288777
"115211",0.363817690068406,9.09544225171016
"59724",-2.51079121911406,10.0925722170828
"225521",0.148222021879721,7.10118232096482
"313706",-2.37604392649613,5.50218111523207
"298584",0.184154633244502,5.78065885330912
"289640",0.202120938926892,5.94235560445063
"129927",-1.37891396112347,8.8259476664743
"296445",-1.17230144577598,5.8165914646739
"285092",-0.471615524162749,6.02320398002139
"122531",-0.848907943492948,8.96069495909223
"186025",-1.94485259011876,7.81085139541924
"122658",0.291952467338844,8.96069495909223
"265935",-2.90604994412665,6.36456378798681
"113976",-1.80112214465964,9.11340855739255
"193975",-1.96281889580115,7.66712094996012
"263064",-1.90891997875398,6.41846270503398
"242230",-1.54959386510617,6.79575512436418
"78825",-0.579413358257092,9.75121240911741
"139487",-0.327885078703626,8.65526776249159
"212858",-1.98976835432474,7.3257611419947
"253150",-1.67535800488291,6.59812576185789
"43510",-0.830941637810557,10.3890162608423
"196433",-2.20536402251343,7.62220518575414
"209288",-2.80723526287351,7.38864321188306
"84711",-1.28009927987032,9.64341457502306
"91632",-1.61247593499454,9.51765043524633
"302449",-0.812975332128167,5.70879363057956
"241373",-0.31890192586243,6.81372143004657
"228528",0.372800842909601,7.04728340391765
"276174",-0.220087244609283,6.18490073116291
"305886",-1.19026775145837,5.64591156069119
"252389",0.417716607115577,6.61609206754028
"263949",-2.88808363844426,6.40049639935159
"113441",-2.14248195262506,9.12239171023374
"87198",-1.26213297418793,9.59849881081709
"126977",-1.09145307020522,8.87984658352147
"301324",-1.98976835432474,5.72675993626195
"113983",-1.73824007477127,9.11340855739255
"164639",-2.07959988273669,8.19712696759063
"2827",-0.193137786085697,11.1256347938203
"194644",-0.417716607115578,7.65813779711892
"311881",-0.911790013381315,5.53811372659685
"262466",-2.8162184157147,6.42744585787518
"110996",-1.78315583897725,9.16730747443972
"80361",-0.175171480403307,9.72426295059382
"196113",-0.615345969621873,7.63118833859533
"111507",-1.65739169920052,9.15832432159852
"296968",-0.9387394719049,5.80760831183271
"128564",-0.229070397450478,8.85289712499788
"121473",-1.42382972532944,8.97866126477462
"172604",-1.96281889580115,8.05339652213151
"228986",0.0224578821029877,7.03830025107645
"83277",-0.768059567922191,9.67036403354665
"102216",-0.291952467338845,9.32900422558123
"59321",-1.66637485204171,10.101555369924
"229242",-2.14248195262506,7.02931709823526
"120170",0.265003008815259,9.0056107232982
"271640",-0.768059567922191,6.26574910673366
"225486",-0.166188327562112,7.10118232096482
"119503",-1.26213297418793,9.0145938761394
"177004",-2.61858905320841,7.97254814656075
"297444",-1.12738568157,5.79862515899151
"112379",-2.75333634582633,9.14035801591613
"65721",-2.21434717535462,9.98477438298848
"220569",0.309918773021235,7.19101384937677
"340567",-2.16943141114864,5.01709086180753
"15599",-1.54061071226498,10.8920728199492
"284168",0.157205174720916,6.04117028570378
"116211",0.417716607115577,9.07747594602776
"171140",-1.72027376908888,8.0803459806551
"27937",-2.32214500944896,10.6674939989193
"255572",-2.24129663387821,6.55320999765191
"43018",-0.786025873604582,10.3979994136835
"86243",-0.911790013381315,9.61646511649948
"279101",-0.71416065087502,6.13100181411573
"191228",0.148222021879721,7.72101986700729
"180208",-0.624329122463068,7.91864922951358
"15212",-0.552463899733506,10.9010559727904
"258024",-2.53774067763765,6.50829423344593
"87189",-1.34298134975868,9.59849881081709
"35337",-2.8162184157147,10.5327467063014
"98593",-1.58552647647096,9.3918862954696
"285365",-2.48384176059048,6.0142208271802
"97748",-0.247036703132868,9.40985260115199
"262051",-2.07959988273669,6.43642901071637
"11518",-2.48384176059048,10.9639380426788
"102792",0.417716607115577,9.32002107274004
"242344",-0.52551444120992,6.79575512436418
"228777",-1.85502106170681,7.03830025107645
"303265",-2.41197653786092,5.69082732489717
"206111",-0.0943231048325499,7.45152528177143
"277969",-1.95383574295996,6.14896811979813
"25603",-0.965688930428486,10.7124097631253
"114520",-1.37891396112347,9.10442540455135
"126835",-2.36706077365494,8.87984658352147
"58244",-2.41197653786092,10.1195216756064
"112119",-0.624329122463068,9.14934116875733
"146702",-2.48384176059048,8.52052046987366
"98083",-1.70230746340649,9.40086944831079
"22090",-1.27111612702912,10.7752918330137
"157184",-2.07959988273669,8.33187426020856
"124917",-1.73824007477127,8.91577919488625
"115499",-1.51366125374139,9.08645909886896
"21422",-2.80723526287351,10.7842749858549
"201432",-1.94485259011876,7.53237365734219
"112681",-0.0404241877853786,9.14035801591613
"319724",-1.89095367307159,5.39438328113773
"122936",-1.67535800488291,8.95171180625103
"68759",-1.71129061624769,9.93087546594131
"132003",-0.588396511098287,8.79001505510952
"295924",-1.38789711396466,5.8255746175151
"270415",-2.84316787423829,6.28371541241605
"64265",-1.89993682591279,10.0117238415121
"193424",-2.4479091492257,7.67610410280131
"294043",-0.426699759956773,5.86150722887988
"150236",-1.98976835432474,8.4576383999853
"85170",-1.62145908783574,9.63443142218187
"197427",-2.20536402251343,7.60423888007175
"244450",0.534497594051115,6.7598225129994
"241572",-2.9958814725386,6.80473827720538
"91648",-1.46874548953542,9.51765043524633
"112984",-1.78315583897725,9.13137486307494
"131786",-2.53774067763765,8.79001505510952
"179551",-2.0616335770543,7.92763238235478
"119475",-1.51366125374139,9.0145938761394
"139962",-0.52551444120992,8.64628460965039
"215413",-1.36094765544108,7.28084537778872
"294559",-0.256019855974064,5.85252407603868
"217809",-2.16044825830745,7.23592961358275
"219279",-2.34909446797255,7.20898015505916
"207369",-2.18739771683104,7.42457582324785
"118668",0.166188327562111,9.03256018182179
"280015",-1.43281287817064,6.11303550843334
"134517",-0.327885078703626,8.74509929090354
"243196",-1.80112214465964,6.77778881868179
"290868",-2.16044825830745,5.91540614592705
"271767",0.372800842909601,6.26574910673366
"83753",-0.95670577758729,9.66138088070545
"279170",-0.0943231048325499,6.13100181411573
"258369",0.561447052574701,6.50829423344593
"98604",-1.48671179521781,9.3918862954696
"295619",0.336868231544821,5.83455777035629
"144720",-2.42994284354331,8.55645308123844
"126888",-1.89095367307159,8.87984658352147
"273927",-2.54672383047884,6.22083334252769
"39318",-2.77130265150872,10.4608814835718
"4309",-0.273986161656454,11.0986853352967
"247101",-2.4389259963845,6.70592359595223
"121941",-1.6843411577241,8.96967811193342
"203060",-0.71416065087502,7.5054241988186
"240256",-1.42382972532944,6.83168773572896
"122982",-1.26213297418793,8.95171180625103
"193650",-0.417716607115578,7.67610410280131
"285669",0.247036703132868,6.0142208271802
"261531",-2.28621239808418,6.44541216355757
"123902",-1.92688628443637,8.93374550056864
"204846",-2.52875752479645,7.46949158745382
"139456",-0.606362816780677,8.65526776249159
"111031",-1.46874548953542,9.16730747443972
"83206",-1.40586341964705,9.67036403354665
"77286",-1.01060469463446,9.77816186764099
"139267",-2.30417870376657,8.65526776249159
"209414",-1.67535800488291,7.38864321188306
"311446",-0.354834537227211,5.54709687943805
"222219",-2.72638688730275,7.15508123801199
"143302",-1.77417268613606,8.58340253976203
"160650",-2.19638086967223,8.2689921903202
"302750",-2.57367328900243,5.69981047773836
"230235",-2.15146510546625,7.01135079255287
"13252",-0.30093562018004,10.9369885841552
"195123",-0.579413358257092,7.64915464427773
"104113",-1.10941937588761,9.29307161421645
"85553",-2.64553851173199,9.62544826934067
"283990",-1.44179603101183,6.04117028570378
"147724",-2.23231348103701,8.50255416419127
"141984",-0.220087244609283,8.61035199828561
"145404",-0.750093262239801,8.54746992839725
"181737",-0.282969314497649,7.89169977099
"268239",-0.0673736463089645,6.32863117662203
"135492",-0.498564982686335,8.72713298522115
"272424",-2.65452166457319,6.24778280105127
"83847",-0.11228941051494,9.66138088070545
"53523",-0.175171480403307,10.2093532040184
"247390",0.157205174720916,6.70592359595223
"167090",-2.38502707933733,8.15221120338466
"95100",-1.71129061624769,9.45476836535796
"267277",0.220087244609283,6.34659748230442
"256611",-1.83705475602442,6.53524369196952
"262270",-0.11228941051494,6.43642901071637
"193928",-2.38502707933733,7.66712094996012
"95514",-2.45689230206689,9.44578521251677
"253392",0.498564982686334,6.59812576185789
"27434",-2.37604392649613,10.6764771517605
"128436",-1.37891396112347,8.85289712499788
"260615",-1.58552647647096,6.46337846923996
"304519",-0.0763567991501595,5.67286101921478
"30624",-0.50754813552753,10.6225782347133
"314222",-2.20536402251343,5.49319796239087
"118933",-1.91790313159518,9.02357702898059
"191943",-2.35807762081374,7.7030535613249
"96582",-1.79213899181845,9.42781890683438
"283535",-1.06450361168163,6.05015343854498
"179552",-2.05265042421311,7.92763238235478
"304503",-0.220087244609283,5.67286101921478
"236962",0.238053550291673,6.89456980561733
"122591",-0.309918773021235,8.96069495909223
"269017",-2.00773466000713,6.31066487093964
"118896",-2.2502797867194,9.02357702898059
"311437",-0.435682912797968,5.54709687943805
"228677",-2.75333634582633,7.03830025107645
"216000",-0.552463899733506,7.27186222494753
"268209",-0.336868231544821,6.32863117662203
"185733",-0.103306257673745,7.81983454826043
"194503",-1.6843411577241,7.65813779711892
"13178",-0.965688930428486,10.9369885841552
"91659",-1.36993080828227,9.51765043524633
"136323",-1.96281889580115,8.70916667953876
"281131",-0.336868231544821,6.09506920275095
"252575",-2.37604392649613,6.60710891469908
"255116",-1.8729873673892,6.5621931504931
"221352",-1.58552647647096,7.17304754369438
"245818",-0.570430205415896,6.73287305447581
"13477",-2.74435319298514,10.928005431314
"249994",-3.23842659925088,6.65202467890506
"255115",-1.8819705202304,6.5621931504931
"87146",-1.72925692193008,9.59849881081709
"173042",-2.49282491343167,8.04441336929031
"306513",-0.0224578821029882,5.63692840785
"314418",-0.444666065639163,5.49319796239087
"103048",-1.74722322761247,9.31103791989884
"113932",-2.19638086967223,9.11340855739255
"79908",0.220087244609283,9.73324610343502
"255274",-0.453649218480359,6.5621931504931
"285840",-2.68147112309677,6.005237674339
"18606",-1.3160318912351,10.838173902902
"102032",-1.94485259011876,9.32900422558123
"9197",-1.01060469463446,11.0088538068847
"294562",-0.229070397450478,5.85252407603868
"135896",-1.33399819691749,8.71814983237996
"239203",-1.95383574295996,6.84965404141135
"170553",-2.52875752479645,8.08932913349629
"185206",-0.372800842909601,7.82881770110163
"223831",-1.63942539351813,7.1281317794884
"261505",-2.51977437195526,6.44541216355757
"294572",-0.139238869038526,5.85252407603868
"85692",-1.39688026680586,9.62544826934067
"94109",-1.6843411577241,9.47273467104035
"281515",-1.35196450259988,6.08608604990976
"279152",-0.256019855974064,6.13100181411573
"111499",-1.72925692193008,9.15832432159852
"91819",0.067373646308964,9.51765043524633
"165097",-2.42994284354331,8.18814381474944
"40495",-1.12738568157,10.4429151778894
"272603",-1.04653730599924,6.24778280105127
"310292",-1.79213899181845,5.56506318512044
"109538",-1.48671179521781,9.1942569329633
"142225",-2.51977437195526,8.60136884544442
"269738",0.00449157642059728,6.30168171809844
"117966",-1.67535800488291,9.04154333466298
"295834",-2.19638086967223,5.8255746175151
"17464",-2.64553851173199,10.8561402085844
"282112",-0.453649218480359,6.07710289706856
"86097",-2.22333032819582,9.61646511649948
"203348",-2.59163959468482,7.49644104597741
"39835",-2.59163959468482,10.4518983307306
"112062",-1.13636883441119,9.14934116875733
"129369",-1.92688628443637,8.83493081931549
"22166",-0.588396511098287,10.7752918330137
"15168",-0.947722624746095,10.9010559727904
"118969",-1.59450962931215,9.02357702898059
"163154",-2.02570096568952,8.22407642611422
"235191",-2.27722924524299,6.92151926414091
"35035",-1.06450361168163,10.5417298591426
"145737",-2.22333032819582,8.53848677555605
"188500",-2.03468411853072,7.76593563121326
"11618",-1.58552647647096,10.9639380426788
"345537",-2.16943141114864,4.92725933339558
"204841",-2.57367328900243,7.46949158745382
"29594",-0.830941637810557,10.6405445403957
"28011",-1.65739169920052,10.6674939989193
"326614",-2.50180806627287,5.26861914136099
"109636",-0.606362816780677,9.1942569329633
"263121",-1.39688026680586,6.41846270503398
"213749",-2.91503309696785,7.30779483631231
"182457",-2.74435319298514,7.87373346530761
"340072",-2.15146510546625,5.02607401464872
"15526",-2.19638086967223,10.8920728199492
"120141",0.00449157642059728,9.0056107232982
"169631",-1.8819705202304,8.10729543917868
"13005",-2.51977437195526,10.9369885841552
"246182",-1.76518953329486,6.72388990163462
"301028",-0.184154633244502,5.73574308910314
"131484",-0.786025873604582,8.79899820795071
"11497",-2.67248797025558,10.9639380426788
"303497",-0.327885078703626,5.69082732489717
"237134",-2.68147112309677,6.88558665277613
"210664",0.624329122463067,7.37067690620067
"19668",-0.705177498033824,10.8202075972196
"112094",-0.848907943492948,9.14934116875733
"160162",-2.11553249410147,8.27797534316139
"189499",-1.98976835432474,7.74796932553087
"114954",-1.94485259011876,9.09544225171016
"124087",-0.265003008815259,8.93374550056864
"313334",-1.25314982134673,5.51116426807326
"14055",-2.01671781284833,10.9190222784728
"84557",-2.66350481741438,9.64341457502306
"60733",-2.37604392649613,10.0746059114004
"19680",-0.597379663939482,10.8202075972196
"115218",0.426699759956773,9.09544225171016
"236496",0.516531288368725,6.90355295845852
"282706",0.417716607115577,6.06811974422737
"309465",-0.291952467338845,5.58302949080283
"100619",-1.24416666850554,9.35595368410482
"19970",-2.45689230206689,10.8112244443784
"9303",-0.058390493467769,11.0088538068847
"18138",-1.05552045884044,10.8471570557432
"95603",-1.65739169920052,9.44578521251677
"246580",-2.65452166457319,6.71490674879342
"120384",-2.27722924524299,8.99662757045701
"297560",-0.0853399519913549,5.79862515899151
"223079",0.534497594051115,7.14609808517079
"267296",0.390767148591992,6.34659748230442
"298454",-0.983655236110876,5.78065885330912
"26407",-2.67248797025558,10.6944434574429
"320191",-2.16044825830745,5.38540012829653
"109544",-1.43281287817064,9.1942569329633
"256382",0.570430205415896,6.54422684481071
"106025",-1.79213899181845,9.25713900285167
"197385",-2.58265644184362,7.60423888007175
"345545",-2.09756618841908,4.92725933339558
"308487",-0.148222021879721,5.60099579648522
"72869",-0.50754813552753,9.85901024321175
"21493",-2.16943141114864,10.7842749858549
"208376",-2.0706167298955,7.40660951756545
"262022",-2.34011131513135,6.43642901071637
"109502",-1.81010529750084,9.1942569329633
"59261",-2.20536402251343,10.101555369924
"182056",-1.8819705202304,7.8827166181488
"274013",-1.77417268613606,6.22083334252769
"199713",0.471615524162749,7.56830626870697
"143926",-0.633312275304263,8.57441938692083
"69226",-1.98078520148355,9.92189231310012
"301394",-1.36094765544108,5.72675993626195
"17981",-2.46587545490809,10.8471570557432
"95601",-1.67535800488291,9.44578521251677
"92651",-1.38789711396466,9.49968412956394
"199849",-2.77130265150872,7.55932311586577
"309267",-2.0706167298955,5.58302949080283
"108913",-2.6365553588908,9.2032400858045
"200437",-1.95383574295996,7.55033996302458
"146211",-2.42994284354331,8.52950362271486
"163301",-0.705177498033824,8.22407642611422
"180241",-0.327885078703626,7.91864922951358
"94663",-1.17230144577598,9.46375151819916
"190744",0.265003008815259,7.73000301984848
"32872",-2.6365553588908,10.5776624705074
"187501",-2.07959988273669,7.78390193689565
"159168",-2.11553249410147,8.29594164884378
"24648",-0.615345969621873,10.7303760688077
"188942",-2.52875752479645,7.75695247837207
"241575",-2.96893201401502,6.80473827720538
"160193",-1.83705475602442,8.27797534316139
"16694",-0.633312275304263,10.8741065142668
"127554",-0.372800842909601,8.87086343068028
"33959",-1.80112214465964,10.559696164825
"189150",-0.660261733827848,7.75695247837207
"288117",-0.0853399519913549,5.96930506297422
"32080",-0.821958484969362,10.5956287761898
"147794",-1.60349278215335,8.50255416419127
"10549",-2.2592629395606,10.9819043483611
"123462",-1.41484657248825,8.94272865340984
"104060",-1.58552647647096,9.29307161421645
"274642",-0.588396511098287,6.21185018968649
"23418",-2.73537004014394,10.7483423744901
"275445",-2.30417870376657,6.1938838840041
"326762",-1.17230144577598,5.26861914136099
"104019",-1.95383574295996,9.29307161421645
"29369",-2.85215102707948,10.6405445403957
"24584",-1.19026775145837,10.7303760688077
"13661",-1.09145307020522,10.928005431314
"207784",-2.92401624980904,7.41559267040665
"215820",-2.16943141114864,7.27186222494753
"170133",-1.83705475602442,8.09831228633749
"285076",-0.615345969621873,6.02320398002139
"239122",-2.68147112309677,6.84965404141135
"113463",-1.94485259011876,9.12239171023374
"236092",-3.11266245947414,6.90355295845852
"301532",-0.121272563356135,5.72675993626195
"242439",0.327885078703625,6.79575512436418
"26398",-2.75333634582633,10.6944434574429
"115973",-1.72027376908888,9.07747594602776
"310458",-0.30093562018004,5.56506318512044
"141934",-0.669244886669044,8.61035199828561
"97270",-0.0763567991501595,9.41883575399318
"109077",-1.16331829293478,9.2032400858045
"244255",-1.21721720998195,6.7598225129994
"304948",-0.687211192351434,5.66387786637358
"226758",-2.13349879978386,7.07423286244123
"110653",-0.399750301433187,9.17629062728091
"30403",-2.49282491343167,10.6225782347133
"110516",-1.63044224067693,9.17629062728091
"33565",-0.875857402016534,10.5686793176662
"73672",-2.22333032819582,9.84104393752936
"278010",-1.58552647647096,6.14896811979813
"257338",0.229070397450478,6.52626053912832
"115457",-1.89095367307159,9.08645909886896
"48777",-2.6275722060496,10.2902015795891
"269764",0.238053550291673,6.30168171809844
"202845",-2.64553851173199,7.5054241988186
"216309",-2.24129663387821,7.26287907210633
"167175",-1.62145908783574,8.15221120338466
"124899",-1.89993682591279,8.91577919488625
"135846",-1.78315583897725,8.71814983237996
"192954",-2.20536402251343,7.68508725564251
"168217",-1.19026775145837,8.13424489770227
"120532",-0.947722624746095,8.99662757045701
"255871",0.444666065639163,6.55320999765191
"206819",-2.66350481741438,7.43355897608904
"268075",-1.54061071226498,6.32863117662203
"144268",-2.02570096568952,8.56543623407964
"116456",-1.84603790886562,9.06849279318657
"84240",-1.04653730599924,9.65239772786426
"324792",-1.01060469463446,5.30455175272577
"153680",-2.30417870376657,8.39475633009693
"186499",-2.15146510546625,7.80186824257804
"101556",-1.75620638045366,9.33798737842243
"275264",0.534497594051115,6.2028670368453
"340092",-1.97180204864235,5.02607401464872
"125437",-1.53162755942378,8.90679604204506
"248878",0.13025571619733,6.67897413742864
"332133",-2.03468411853072,5.16980446010785
"327210",-1.61247593499454,5.2596359885198
"303968",-0.561447052574701,5.68184417205597
"123850",-2.39401023217853,8.93374550056864
"24393",-2.90604994412665,10.7303760688077
"59892",-1.00162154179327,10.0925722170828
"98016",-2.30417870376657,9.40086944831079
"288978",-1.28009927987032,5.95133875729183
"305261",-2.34011131513135,5.65489471353239
"132928",-1.20823405714076,8.77204874942713
"282140",-0.202120938926893,6.07710289706856
"290065",-0.444666065639163,5.93337245160944
"298577",0.121272563356135,5.78065885330912
"239151",-2.42095969070211,6.84965404141135
"275991",-1.86400421454801,6.18490073116291
"332666",-1.71129061624769,5.16082130726665
"99547",-1.94485259011876,9.37391998978721
"283932",-1.96281889580115,6.04117028570378
"141455",-0.50754813552753,8.61933515112681
"148871",-0.857891096334143,8.48458785850888
"18608",-1.29806558555271,10.838173902902
"70208",-2.08858303557789,9.90392600741773
"228237",-2.24129663387821,7.04728340391765
"77276",-1.10043622304641,9.77816186764099
"254108",-1.99875150716594,6.58015945617549
"179772",-0.0763567991501595,7.92763238235478
"122143",0.13025571619733,8.96967811193342
"308975",-0.229070397450478,5.59201264364402
"251595",-2.2502797867194,6.62507522038147
"18463",-2.60062274752601,10.838173902902
"294272",-2.83418472139709,5.85252407603868
"30354",-2.93299940265024,10.6225782347133
"211762",-2.90604994412665,7.34372744767709
"118074",-0.705177498033824,9.04154333466298
"105581",-1.3160318912351,9.26612215569286
"340061",-2.2502797867194,5.02607401464872
"197983",-1.67535800488291,7.59525572723055
"13684",-0.884840554857729,10.928005431314
"137363",-1.54959386510617,8.69120037385637
"195998",-1.64840854635932,7.63118833859533
"249587",-2.42994284354331,6.66100783174625
"291559",-0.417716607115578,5.90642299308585
"347549",-1.95383574295996,4.89132672203079
"178544",-2.17841456398984,7.94559868803717
"128384",-1.84603790886562,8.85289712499788
"177529",-2.36706077365494,7.96356499371956
"67221",-2.13349879978386,9.9578249244649
"192965",-2.10654934126028,7.68508725564251
"284096",-0.48958182984514,6.04117028570378
"177600",-1.72925692193008,7.96356499371956
"129912",-1.51366125374139,8.8259476664743
"26935",-2.39401023217853,10.6854603046017
"267647",-0.92077316622251,6.33761432946322
"309875",-1.07348676452283,5.57404633796163
"298514",-0.444666065639163,5.78065885330912
"289581",-0.327885078703626,5.94235560445063
"100997",-2.31316185660777,9.34697053126362
"20098",-1.3070487383939,10.8112244443784
"112055",-1.19925090429956,9.14934116875733
"158674",-2.08858303557789,8.30492480168498
"178608",-1.60349278215335,7.94559868803717
"21697",-0.336868231544821,10.7842749858549
"67734",-1.98976835432474,9.9488417716237
"62188",-2.69943742877916,10.0476564528768
"135326",-1.98976835432474,8.72713298522115
"237257",-1.57654332362976,6.88558665277613
"189447",-2.45689230206689,7.74796932553087
"122041",-0.786025873604582,8.96967811193342
"189423",-2.67248797025558,7.74796932553087
"244222",-1.51366125374139,6.7598225129994
"10285",-0.166188327562112,10.9908875012023
"124662",0.435682912797968,8.92476234772745
"302831",-1.84603790886562,5.69981047773836
"144541",0.426699759956773,8.56543623407964
"36081",-0.597379663939482,10.5237635534602
"37024",-1.05552045884044,10.5057972477778
"119371",-2.4479091492257,9.0145938761394
"298505",-0.52551444120992,5.78065885330912
"115027",-1.28908243271151,9.09544225171016
"236759",-1.58552647647096,6.89456980561733
"257178",-1.20823405714076,6.52626053912832
"91281",-0.30093562018004,9.52663358808753
"123399",-1.98078520148355,8.94272865340984
"111634",-0.516531288368725,9.15832432159852
"162644",-2.14248195262506,8.23305957895541
"240204",-1.89095367307159,6.83168773572896
"174584",-2.03468411853072,8.01746391076673
"195238",0.453649218480358,7.64915464427773
"315811",-1.32501504407629,5.46624850386729
"131982",-0.777042720763386,8.79001505510952
"204677",0.417716607115577,7.47847474029502
"206061",-0.543480746892311,7.45152528177143
"165586",-2.50180806627287,8.17916066190824
"17620",-1.24416666850554,10.8561402085844
"182756",-0.058390493467769,7.87373346530761
"315879",-0.71416065087502,5.46624850386729
"65692",-2.47485860774928,9.98477438298848
"214839",-2.05265042421311,7.28982853062992
"90514",-2.72638688730275,9.53561674092872
"190695",-0.175171480403307,7.73000301984848
"15651",-1.07348676452283,10.8920728199492
"13118",-1.5046781009002,10.9369885841552
"183214",-0.408733454274382,7.86475031246641
"220291",-2.18739771683104,7.19101384937677
"100012",-2.23231348103701,9.36493683694601
"191910",-2.65452166457319,7.7030535613249
"18619",-1.19925090429956,10.838173902902
"304986",-0.345851384386016,5.66387786637358
"265918",-3.05876354242697,6.36456378798681
"85676",-1.54061071226498,9.62544826934067
"35385",-2.38502707933733,10.5327467063014
"179079",-1.83705475602442,7.93661553519597
"132354",-1.89993682591279,8.78103190226832
"108698",-0.103306257673745,9.21222323864569
"112910",-2.4479091492257,9.13137486307494
"12673",-1.03755415315805,10.9459717369964
"105522",-1.84603790886562,9.26612215569286
"313397",-0.687211192351434,5.51116426807326
"128897",-1.70230746340649,8.84391397215669
"309468",-0.265003008815259,5.58302949080283
"51772",-2.51079121911406,10.2363026625419
"277611",-0.705177498033824,6.15795127263932
"45306",-2.55570698332004,10.3530836494775
"262452",-2.94198255549143,6.42744585787518
"287508",-1.09145307020522,5.97828821581542
"30437",-2.18739771683104,10.6225782347133
"353013",-1.98078520148355,4.79251204077765
"25637",-0.660261733827848,10.7124097631253
"113974",-1.81908845034203,9.11340855739255
"30884",-2.6365553588908,10.6135950818721
"170140",-1.77417268613606,8.09831228633749
"300389",-1.45976233669422,5.74472624194434
"132500",-0.588396511098287,8.78103190226832
"216292",-2.39401023217853,7.26287907210633
"20124",-1.07348676452283,10.8112244443784
"118359",-2.60960590036721,9.03256018182179
"302969",-0.606362816780677,5.69981047773836
"57713",-2.71740373446155,10.1285048284476
"85349",-0.0134747292617932,9.63443142218187
"22595",-1.19925090429956,10.7663086801725
"26558",-1.3160318912351,10.6944434574429
"28377",-2.83418472139709,10.6585108460781
"184951",-2.66350481741438,7.82881770110163
"283889",-2.34909446797255,6.04117028570378
"52755",-2.60960590036721,10.2183363568596
"18953",-2.66350481741438,10.8291907500608
"145929",-0.498564982686335,8.53848677555605
"182992",-2.40299338501972,7.86475031246641
"122517",-0.974672083269681,8.96069495909223
"27908",-2.58265644184362,10.6674939989193
"162657",-2.02570096568952,8.23305957895541
"34867",-2.57367328900243,10.5417298591426
"61292",-1.81908845034203,10.0656227585592
"201436",-1.90891997875398,7.53237365734219
"300048",-0.058390493467769,5.75370939478554
"252162",-1.62145908783574,6.61609206754028
"308253",-2.2502797867194,5.60099579648522
"125382",-2.02570096568952,8.90679604204506
"291632",0.238053550291673,5.90642299308585
"9520",-2.57367328900243,10.9998706540435
"32961",-1.83705475602442,10.5776624705074
"194463",-2.04366727137191,7.65813779711892
"276054",-1.29806558555271,6.18490073116291
"9065",-2.19638086967223,11.0088538068847
"145925",-0.534497594051115,8.53848677555605
"312931",-0.408733454274382,5.52014742091446
"333703",-1.32501504407629,5.14285500158426
"264851",0.7500932622398,6.3915132465104
"175107",-1.80112214465964,8.00848075792553
"15154",-1.07348676452283,10.9010559727904
"153237",-1.81908845034203,8.40373948293812
"197378",-2.64553851173199,7.60423888007175
"301947",-0.857891096334143,5.71777678342075
"193652",-0.399750301433187,7.67610410280131
"195395",-2.60062274752601,7.64017149143653
"114492",-1.63044224067693,9.10442540455135
"233302",-1.38789711396466,6.95745187550569
"20919",-2.86113417992068,10.7932581386961
"255518",-2.72638688730275,6.55320999765191
"45789",-2.68147112309677,10.3441004966363
"170146",-1.72027376908888,8.09831228633749
"314180",-2.58265644184362,5.49319796239087
"257987",-2.87011733276187,6.50829423344593
"97302",0.211104091768088,9.41883575399318
"125424",-1.64840854635932,8.90679604204506
"198885",-2.50180806627287,7.57728942154816
"23114",-1.00162154179327,10.7573255273313
"103552",-1.6843411577241,9.30205476705765
"40526",-0.848907943492948,10.4429151778894
"108049",-1.46874548953542,9.22120639148689
"317323",-1.13636883441119,5.4392990453437
"115994",-1.53162755942378,9.07747594602776
"99792",0.256019855974063,9.37391998978721
"10491",-2.78028580434992,10.9819043483611
"259544",-2.27722924524299,6.48134477492235
"258112",-1.74722322761247,6.50829423344593
"103564",-1.57654332362976,9.30205476705765
"135345",-1.81908845034203,8.72713298522115
"275622",-0.71416065087502,6.1938838840041
"272157",-0.588396511098287,6.25676595389247
"22989",-2.12451564694267,10.7573255273313
"113617",-0.561447052574701,9.12239171023374
"288077",-0.444666065639163,5.96930506297422
"118383",-2.39401023217853,9.03256018182179
"25941",-2.39401023217853,10.7034266102841
"232190",-2.4479091492257,6.97541818118808
"284896",-2.23231348103701,6.02320398002139
"22119",-1.01060469463446,10.7752918330137
"310475",-0.148222021879721,5.56506318512044
"96092",-1.72925692193008,9.43680205967557
"69283",-1.46874548953542,9.92189231310012
"126083",-0.193137786085697,8.89781288920386
"65667",-2.69943742877916,9.98477438298848
"135975",-0.624329122463068,8.71814983237996
"139759",-2.34909446797255,8.64628460965039
"98200",-0.651278580986653,9.40086944831079
"250521",-2.96893201401502,6.64304152606386
"228339",-1.32501504407629,7.04728340391765
"205438",-1.67535800488291,7.46050843461263
"303969",-0.552463899733506,5.68184417205597
"211443",-1.3070487383939,7.35271060051828
"64725",-2.23231348103701,10.0027406886709
"260531",-2.34011131513135,6.46337846923996
"98005",-2.40299338501972,9.40086944831079
"35525",-1.12738568157,10.5327467063014
"29377",-2.78028580434992,10.6405445403957
"47816",-2.33112816229016,10.3081678852715
"283610",-0.390767148591992,6.05015343854498
"205898",-2.00773466000713,7.45152528177143
"103646",-0.839924790651753,9.30205476705765
"88740",-0.803992179286972,9.5715493522935
"23705",-0.157205174720916,10.7483423744901
"113938",-2.14248195262506,9.11340855739255
"104981",-2.24129663387821,9.27510530853406
"27598",-0.902806860540119,10.6764771517605
"260614",-1.59450962931215,6.46337846923996
"35920",-2.04366727137191,10.5237635534602
"121998",-1.17230144577598,8.96967811193342
"103288",0.408733454274382,9.31103791989884
"30396",-2.55570698332004,10.6225782347133
"194651",-0.354834537227211,7.65813779711892
"281611",-0.48958182984514,6.08608604990976
"281645",-0.184154633244502,6.08608604990976
"165354",-0.121272563356135,8.18814381474944
"152437",-0.0763567991501595,8.42170578862051
"108016",-1.76518953329486,9.22120639148689
"165645",-1.97180204864235,8.17916066190824
"112481",-1.83705475602442,9.14035801591613
"158735",-1.54061071226498,8.30492480168498
"201415",-2.09756618841908,7.53237365734219
"113952",-2.01671781284833,9.11340855739255
"116951",-1.86400421454801,9.05950964034538
"102970",-2.4479091492257,9.31103791989884
"21980",-2.2592629395606,10.7752918330137
"269956",-2.50180806627287,6.29269856525725
"151222",-2.0616335770543,8.4396720943029
"136370",-1.54061071226498,8.70916667953876
"264006",-2.37604392649613,6.40049639935159
"141822",-1.67535800488291,8.61035199828561
"284869",-2.47485860774928,6.02320398002139
"51763",-2.59163959468482,10.2363026625419
"127397",-1.78315583897725,8.87086343068028
"92608",-1.77417268613606,9.49968412956394
"148412",-0.516531288368725,8.49357101135008
"56220",-2.73537004014394,10.1554542869712
"288300",-2.90604994412665,5.96032191013303
"316407",-0.435682912797968,5.45726535102609
"277460",-2.0616335770543,6.15795127263932
"132904",-1.42382972532944,8.77204874942713
"313341",-1.19026775145837,5.51116426807326
"270620",-1.00162154179327,6.28371541241605
"132396",-1.52264440658259,8.78103190226832
"23127",-0.884840554857729,10.7573255273313
"307411",-0.884840554857729,5.61896210216761
"127811",-2.52875752479645,8.86188027783908
"111239",0.399750301433187,9.16730747443972
"192187",-0.166188327562112,7.7030535613249
"102569",-1.58552647647096,9.32002107274004
"193614",-0.741110109398605,7.67610410280131
"349027",-2.0706167298955,4.86437726350721
"252067",-2.47485860774928,6.61609206754028
"101209",-0.408733454274382,9.34697053126362
"103577",-1.45976233669422,9.30205476705765
"18643",-0.983655236110876,10.838173902902
"106572",-1.34298134975868,9.24815585001047
"34535",-1.09145307020522,10.5507130119838
"193412",-2.55570698332004,7.67610410280131
"146723",-2.29519555092538,8.52052046987366
"311447",-0.345851384386016,5.54709687943805
"224232",-2.50180806627287,7.11914862664721
"285643",0.0134747292617927,6.0142208271802
"58805",-1.83705475602442,10.1105385227652
"312922",-0.48958182984514,5.52014742091446
"9715",-0.821958484969362,10.9998706540435
"206674",0.498564982686334,7.44254212893024
"174088",-2.02570096568952,8.02644706360793
"114449",-2.01671781284833,9.10442540455135
"116523",-1.24416666850554,9.06849279318657
"114071",-0.947722624746095,9.11340855739255
"269773",0.31890192586243,6.30168171809844
"95839",0.462632371321554,9.44578521251677
"264507",-2.34011131513135,6.3915132465104
"270732",0.00449157642059728,6.28371541241605
"241154",-2.28621239808418,6.81372143004657
"83165",-1.77417268613606,9.67036403354665
"255992",-2.93299940265024,6.54422684481071
"78707",-1.63942539351813,9.75121240911741
"137958",-0.669244886669044,8.68221722101518
"282377",-2.53774067763765,6.06811974422737
"22571",-1.41484657248825,10.7663086801725
"31440",-2.10654934126028,10.604611929031
"213786",-2.58265644184362,7.30779483631231
"9787",-0.175171480403307,10.9998706540435
"300989",-0.534497594051115,5.73574308910314
"314365",-0.92077316622251,5.49319796239087
"150440",-0.157205174720916,8.4576383999853
"31921",-2.2502797867194,10.5956287761898
"122986",-1.22620036282315,8.95171180625103
"298500",-0.570430205415896,5.78065885330912
"264025",-2.20536402251343,6.40049639935159
"29541",-1.3070487383939,10.6405445403957
"260742",-0.444666065639163,6.46337846923996
"53754",-2.56469013616123,10.2003700511772
"268900",-3.05876354242697,6.31066487093964
"277450",-2.15146510546625,6.15795127263932
"155683",-2.16943141114864,8.35882371873215
"60786",-1.89993682591279,10.0746059114004
"13198",-0.786025873604582,10.9369885841552
"296585",0.0853399519913545,5.8165914646739
"302013",-0.265003008815259,5.71777678342075
"16237",-0.273986161656454,10.883089667108
"221394",-1.20823405714076,7.17304754369438
"260127",-1.5046781009002,6.47236162208115
"278856",-2.91503309696785,6.13100181411573
"158190",-1.97180204864235,8.31390795452617
"293097",0.00449157642059728,5.87947353456227
"265560",-1.81010529750084,6.373546940828
"93344",0.372800842909601,9.49070097672275
"266953",-2.69045427593797,6.34659748230442
"78167",-2.02570096568952,9.7601955619586
"196154",-0.247036703132868,7.63118833859533
"292348",-2.2592629395606,5.88845668740346
"31849",-2.89706679128546,10.5956287761898
"181621",-1.32501504407629,7.89169977099
"300572",0.184154633244502,5.74472624194434
"147748",-2.01671781284833,8.50255416419127
"278376",-2.76231949866753,6.13998496695693
"304880",-1.29806558555271,5.66387786637358
"307736",-2.42994284354331,5.60997894932641
"234734",-1.91790313159518,6.93050241698211
"140863",-1.36094765544108,8.628318303968
"279606",-0.642295428145458,6.12201866127454
"115934",-2.0706167298955,9.07747594602776
"190010",-1.86400421454801,7.73898617268968
"278544",-1.25314982134673,6.13998496695693
"120357",-2.51977437195526,8.99662757045701
"317212",-2.13349879978386,5.4392990453437
"167592",-2.34011131513135,8.14322805054346
"291825",-2.49282491343167,5.89743984024466
"105482",-2.20536402251343,9.26612215569286
"99545",-1.96281889580115,9.37391998978721
"164673",-1.77417268613606,8.19712696759063
"110946",-2.23231348103701,9.16730747443972
"263842",0.615345969621872,6.40947955219279
"228188",-2.68147112309677,7.04728340391765
"222771",-2.23231348103701,7.14609808517079
"279706",0.256019855974063,6.12201866127454
"187181",-0.48958182984514,7.79288508973685
"116034",-1.17230144577598,9.07747594602776
"313418",-0.498564982686335,5.51116426807326
"256363",0.399750301433187,6.54422684481071
"127900",-1.72925692193008,8.86188027783908
"243228",-1.51366125374139,6.77778881868179
"256772",-0.390767148591992,6.53524369196952
"168585",-2.34909446797255,8.12526174486107
"293458",-1.21721720998195,5.87049038172107
"12205",-0.777042720763386,10.9549548898376
"168122",-2.04366727137191,8.13424489770227
"233787",-1.495694948059,6.9484687226645
"187057",-1.60349278215335,7.79288508973685
"255283",-0.372800842909601,6.5621931504931
"340578",-2.0706167298955,5.01709086180753
"170792",-0.381783995750797,8.08932913349629
"76385",-0.175171480403307,9.79612817332338
"212831",-2.23231348103701,7.3257611419947
"31015",-1.45976233669422,10.6135950818721
"105668",-0.534497594051115,9.26612215569286
"275679",-0.202120938926893,6.1938838840041
"94691",-0.92077316622251,9.46375151819916
"247210",-1.45976233669422,6.70592359595223
"124900",-1.89095367307159,8.91577919488625
"82890",0.220087244609283,9.67934718638784
"22410",-2.86113417992068,10.7663086801725
"82654",-1.89993682591279,9.67934718638784
"94181",-1.03755415315805,9.47273467104035
"18149",-0.95670577758729,10.8471570557432
"111103",-0.821958484969362,9.16730747443972
"116515",-1.3160318912351,9.06849279318657
"186001",-2.16044825830745,7.81085139541924
"143793",-1.82807160318323,8.57441938692083
"21109",-1.15433514009359,10.7932581386961
"41847",-2.37604392649613,10.4159657193659
"190137",-0.723143803716215,7.73898617268968
"213822",-2.2592629395606,7.30779483631231
"30089",-0.848907943492948,10.6315613875545
"304455",-0.651278580986653,5.67286101921478
"252642",-1.77417268613606,6.60710891469908
"179176",-0.965688930428486,7.93661553519597
"314420",-0.426699759956773,5.49319796239087
"238669",-2.28621239808418,6.85863719425255
"249149",-1.89993682591279,6.66999098458745
"17256",-0.049407340626574,10.8651233614256
"55833",-1.74722322761247,10.1644374398124
"33131",-0.309918773021235,10.5776624705074
"111078",-1.04653730599924,9.16730747443972
"270269",0.309918773021235,6.29269856525725
"158154",-2.29519555092538,8.31390795452617
"119464",-1.61247593499454,9.0145938761394
"135266",-2.52875752479645,8.72713298522115
"79182",-1.83705475602442,9.74222925627621
"90710",-0.965688930428486,9.53561674092872
"236500",0.552463899733505,6.90355295845852
"301038",-0.0943231048325499,5.73574308910314
"112511",-1.56756017078857,9.14035801591613
"299577",0.175171480403307,5.76269254762673
"253679",-1.38789711396466,6.58914260901669
"198345",-2.88808363844426,7.58627257438936
"17227",-0.309918773021235,10.8651233614256
"197406",-2.39401023217853,7.60423888007175
"176093",-1.8729873673892,7.99051445224314
"274865",-3.04978038958578,6.2028670368453
"292587",-0.11228941051494,5.88845668740346
"230980",0.076356799150159,7.00236763971167
"315321",-1.26213297418793,5.47523165670848
"250119",-2.11553249410147,6.65202467890506
"295569",-0.11228941051494,5.83455777035629
"165602",-2.35807762081374,8.17916066190824
"302528",-0.103306257673745,5.70879363057956
"46037",-0.453649218480359,10.3441004966363
"185993",-2.23231348103701,7.81085139541924
"309455",-0.381783995750797,5.58302949080283
"319225",-1.90891997875398,5.40336643397892
"265462",-2.69045427593797,6.373546940828
"179000",-2.54672383047884,7.93661553519597
"143776",-1.98078520148355,8.57441938692083
"294443",-1.29806558555271,5.85252407603868
"130607",0.265003008815259,8.8169645136331
"167635",-1.95383574295996,8.14322805054346
"258533",-2.42994284354331,6.49931108060474
"248173",-1.73824007477127,6.68795729026984
"287816",-2.78926895719111,5.96930506297422
"250671",-1.62145908783574,6.64304152606386
"38009",-1.13636883441119,10.4878309420954
"189476",-2.19638086967223,7.74796932553087
"102205",-0.390767148591992,9.32900422558123
"233820",-1.19925090429956,6.9484687226645
"83721",-1.24416666850554,9.66138088070545
"122967",-1.39688026680586,8.95171180625103
"319217",-1.98078520148355,5.40336643397892
"243326",-0.633312275304263,6.77778881868179
"87698",-1.23518351566434,9.58951565797589
"92114",-1.74722322761247,9.50866728240513
"112978",-1.83705475602442,9.13137486307494
"168565",-2.52875752479645,8.12526174486107
"134875",-1.57654332362976,8.73611613806235
"181058",-1.91790313159518,7.90068292383119
"108538",-1.54061071226498,9.21222323864569
"174589",-1.98976835432474,8.01746391076673
"88324",-0.0763567991501595,9.5805325051347
"101521",-2.0706167298955,9.33798737842243
"214768",-2.69045427593797,7.28982853062992
"274538",-1.52264440658259,6.21185018968649
"140927",-0.786025873604582,8.628318303968
"104035",-1.81010529750084,9.29307161421645
"109571",-1.19026775145837,9.1942569329633
"65261",-1.8819705202304,9.99375753582968
"271144",-0.759076415080996,6.27473225957486
"210850",-2.16943141114864,7.36169375335948
"37117",-0.220087244609283,10.5057972477778
"176096",-1.84603790886562,7.99051445224314
"295482",-0.893823707698924,5.83455777035629
"225506",0.0134747292617927,7.10118232096482
"102794",0.435682912797968,9.32002107274004
"286116",-0.202120938926893,6.005237674339
"21185",-0.471615524162749,10.7932581386961
"236269",-1.52264440658259,6.90355295845852
"26602",-0.92077316622251,10.6944434574429
"112488",-1.77417268613606,9.14035801591613
"187495",-2.13349879978386,7.78390193689565
"114056",-1.08246991736402,9.11340855739255
"126356",-2.20536402251343,8.88882973636267
"186066",-1.57654332362976,7.81085139541924
"106530",-1.72027376908888,9.24815585001047
"288899",-1.98976835432474,5.95133875729183
"104744",0.0943231048325495,9.28408846137526
"118963",-1.64840854635932,9.02357702898059
"68264",-1.6933243105653,9.93985861878251
"265425",-3.02283093106219,6.373546940828
"35498",-1.36993080828227,10.5327467063014
"168569",-2.49282491343167,8.12526174486107
"169090",-2.27722924524299,8.11627859201988
"223715",-2.68147112309677,7.1281317794884
"289955",-1.43281287817064,5.93337245160944
"116207",0.381783995750796,9.07747594602776
"201594",-0.48958182984514,7.53237365734219
"102448",-2.67248797025558,9.32002107274004
"288469",-1.38789711396466,5.96032191013303
"255999",-2.87011733276187,6.54422684481071
"271737",0.103306257673745,6.26574910673366
"45796",-2.61858905320841,10.3441004966363
"141337",-1.56756017078857,8.61933515112681
"262575",-1.83705475602442,6.42744585787518
"283594",-0.534497594051115,6.05015343854498
"200906",-2.20536402251343,7.54135681018338
"106087",-1.23518351566434,9.25713900285167
"285843",-2.65452166457319,6.005237674339
"112014",-1.56756017078857,9.14934116875733
"192980",-1.97180204864235,7.68508725564251
"100759",0.0134747292617927,9.35595368410482
"294566",-0.193137786085697,5.85252407603868
"142741",-2.34909446797255,8.59238569260322
"205893",-2.05265042421311,7.45152528177143
"149740",-1.98078520148355,8.46662155282649
"248408",0.372800842909601,6.68795729026984
"40361",-2.33112816229016,10.4429151778894
"184980",-2.40299338501972,7.82881770110163
"233774",-1.61247593499454,6.9484687226645
"112032",-1.40586341964705,9.14934116875733
"144434",-0.534497594051115,8.56543623407964
"173632",-1.65739169920052,8.03543021644912
"30563",-1.05552045884044,10.6225782347133
"9556",-2.2502797867194,10.9998706540435
"179580",-1.80112214465964,7.92763238235478
"283639",-0.130255716197331,6.05015343854498
"100782",0.220087244609283,9.35595368410482
"12266",-0.229070397450478,10.9549548898376
"19658",-0.795009026445777,10.8202075972196
"256278",-0.363817690068406,6.54422684481071
"120024",-1.04653730599924,9.0056107232982
"261758",-0.247036703132868,6.44541216355757
"144321",-1.54959386510617,8.56543623407964
"56223",-2.70842058162036,10.1554542869712
"315656",-2.71740373446155,5.46624850386729
"136987",-0.462632371321554,8.70018352669757
"13052",-2.09756618841908,10.9369885841552
"96630",-1.36094765544108,9.42781890683438
"237723",-1.85502106170681,6.87660349993494
"240971",0.534497594051115,6.82270458288777
"219529",-0.103306257673745,7.20898015505916
"206423",-1.75620638045366,7.44254212893024
"13161",-1.1184025287288,10.9369885841552
"38143",0.067373646308964,10.4878309420954
"123545",-0.669244886669044,8.94272865340984
"114441",-2.08858303557789,9.10442540455135
"281141",-0.247036703132868,6.09506920275095
"181071",-1.80112214465964,7.90068292383119
"227273",-1.97180204864235,7.06524970960004
"246051",-2.94198255549143,6.72388990163462
"205307",-2.85215102707948,7.46050843461263
"299987",-0.606362816780677,5.75370939478554
"246760",-1.03755415315805,6.71490674879342
"210798",-2.6365553588908,7.36169375335948
"185477",-2.40299338501972,7.81983454826043
"219735",-2.71740373446155,7.19999700221797
"121477",-1.38789711396466,8.97866126477462
"196902",-2.45689230206689,7.61322203291294
"295913",-1.48671179521781,5.8255746175151
"142436",-0.624329122463068,8.60136884544442
"282875",-2.52875752479645,6.05913659138617
"84142",-1.92688628443637,9.65239772786426
"239300",-1.08246991736402,6.84965404141135
"289827",-2.58265644184362,5.93337245160944
"31905",-2.39401023217853,10.5956287761898
"107036",-1.63942539351813,9.23917269716928
"167656",-1.76518953329486,8.14322805054346
"46436",-1.33399819691749,10.3351173437951
"184051",-1.81908845034203,7.84678400678402
"92088",-1.98078520148355,9.50866728240513
"250718",-1.19925090429956,6.64304152606386
"192263",0.516531288368725,7.7030535613249
"264104",-1.495694948059,6.40049639935159
"17936",-2.87011733276187,10.8471570557432
"213006",-0.660261733827848,7.3257611419947
"251399",0.453649218480358,6.63405837322267
"261450",-3.01384777822099,6.44541216355757
"196631",-0.426699759956773,7.62220518575414
"183006",-2.27722924524299,7.86475031246641
"320661",-2.40299338501972,5.37641697545534
"161138",-2.27722924524299,8.260009037479
"120067",-0.660261733827848,9.0056107232982
"78207",-1.66637485204171,9.7601955619586
"238238",-1.6933243105653,6.86762034709374
"97821",0.408733454274382,9.40985260115199
"199414",-2.21434717535462,7.56830626870697
"112475",-1.89095367307159,9.14035801591613
"140937",-0.696194345192629,8.628318303968
"12712",-0.687211192351434,10.9459717369964
"267805",0.498564982686334,6.33761432946322
"256577",-2.14248195262506,6.53524369196952
"24644",-0.651278580986653,10.7303760688077
"279717",0.354834537227211,6.12201866127454
"217116",0.54348074689231,7.25389591926514
"265483",-2.50180806627287,6.373546940828
"142850",-1.36993080828227,8.59238569260322
"238273",-1.37891396112347,6.86762034709374
"277995",-1.72027376908888,6.14896811979813
"267793",0.390767148591992,6.33761432946322
"147403",-0.651278580986653,8.51153731703247
"38498",-1.20823405714076,10.4788477892542
"120359",-2.50180806627287,8.99662757045701
"197699",0.238053550291673,7.60423888007175
"147417",-0.52551444120992,8.51153731703247
"269548",-1.70230746340649,6.30168171809844
"280512",-1.43281287817064,6.10405235559215
"292630",0.273986161656454,5.88845668740346
"281397",-2.41197653786092,6.08608604990976
"279887",-2.58265644184362,6.11303550843334
"242130",-2.4479091492257,6.79575512436418
"80894",0.148222021879721,9.71527979775263
"198399",-2.40299338501972,7.58627257438936
"61794",-1.77417268613606,10.056639605718
"292640",0.363817690068406,5.88845668740346
"228192",-2.64553851173199,7.04728340391765
"135806",-2.14248195262506,8.71814983237996
"282063",-0.893823707698924,6.07710289706856
"138390",-1.25314982134673,8.67323406817398
"265691",-0.633312275304263,6.373546940828
"136859",-1.61247593499454,8.70018352669757
"36871",-2.42994284354331,10.5057972477778
"179093",-1.71129061624769,7.93661553519597
"259993",-2.70842058162036,6.47236162208115
"307380",-1.16331829293478,5.61896210216761
"18176",-0.71416065087502,10.8471570557432
"98041",-2.07959988273669,9.40086944831079
"81351",-0.211104091768088,9.70629664491143
"147210",-2.38502707933733,8.51153731703247
"200380",-2.46587545490809,7.55033996302458
"144915",-0.678228039510239,8.55645308123844
"104653",-0.723143803716215,9.28408846137526
"206858",-2.31316185660777,7.43355897608904
"269089",-1.36094765544108,6.31066487093964
"198136",-0.30093562018004,7.59525572723055
"103787",0.426699759956773,9.30205476705765
"261528",-2.31316185660777,6.44541216355757
"191451",-2.31316185660777,7.71203671416609
"11070",-2.04366727137191,10.97292119552
"86636",-1.84603790886562,9.60748196365828
"25129",-0.759076415080996,10.7213929159665
"149961",0.00449157642059728,8.46662155282649
"197863",-2.75333634582633,7.59525572723055
"100559",-1.78315583897725,9.35595368410482
"154689",-2.16943141114864,8.37679002441454
"304967",-0.516531288368725,5.66387786637358
"193149",-0.453649218480359,7.68508725564251
"241454",0.408733454274382,6.81372143004657
"237771",-1.42382972532944,6.87660349993494
"17169",-0.830941637810557,10.8651233614256
"89177",-1.34298134975868,9.56256619945231
"283103",-0.480598677003944,6.05913659138617
"120444",-1.73824007477127,8.99662757045701
"308362",-1.27111612702912,5.60099579648522
"19488",-2.32214500944896,10.8202075972196
"254488",-3.04978038958578,6.5711763033343
"315889",-0.624329122463068,5.46624850386729
"129635",0.462632371321554,8.83493081931549
"243129",-2.40299338501972,6.77778881868179
"33880",-2.51079121911406,10.559696164825
"212878",-1.81010529750084,7.3257611419947
"228547",0.54348074689231,7.04728340391765
"287146",0.121272563356135,5.98727136865661
"14100",-1.61247593499454,10.9190222784728
"123429",-1.71129061624769,8.94272865340984
"257989",-2.85215102707948,6.50829423344593
"213312",-2.37604392649613,7.3167779891535
"173580",-2.12451564694267,8.03543021644912
"255034",-2.60960590036721,6.5621931504931
"17951",-2.73537004014394,10.8471570557432
"274368",-3.04978038958578,6.21185018968649
"99327",0.54348074689231,9.3829031426284
"268137",-0.983655236110876,6.32863117662203
"141765",-2.18739771683104,8.61035199828561
"97820",0.399750301433187,9.40985260115199
"255792",-0.265003008815259,6.55320999765191
"289113",-0.0673736463089645,5.95133875729183
"164385",0.103306257673745,8.20611012043183
"304494",-0.30093562018004,5.67286101921478
"268187",-0.534497594051115,6.32863117662203
"175274",-0.30093562018004,8.00848075792553
"126408",-1.73824007477127,8.88882973636267
"229518",0.336868231544821,7.02931709823526
"108713",0.0314410349441832,9.21222323864569
"101592",-1.43281287817064,9.33798737842243
"18644",-0.974672083269681,10.838173902902
"79709",-1.56756017078857,9.73324610343502
"257621",-1.6933243105653,6.51727738628713
"271485",-2.16044825830745,6.26574910673366
"155847",-0.696194345192629,8.35882371873215
"247261",-1.00162154179327,6.70592359595223
"151190",-2.34909446797255,8.4396720943029
"299960",-0.848907943492948,5.75370939478554
"114486",-1.6843411577241,9.10442540455135
"299970",-0.759076415080996,5.75370939478554
"197903",-2.39401023217853,7.59525572723055
"114978",-1.72925692193008,9.09544225171016
"173142",-1.59450962931215,8.04441336929031
"174071",-2.17841456398984,8.02644706360793
"276545",-1.35196450259988,6.17591757832171
"194413",-2.49282491343167,7.65813779711892
"261552",-2.09756618841908,6.44541216355757
"239731",-1.67535800488291,6.84067088857016
"285146",0.0134747292617927,6.02320398002139
"20119",-1.1184025287288,10.8112244443784
"24457",-2.33112816229016,10.7303760688077
"115960",-1.83705475602442,9.07747594602776
"279114",-0.597379663939482,6.13100181411573
"102084",-1.47772864237661,9.32900422558123
"96010",-2.46587545490809,9.43680205967557
"48907",-1.45976233669422,10.2902015795891
"21643",-0.821958484969362,10.7842749858549
"164842",-0.256019855974064,8.19712696759063
"116962",-1.76518953329486,9.05950964034538
"189477",-2.18739771683104,7.74796932553087
"106998",-1.98078520148355,9.23917269716928
"179515",-2.38502707933733,7.92763238235478
"39563",-0.570430205415896,10.4608814835718
"279340",-3.03181408390339,6.12201866127454
"12682",-0.95670577758729,10.9459717369964
"51482",-0.651278580986653,10.2452858153831
"93628",-1.54061071226498,9.48171782388155
"35849",-2.68147112309677,10.5237635534602
"141325",-1.67535800488291,8.61933515112681
"127342",-2.27722924524299,8.87086343068028
"211572",-0.148222021879721,7.35271060051828
"40846",-2.4389259963845,10.4339320250482
"106247",0.202120938926892,9.25713900285167
"112505",-1.62145908783574,9.14035801591613
"272167",-0.498564982686335,6.25676595389247
"163209",-1.53162755942378,8.22407642611422
"291018",-0.812975332128167,5.91540614592705
"294518",-0.624329122463068,5.85252407603868
"22460",-2.41197653786092,10.7663086801725
"53821",-1.96281889580115,10.2003700511772
"105929",-2.65452166457319,9.25713900285167
"125321",-2.57367328900243,8.90679604204506
"269786",0.435682912797968,6.30168171809844
"296603",0.247036703132868,5.8165914646739
"259119",-1.63044224067693,6.49032792776354
"239780",-1.23518351566434,6.84067088857016
"167638",-1.92688628443637,8.14322805054346
"249865",0.067373646308964,6.66100783174625
"5791",-0.354834537227211,11.0717358767731
"183324",0.579413358257091,7.86475031246641
"203913",-1.98078520148355,7.48745789313621
"108509",-1.80112214465964,9.21222323864569
"20141",-0.92077316622251,10.8112244443784
"173078",-2.16943141114864,8.04441336929031
"176523",-2.47485860774928,7.98153129940195
"89663",-1.44179603101183,9.55358304661111
"157704",-1.8729873673892,8.32289110736737
"148695",-2.4389259963845,8.48458785850888
"252391",0.435682912797968,6.61609206754028
"182048",-1.95383574295996,7.8827166181488
"189019",-1.83705475602442,7.75695247837207
"172039",-2.57367328900243,8.06237967497271
"28645",-0.426699759956773,10.6585108460781
"123870",-2.21434717535462,8.93374550056864
"126429",-1.54959386510617,8.88882973636267
"238396",-0.273986161656454,6.86762034709374
"304287",-2.16044825830745,5.67286101921478
"299869",-1.66637485204171,5.75370939478554
"21427",-2.76231949866753,10.7842749858549
"220106",0.615345969621872,7.19999700221797
"48879",-1.71129061624769,10.2902015795891
"173607",-1.8819705202304,8.03543021644912
"10744",-0.50754813552753,10.9819043483611
"96646",-1.21721720998195,9.42781890683438
"256397",0.705177498033824,6.54422684481071
"340057",-2.28621239808418,5.02607401464872
"295576",-0.049407340626574,5.83455777035629
"292098",-0.0404241877853786,5.89743984024466
"97643",-1.19026775145837,9.40985260115199
"269737",-0.00449157642059772,6.30168171809844
"124422",-1.72027376908888,8.92476234772745
"293475",-1.06450361168163,5.87049038172107
"295130",0.408733454274382,5.84354092319749
"8796",-0.148222021879721,11.0178369597259
"98729",-0.363817690068406,9.3918862954696
"42873",-2.08858303557789,10.3979994136835
"238302",-1.1184025287288,6.86762034709374
"202124",-0.193137786085697,7.52339050450099
"194740",0.444666065639163,7.65813779711892
"38109",-0.238053550291673,10.4878309420954
"308480",-0.211104091768088,5.60099579648522
"179023",-2.34011131513135,7.93661553519597
"105566",-1.45077918385303,9.26612215569286
"86883",0.372800842909601,9.60748196365828
"34405",-2.2592629395606,10.5507130119838
"91078",-2.12451564694267,9.52663358808753
"311360",-1.12738568157,5.54709687943805
"34580",-0.687211192351434,10.5507130119838
"82856",-0.0853399519913549,9.67934718638784
"280676",0.0404241877853782,6.10405235559215
"85565",-2.53774067763765,9.62544826934067
"123978",-1.24416666850554,8.93374550056864
"178016",-2.45689230206689,7.95458184087836
"11198",-0.893823707698924,10.97292119552
"39848",-2.47485860774928,10.4518983307306
"116957",-1.81010529750084,9.05950964034538
"146391",-0.812975332128167,8.52950362271486
"310276",-1.93586943727757,5.56506318512044
"200882",-2.42095969070211,7.54135681018338
"208843",-2.34011131513135,7.39762636472426
"295392",-1.70230746340649,5.83455777035629
"180031",-2.21434717535462,7.91864922951358
"249431",0.633312275304263,6.66999098458745
"219240",-2.69943742877916,7.20898015505916
"294546",-0.372800842909601,5.85252407603868
"77727",-1.51366125374139,9.7691787147998
"262644",-1.21721720998195,6.42744585787518
"251683",-1.45976233669422,6.62507522038147
"222480",-0.381783995750797,7.15508123801199
"75693",-1.92688628443637,9.80511132616458
"82719",-1.3160318912351,9.67934718638784
"303893",-1.23518351566434,5.68184417205597
"150389",-0.615345969621873,8.4576383999853
"272128",-0.848907943492948,6.25676595389247
"222706",-2.8162184157147,7.14609808517079
"283644",-0.0853399519913549,6.05015343854498
"314859",-0.947722624746095,5.48421480954968
"227975",-0.130255716197331,7.05626655675884
"14491",-2.56469013616123,10.9100391256316
"196668",-0.0943231048325499,7.62220518575414
"211653",0.579413358257091,7.35271060051828
"148736",-2.0706167298955,8.48458785850888
"266182",-0.687211192351434,6.36456378798681
"216127",0.588396511098286,7.27186222494753
"81636",-2.11553249410147,9.69731349207023
"170155",-1.63942539351813,8.09831228633749
"274659",-0.435682912797968,6.21185018968649
"262054",-2.05265042421311,6.43642901071637
"275646",-0.498564982686335,6.1938838840041
"308450",-0.480598677003944,5.60099579648522
"256487",-2.95096570833263,6.53524369196952
"252601",-2.14248195262506,6.60710891469908
"310738",-2.2502797867194,5.55608003227924
"250987",-3.24740975209207,6.63405837322267
"152207",-2.14248195262506,8.42170578862051
"105521",-1.85502106170681,9.26612215569286
"272003",-1.97180204864235,6.25676595389247
"262797",0.157205174720916,6.42744585787518
"237223",-1.8819705202304,6.88558665277613
"204305",-2.92401624980904,7.47847474029502
"202174",0.256019855974063,7.52339050450099
"292544",-0.498564982686335,5.88845668740346
"106504",-1.95383574295996,9.24815585001047
"100115",-1.3070487383939,9.36493683694601
"244710",-1.59450962931215,6.7508393601582
"105054",-1.58552647647096,9.27510530853406
"111975",-1.91790313159518,9.14934116875733
"52340",-1.8729873673892,10.2273195097008
"206876",-2.15146510546625,7.43355897608904
"226859",-1.22620036282315,7.07423286244123
"106150",-0.669244886669044,9.25713900285167
"110666",-0.282969314497649,9.17629062728091
"293534",-0.534497594051115,5.87049038172107
"299454",-0.929756319063705,5.76269254762673
"197228",0.471615524162749,7.61322203291294
"234257",-1.73824007477127,6.9394855698233
"146734",-2.19638086967223,8.52052046987366
"228191",-2.65452166457319,7.04728340391765
"110248",0.426699759956773,9.18527378012211
"303473",-0.543480746892311,5.69082732489717
"341560",-2.17841456398984,4.99912455612514
"16656",-0.974672083269681,10.8741065142668
"286143",0.0404241877853782,6.005237674339
"228311",-1.57654332362976,7.04728340391765
"289601",-0.148222021879721,5.94235560445063
"26881",-2.87910048560307,10.6854603046017
"254632",-1.75620638045366,6.5711763033343
"123417",-1.81908845034203,8.94272865340984
"192678",-0.220087244609283,7.6940704084837
"206840",-2.47485860774928,7.43355897608904
"307466",-0.390767148591992,5.61896210216761
"75275",-1.21721720998195,9.81409447900577
"207856",-2.27722924524299,7.41559267040665
"25584",-1.13636883441119,10.7124097631253
"132338",-2.04366727137191,8.78103190226832
"97081",-1.77417268613606,9.41883575399318
"176517",-2.52875752479645,7.98153129940195
"313855",-1.03755415315805,5.50218111523207
"222793",-2.03468411853072,7.14609808517079
"242400",-0.0224578821029882,6.79575512436418
"119482",-1.45077918385303,9.0145938761394
"309483",-0.130255716197331,5.58302949080283
"131537",-0.309918773021235,8.79899820795071
"107025",-1.73824007477127,9.23917269716928
"141501",-0.0943231048325499,8.61933515112681
"144934",-0.50754813552753,8.55645308123844
"108462",-2.22333032819582,9.21222323864569
"154193",-2.16044825830745,8.38577317725573
"108083",-1.16331829293478,9.22120639148689
"17702",-0.50754813552753,10.8561402085844
"172093",-2.08858303557789,8.06237967497271
"304987",-0.336868231544821,5.66387786637358
"114212",0.31890192586243,9.11340855739255
"346040",-2.11553249410147,4.91827618055438
"248191",-1.57654332362976,6.68795729026984
"127311",-2.55570698332004,8.87086343068028
"279163",-0.157205174720916,6.13100181411573
"260130",-1.47772864237661,6.47236162208115
"125395",-1.90891997875398,8.90679604204506
"313813",-1.41484657248825,5.50218111523207
"245283",-0.911790013381315,6.74185620731701
"165631",-2.09756618841908,8.17916066190824
"232514",0.462632371321554,6.97541818118808
"259439",-3.22046029356848,6.48134477492235
"132433",-1.19026775145837,8.78103190226832
"105616",-1.00162154179327,9.26612215569286
"294992",-0.830941637810557,5.84354092319749
"183759",0.0224578821029877,7.85576715962522
"180999",-2.4479091492257,7.90068292383119
"116570",-0.821958484969362,9.06849279318657
"181487",-2.52875752479645,7.89169977099
"105745",0.157205174720916,9.26612215569286
"85202",-1.33399819691749,9.63443142218187
"96220",-0.579413358257092,9.43680205967557
"81687",-1.65739169920052,9.69731349207023
"245899",0.157205174720916,6.73287305447581
"219327",-1.91790313159518,7.20898015505916
"26904",-2.67248797025558,10.6854603046017
"40807",-2.78926895719111,10.4339320250482
"139440",-0.750093262239801,8.65526776249159
"195467",-1.95383574295996,7.64017149143653
"302970",-0.597379663939482,5.69981047773836
"105547",-1.62145908783574,9.26612215569286
"131892",-1.58552647647096,8.79001505510952
"15161",-1.01060469463446,10.9010559727904
"36596",-0.435682912797968,10.514780400619
"107439",-2.48384176059048,9.23018954432808
"276679",-0.148222021879721,6.17591757832171
"67745",-1.89095367307159,9.9488417716237
"124563",-0.453649218480359,8.92476234772745
"15963",-2.73537004014394,10.883089667108
"277692",0.0224578821029877,6.15795127263932
"73650",-2.42095969070211,9.84104393752936
"119466",-1.59450962931215,9.0145938761394
"18731",-0.193137786085697,10.838173902902
"136835",-1.82807160318323,8.70018352669757
"108035",-1.59450962931215,9.22120639148689
"274016",-1.74722322761247,6.22083334252769
"13144",-1.27111612702912,10.9369885841552
"31093",-0.759076415080996,10.6135950818721
"175048",-2.33112816229016,8.00848075792553
"272922",-2.64553851173199,6.23879964821008
"292990",-0.95670577758729,5.87947353456227
"100972",-2.53774067763765,9.34697053126362
"279593",-0.759076415080996,6.12201866127454
"309476",-0.193137786085697,5.58302949080283
"260122",-1.54959386510617,6.47236162208115
"128904",-1.63942539351813,8.84391397215669
"289023",-0.875857402016534,5.95133875729183
"243245",-1.36094765544108,6.77778881868179
"131894",-1.56756017078857,8.79001505510952
"19111",-1.24416666850554,10.8291907500608
"260522",-2.42095969070211,6.46337846923996
"107724",0.076356799150159,9.23018954432808
"207809",-2.69943742877916,7.41559267040665
"166684",-1.56756017078857,8.16119435622585
"234946",-0.0134747292617932,6.93050241698211
"80195",-1.66637485204171,9.72426295059382
"113958",-1.96281889580115,9.11340855739255
"233756",-1.77417268613606,6.9484687226645
"13674",-0.974672083269681,10.928005431314
"311416",-0.624329122463068,5.54709687943805
"296305",-2.42994284354331,5.8165914646739
"140427",-0.812975332128167,8.6373014568092
"89679",-1.29806558555271,9.55358304661111
"133989",-0.606362816780677,8.75408244374474
"181044",-2.04366727137191,7.90068292383119
"252206",-1.22620036282315,6.61609206754028
"288980",-1.26213297418793,5.95133875729183
"290875",-2.09756618841908,5.91540614592705
"11213",-0.759076415080996,10.97292119552
"167087",-2.41197653786092,8.15221120338466
"118487",-1.45976233669422,9.03256018182179
"23115",-0.992638388952071,10.7573255273313
"136864",-1.56756017078857,8.70018352669757
"112990",-1.72925692193008,9.13137486307494
"26420",-2.55570698332004,10.6944434574429
"86193",-1.36094765544108,9.61646511649948
"325264",-1.23518351566434,5.29556859988458
"262361",0.705177498033824,6.43642901071637
"19444",-2.71740373446155,10.8202075972196
"80668",-1.8819705202304,9.71527979775263
"295517",-0.579413358257092,5.83455777035629
"51248",-2.75333634582633,10.2452858153831
"28527",-1.48671179521781,10.6585108460781
"149947",-0.121272563356135,8.46662155282649
"20421",-2.87011733276187,10.8022412915372
"109517",-1.67535800488291,9.1942569329633
"313225",-2.23231348103701,5.51116426807326
"251178",-1.53162755942378,6.63405837322267
"65742",-2.02570096568952,9.98477438298848
"291074",-0.309918773021235,5.91540614592705
"211283",-2.74435319298514,7.35271060051828
"125353",-2.28621239808418,8.90679604204506
"289964",-1.35196450259988,5.93337245160944
"285490",-1.36094765544108,6.0142208271802
"89254",-0.651278580986653,9.56256619945231
"174282",-0.282969314497649,8.02644706360793
"238749",-1.56756017078857,6.85863719425255
"151915",-0.30093562018004,8.43068894146171
"196432",-2.21434717535462,7.62220518575414
"200399",-2.29519555092538,7.55033996302458
"258883",0.714160650875019,6.49931108060474
"299337",-1.98078520148355,5.76269254762673
"106046",-1.60349278215335,9.25713900285167
"250887",0.31890192586243,6.64304152606386
"141494",-0.157205174720916,8.61933515112681
"211315",-2.45689230206689,7.35271060051828
"315896",-0.561447052574701,5.46624850386729
"13750",-0.291952467338845,10.928005431314
"258191",-1.03755415315805,6.50829423344593
"242586",-2.8162184157147,6.78677197152299
"187488",-2.19638086967223,7.78390193689565
"24672",-0.399750301433187,10.7303760688077
"22418",-2.78926895719111,10.7663086801725
"283976",-1.56756017078857,6.04117028570378
"132004",-0.579413358257092,8.79001505510952
"298415",-1.33399819691749,5.78065885330912
"240208",-1.85502106170681,6.83168773572896
"272612",-0.965688930428486,6.24778280105127
"37533",-0.947722624746095,10.4968140949366
"239975",0.516531288368725,6.84067088857016
"270200",-0.309918773021235,6.29269856525725
"114484",-1.70230746340649,9.10442540455135
"222836",-1.64840854635932,7.14609808517079
"144397",-0.866874249175338,8.56543623407964
"279241",0.54348074689231,6.13100181411573
"263602",-1.54061071226498,6.40947955219279
"185534",-1.89095367307159,7.81983454826043
"288061",-0.588396511098287,5.96930506297422
"271642",-0.750093262239801,6.26574910673366
"175119",-1.6933243105653,8.00848075792553
"246556",-2.87011733276187,6.71490674879342
"108061",-1.36094765544108,9.22120639148689
"274649",-0.52551444120992,6.21185018968649
"99236",-0.273986161656454,9.3829031426284
"264592",-1.57654332362976,6.3915132465104
"190071",-1.3160318912351,7.73898617268968
"118490",-1.43281287817064,9.03256018182179
"124475",-1.24416666850554,8.92476234772745
"106070",-1.38789711396466,9.25713900285167
"240145",-2.42095969070211,6.83168773572896
"103271",0.256019855974063,9.31103791989884
"36020",-1.14535198725239,10.5237635534602
"137388",-1.32501504407629,8.69120037385637
"20922",-2.83418472139709,10.7932581386961
"267707",-0.381783995750797,6.33761432946322
"108926",-2.51977437195526,9.2032400858045
"117866",-2.57367328900243,9.04154333466298
"269244",0.0314410349441832,6.31066487093964
"333166",-1.6843411577241,5.15183815442546
"308734",-2.39401023217853,5.59201264364402
"23103",-1.10043622304641,10.7573255273313
"329245",-1.19026775145837,5.22370337715502
"98477",-2.6275722060496,9.3918862954696
"183054",-1.84603790886562,7.86475031246641
"294569",-0.166188327562112,5.85252407603868
"283647",-0.058390493467769,6.05015343854498
"230952",-0.175171480403307,7.00236763971167
"13650",-1.19026775145837,10.928005431314
"198219",0.444666065639163,7.59525572723055
"14556",-1.98078520148355,10.9100391256316
"107989",-2.00773466000713,9.22120639148689
"42371",-2.13349879978386,10.4069825665247
"163651",-2.02570096568952,8.21509327327302
"310421",-0.633312275304263,5.56506318512044
"325672",-2.03468411853072,5.28658544704338
"228150",-3.02283093106219,7.04728340391765
"58777",-2.08858303557789,10.1105385227652
"228054",0.579413358257091,7.05626655675884
"154703",-2.04366727137191,8.37679002441454
"122899",-2.00773466000713,8.95171180625103
"83704",-1.39688026680586,9.66138088070545
"111652",-0.354834537227211,9.15832432159852
"344562",-1.99875150716594,4.94522563907797
"130890",-1.65739169920052,8.80798136079191
"306377",-1.24416666850554,5.63692840785
"73351",-0.642295428145458,9.85002709037055
"179513",-2.40299338501972,7.92763238235478
"199923",-2.10654934126028,7.55932311586577
"252200",-1.28009927987032,6.61609206754028
"194252",0.52551444120992,7.66712094996012
"261963",-2.87011733276187,6.43642901071637
"299056",-0.0404241877853786,5.77167570046793
"295966",-1.01060469463446,5.8255746175151
"199868",-2.60062274752601,7.55932311586577
"213617",0.363817690068406,7.3167779891535
"115958",-1.85502106170681,9.07747594602776
"305304",-1.95383574295996,5.65489471353239
"283655",0.0134747292617927,6.05015343854498
"220573",0.345851384386016,7.19101384937677
"123973",-1.28908243271151,8.93374550056864
"128037",-0.498564982686335,8.86188027783908
"182954",-2.74435319298514,7.86475031246641
"102702",-0.390767148591992,9.32002107274004
"62768",-1.95383574295996,10.0386733000357
"315409",-0.471615524162749,5.47523165670848
"43827",-2.4479091492257,10.3800331080011
"180009",-2.41197653786092,7.91864922951358
"14047",-2.08858303557789,10.9190222784728
"13708",-0.669244886669044,10.928005431314
"271048",-1.62145908783574,6.27473225957486
"264594",-1.55857701794737,6.3915132465104
"127333",-2.35807762081374,8.87086343068028
"163122",-2.31316185660777,8.22407642611422
"193171",-0.256019855974064,7.68508725564251
"268015",-2.07959988273669,6.32863117662203
"42083",-0.256019855974064,10.4159657193659
"240960",0.435682912797968,6.82270458288777
"252282",-0.543480746892311,6.61609206754028
"174076",-2.13349879978386,8.02644706360793
"185501",-2.18739771683104,7.81983454826043
"115976",-1.6933243105653,9.07747594602776
"37355",-2.54672383047884,10.4968140949366
"204672",0.372800842909601,7.47847474029502
"195942",-2.15146510546625,7.63118833859533
"66740",-1.98976835432474,9.96680807730609
"117485",-1.53162755942378,9.05052648750418
"212827",-2.26824609240179,7.3257611419947
"192477",-2.02570096568952,7.6940704084837
"115674",0.0583904934677686,9.08645909886896
"162177",-1.8729873673892,8.24204273179661
"122387",-2.14248195262506,8.96069495909223
"138347",-1.63942539351813,8.67323406817398
"295079",-0.049407340626574,5.84354092319749
"115638",-0.265003008815259,9.08645909886896
"66678",-2.54672383047884,9.96680807730609
"78197",-1.75620638045366,9.7601955619586
"187689",-0.390767148591992,7.78390193689565
"109937",-2.36706077365494,9.18527378012211
"182504",-2.32214500944896,7.87373346530761
"120972",-1.45976233669422,8.98764441761581
"25697",-0.121272563356135,10.7124097631253
"318862",-0.705177498033824,5.41234958682012
"199906",-2.2592629395606,7.55932311586577
"248213",-1.37891396112347,6.68795729026984
"205859",-2.35807762081374,7.45152528177143
"183980",-2.45689230206689,7.84678400678402
"86133",-1.89993682591279,9.61646511649948
"229038",0.489581829845139,7.03830025107645
"51867",-1.65739169920052,10.2363026625419
"124147",0.273986161656454,8.93374550056864
"306012",-0.058390493467769,5.64591156069119
"180088",-1.70230746340649,7.91864922951358
"311893",-0.803992179286972,5.53811372659685
"163132",-2.22333032819582,8.22407642611422
"60259",-2.16943141114864,10.0835890642416
"234494",0.390767148591992,6.9394855698233
"111477",-1.92688628443637,9.15832432159852
"230518",0.390767148591992,7.01135079255287
"245747",-1.20823405714076,6.73287305447581
"308943",-0.516531288368725,5.59201264364402
"192444",-2.32214500944896,7.6940704084837
"13204",-0.73212695655741,10.9369885841552
"217231",-2.88808363844426,7.24491276642394
"103555",-1.65739169920052,9.30205476705765
"165610",-2.28621239808418,8.17916066190824
"201094",-0.516531288368725,7.54135681018338
"27578",-1.08246991736402,10.6764771517605
"34387",-2.42095969070211,10.5507130119838
"210665",0.633312275304263,7.37067690620067
"39002",-1.14535198725239,10.469864636413
"186563",-1.57654332362976,7.80186824257804
"104197",-0.354834537227211,9.29307161421645
"117438",-1.95383574295996,9.05052648750418
"235990",0.435682912797968,6.91253611129972
"288000",-1.13636883441119,5.96930506297422
"109480",-2.00773466000713,9.1942569329633
"304942",-0.741110109398605,5.66387786637358
"6312",-0.139238869038526,11.0627527239319
"106279",0.489581829845139,9.25713900285167
"327143",-2.21434717535462,5.2596359885198
"145282",-1.84603790886562,8.54746992839725
"145747",-2.13349879978386,8.53848677555605
"207083",-0.291952467338845,7.43355897608904
"250144",-1.89095367307159,6.65202467890506
"237667",-2.35807762081374,6.87660349993494
"202839",-2.69943742877916,7.5054241988186
"201851",-2.64553851173199,7.52339050450099
"135328",-1.97180204864235,8.72713298522115
"47018",-0.570430205415896,10.3261341909539
"137374",-1.45077918385303,8.69120037385637
"289603",-0.130255716197331,5.94235560445063
"108526",-1.64840854635932,9.21222323864569
"122439",-1.67535800488291,8.96069495909223
"160134",-2.36706077365494,8.27797534316139
"242249",-1.37891396112347,6.79575512436418
"129606",0.202120938926892,8.83493081931549
"217323",-2.0616335770543,7.24491276642394
"27602",-0.866874249175338,10.6764771517605
"104546",-1.6843411577241,9.28408846137526
"19924",-2.87011733276187,10.8112244443784
"298501",-0.561447052574701,5.78065885330912
"266312",0.480598677003944,6.36456378798681
"216285",-2.45689230206689,7.26287907210633
"72166",-2.35807762081374,9.86799339605294
"93597",-1.81908845034203,9.48171782388155
"218305",-2.16943141114864,7.22694646074155
"268197",-0.444666065639163,6.32863117662203
"280902",-2.39401023217853,6.09506920275095
"116517",-1.29806558555271,9.06849279318657
"235110",-3.0048646253798,6.92151926414091
"238368",-0.52551444120992,6.86762034709374
"121901",-2.04366727137191,8.96967811193342
"299559",0.0134747292617927,5.76269254762673
"36822",-2.87011733276187,10.5057972477778
"276703",0.067373646308964,6.17591757832171
"89116",-1.89095367307159,9.56256619945231
"112625",-0.543480746892311,9.14035801591613
"264455",-2.80723526287351,6.3915132465104
"212863",-1.94485259011876,7.3257611419947
"265055",-1.8819705202304,6.3825300936692
"318683",-2.31316185660777,5.41234958682012
"19685",-0.552463899733506,10.8202075972196
"29431",-2.29519555092538,10.6405445403957
"244242",-1.33399819691749,6.7598225129994
"173532",-2.55570698332004,8.03543021644912
"101736",-0.139238869038526,9.33798737842243
"49318",-2.23231348103701,10.2812184267479
"274927",-2.49282491343167,6.2028670368453
"197360",-2.80723526287351,7.60423888007175
"268904",-3.02283093106219,6.31066487093964
"102035",-1.91790313159518,9.32900422558123
"180552",-1.99875150716594,7.90966607667239
"307900",-0.95670577758729,5.60997894932641
"244915",0.247036703132868,6.7508393601582
"242199",-1.82807160318323,6.79575512436418
"275905",-2.6365553588908,6.18490073116291
"54856",-1.59450962931215,10.1824037454948
"181080",-1.72027376908888,7.90068292383119
"67157",-2.70842058162036,9.9578249244649
"249887",0.265003008815259,6.66100783174625
"32526",-1.28009927987032,10.5866456233486
"31591",-0.750093262239801,10.604611929031
"16666",-0.884840554857729,10.8741065142668
"243135",-2.34909446797255,6.77778881868179
"109550",-1.37891396112347,9.1942569329633
"234943",-0.0404241877853786,6.93050241698211
"185512",-2.08858303557789,7.81983454826043
"100543",-1.92688628443637,9.35595368410482
"14157",-1.10043622304641,10.9190222784728
"185677",-0.606362816780677,7.81983454826043
"275567",-1.20823405714076,6.1938838840041
"278585",-0.884840554857729,6.13998496695693
"276376",-2.87011733276187,6.17591757832171
"118965",-1.63044224067693,9.02357702898059
"304013",-0.157205174720916,5.68184417205597
"339031",-2.57367328900243,5.04404032033111
"314393",-0.669244886669044,5.49319796239087
"33060",-0.947722624746095,10.5776624705074
"88686",-1.28908243271151,9.5715493522935
"16673",-0.821958484969362,10.8741065142668
"100051",-1.8819705202304,9.36493683694601
"224569",0.52551444120992,7.11914862664721
"271973",-2.24129663387821,6.25676595389247
"321181",-2.19638086967223,5.36743382261414
"183775",0.166188327562111,7.85576715962522
"106692",-0.265003008815259,9.24815585001047
"257151",-1.45077918385303,6.52626053912832
"171624",-1.83705475602442,8.0713628278139
"150451",-0.058390493467769,8.4576383999853
"138304",-2.02570096568952,8.67323406817398
"32152",-0.175171480403307,10.5956287761898
"40609",-0.103306257673745,10.4429151778894
"264266",-0.0404241877853786,6.40049639935159
"173789",-0.247036703132868,8.03543021644912
"314826",-1.24416666850554,5.48421480954968
"98544",-2.02570096568952,9.3918862954696
"149222",-2.16943141114864,8.47560470566768
"166093",-2.41197653786092,8.17017750906705
"110626",-0.642295428145458,9.17629062728091
"31357",-2.85215102707948,10.604611929031
"313901",-0.624329122463068,5.50218111523207
"47291",-2.58265644184362,10.3171510381127
"85691",-1.40586341964705,9.62544826934067
"45286",-2.73537004014394,10.3530836494775
"126400",-1.81010529750084,8.88882973636267
"94112",-1.65739169920052,9.47273467104035
"303502",-0.282969314497649,5.69082732489717
"273731",0.157205174720916,6.22981649536888
"46008",-0.71416065087502,10.3441004966363
"79205",-1.63044224067693,9.74222925627621
"206841",-2.46587545490809,7.43355897608904
"257271",-0.372800842909601,6.52626053912832
"34893",-2.34011131513135,10.5417298591426
"147314",-1.45077918385303,8.51153731703247
"325191",-1.89095367307159,5.29556859988458
"105041",-1.70230746340649,9.27510530853406
"218760",-2.54672383047884,7.21796330790036
"248613",-2.2502797867194,6.67897413742864
"130410",-1.5046781009002,8.8169645136331
"335595",-2.18739771683104,5.10692239021948
"74635",-2.50180806627287,9.82307763184697
"49907",-1.40586341964705,10.2722352739067
"245225",-1.43281287817064,6.74185620731701
"134779",-2.4389259963845,8.73611613806235
"192748",0.408733454274382,7.6940704084837
"12738",-0.453649218480359,10.9459717369964
"312800",-1.58552647647096,5.52014742091446
"98585",-1.65739169920052,9.3918862954696
"135341",-1.85502106170681,8.72713298522115
"186944",-2.61858905320841,7.79288508973685
"286602",-0.30093562018004,5.99625452149781
"78870",-0.175171480403307,9.75121240911741
"274677",-0.273986161656454,6.21185018968649
"230173",-2.70842058162036,7.01135079255287
"107447",-2.41197653786092,9.23018954432808
"35343",-2.76231949866753,10.5327467063014
"272575",-1.29806558555271,6.24778280105127
"94110",-1.67535800488291,9.47273467104035
"117426",-2.0616335770543,9.05052648750418
"307935",-0.642295428145458,5.60997894932641
"19185",-0.579413358257092,10.8291907500608
"324296",-1.00162154179327,5.31353490556697
"112203",0.13025571619733,9.14934116875733
"101697",-0.48958182984514,9.33798737842243
"345039",-2.17841456398984,4.93624248623677
"292480",-1.07348676452283,5.88845668740346
"303475",-0.52551444120992,5.69082732489717
"84064",-2.6275722060496,9.65239772786426
"268924",-2.84316787423829,6.31066487093964
"79588",-2.65452166457319,9.73324610343502
"228737",-2.21434717535462,7.03830025107645
"110062",-1.24416666850554,9.18527378012211
"258946",-3.1845276822037,6.49032792776354
"232818",-1.27111612702912,6.96643502834689
"187460",-2.4479091492257,7.78390193689565
"17172",-0.803992179286972,10.8651233614256
"305027",0.0224578821029877,5.66387786637358
"29867",-2.84316787423829,10.6315613875545
"290894",-1.92688628443637,5.91540614592705
"20188",-0.498564982686335,10.8112244443784
"140302",-1.93586943727757,8.6373014568092
"119071",-0.678228039510239,9.02357702898059
"191642",-0.597379663939482,7.71203671416609
"185562",-1.63942539351813,7.81983454826043
"47767",-2.77130265150872,10.3081678852715
"125653",0.408733454274382,8.90679604204506
"180034",-2.18739771683104,7.91864922951358
"139270",-2.27722924524299,8.65526776249159
"250532",-2.87011733276187,6.64304152606386
"319285",-1.36993080828227,5.40336643397892
"179004",-2.51079121911406,7.93661553519597
"272914",-2.71740373446155,6.23879964821008
"295612",0.273986161656454,5.83455777035629
"168121",-2.05265042421311,8.13424489770227
"99324",0.516531288368725,9.3829031426284
"224819",-1.6933243105653,7.11016547380601
"188940",-2.54672383047884,7.75695247837207
"41805",-2.75333634582633,10.4159657193659
"91700",-1.00162154179327,9.51765043524633
"254133",-1.77417268613606,6.58015945617549
"126396",-1.84603790886562,8.88882973636267
"11740",-0.48958182984514,10.9639380426788
"257162",-1.35196450259988,6.52626053912832
"235693",-2.23231348103701,6.91253611129972
"159683",-1.95383574295996,8.28695849600259
"11758",-0.327885078703626,10.9639380426788
"140770",-2.19638086967223,8.628318303968
"183564",-1.72925692193008,7.85576715962522
"60263",-2.13349879978386,10.0835890642416
"114459",-1.92688628443637,9.10442540455135
"265734",-0.247036703132868,6.373546940828
"42535",-0.660261733827848,10.4069825665247
"135300",-2.22333032819582,8.72713298522115
"271376",-3.13961191799773,6.26574910673366
"163614",-2.35807762081374,8.21509327327302
"284607",-0.363817690068406,6.03218713286259
"156173",-2.23231348103701,8.34984056589095
"29916",-2.40299338501972,10.6315613875545
"101564",-1.6843411577241,9.33798737842243
"166645",-1.91790313159518,8.16119435622585
"259336",0.31890192586243,6.49032792776354
"283331",-2.89706679128546,6.05015343854498
"291780",-2.89706679128546,5.89743984024466
"87791",-0.399750301433187,9.58951565797589
"88672",-1.41484657248825,9.5715493522935
"142491",-0.130255716197331,8.60136884544442
"266666",-0.803992179286972,6.35558063514561
"72781",-1.29806558555271,9.85901024321175
"193911",-2.53774067763765,7.66712094996012
"102708",-0.336868231544821,9.32002107274004
"289012",-0.974672083269681,5.95133875729183
"244128",-2.35807762081374,6.7598225129994
"36386",-2.32214500944896,10.514780400619
"266571",-1.65739169920052,6.35558063514561
"146220",-2.34909446797255,8.52950362271486
"25123",-0.812975332128167,10.7213929159665
"164118",-2.29519555092538,8.20611012043183
"10513",-2.58265644184362,10.9819043483611
"336040",-2.65452166457319,5.09793923737828
"106030",-1.74722322761247,9.25713900285167
"84261",-0.857891096334143,9.65239772786426
"248871",0.067373646308964,6.67897413742864
"255752",-0.624329122463068,6.55320999765191
"279981",-1.73824007477127,6.11303550843334
"249767",-0.812975332128167,6.66100783174625
"135536",-0.103306257673745,8.72713298522115
"273080",-1.22620036282315,6.23879964821008
"243460",0.570430205415896,6.77778881868179
"45812",-2.47485860774928,10.3441004966363
"104965",-2.38502707933733,9.27510530853406
"115397",-2.42994284354331,9.08645909886896
"92120",-1.6933243105653,9.50866728240513
"199425",-2.11553249410147,7.56830626870697
"222803",-1.94485259011876,7.14609808517079
"225248",-2.30417870376657,7.10118232096482
"98615",-1.38789711396466,9.3918862954696
"110483",-1.92688628443637,9.17629062728091
"207299",-2.8162184157147,7.42457582324785
"28396",-2.66350481741438,10.6585108460781
"184195",-0.52551444120992,7.84678400678402
"215635",0.633312275304263,7.28084537778872
"280579",-0.830941637810557,6.10405235559215
"275626",-0.678228039510239,6.1938838840041
"15191",-0.741110109398605,10.9010559727904
"107513",-1.81908845034203,9.23018954432808
"19018",-2.07959988273669,10.8291907500608
"150346",-1.00162154179327,8.4576383999853
"164592",-2.50180806627287,8.19712696759063
"247719",-1.35196450259988,6.69694044311103
"230533",0.52551444120992,7.01135079255287
"127626",0.273986161656454,8.87086343068028
"115128",-0.381783995750797,9.09544225171016
"47428",-1.35196450259988,10.3171510381127
"288043",-0.750093262239801,5.96930506297422
"40506",-1.02857100031685,10.4429151778894
"225548",0.390767148591992,7.10118232096482
"126808",-2.60960590036721,8.87984658352147
"204094",-0.354834537227211,7.48745789313621
"35039",-1.02857100031685,10.5417298591426
"228043",0.480598677003944,7.05626655675884
"22123",-0.974672083269681,10.7752918330137
"261127",-1.45077918385303,6.45439531639876
"178273",-0.148222021879721,7.95458184087836
"118040",-1.01060469463446,9.04154333466298
"178065",-2.01671781284833,7.95458184087836
"286059",-0.71416065087502,6.005237674339
"273394",-2.87011733276187,6.22981649536888
"171639",-1.70230746340649,8.0713628278139
"303397",-1.22620036282315,5.69082732489717
"14627",-1.34298134975868,10.9100391256316
"165679",-1.66637485204171,8.17916066190824
"13482",-2.69943742877916,10.928005431314
"212800",-2.51079121911406,7.3257611419947
"188975",-2.23231348103701,7.75695247837207
"287453",-1.58552647647096,5.97828821581542
"338058",-2.38502707933733,5.0620066260135
"118612",-0.336868231544821,9.03256018182179
"22148",-0.750093262239801,10.7752918330137
"257032",-2.51977437195526,6.52626053912832
"11666",-1.15433514009359,10.9639380426788
"226763",-2.08858303557789,7.07423286244123
"321850",-0.651278580986653,5.35845066977295
"24092",-1.14535198725239,10.7393592216489
"110920",-2.46587545490809,9.16730747443972
"290086",-0.256019855974064,5.93337245160944
"165588",-2.48384176059048,8.17916066190824
"19135",-1.02857100031685,10.8291907500608
"279732",0.489581829845139,6.12201866127454
"282515",-1.29806558555271,6.06811974422737
"104083",-1.37891396112347,9.29307161421645
"267052",-1.80112214465964,6.34659748230442
"55759",-2.41197653786092,10.1644374398124
"185443",-2.70842058162036,7.81983454826043
"321195",-2.0706167298955,5.36743382261414
"215576",0.103306257673745,7.28084537778872
"94032",-2.37604392649613,9.47273467104035
"187473",-2.33112816229016,7.78390193689565
"258745",-0.52551444120992,6.49931108060474
"15707",-0.570430205415896,10.8920728199492
"254168",-1.45976233669422,6.58015945617549
"109754",0.453649218480358,9.1942569329633
"106028",-1.76518953329486,9.25713900285167
"257515",-2.64553851173199,6.51727738628713
"229959",-0.166188327562112,7.02033394539406
"119631",-0.11228941051494,9.0145938761394
"37480",-1.42382972532944,10.4968140949366
"123588",-0.282969314497649,8.94272865340984
"170594",-2.16044825830745,8.08932913349629
"279217",0.327885078703625,6.13100181411573
"309256",-2.16943141114864,5.58302949080283
"8313",-0.0224578821029882,11.0268201125671
"101507",-2.19638086967223,9.33798737842243
"202382",-2.34011131513135,7.5144073516598
"189220",-0.0314410349441836,7.75695247837207
"260808",0.148222021879721,6.46337846923996
"115652",-0.139238869038526,9.08645909886896
"161363",-0.256019855974064,8.260009037479
"296529",-0.417716607115578,5.8165914646739
"291587",-0.166188327562112,5.90642299308585
"272234",0.103306257673745,6.25676595389247
"122435",-1.71129061624769,8.96069495909223
"267774",0.220087244609283,6.33761432946322
"242316",-0.777042720763386,6.79575512436418
"201895",-2.2502797867194,7.52339050450099
"9003",-2.75333634582633,11.0088538068847
"259331",0.273986161656454,6.49032792776354
"199853",-2.73537004014394,7.55932311586577
"159138",-2.38502707933733,8.29594164884378
"169668",-1.54959386510617,8.10729543917868
"14249",-0.273986161656454,10.9190222784728
"213092",0.11228941051494,7.3257611419947
"20478",-2.35807762081374,10.8022412915372
"58378",-1.20823405714076,10.1195216756064
"105047",-1.64840854635932,9.27510530853406
"291134",0.229070397450478,5.91540614592705
"216023",-0.345851384386016,7.27186222494753
"121450",-1.63044224067693,8.97866126477462
"6820",-0.0404241877853786,11.0537695710907
"142273",-2.08858303557789,8.60136884544442
"113010",-1.54959386510617,9.13137486307494
"311886",-0.866874249175338,5.53811372659685
"320352",-0.71416065087502,5.38540012829653
"145763",-1.98976835432474,8.53848677555605
"264038",-2.08858303557789,6.40049639935159
"242464",0.552463899733505,6.79575512436418
"177732",-0.543480746892311,7.96356499371956
"110027",-1.55857701794737,9.18527378012211
"211767",-2.86113417992068,7.34372744767709
"283341",-2.80723526287351,6.05015343854498
"40815",-2.71740373446155,10.4339320250482
"265117",-1.32501504407629,6.3825300936692
"45975",-1.01060469463446,10.3441004966363
"327160",-2.0616335770543,5.2596359885198
"128814",-2.4479091492257,8.84391397215669
"158212",-1.77417268613606,8.31390795452617
"239969",0.462632371321554,6.84067088857016
"81409",0.309918773021235,9.70629664491143
"22444",-2.55570698332004,10.7663086801725
"182586",-1.58552647647096,7.87373346530761
"197928",-2.16943141114864,7.59525572723055
"21143",-0.848907943492948,10.7932581386961
"270438",-2.6365553588908,6.28371541241605
"115474",-1.73824007477127,9.08645909886896
"17155",-0.95670577758729,10.8651233614256
"294072",-0.166188327562112,5.86150722887988
"159657",-2.18739771683104,8.28695849600259
"150229",-2.05265042421311,8.4576383999853
"129026",-0.543480746892311,8.84391397215669
"126437",-1.47772864237661,8.88882973636267
"19126",-1.10941937588761,10.8291907500608
"24622",-0.848907943492948,10.7303760688077
"267930",-2.84316787423829,6.32863117662203
"300498",-0.480598677003944,5.74472624194434
"265257",-0.0673736463089645,6.3825300936692
"234493",0.381783995750796,6.9394855698233
"228037",0.426699759956773,7.05626655675884
"263065",-1.89993682591279,6.41846270503398
"266140",-1.06450361168163,6.36456378798681
"186034",-1.86400421454801,7.81085139541924
"287141",0.076356799150159,5.98727136865661
"96643",-1.24416666850554,9.42781890683438
"42502",-0.95670577758729,10.4069825665247
"250986",-3.25639290493327,6.63405837322267
"111428",-2.36706077365494,9.15832432159852
"230463",-0.103306257673745,7.01135079255287
"85169",-1.63044224067693,9.63443142218187
"259678",-1.07348676452283,6.48134477492235
"308222",-2.52875752479645,5.60099579648522
"300066",0.103306257673745,5.75370939478554
"179043",-2.16044825830745,7.93661553519597
"281499",-1.495694948059,6.08608604990976
"246684",-1.72027376908888,6.71490674879342
"33584",-0.705177498033824,10.5686793176662
"226950",-0.408733454274382,7.07423286244123
"66768",-1.73824007477127,9.96680807730609
"129957",-1.10941937588761,8.8259476664743
"312816",-1.44179603101183,5.52014742091446
"76366",-0.345851384386016,9.79612817332338
"265290",0.229070397450478,6.3825300936692
"310416",-0.678228039510239,5.56506318512044
"317867",-0.71416065087502,5.43031589250251
"111530",-1.45077918385303,9.15832432159852
"224294",-1.94485259011876,7.11914862664721
"193164",-0.31890192586243,7.68508725564251
"61358",-1.22620036282315,10.0656227585592
"102608",-1.23518351566434,9.32002107274004
"251122",-2.03468411853072,6.63405837322267
"326719",-1.55857701794737,5.26861914136099
"98614",-1.39688026680586,9.3918862954696
"248164",-1.81908845034203,6.68795729026984
"11038",-2.33112816229016,10.97292119552
"45339",-2.2592629395606,10.3530836494775
"18446",-2.75333634582633,10.838173902902
"235400",-0.399750301433187,6.92151926414091
"268243",-0.0314410349441836,6.32863117662203
"185996",-2.20536402251343,7.81085139541924
"6815",-0.0853399519913549,11.0537695710907
"12160",-1.18128459861717,10.9549548898376
"259530",-2.40299338501972,6.48134477492235
"116549",-1.01060469463446,9.06849279318657
"84719",-1.20823405714076,9.64341457502306
"334132",-1.93586943727757,5.13387184874307
"127370",-2.02570096568952,8.87086343068028
"139810",-1.89095367307159,8.64628460965039
"87664",-1.54061071226498,9.58951565797589
"307490",-0.175171480403307,5.61896210216761
"129883",-1.77417268613606,8.8259476664743
"145821",-1.46874548953542,8.53848677555605
"296842",-2.0706167298955,5.80760831183271
"197205",0.265003008815259,7.61322203291294
"141836",-1.54959386510617,8.61035199828561
"15994",-2.45689230206689,10.883089667108
"23926",-2.6365553588908,10.7393592216489
"312404",-0.678228039510239,5.52913057375565
"124925",-1.66637485204171,8.91577919488625
"74727",-1.67535800488291,9.82307763184697
"77821",-0.669244886669044,9.7691787147998
"134874",-1.58552647647096,8.73611613806235
"288981",-1.25314982134673,5.95133875729183
"99679",-0.759076415080996,9.37391998978721
"140445",-0.651278580986653,8.6373014568092
"109030",-1.58552647647096,9.2032400858045
"15018",-2.29519555092538,10.9010559727904
"346026",-2.24129663387821,4.91827618055438
"262456",-2.90604994412665,6.42744585787518
"220832",-1.79213899181845,7.18203069653558
"120093",-0.426699759956773,9.0056107232982
"150230",-2.04366727137191,8.4576383999853
"258661",-1.28009927987032,6.49931108060474
"255088",-2.12451564694267,6.5621931504931
"112021",-1.5046781009002,9.14934116875733
"127832",-2.34011131513135,8.86188027783908
"169274",-0.624329122463068,8.11627859201988
"129032",-0.48958182984514,8.84391397215669
"90752",-0.588396511098287,9.53561674092872
"124908",-1.81908845034203,8.91577919488625
"323648",-2.35807762081374,5.32251805840817
"119950",-1.71129061624769,9.0056107232982
"242208",-1.74722322761247,6.79575512436418
"19122",-1.14535198725239,10.8291907500608
"177542",-2.2502797867194,7.96356499371956
"195661",-0.211104091768088,7.64017149143653
"10009",-2.64553851173199,10.9908875012023
"121851",-2.49282491343167,8.96967811193342
"285809",-2.95994886117382,6.005237674339
"93255",-0.426699759956773,9.49070097672275
"99476",-2.58265644184362,9.37391998978721
"82869",0.0314410349441832,9.67934718638784
"90589",-2.05265042421311,9.53561674092872
"280164",-0.0943231048325499,6.11303550843334
"138854",-1.54959386510617,8.66425091533278
"8527",-2.56469013616123,11.0178369597259
"282364",-2.65452166457319,6.06811974422737
"86376",0.282969314497649,9.61646511649948
"238754",-1.52264440658259,6.85863719425255
"163629",-2.22333032819582,8.21509327327302
"279643",-0.309918773021235,6.12201866127454
"34994",-1.43281287817064,10.5417298591426
"242662",-2.13349879978386,6.78677197152299
"228211",-2.47485860774928,7.04728340391765
"325688",-1.89095367307159,5.28658544704338
"124346",-2.40299338501972,8.92476234772745
"31389",-2.56469013616123,10.604611929031
"277634",-0.498564982686335,6.15795127263932
"80406",0.229070397450478,9.72426295059382
"105583",-1.29806558555271,9.26612215569286
"197859",-2.78926895719111,7.59525572723055
"247733",-1.22620036282315,6.69694044311103
"281349",-2.84316787423829,6.08608604990976
"307445",-0.579413358257092,5.61896210216761
"20606",-1.20823405714076,10.8022412915372
"160360",-0.336868231544821,8.27797534316139
"282923",-2.09756618841908,6.05913659138617
"257664",-1.3070487383939,6.51727738628713
"277970",-1.94485259011876,6.14896811979813
"85741",-0.95670577758729,9.62544826934067
"125408",-1.79213899181845,8.90679604204506
"62235",-2.27722924524299,10.0476564528768
"219583",0.381783995750796,7.20898015505916
"116935",-2.00773466000713,9.05950964034538
"295550",-0.282969314497649,5.83455777035629
"145768",-1.94485259011876,8.53848677555605
"291941",-1.45077918385303,5.89743984024466
"313803",-1.5046781009002,5.50218111523207
"111006",-1.6933243105653,9.16730747443972
"289521",-0.866874249175338,5.94235560445063
"284931",-1.91790313159518,6.02320398002139
"287513",-1.04653730599924,5.97828821581542
"20109",-1.20823405714076,10.8112244443784
"51294",-2.34011131513135,10.2452858153831
"318242",-1.81010529750084,5.42133273966131
"251028",-2.87910048560307,6.63405837322267
"165593",-2.4389259963845,8.17916066190824
"274761",0.480598677003944,6.21185018968649
"146344",-1.23518351566434,8.52950362271486
"25427",-2.54672383047884,10.7124097631253
"224323",-1.6843411577241,7.11914862664721
"218783",-2.34011131513135,7.21796330790036
"315899",-0.534497594051115,5.46624850386729
"305487",-0.309918773021235,5.65489471353239
"169151",-1.72925692193008,8.11627859201988
"274696",-0.103306257673745,6.21185018968649
"124547",-0.597379663939482,8.92476234772745
"198086",-0.750093262239801,7.59525572723055
"97739",-0.327885078703626,9.40985260115199
"253893",0.534497594051115,6.58914260901669
"334158",-1.70230746340649,5.13387184874307
"125905",-1.79213899181845,8.89781288920386
"201365",-2.54672383047884,7.53237365734219
"229703",-2.46587545490809,7.02033394539406
"22117",-1.02857100031685,10.7752918330137
"287822",-2.73537004014394,5.96930506297422
"246642",-2.09756618841908,6.71490674879342
"275569",-1.19026775145837,6.1938838840041
"96016",-2.41197653786092,9.43680205967557
"148761",-1.84603790886562,8.48458785850888
"316391",-0.579413358257092,5.45726535102609
"41947",-1.47772864237661,10.4159657193659
"102591",-1.38789711396466,9.32002107274004
"151209",-2.17841456398984,8.4396720943029
"125836",-2.41197653786092,8.89781288920386
"97668",-0.965688930428486,9.40985260115199
"273518",-1.75620638045366,6.22981649536888
"262602",-1.59450962931215,6.42744585787518
"299920",-1.20823405714076,5.75370939478554
"124395",-1.96281889580115,8.92476234772745
"311899",-0.750093262239801,5.53811372659685
"20447",-2.6365553588908,10.8022412915372
"81838",-0.30093562018004,9.69731349207023
"213322",-2.28621239808418,7.3167779891535
"273011",-1.84603790886562,6.23879964821008
"189712",-0.0763567991501595,7.74796932553087
"14668",-0.974672083269681,10.9100391256316
"93619",-1.62145908783574,9.48171782388155
"106050",-1.56756017078857,9.25713900285167
"326747",-1.3070487383939,5.26861914136099
"298523",-0.363817690068406,5.78065885330912
"308914",-0.777042720763386,5.59201264364402
"239252",-1.51366125374139,6.84965404141135
"124415",-1.78315583897725,8.92476234772745
"139979",-0.372800842909601,8.64628460965039
"216746",-2.78028580434992,7.25389591926514
"295358",-2.00773466000713,5.83455777035629
"318851",-0.803992179286972,5.41234958682012
"274208",-0.0224578821029882,6.22083334252769
"217788",-2.34909446797255,7.23592961358275
"8307",-0.0763567991501595,11.0268201125671
"120902",-2.08858303557789,8.98764441761581
"130910",-1.47772864237661,8.80798136079191
"270994",-2.10654934126028,6.27473225957486
"244640",-2.22333032819582,6.7508393601582
"34043",-1.04653730599924,10.559696164825
"256616",-1.79213899181845,6.53524369196952
"131900",-1.51366125374139,8.79001505510952
"263495",-2.50180806627287,6.40947955219279
"95786",-0.0134747292617932,9.44578521251677
"296892",-1.62145908783574,5.80760831183271
"191408",-2.69943742877916,7.71203671416609
"283007",-1.34298134975868,6.05913659138617
"168141",-1.8729873673892,8.13424489770227
"237679",-2.2502797867194,6.87660349993494
"207304",-2.77130265150872,7.42457582324785
"335585",-2.27722924524299,5.10692239021948
"15200",-0.660261733827848,10.9010559727904
"177062",-2.09756618841908,7.97254814656075
"214278",-2.6275722060496,7.29881168347111
"140545",0.247036703132868,8.6373014568092
"156691",-2.04366727137191,8.34085741304976
"187697",-0.31890192586243,7.78390193689565
"217274",-2.50180806627287,7.24491276642394
"230968",-0.0314410349441836,7.00236763971167
"96583",-1.78315583897725,9.42781890683438
"186433",-2.74435319298514,7.80186824257804
"18482",-2.42994284354331,10.838173902902
"194506",-1.65739169920052,7.65813779711892
"167170",-1.66637485204171,8.15221120338466
"102588",-1.41484657248825,9.32002107274004
"100116",-1.29806558555271,9.36493683694601
"99556",-1.86400421454801,9.37391998978721
"168153",-1.76518953329486,8.13424489770227
"89298",-0.256019855974064,9.56256619945231
"284095",-0.498564982686335,6.04117028570378
"156700",-1.96281889580115,8.34085741304976
"16127",-1.26213297418793,10.883089667108
"100613",-1.29806558555271,9.35595368410482
"111558",-1.19925090429956,9.15832432159852
"239149",-2.4389259963845,6.84965404141135
"36509",-1.21721720998195,10.514780400619
"224303",-1.86400421454801,7.11914862664721
"240741",-1.53162755942378,6.82270458288777
"125916",-1.6933243105653,8.89781288920386
"74836",-0.696194345192629,9.82307763184697
"44848",-2.20536402251343,10.3620668023187
"303512",-0.193137786085697,5.69082732489717
"15689",-0.73212695655741,10.8920728199492
"309840",-1.38789711396466,5.57404633796163
"233421",-0.31890192586243,6.95745187550569
"296992",-0.723143803716215,5.80760831183271
"259170",-1.17230144577598,6.49032792776354
"222026",0.00449157642059728,7.16406439085318
"287170",0.336868231544821,5.98727136865661
"15520",-2.2502797867194,10.8920728199492
"190946",-2.38502707933733,7.72101986700729
"114489",-1.65739169920052,9.10442540455135
"212566",-0.148222021879721,7.33474429483589
"239647",-2.42994284354331,6.84067088857016
"16630",-1.20823405714076,10.8741065142668
"69227",-1.97180204864235,9.92189231310012
"117611",-0.399750301433187,9.05052648750418
"308371",-1.19026775145837,5.60099579648522
"284975",-1.52264440658259,6.02320398002139
"133835",-1.98976835432474,8.75408244374474
"115980",-1.65739169920052,9.07747594602776
"116384",-2.49282491343167,9.06849279318657
"280909",-2.33112816229016,6.09506920275095
"212754",-2.92401624980904,7.3257611419947
"272132",-0.812975332128167,6.25676595389247
"255281",-0.390767148591992,6.5621931504931
"259032",-2.41197653786092,6.49032792776354
"291529",-0.687211192351434,5.90642299308585
"267561",-1.6933243105653,6.33761432946322
"277951",-2.11553249410147,6.14896811979813
"16163",-0.9387394719049,10.883089667108
"194427",-2.36706077365494,7.65813779711892
"271931",-2.61858905320841,6.25676595389247
"17145",-1.04653730599924,10.8651233614256
"239669",-2.23231348103701,6.84067088857016
"190498",-1.94485259011876,7.73000301984848
"124638",0.220087244609283,8.92476234772745
"166092",-2.42095969070211,8.17017750906705
"230805",-1.495694948059,7.00236763971167
"136850",-1.6933243105653,8.70018352669757
"241729",-1.58552647647096,6.80473827720538
"205865",-2.30417870376657,7.45152528177143
"9535",-2.4389259963845,10.9998706540435
"37339",-2.69045427593797,10.4968140949366
"232269",-1.73824007477127,6.97541818118808
"128924",-1.45976233669422,8.84391397215669
"90049",-2.4389259963845,9.54459989376992
"135369",-1.60349278215335,8.72713298522115
"86038",-2.75333634582633,9.61646511649948
"274053",-1.41484657248825,6.22083334252769
"239623",-2.64553851173199,6.84067088857016
"123995",-1.09145307020522,8.93374550056864
"124569",-0.399750301433187,8.92476234772745
"213792",-2.52875752479645,7.30779483631231
"130411",-1.495694948059,8.8169645136331
"19106",-1.28908243271151,10.8291907500608
"194402",-2.59163959468482,7.65813779711892
"120596",-0.372800842909601,8.99662757045701
"79211",-1.57654332362976,9.74222925627621
"25445",-2.38502707933733,10.7124097631253
"211868",-1.95383574295996,7.34372744767709
"244425",0.309918773021235,6.7598225129994
"216255",-2.72638688730275,7.26287907210633
"211089",-0.0224578821029882,7.36169375335948
"103519",-1.98078520148355,9.30205476705765
"107551",-1.47772864237661,9.23018954432808
"209320",-2.51977437195526,7.38864321188306
"200174",0.148222021879721,7.55932311586577
"232772",-1.6843411577241,6.96643502834689
"103093",-1.34298134975868,9.31103791989884
"220024",-0.121272563356135,7.19999700221797
"104095",-1.27111612702912,9.29307161421645
"21616",-1.06450361168163,10.7842749858549
"266498",-2.31316185660777,6.35558063514561
"126589",-0.11228941051494,8.88882973636267
"247573",-2.66350481741438,6.69694044311103
"193472",-2.01671781284833,7.67610410280131
"260158",-1.22620036282315,6.47236162208115
"99609",-1.38789711396466,9.37391998978721
"284135",-0.139238869038526,6.04117028570378
"182462",-2.69943742877916,7.87373346530761
"327677",-1.8819705202304,5.2506528356786
"118529",-1.08246991736402,9.03256018182179
"17603",-1.39688026680586,10.8561402085844
"319307",-1.17230144577598,5.40336643397892
"40820",-2.67248797025558,10.4339320250482
"272949",-2.40299338501972,6.23879964821008
"282400",-2.33112816229016,6.06811974422737
"301555",0.0853399519913545,5.72675993626195
"115087",-0.750093262239801,9.09544225171016
"111505",-1.67535800488291,9.15832432159852
"97150",-1.15433514009359,9.41883575399318
"274196",-0.130255716197331,6.22083334252769
"29106",-0.750093262239801,10.6495276932369
"15613",-1.41484657248825,10.8920728199492
"85567",-2.51977437195526,9.62544826934067
"19595",-1.36094765544108,10.8202075972196
"242881",-0.166188327562112,6.78677197152299
"113474",-1.84603790886562,9.12239171023374
"38981",-1.33399819691749,10.469864636413
"254306",-0.220087244609283,6.58015945617549
"305004",-0.184154633244502,5.66387786637358
"111694",0.0224578821029877,9.15832432159852
"261575",-1.89095367307159,6.44541216355757
"18588",-1.47772864237661,10.838173902902
"224195",-2.83418472139709,7.11914862664721
"124928",-1.63942539351813,8.91577919488625
"69348",-0.884840554857729,9.92189231310012
"103028",-1.92688628443637,9.31103791989884
"149239",-2.01671781284833,8.47560470566768
"322307",-1.01060469463446,5.34946751693175
"202337",-2.74435319298514,7.5144073516598
"262628",-1.36094765544108,6.42744585787518
"35055",-0.884840554857729,10.5417298591426
"174111",-1.81908845034203,8.02644706360793
"237960",0.273986161656454,6.87660349993494
"117027",-1.18128459861717,9.05950964034538
"210837",-2.28621239808418,7.36169375335948
"199177",0.121272563356135,7.57728942154816
"115001",-1.52264440658259,9.09544225171016
"239964",0.417716607115577,6.84067088857016
"17440",-2.86113417992068,10.8561402085844
"181474",-2.64553851173199,7.89169977099
"112051",-1.23518351566434,9.14934116875733
"112502",-1.64840854635932,9.14035801591613
"272692",-0.247036703132868,6.24778280105127
"20231",-0.11228941051494,10.8112244443784
"172142",-1.64840854635932,8.06237967497271
"228320",-1.495694948059,7.04728340391765
"12662",-1.13636883441119,10.9459717369964
"180567",-1.86400421454801,7.90966607667239
"136983",-0.498564982686335,8.70018352669757
"20562",-1.60349278215335,10.8022412915372
"293022",-0.669244886669044,5.87947353456227
"62828",-1.41484657248825,10.0386733000357
"123478",-1.27111612702912,8.94272865340984
"156887",-0.282969314497649,8.34085741304976
"25961",-2.21434717535462,10.7034266102841
"254292",-0.345851384386016,6.58015945617549
"123420",-1.79213899181845,8.94272865340984
"163634",-2.17841456398984,8.21509327327302
"105018",-1.90891997875398,9.27510530853406
"15172",-0.911790013381315,10.9010559727904
"149337",-1.13636883441119,8.47560470566768
"327291",-0.884840554857729,5.2596359885198
"197131",-0.399750301433187,7.61322203291294
"165145",-1.99875150716594,8.18814381474944
"261329",0.363817690068406,6.45439531639876
"173628",-1.6933243105653,8.03543021644912
"82253",-1.03755415315805,9.68833033922904
"291650",0.399750301433187,5.90642299308585
"224263",-2.22333032819582,7.11914862664721
"276660",-0.31890192586243,6.17591757832171
"113572",-0.965688930428486,9.12239171023374
"251347",-0.0134747292617932,6.63405837322267
"262804",0.220087244609283,6.42744585787518
"112476",-1.8819705202304,9.14035801591613
"278953",-2.04366727137191,6.13100181411573
"17684",-0.669244886669044,10.8561402085844
"285511",-1.17230144577598,6.0142208271802
"305500",-0.193137786085697,5.65489471353239
"96001",-2.54672383047884,9.43680205967557
"291536",-0.624329122463068,5.90642299308585
"209878",-1.97180204864235,7.37966005904187
"160834",-0.543480746892311,8.2689921903202
"69853",-0.812975332128167,9.91290916025892
"147710",-2.35807762081374,8.50255416419127
"312323",-1.40586341964705,5.52913057375565
"120875",-2.33112816229016,8.98764441761581
"251174",-1.56756017078857,6.63405837322267
"149311",-1.36993080828227,8.47560470566768
"239698",-1.97180204864235,6.84067088857016
"288611",-0.11228941051494,5.96032191013303
"268581",-1.45976233669422,6.31964802378083
"66746",-1.93586943727757,9.96680807730609
"200106",-0.462632371321554,7.55932311586577
"115462",-1.84603790886562,9.08645909886896
"170100",-2.13349879978386,8.09831228633749
"108122",-0.812975332128167,9.22120639148689
"138824",-1.81908845034203,8.66425091533278
"243642",-2.2592629395606,6.76880566584059
"281020",-1.33399819691749,6.09506920275095
"14984",-2.60062274752601,10.9010559727904
"258997",-2.72638688730275,6.49032792776354
"32860",-2.74435319298514,10.5776624705074
"236751",-1.65739169920052,6.89456980561733
"154839",-0.821958484969362,8.37679002441454
"105274",0.390767148591992,9.27510530853406
"122983",-1.25314982134673,8.95171180625103
"147802",-1.53162755942378,8.50255416419127
"105966",-2.32214500944896,9.25713900285167
"181101",-1.53162755942378,7.90068292383119
"270405",-2.93299940265024,6.28371541241605
"20714",-0.238053550291673,10.8022412915372
"172598",-2.01671781284833,8.05339652213151
"120425",-1.90891997875398,8.99662757045701
"214581",0.0943231048325495,7.29881168347111
"346070",-1.84603790886562,4.91827618055438
"177571",-1.98976835432474,7.96356499371956
"118479",-1.53162755942378,9.03256018182179
"237967",0.336868231544821,6.87660349993494
"145277",-1.89095367307159,8.54746992839725
"20131",-1.01060469463446,10.8112244443784
"144300",-1.73824007477127,8.56543623407964
"111539",-1.36993080828227,9.15832432159852
"209059",-0.399750301433187,7.39762636472426
"135484",-0.570430205415896,8.72713298522115
"249166",-1.74722322761247,6.66999098458745
"35557",-0.839924790651753,10.5327467063014
"134835",-1.93586943727757,8.73611613806235
"149904",-0.50754813552753,8.46662155282649
"22222",-0.0853399519913549,10.7752918330137
"23914",-2.74435319298514,10.7393592216489
"35424",-2.03468411853072,10.5327467063014
"54954",-0.71416065087502,10.1824037454948
"256163",-1.39688026680586,6.54422684481071
"110504",-1.73824007477127,9.17629062728091
"69162",-2.55570698332004,9.92189231310012
"340572",-2.12451564694267,5.01709086180753
"136768",-2.42994284354331,8.70018352669757
"104195",-0.372800842909601,9.29307161421645
"278106",-0.723143803716215,6.14896811979813
"310450",-0.372800842909601,5.56506318512044
"281139",-0.265003008815259,6.09506920275095
"252338",-0.0404241877853786,6.61609206754028
"212773",-2.75333634582633,7.3257611419947
"252089",-2.27722924524299,6.61609206754028
"94215",-0.73212695655741,9.47273467104035
"314677",-2.58265644184362,5.48421480954968
"29072",-1.05552045884044,10.6495276932369
"67194",-2.37604392649613,9.9578249244649
"267415",-3.0048646253798,6.33761432946322
"248669",-1.74722322761247,6.67897413742864
"96834",0.471615524162749,9.42781890683438
"120983",-1.36094765544108,8.98764441761581
"119680",0.327885078703625,9.0145938761394
"252406",0.570430205415896,6.61609206754028
"52329",-1.97180204864235,10.2273195097008
"297582",0.11228941051494,5.79862515899151
"13502",-2.51977437195526,10.928005431314
"90603",-1.92688628443637,9.53561674092872
"26072",-1.21721720998195,10.7034266102841
"94628",-1.48671179521781,9.46375151819916
"109040",-1.495694948059,9.2032400858045
"114984",-1.67535800488291,9.09544225171016
"178046",-2.18739771683104,7.95458184087836
"213535",-0.372800842909601,7.3167779891535
"82868",0.0224578821029877,9.67934718638784
"110026",-1.56756017078857,9.18527378012211
"294951",-1.19925090429956,5.84354092319749
"249670",-1.6843411577241,6.66100783174625
"291277",-2.95096570833263,5.90642299308585
"94621",-1.54959386510617,9.46375151819916
"124393",-1.98078520148355,8.92476234772745
"121949",-1.61247593499454,8.96967811193342
"118608",-0.372800842909601,9.03256018182179
"6799",-0.229070397450478,11.0537695710907
"96116",-1.51366125374139,9.43680205967557
"135821",-2.00773466000713,8.71814983237996
"18462",-2.60960590036721,10.838173902902
"305001",-0.211104091768088,5.66387786637358
"100987",-2.40299338501972,9.34697053126362
"298351",-1.90891997875398,5.78065885330912
"115410",-2.31316185660777,9.08645909886896
"295540",-0.372800842909601,5.83455777035629
"73852",-0.606362816780677,9.84104393752936
"237817",-1.01060469463446,6.87660349993494
"284666",0.166188327562111,6.03218713286259
"110049",-1.36094765544108,9.18527378012211
"110461",-2.12451564694267,9.17629062728091
"283829",-2.88808363844426,6.04117028570378
"283508",-1.3070487383939,6.05015343854498
"18159",-0.866874249175338,10.8471570557432
"40327",-2.6365553588908,10.4429151778894
"290517",-0.848907943492948,5.92438929876824
"263998",-2.4479091492257,6.40049639935159
"103788",0.435682912797968,9.30205476705765
"39338",-2.59163959468482,10.4608814835718
"26901",-2.69943742877916,10.6854603046017
"334656",-1.6933243105653,5.12488869590187
"296035",-0.390767148591992,5.8255746175151
"222366",-1.40586341964705,7.15508123801199
"27522",-1.58552647647096,10.6764771517605
"231029",0.516531288368725,7.00236763971167
"263115",-1.45077918385303,6.41846270503398
"110545",-1.36993080828227,9.17629062728091
"11188",-0.983655236110876,10.97292119552
"109224",0.157205174720916,9.2032400858045
"324153",-2.28621239808418,5.31353490556697
"170595",-2.15146510546625,8.08932913349629
"177275",-0.184154633244502,7.97254814656075
"163805",-0.642295428145458,8.21509327327302
"303031",-0.049407340626574,5.69981047773836
"72704",-1.98976835432474,9.85901024321175
"92506",-2.69045427593797,9.49968412956394
"222802",-1.95383574295996,7.14609808517079
"186941",-2.64553851173199,7.79288508973685
"98650",-1.07348676452283,9.3918862954696
"308978",-0.202120938926893,5.59201264364402
"11214",-0.750093262239801,10.97292119552
"218904",-1.25314982134673,7.21796330790036
"31355",-2.87011733276187,10.604611929031
"296563",-0.11228941051494,5.8165914646739
"250157",-1.77417268613606,6.65202467890506
"248921",0.516531288368725,6.67897413742864
"45277",-2.8162184157147,10.3530836494775
"24100",-1.07348676452283,10.7393592216489
"297572",0.0224578821029877,5.79862515899151
"276350",-3.10367930663295,6.17591757832171
"93098",-1.83705475602442,9.49070097672275
"209357",-2.18739771683104,7.38864321188306
"150217",-2.16044825830745,8.4576383999853
"15133",-1.26213297418793,10.9010559727904
"340086",-2.02570096568952,5.02607401464872
"228801",-1.63942539351813,7.03830025107645
"115859",-2.74435319298514,9.07747594602776
"151188",-2.36706077365494,8.4396720943029
"75229",-1.63044224067693,9.81409447900577
"280163",-0.103306257673745,6.11303550843334
"117987",-1.48671179521781,9.04154333466298
"88560",-2.42095969070211,9.5715493522935
"288610",-0.121272563356135,5.96032191013303
"201117",-0.309918773021235,7.54135681018338
"144877",-1.01958784747566,8.55645308123844
"100588",-1.52264440658259,9.35595368410482
"274734",0.238053550291673,6.21185018968649
"108566",-1.28908243271151,9.21222323864569
"253215",-1.09145307020522,6.59812576185789
"31035",-1.28009927987032,10.6135950818721
"177180",-1.03755415315805,7.97254814656075
"92705",-0.902806860540119,9.49968412956394
"29588",-0.884840554857729,10.6405445403957
"290793",-2.83418472139709,5.91540614592705
"125027",-0.750093262239801,8.91577919488625
"321794",-1.15433514009359,5.35845066977295
"275172",-0.291952467338845,6.2028670368453
"90082",-2.14248195262506,9.54459989376992
"310440",-0.462632371321554,5.56506318512044
"293520",-0.660261733827848,5.87049038172107
"104135",-0.911790013381315,9.29307161421645
"136875",-1.46874548953542,8.70018352669757
"254991",-2.9958814725386,6.5621931504931
"108680",-0.265003008815259,9.21222323864569
"270434",-2.67248797025558,6.28371541241605
"267684",-0.588396511098287,6.33761432946322
"263582",-1.72027376908888,6.40947955219279
"169325",-0.166188327562112,8.11627859201988
"228747",-2.12451564694267,7.03830025107645
"3817",-0.229070397450478,11.1076684881379
"94145",-1.36094765544108,9.47273467104035
"83391",0.256019855974063,9.67036403354665
"38134",-0.0134747292617932,10.4878309420954
"128430",-1.43281287817064,8.85289712499788
"12150",-1.27111612702912,10.9549548898376
"82711",-1.38789711396466,9.67934718638784
"9030",-2.51079121911406,11.0088538068847
"31400",-2.46587545490809,10.604611929031
"209401",-1.79213899181845,7.38864321188306
"177181",-1.02857100031685,7.97254814656075
"201403",-2.20536402251343,7.53237365734219
"95089",-1.81010529750084,9.45476836535796
"162624",-2.32214500944896,8.23305957895541
"175259",-0.435682912797968,8.00848075792553
"192193",-0.11228941051494,7.7030535613249
"190687",-0.247036703132868,7.73000301984848
"24030",-1.70230746340649,10.7393592216489
"129867",-1.91790313159518,8.8259476664743
"202572",-0.633312275304263,7.5144073516598
"830",-0.273986161656454,11.1615674051851
"18961",-2.59163959468482,10.8291907500608
"103276",0.30093562018004,9.31103791989884
"45313",-2.49282491343167,10.3530836494775
"33923",-2.12451564694267,10.559696164825
"105579",-1.33399819691749,9.26612215569286
"86681",-1.44179603101183,9.60748196365828
"134370",-1.64840854635932,8.74509929090354
"212344",-2.14248195262506,7.33474429483589
"167118",-2.13349879978386,8.15221120338466
"200466",-1.6933243105653,7.55033996302458
"126846",-2.26824609240179,8.87984658352147
"106978",-2.16044825830745,9.23917269716928
"4803",-0.30093562018004,11.0897021824555
"12707",-0.73212695655741,10.9459717369964
"326245",-1.35196450259988,5.27760229420219
"31136",-0.372800842909601,10.6135950818721
"265172",-0.830941637810557,6.3825300936692
"284840",-2.73537004014394,6.02320398002139
"296996",-0.687211192351434,5.80760831183271
"170113",-2.01671781284833,8.09831228633749
"85686",-1.45077918385303,9.62544826934067
"176589",-1.8819705202304,7.98153129940195
"14542",-2.10654934126028,10.9100391256316
"187515",-1.95383574295996,7.78390193689565
"48368",-1.83705475602442,10.2991847324303
"259765",-0.291952467338845,6.48134477492235
"156219",-1.81908845034203,8.34984056589095
"124447",-1.495694948059,8.92476234772745
"283885",-2.38502707933733,6.04117028570378
"97663",-1.01060469463446,9.40985260115199
"12038",-2.27722924524299,10.9549548898376
"29561",-1.12738568157,10.6405445403957
"66178",-2.57367328900243,9.97579123014729
"140878",-1.22620036282315,8.628318303968
"49379",-1.6843411577241,10.2812184267479
"49284",-2.53774067763765,10.2812184267479
"132893",-1.52264440658259,8.77204874942713
"114383",-2.60960590036721,9.10442540455135
"106127",-0.875857402016534,9.25713900285167
"310453",-0.345851384386016,5.56506318512044
"142282",-2.00773466000713,8.60136884544442
"109120",-0.777042720763386,9.2032400858045
"252665",-1.56756017078857,6.60710891469908
"164636",-2.10654934126028,8.19712696759063
"79680",-1.82807160318323,9.73324610343502
"29122",-0.606362816780677,10.6495276932369
"273665",-0.435682912797968,6.22981649536888
"194471",-1.97180204864235,7.65813779711892
"204868",-2.33112816229016,7.46949158745382
"159912",0.103306257673745,8.28695849600259
"311802",-1.62145908783574,5.53811372659685
"25632",-0.705177498033824,10.7124097631253
"219323",-1.95383574295996,7.20898015505916
"51832",-1.97180204864235,10.2363026625419
"84562",-2.61858905320841,9.64341457502306
"118345",-2.73537004014394,9.03256018182179
"255560",-2.34909446797255,6.55320999765191
"253237",-0.893823707698924,6.59812576185789
"91087",-2.04366727137191,9.52663358808753
"165103",-2.37604392649613,8.18814381474944
"19508",-2.14248195262506,10.8202075972196
"182563",-1.79213899181845,7.87373346530761
"71131",-2.72638688730275,9.88595970173533
"246554",-2.88808363844426,6.71490674879342
"48405",-1.5046781009002,10.2991847324303
"33109",-0.50754813552753,10.5776624705074
"268920",-2.87910048560307,6.31066487093964
"28485",-1.86400421454801,10.6585108460781
"62776",-1.8819705202304,10.0386733000357
"144407",-0.777042720763386,8.56543623407964
"314196",-2.4389259963845,5.49319796239087
"301506",-0.354834537227211,5.72675993626195
"340547",-2.34909446797255,5.01709086180753
"302459",-0.723143803716215,5.70879363057956
"250660",-1.72027376908888,6.64304152606386
"131524",-0.426699759956773,8.79899820795071
"53749",-2.60960590036721,10.2003700511772
"243906",0.11228941051494,6.76880566584059
"105502",-2.02570096568952,9.26612215569286
"196629",-0.444666065639163,7.62220518575414
"254220",-0.992638388952071,6.58015945617549
"98665",-0.9387394719049,9.3918862954696
"125897",-1.86400421454801,8.89781288920386
"259327",0.238053550291673,6.49032792776354
"262018",-2.37604392649613,6.43642901071637
"265456",-2.74435319298514,6.373546940828
"101746",-0.049407340626574,9.33798737842243
"310963",-0.229070397450478,5.55608003227924
"158349",-0.543480746892311,8.31390795452617
"263777",0.0314410349441832,6.40947955219279
"309249",-2.23231348103701,5.58302949080283
"299030",-0.273986161656454,5.77167570046793
"142416",-0.803992179286972,8.60136884544442
"235416",-0.256019855974064,6.92151926414091
"122475",-1.35196450259988,8.96069495909223
"116966",-1.72925692193008,9.05950964034538
"114392",-2.52875752479645,9.10442540455135
"104226",-0.0943231048325499,9.29307161421645
"148205",-2.37604392649613,8.49357101135008
"12236",-0.498564982686335,10.9549548898376
"238237",-1.70230746340649,6.86762034709374
"97772",-0.0314410349441836,9.40985260115199
"178506",-2.51977437195526,7.94559868803717
"102204",-0.399750301433187,9.32900422558123
"299311",-2.21434717535462,5.76269254762673
"289069",-0.462632371321554,5.95133875729183
"201968",-1.59450962931215,7.52339050450099
"118875",-2.4389259963845,9.02357702898059
"124402",-1.89993682591279,8.92476234772745
"104046",-1.71129061624769,9.29307161421645
"240174",-2.16044825830745,6.83168773572896
"176600",-1.78315583897725,7.98153129940195
"261113",-1.57654332362976,6.45439531639876
"255530",-2.61858905320841,6.55320999765191
"21574",-1.44179603101183,10.7842749858549
"181025",-2.21434717535462,7.90068292383119
"84189",-1.5046781009002,9.65239772786426
"30071",-1.01060469463446,10.6315613875545
"200362",-2.6275722060496,7.55033996302458
"301542",-0.0314410349441836,5.72675993626195
"211869",-1.94485259011876,7.34372744767709
"123400",-1.97180204864235,8.94272865340984
"235262",-1.63942539351813,6.92151926414091
"122862",-2.34011131513135,8.95171180625103
"26042",-1.48671179521781,10.7034266102841
"271430",-2.65452166457319,6.26574910673366
"79898",0.13025571619733,9.73324610343502
"189523",-1.77417268613606,7.74796932553087
"226841",-1.38789711396466,7.07423286244123
"145494",0.0583904934677686,8.54746992839725
"87052",-2.57367328900243,9.59849881081709
"135537",-0.0943231048325499,8.72713298522115
"293557",-0.327885078703626,5.87049038172107
"92732",-0.660261733827848,9.49968412956394
"307976",-0.273986161656454,5.60997894932641
"275877",-2.88808363844426,6.18490073116291
"211146",0.489581829845139,7.36169375335948
"59705",-2.68147112309677,10.0925722170828
"192941",-2.32214500944896,7.68508725564251
"324683",-1.98976835432474,5.30455175272577
"270624",-0.965688930428486,6.28371541241605
"119474",-1.52264440658259,9.0145938761394
"102291",0.381783995750796,9.32900422558123
"292012",-0.812975332128167,5.89743984024466
"306347",-1.51366125374139,5.63692840785
"71762",-1.52264440658259,9.87697654889414
"18442",-2.78926895719111,10.838173902902
"112985",-1.77417268613606,9.13137486307494
"233682",-2.4389259963845,6.9484687226645
"304507",-0.184154633244502,5.67286101921478
"116091",-0.660261733827848,9.07747594602776
"110574",-1.10941937588761,9.17629062728091
"135261",-2.57367328900243,8.72713298522115
"250631",-1.98078520148355,6.64304152606386
"286573",-0.561447052574701,5.99625452149781
"234827",-1.08246991736402,6.93050241698211
"110530",-1.5046781009002,9.17629062728091
"257369",0.50754813552753,6.52626053912832
"205883",-2.14248195262506,7.45152528177143
"258843",0.354834537227211,6.49931108060474
"96072",-1.90891997875398,9.43680205967557
"92146",-1.45976233669422,9.50866728240513
"110152",-0.435682912797968,9.18527378012211
"103129",-1.01958784747566,9.31103791989884
"96557",-2.01671781284833,9.42781890683438
"148708",-2.32214500944896,8.48458785850888
"227740",-2.24129663387821,7.05626655675884
"30366",-2.8252015685559,10.6225782347133
"308479",-0.220087244609283,5.60099579648522
"148753",-1.91790313159518,8.48458785850888
"219246",-2.64553851173199,7.20898015505916
"23906",-2.8162184157147,10.7393592216489
"313908",-0.561447052574701,5.50218111523207
"23605",-1.05552045884044,10.7483423744901
"50309",-2.2592629395606,10.2632521210655
"113446",-2.09756618841908,9.12239171023374
"84807",-0.417716607115578,9.64341457502306
"215138",0.633312275304263,7.28982853062992
"286496",-1.25314982134673,5.99625452149781
"186973",-2.35807762081374,7.79288508973685
"248603",-2.34011131513135,6.67897413742864
"218107",0.516531288368725,7.23592961358275
"93667",-1.19026775145837,9.48171782388155
"197638",-0.309918773021235,7.60423888007175
"183522",-2.10654934126028,7.85576715962522
"276124",-0.669244886669044,6.18490073116291
"220502",-0.291952467338845,7.19101384937677
"123923",-1.73824007477127,8.93374550056864
"16679",-0.768059567922191,10.8741065142668
"313229",-2.19638086967223,5.51116426807326
"115557",-0.992638388952071,9.08645909886896
"196451",-2.04366727137191,7.62220518575414
"111997",-1.72027376908888,9.14934116875733
"220815",-1.94485259011876,7.18203069653558
"296033",-0.408733454274382,5.8255746175151
"270041",-1.73824007477127,6.29269856525725
"23089",-1.22620036282315,10.7573255273313
"296063",-0.139238869038526,5.8255746175151
"111124",-0.633312275304263,9.16730747443972
"14657",-1.07348676452283,10.9100391256316
"188215",-0.130255716197331,7.77491878405446
"94563",-2.0706167298955,9.46375151819916
"166578",-2.51977437195526,8.16119435622585
"33517",-1.3070487383939,10.5686793176662
"105684",-0.390767148591992,9.26612215569286
"16446",-2.86113417992068,10.8741065142668
"268227",-0.175171480403307,6.32863117662203
"116973",-1.66637485204171,9.05950964034538
"52744",-2.70842058162036,10.2183363568596
"94530",-2.36706077365494,9.46375151819916
"142313",-1.72925692193008,8.60136884544442
"196977",-1.78315583897725,7.61322203291294
"244679",-1.8729873673892,6.7508393601582
"273895",-2.83418472139709,6.22083334252769
"280219",0.399750301433187,6.11303550843334
"235254",-1.71129061624769,6.92151926414091
"118979",-1.5046781009002,9.02357702898059
"23957",-2.35807762081374,10.7393592216489
"321632",-2.60960590036721,5.35845066977295
"263724",-0.444666065639163,6.40947955219279
"116491",-1.53162755942378,9.06849279318657
"38326",-2.75333634582633,10.4788477892542
"149226",-2.13349879978386,8.47560470566768
"261813",0.247036703132868,6.44541216355757
"197209",0.30093562018004,7.61322203291294
"249284",-0.687211192351434,6.66999098458745
"119947",-1.73824007477127,9.0056107232982
"9034",-2.47485860774928,11.0088538068847
"261019",-2.42095969070211,6.45439531639876
"163143",-2.12451564694267,8.22407642611422
"288086",-0.363817690068406,5.96930506297422
"278465",-1.96281889580115,6.13998496695693
"197919",-2.2502797867194,7.59525572723055
"157181",-2.10654934126028,8.33187426020856
"212535",-0.426699759956773,7.33474429483589
"192185",-0.184154633244502,7.7030535613249
"239730",-1.6843411577241,6.84067088857016
"146722",-2.30417870376657,8.52052046987366
"103588",-1.36094765544108,9.30205476705765
"3314",-0.282969314497649,11.1166516409791
"143819",-1.59450962931215,8.57441938692083
"259208",-0.830941637810557,6.49032792776354
"267525",-2.01671781284833,6.33761432946322
"183023",-2.12451564694267,7.86475031246641
"105560",-1.5046781009002,9.26612215569286
"86737",-0.9387394719049,9.60748196365828
"208864",-2.15146510546625,7.39762636472426
"281824",-3.04079723674458,6.07710289706856
"101096",-1.42382972532944,9.34697053126362
"122461",-1.47772864237661,8.96069495909223
"105573",-1.38789711396466,9.26612215569286
"102094",-1.38789711396466,9.32900422558123
"268253",0.0583904934677686,6.32863117662203
"28887",-2.71740373446155,10.6495276932369
"251240",-0.974672083269681,6.63405837322267
"300423",-1.15433514009359,5.74472624194434
"245902",0.184154633244502,6.73287305447581
"85773",-0.669244886669044,9.62544826934067
"190494",-1.98078520148355,7.73000301984848
"316212",-2.18739771683104,5.45726535102609
"271014",-1.92688628443637,6.27473225957486
"319371",-0.597379663939482,5.40336643397892
"134030",-0.238053550291673,8.75408244374474
"318251",-1.72925692193008,5.42133273966131
"184071",-1.63942539351813,7.84678400678402
"135811",-2.09756618841908,8.71814983237996
"203638",0.0134747292617927,7.49644104597741
"69372",-0.669244886669044,9.92189231310012
"48282",-2.60960590036721,10.2991847324303
"103645",-0.848907943492948,9.30205476705765
"149202",-2.34909446797255,8.47560470566768
"277112",-0.723143803716215,6.16693442548052
"158142",-2.40299338501972,8.31390795452617
"147311",-1.47772864237661,8.51153731703247
"180555",-1.97180204864235,7.90966607667239
"350526",-1.99875150716594,4.83742780498362
"266236",-0.202120938926893,6.36456378798681
"169805",-0.31890192586243,8.10729543917868
"24062",-1.41484657248825,10.7393592216489
"114445",-2.05265042421311,9.10442540455135
"140237",-2.51977437195526,8.6373014568092
"32079",-0.830941637810557,10.5956287761898
"101246",-0.0763567991501595,9.34697053126362
"215332",-2.08858303557789,7.28084537778872
"277137",-0.498564982686335,6.16693442548052
"245370",-0.130255716197331,6.74185620731701
"319725",-1.8819705202304,5.39438328113773
"22647",-0.73212695655741,10.7663086801725
"231327",-1.27111612702912,6.99338448687048
"172753",-0.624329122463068,8.05339652213151
"93334",0.282969314497649,9.49070097672275
"25454",-2.30417870376657,10.7124097631253
"181540",-2.05265042421311,7.89169977099
"136784",-2.28621239808418,8.70018352669757
"193008",-1.72027376908888,7.68508725564251
"217103",0.426699759956773,7.25389591926514
"221856",-1.52264440658259,7.16406439085318
"139818",-1.81908845034203,8.64628460965039
"243231",-1.48671179521781,6.77778881868179
"135870",-1.56756017078857,8.71814983237996
"69243",-1.82807160318323,9.92189231310012
"128959",-1.14535198725239,8.84391397215669
"138340",-1.70230746340649,8.67323406817398
"190651",-0.570430205415896,7.73000301984848
"14174",-0.947722624746095,10.9190222784728
"306432",-0.750093262239801,5.63692840785
"275882",-2.84316787423829,6.18490073116291
"110424",-2.45689230206689,9.17629062728091
"186425",-2.8162184157147,7.80186824257804
"260021",-2.45689230206689,6.47236162208115
"33086",-0.71416065087502,10.5776624705074
"307506",-0.0314410349441836,5.61896210216761
"48284",-2.59163959468482,10.2991847324303
"36127",-0.184154633244502,10.5237635534602
"106778",0.50754813552753,9.24815585001047
"34407",-2.24129663387821,10.5507130119838
"261203",-0.768059567922191,6.45439531639876
"190907",-2.73537004014394,7.72101986700729
"125912",-1.72925692193008,8.89781288920386
"293987",-0.929756319063705,5.86150722887988
"247669",-1.80112214465964,6.69694044311103
"117005",-1.37891396112347,9.05950964034538
"125012",-0.884840554857729,8.91577919488625
"105766",0.345851384386016,9.26612215569286
"285915",-2.00773466000713,6.005237674339
"276884",-2.77130265150872,6.16693442548052
"297800",-2.39401023217853,5.78964200615032
"314360",-0.965688930428486,5.49319796239087
"33542",-1.08246991736402,10.5686793176662
"197440",-2.08858303557789,7.60423888007175
"202404",-2.14248195262506,7.5144073516598
"28900",-2.60062274752601,10.6495276932369
"281326",-3.04978038958578,6.08608604990976
"94292",-0.0404241877853786,9.47273467104035
"253053",-2.54672383047884,6.59812576185789
"69787",-1.40586341964705,9.91290916025892
"28918",-2.4389259963845,10.6495276932369
"217123",0.606362816780677,7.25389591926514
"154745",-1.66637485204171,8.37679002441454
"161147",-2.19638086967223,8.260009037479
"319879",-0.498564982686335,5.39438328113773
"286647",0.103306257673745,5.99625452149781
"103782",0.381783995750796,9.30205476705765
"111043",-1.36094765544108,9.16730747443972
"84175",-1.63044224067693,9.65239772786426
"75725",-1.63942539351813,9.80511132616458
"136497",-0.399750301433187,8.70916667953876
"188927",-2.66350481741438,7.75695247837207
"31107",-0.633312275304263,10.6135950818721
"11705",-0.803992179286972,10.9639380426788
"192451",-2.2592629395606,7.6940704084837
"29179",-0.0943231048325499,10.6495276932369
"238655",-2.41197653786092,6.85863719425255
"258867",0.570430205415896,6.49931108060474
"105982",-2.17841456398984,9.25713900285167
"172278",-0.426699759956773,8.06237967497271
"16246",-0.193137786085697,10.883089667108
"308364",-1.25314982134673,5.60099579648522
"286611",-0.220087244609283,5.99625452149781
"122135",0.0583904934677686,8.96967811193342
"108148",-0.579413358257092,9.22120639148689
"115361",-2.75333634582633,9.08645909886896
"222300",-1.99875150716594,7.15508123801199
"271434",-2.61858905320841,6.26574910673366
"13145",-1.26213297418793,10.9369885841552
"98678",-0.821958484969362,9.3918862954696
"296612",0.327885078703625,5.8165914646739
"227028",0.291952467338844,7.07423286244123
"116449",-1.90891997875398,9.06849279318657
"19103",-1.3160318912351,10.8291907500608
"262477",-2.71740373446155,6.42744585787518
"199438",-1.99875150716594,7.56830626870697
"259834",0.327885078703625,6.48134477492235
"27660",-0.345851384386016,10.6764771517605
"255578",-2.18739771683104,6.55320999765191
"249371",0.0943231048325495,6.66999098458745
"290537",-0.669244886669044,5.92438929876824
"81639",-2.08858303557789,9.69731349207023
"120503",-1.20823405714076,8.99662757045701
"90828",0.0943231048325495,9.53561674092872
"271903",-2.87011733276187,6.25676595389247
"214840",-2.04366727137191,7.28982853062992
"154669",-2.34909446797255,8.37679002441454
"218745",-2.68147112309677,7.21796330790036
"274724",0.148222021879721,6.21185018968649
"273661",-0.471615524162749,6.22981649536888
"137286",-2.24129663387821,8.69120037385637
"236906",-0.265003008815259,6.89456980561733
"259099",-1.81010529750084,6.49032792776354
"291477",-1.15433514009359,5.90642299308585
"281148",-0.184154633244502,6.09506920275095
"180490",-2.55570698332004,7.90966607667239
"224280",-2.0706167298955,7.11914862664721
"189407",-2.8162184157147,7.74796932553087
"95583",-1.83705475602442,9.44578521251677
"322170",-2.24129663387821,5.34946751693175
"198701",0.309918773021235,7.58627257438936
"97990",-2.53774067763765,9.40086944831079
"122942",-1.62145908783574,8.95171180625103
"337578",-2.23231348103701,5.0709897788547
"292980",-1.04653730599924,5.87947353456227
"127419",-1.58552647647096,8.87086343068028
"289662",0.399750301433187,5.94235560445063
"169073",-2.42994284354331,8.11627859201988
"88845",0.139238869038526,9.5715493522935
"198356",-2.78926895719111,7.58627257438936
"304033",0.0224578821029877,5.68184417205597
"36829",-2.80723526287351,10.5057972477778
"319807",-1.14535198725239,5.39438328113773
"318803",-1.23518351566434,5.41234958682012
"115481",-1.67535800488291,9.08645909886896
"108048",-1.47772864237661,9.22120639148689
"310923",-0.588396511098287,5.55608003227924
"201613",-0.31890192586243,7.53237365734219
"187171",-0.579413358257092,7.79288508973685
"201888",-2.31316185660777,7.52339050450099
"272521",-1.78315583897725,6.24778280105127
"150683",-2.4389259963845,8.4486552471441
"115509",-1.42382972532944,9.08645909886896
"120672",0.309918773021235,8.99662757045701
"135982",-0.561447052574701,8.71814983237996
"102530",-1.93586943727757,9.32002107274004
"148713",-2.27722924524299,8.48458785850888
"16719",-0.408733454274382,10.8741065142668
"93627",-1.54959386510617,9.48171782388155
"245616",-2.38502707933733,6.73287305447581
"110917",-2.49282491343167,9.16730747443972
"121459",-1.54959386510617,8.97866126477462
"247869",-0.00449157642059772,6.69694044311103
"304505",-0.202120938926893,5.67286101921478
"15459",-2.79825211003231,10.8920728199492
"111012",-1.63942539351813,9.16730747443972
"20635",-0.947722624746095,10.8022412915372
"268666",-0.696194345192629,6.31964802378083
"94540",-2.27722924524299,9.46375151819916
"310375",-1.04653730599924,5.56506318512044
"145725",-2.33112816229016,8.53848677555605
"297734",-2.98689831969741,5.78964200615032
"332073",-2.57367328900243,5.16980446010785
"30075",-0.974672083269681,10.6315613875545
"84252",-0.9387394719049,9.65239772786426
"187489",-2.18739771683104,7.78390193689565
"314812",-1.36993080828227,5.48421480954968
"154694",-2.12451564694267,8.37679002441454
"138293",-2.12451564694267,8.67323406817398
"223290",-2.03468411853072,7.1371149323296
"167699",-1.37891396112347,8.14322805054346
"147895",-0.696194345192629,8.50255416419127
"159210",-1.73824007477127,8.29594164884378
"189446",-2.46587545490809,7.74796932553087
"129457",-1.13636883441119,8.83493081931549
"194613",-0.696194345192629,7.65813779711892
"245710",-1.54061071226498,6.73287305447581
"129519",-0.579413358257092,8.83493081931549
"167603",-2.24129663387821,8.14322805054346
"278146",-0.363817690068406,6.14896811979813
"102102",-1.3160318912351,9.32900422558123
"46798",-2.54672383047884,10.3261341909539
"125915",-1.70230746340649,8.89781288920386
"184026",-2.04366727137191,7.84678400678402
"245350",-0.309918773021235,6.74185620731701
"182699",-0.570430205415896,7.87373346530761
"106541",-1.62145908783574,9.24815585001047
"130415",-1.45976233669422,8.8169645136331
"88850",0.184154633244502,9.5715493522935
"301534",-0.103306257673745,5.72675993626195
"155805",-1.07348676452283,8.35882371873215
"251867",0.193137786085697,6.62507522038147
"122843",-2.51079121911406,8.95171180625103
"34997",-1.40586341964705,10.5417298591426
"98510",-2.33112816229016,9.3918862954696
"90121",-1.79213899181845,9.54459989376992
"100770",0.11228941051494,9.35595368410482
"324235",-1.54959386510617,5.31353490556697
"143838",-1.42382972532944,8.57441938692083
"306482",-0.30093562018004,5.63692840785
"230509",0.309918773021235,7.01135079255287
"294936",-1.33399819691749,5.84354092319749
"118545",-0.9387394719049,9.03256018182179
"224790",-1.95383574295996,7.11016547380601
"306006",-0.11228941051494,5.64591156069119
"253539",-2.64553851173199,6.58914260901669
"83750",-0.983655236110876,9.66138088070545
"305019",-0.049407340626574,5.66387786637358
"249677",-1.62145908783574,6.66100783174625
"120111",-0.265003008815259,9.0056107232982
"309347",-1.35196450259988,5.58302949080283
"267569",-1.62145908783574,6.33761432946322
"244188",-1.81908845034203,6.7598225129994
"37850",-2.56469013616123,10.4878309420954
"93564",-2.11553249410147,9.48171782388155
"151191",-2.34011131513135,8.4396720943029
"286125",-0.121272563356135,6.005237674339
"88803",-0.238053550291673,9.5715493522935
"125955",-1.34298134975868,8.89781288920386
"299974",-0.723143803716215,5.75370939478554
"301524",-0.193137786085697,5.72675993626195
"251874",0.256019855974063,6.62507522038147
"10688",-1.01060469463446,10.9819043483611
"272896",-2.87910048560307,6.23879964821008
"184502",-2.23231348103701,7.83780085394283
"4819",-0.157205174720916,11.0897021824555
"119669",0.229070397450478,9.0145938761394
"277743",0.480598677003944,6.15795127263932
"44299",-2.67248797025558,10.3710499551599
"99082",-1.65739169920052,9.3829031426284
"192685",-0.157205174720916,7.6940704084837
"207366",-2.21434717535462,7.42457582324785
"213300",-2.48384176059048,7.3167779891535
"125427",-1.62145908783574,8.90679604204506
"299058",-0.0224578821029882,5.77167570046793
"102564",-1.63044224067693,9.32002107274004
"118015",-1.23518351566434,9.04154333466298
"276618",-0.696194345192629,6.17591757832171
"107570",-1.3070487383939,9.23018954432808
"47459",-1.07348676452283,10.3171510381127
"199615",-0.408733454274382,7.56830626870697
"131311",-2.34011131513135,8.79899820795071
"101498",-2.27722924524299,9.33798737842243
"64320",-1.40586341964705,10.0117238415121
"15979",-2.59163959468482,10.883089667108
"264169",-0.911790013381315,6.40049639935159
"225780",-1.98976835432474,7.09219916812362
"195455",-2.0616335770543,7.64017149143653
"186494",-2.19638086967223,7.80186824257804
"301018",-0.273986161656454,5.73574308910314
"9644",-1.45976233669422,10.9998706540435
"269759",0.193137786085697,6.30168171809844
"11267",-0.273986161656454,10.97292119552
"17243",-0.166188327562112,10.8651233614256
"120428",-1.8819705202304,8.99662757045701
"51445",-0.983655236110876,10.2452858153831
"32851",-2.8252015685559,10.5776624705074
"110003",-1.77417268613606,9.18527378012211
"220386",-1.33399819691749,7.19101384937677
"177535",-2.31316185660777,7.96356499371956
"286598",-0.336868231544821,5.99625452149781
"134327",-2.03468411853072,8.74509929090354
"274012",-1.78315583897725,6.22083334252769
"73899",-0.184154633244502,9.84104393752936
"240103",-2.79825211003231,6.83168773572896
"193683",-0.121272563356135,7.67610410280131
"7811",-0.0673736463089645,11.0358032654083
"288110",-0.148222021879721,5.96930506297422
"249252",-0.974672083269681,6.66999098458745
"171050",-2.52875752479645,8.0803459806551
"27408",-2.60960590036721,10.6764771517605
"231036",0.579413358257091,7.00236763971167
"28375",-2.85215102707948,10.6585108460781
"165130",-2.13349879978386,8.18814381474944
"112686",0.00449157642059728,9.14035801591613
"153214",-2.02570096568952,8.40373948293812
"185018",-2.0616335770543,7.82881770110163
"252367",0.220087244609283,6.61609206754028
"225498",-0.058390493467769,7.10118232096482
"160649",-2.20536402251343,8.2689921903202
"284617",-0.273986161656454,6.03218713286259
"106017",-1.86400421454801,9.25713900285167
"320776",-1.36993080828227,5.37641697545534
"312755",-1.98976835432474,5.52014742091446
"105997",-2.04366727137191,9.25713900285167
"151413",-0.345851384386016,8.4396720943029
"98555",-1.92688628443637,9.3918862954696
"138988",-0.345851384386016,8.66425091533278
"309450",-0.426699759956773,5.58302949080283
"187001",-2.10654934126028,7.79288508973685
"172045",-2.51977437195526,8.06237967497271
"190704",-0.0943231048325499,7.73000301984848
"240893",-0.166188327562112,6.82270458288777
"221267",-2.34909446797255,7.17304754369438
"244360",-0.273986161656454,6.7598225129994
"51769",-2.53774067763765,10.2363026625419
"266774",0.166188327562111,6.35558063514561
"280003",-1.54061071226498,6.11303550843334
"205837",-2.55570698332004,7.45152528177143
"213571",-0.049407340626574,7.3167779891535
"134853",-1.77417268613606,8.73611613806235
"96105",-1.61247593499454,9.43680205967557
"204902",-2.02570096568952,7.46949158745382
"33594",-0.615345969621873,10.5686793176662
"302961",-0.678228039510239,5.69981047773836
"133973",-0.750093262239801,8.75408244374474
"298565",0.0134747292617927,5.78065885330912
"312402",-0.696194345192629,5.52913057375565
"38350",-2.53774067763765,10.4788477892542
"182303",0.336868231544821,7.8827166181488
"246681",-1.74722322761247,6.71490674879342
"216130",0.615345969621872,7.27186222494753
"213821",-2.26824609240179,7.30779483631231
"226559",0.54348074689231,7.08321601528243
"35829",-2.86113417992068,10.5237635534602
"142487",-0.166188327562112,8.60136884544442
"109034",-1.54959386510617,9.2032400858045
"272417",-2.71740373446155,6.24778280105127
"200329",-2.92401624980904,7.55033996302458
"179716",-0.579413358257092,7.92763238235478
"12050",-2.16943141114864,10.9549548898376
"126363",-2.14248195262506,8.88882973636267
"238278",-1.33399819691749,6.86762034709374
"175641",-1.46874548953542,7.99949760508434
"172781",-0.372800842909601,8.05339652213151
"14504",-2.4479091492257,10.9100391256316
"310455",-0.327885078703626,5.56506318512044
"254149",-1.63044224067693,6.58015945617549
"248674",-1.70230746340649,6.67897413742864
"99568",-1.75620638045366,9.37391998978721
"206363",-2.29519555092538,7.44254212893024
"85734",-1.01958784747566,9.62544826934067
"158688",-1.96281889580115,8.30492480168498
"284495",-1.36993080828227,6.03218713286259
"305923",-0.857891096334143,5.64591156069119
"126453",-1.33399819691749,8.88882973636267
"271045",-1.64840854635932,6.27473225957486
"259586",-1.89993682591279,6.48134477492235
"136268",-2.45689230206689,8.70916667953876
"224519",0.076356799150159,7.11914862664721
"295936",-1.28009927987032,5.8255746175151
"230709",-2.35807762081374,7.00236763971167
"207340",-2.4479091492257,7.42457582324785
"313824",-1.3160318912351,5.50218111523207
"105534",-1.73824007477127,9.26612215569286
"86574",-2.40299338501972,9.60748196365828
"307472",-0.336868231544821,5.61896210216761
"138272",-2.31316185660777,8.67323406817398
"147768",-1.83705475602442,8.50255416419127
"240748",-1.46874548953542,6.82270458288777
"177302",0.0583904934677686,7.97254814656075
"306464",-0.462632371321554,5.63692840785
"235643",-2.68147112309677,6.91253611129972
"100577",-1.62145908783574,9.35595368410482
"209821",-2.48384176059048,7.37966005904187
"247912",0.381783995750796,6.69694044311103
"314310",-1.41484657248825,5.49319796239087
"25394",-2.84316787423829,10.7124097631253
"37041",-0.902806860540119,10.5057972477778
"12287",-0.0404241877853786,10.9549548898376
"186959",-2.48384176059048,7.79288508973685
"5790",-0.363817690068406,11.0717358767731
"195426",-2.32214500944896,7.64017149143653
"64269",-1.86400421454801,10.0117238415121
"204358",-2.4479091492257,7.47847474029502
"135868",-1.58552647647096,8.71814983237996
"222015",-0.0943231048325499,7.16406439085318
"266914",-3.04079723674458,6.34659748230442
"91595",-1.94485259011876,9.51765043524633
"109025",-1.63044224067693,9.2032400858045
"270687",-0.399750301433187,6.28371541241605
"265577",-1.65739169920052,6.373546940828
"114554",-1.07348676452283,9.10442540455135
"280554",-1.05552045884044,6.10405235559215
"293956",-1.20823405714076,5.86150722887988
"185197",-0.453649218480359,7.82881770110163
"211887",-1.78315583897725,7.34372744767709
"242215",-1.6843411577241,6.79575512436418
"55803",-2.01671781284833,10.1644374398124
"178798",0.103306257673745,7.94559868803717
"127923",-1.52264440658259,8.86188027783908
"277491",-1.78315583897725,6.15795127263932
"185213",-0.309918773021235,7.82881770110163
"178750",-0.327885078703626,7.94559868803717
"45857",-2.0706167298955,10.3441004966363
"125423",-1.65739169920052,8.90679604204506
"181188",-0.750093262239801,7.90068292383119
"121841",-2.58265644184362,8.96967811193342
"37334",-2.73537004014394,10.4968140949366
"133874",-1.63942539351813,8.75408244374474
"11147",-1.35196450259988,10.97292119552
"91314",-0.00449157642059772,9.52663358808753
"214317",-2.27722924524299,7.29881168347111
"248594",-2.42095969070211,6.67897413742864
"263928",-3.07672984810936,6.40049639935159
"153403",-0.327885078703626,8.40373948293812
"247147",-2.02570096568952,6.70592359595223
"251286",-0.561447052574701,6.63405837322267
"25641",-0.624329122463068,10.7124097631253
"271664",-0.552463899733506,6.26574910673366
"12975",-2.78926895719111,10.9369885841552
"178550",-2.12451564694267,7.94559868803717
"124427",-1.67535800488291,8.92476234772745
"255645",-1.58552647647096,6.55320999765191
"305959",-0.534497594051115,5.64591156069119
"109003",-1.82807160318323,9.2032400858045
"187188",-0.426699759956773,7.79288508973685
"130550",-0.247036703132868,8.8169645136331
"243127",-2.42095969070211,6.77778881868179
"183039",-1.98078520148355,7.86475031246641
"299431",-1.13636883441119,5.76269254762673
"187741",0.076356799150159,7.78390193689565
"163694",-1.63942539351813,8.21509327327302
"15555",-1.93586943727757,10.8920728199492
"204421",-1.8819705202304,7.47847474029502
"241953",0.426699759956773,6.80473827720538
"157146",-2.42095969070211,8.33187426020856
"224568",0.516531288368725,7.11914862664721
"151743",-1.84603790886562,8.43068894146171
"185938",-2.72638688730275,7.81085139541924
"139793",-2.04366727137191,8.64628460965039
"282531",-1.15433514009359,6.06811974422737
"211339",-2.24129663387821,7.35271060051828
"14485",-2.61858905320841,10.9100391256316
"210830",-2.34909446797255,7.36169375335948
"327680",-1.85502106170681,5.2506528356786
"148937",-0.265003008815259,8.48458785850888
"265444",-2.85215102707948,6.373546940828
"129950",-1.17230144577598,8.8259476664743
"131414",-1.41484657248825,8.79899820795071
"224283",-2.04366727137191,7.11914862664721
"145922",-0.561447052574701,8.53848677555605
"259597",-1.80112214465964,6.48134477492235
"269226",-0.130255716197331,6.31066487093964
"246229",-1.34298134975868,6.72388990163462
"188144",-0.768059567922191,7.77491878405446
"227060",0.579413358257091,7.07423286244123
"114506",-1.5046781009002,9.10442540455135
"107583",-1.19026775145837,9.23018954432808
"188498",-2.05265042421311,7.76593563121326
"100708",-0.444666065639163,9.35595368410482
"129852",-2.05265042421311,8.8259476664743
"300497",-0.48958182984514,5.74472624194434
"353009",-2.01671781284833,4.79251204077765
"244622",-2.38502707933733,6.7508393601582
"55802",-2.02570096568952,10.1644374398124
"86852",0.0943231048325495,9.60748196365828
"109514",-1.70230746340649,9.1942569329633
"270696",-0.31890192586243,6.28371541241605
"97099",-1.61247593499454,9.41883575399318
"175618",-1.67535800488291,7.99949760508434
"203870",-2.36706077365494,7.48745789313621
"199910",-2.22333032819582,7.55932311586577
"246325",-0.480598677003944,6.72388990163462
"122372",-2.27722924524299,8.96069495909223
"245745",-1.22620036282315,6.73287305447581
"252699",-1.26213297418793,6.60710891469908
"133903",-1.37891396112347,8.75408244374474
"187514",-1.96281889580115,7.78390193689565
"154168",-2.38502707933733,8.38577317725573
"253028",-2.77130265150872,6.59812576185789
"105039",-1.72027376908888,9.27510530853406
"139308",-1.93586943727757,8.65526776249159
"316817",-1.21721720998195,5.4482821981849
"275004",-1.80112214465964,6.2028670368453
"253662",-1.54061071226498,6.58914260901669
"214361",-1.8819705202304,7.29881168347111
"159882",-0.166188327562112,8.28695849600259
"242692",-1.86400421454801,6.78677197152299
"65222",-2.23231348103701,9.99375753582968
"277688",-0.0134747292617932,6.15795127263932
"141908",-0.902806860540119,8.61035199828561
"205656",0.282969314497649,7.46050843461263
"134971",-0.71416065087502,8.73611613806235
"14218",-0.552463899733506,10.9190222784728
"190633",-0.73212695655741,7.73000301984848
"16983",-2.50180806627287,10.8651233614256
"338084",-2.15146510546625,5.0620066260135
"87563",-2.4479091492257,9.58951565797589
"140844",-1.53162755942378,8.628318303968
"276235",0.327885078703625,6.18490073116291
"137837",-1.75620638045366,8.68221722101518
"23589",-1.19925090429956,10.7483423744901
"180583",-1.72027376908888,7.90966607667239
"295774",-2.73537004014394,5.8255746175151
"278584",-0.893823707698924,6.13998496695693
"186478",-2.34011131513135,7.80186824257804
"57827",-1.6933243105653,10.1285048284476
"15692",-0.705177498033824,10.8920728199492
"273696",-0.157205174720916,6.22981649536888
"234978",0.273986161656454,6.93050241698211
"128964",-1.10043622304641,8.84391397215669
"285104",-0.363817690068406,6.02320398002139
"191504",-1.83705475602442,7.71203671416609
"112024",-1.47772864237661,9.14934116875733
"136860",-1.60349278215335,8.70018352669757
"74859",-0.48958182984514,9.82307763184697
"296377",-1.78315583897725,5.8165914646739
"63323",-1.43281287817064,10.0296901471945
"238659",-2.37604392649613,6.85863719425255
"253898",0.579413358257091,6.58914260901669
"106014",-1.89095367307159,9.25713900285167
"204442",-1.6933243105653,7.47847474029502
"115004",-1.495694948059,9.09544225171016
"125928",-1.58552647647096,8.89781288920386
"90535",-2.53774067763765,9.53561674092872
"308412",-0.821958484969362,5.60099579648522
"83757",-0.92077316622251,9.66138088070545
"257156",-1.40586341964705,6.52626053912832
"243452",0.498564982686334,6.77778881868179
"96534",-2.22333032819582,9.42781890683438
"222383",-1.25314982134673,7.15508123801199
"237459",0.238053550291673,6.88558665277613
"199934",-2.00773466000713,7.55932311586577
"126847",-2.2592629395606,8.87984658352147
"184049",-1.83705475602442,7.84678400678402
"108512",-1.77417268613606,9.21222323864569
"108523",-1.67535800488291,9.21222323864569
"311949",-0.30093562018004,5.53811372659685
"302512",-0.247036703132868,5.70879363057956
"235291",-1.37891396112347,6.92151926414091
"107259",0.363817690068406,9.23917269716928
"272245",0.202120938926892,6.25676595389247
"335200",-1.27111612702912,5.11590554306068
"113693",0.121272563356135,9.12239171023374
"188214",-0.139238869038526,7.77491878405446
"291595",-0.0943231048325499,5.90642299308585
"244745",-1.28009927987032,6.7508393601582
"40112",-0.103306257673745,10.4518983307306
"253106",-2.0706167298955,6.59812576185789
"277961",-2.02570096568952,6.14896811979813
"123924",-1.72925692193008,8.93374550056864
"210801",-2.60960590036721,7.36169375335948
"49930",-1.19925090429956,10.2722352739067
"281634",-0.282969314497649,6.08608604990976
"187211",-0.220087244609283,7.79288508973685
"137784",-2.23231348103701,8.68221722101518
"288692",0.615345969621872,5.96032191013303
"258451",-3.16656137652131,6.49931108060474
"307890",-1.04653730599924,5.60997894932641
"271738",0.11228941051494,6.26574910673366
"229050",0.597379663939482,7.03830025107645
"253667",-1.495694948059,6.58914260901669
"156191",-2.0706167298955,8.34984056589095
"154165",-2.41197653786092,8.38577317725573
"293011",-0.768059567922191,5.87947353456227
"322715",-1.81010529750084,5.34048436409056
"193442",-2.28621239808418,7.67610410280131
"66824",-1.23518351566434,9.96680807730609
"33053",-1.01060469463446,10.5776624705074
"187677",-0.498564982686335,7.78390193689565
"299032",-0.256019855974064,5.77167570046793
"38884",-2.20536402251343,10.469864636413
"135984",-0.543480746892311,8.71814983237996
"213037",-0.381783995750797,7.3257611419947
"121944",-1.65739169920052,8.96967811193342
"7309",-0.11228941051494,11.0447864182495
"210895",-1.76518953329486,7.36169375335948
"273245",0.256019855974063,6.23879964821008
"274200",-0.0943231048325499,6.22083334252769
"295457",-1.1184025287288,5.83455777035629
"237108",-2.91503309696785,6.88558665277613
"183179",-0.723143803716215,7.86475031246641
"200593",-0.552463899733506,7.55033996302458
"104696",-0.336868231544821,9.28408846137526
"322726",-1.71129061624769,5.34048436409056
"126581",-0.184154633244502,8.88882973636267
"254883",0.498564982686334,6.5711763033343
"271142",-0.777042720763386,6.27473225957486
"243895",0.0134747292617927,6.76880566584059
"298858",-1.81908845034203,5.77167570046793
"216734",-2.88808363844426,7.25389591926514
"99035",-2.07959988273669,9.3829031426284
"213586",0.0853399519913545,7.3167779891535
"265993",-2.38502707933733,6.36456378798681
"116004",-1.44179603101183,9.07747594602776
"208582",-0.220087244609283,7.40660951756545
"302441",-0.884840554857729,5.70879363057956
"282579",-0.723143803716215,6.06811974422737
"256785",-0.273986161656454,6.53524369196952
"297272",-2.67248797025558,5.79862515899151
"68156",-2.66350481741438,9.93985861878251
"238675",-2.23231348103701,6.85863719425255
"120935",-1.79213899181845,8.98764441761581
"59208",-2.68147112309677,10.101555369924
"258971",-2.95994886117382,6.49032792776354
"15523",-2.22333032819582,10.8920728199492
"41969",-1.28009927987032,10.4159657193659
"77229",-1.52264440658259,9.77816186764099
"202418",-2.01671781284833,7.5144073516598
"14025",-2.28621239808418,10.9190222784728
"232277",-1.66637485204171,6.97541818118808
"160673",-1.98976835432474,8.2689921903202
"316244",-1.89993682591279,5.45726535102609
"25574",-1.22620036282315,10.7124097631253
"306465",-0.453649218480359,5.63692840785
"208570",-0.327885078703626,7.40660951756545
"66773",-1.6933243105653,9.96680807730609
"20483",-2.31316185660777,10.8022412915372
"299979",-0.678228039510239,5.75370939478554
"104026",-1.89095367307159,9.29307161421645
"264083",-1.6843411577241,6.40049639935159
"121974",-1.38789711396466,8.96967811193342
"195675",-0.0853399519913549,7.64017149143653
"44825",-2.41197653786092,10.3620668023187
"31030",-1.32501504407629,10.6135950818721
"112986",-1.76518953329486,9.13137486307494
"313390",-0.750093262239801,5.51116426807326
"261840",0.489581829845139,6.44541216355757
"245929",0.426699759956773,6.73287305447581
"328751",-1.16331829293478,5.23268652999621
"89713",-0.992638388952071,9.55358304661111
"117113",-0.408733454274382,9.05950964034538
"319875",-0.534497594051115,5.39438328113773
"315213",-2.23231348103701,5.47523165670848
"37322",-2.84316787423829,10.4968140949366
"58260",-2.26824609240179,10.1195216756064
"135359",-1.6933243105653,8.72713298522115
"33877",-2.53774067763765,10.559696164825
"126067",-0.336868231544821,8.89781288920386
"125635",0.247036703132868,8.90679604204506
"113517",-1.45976233669422,9.12239171023374
"121444",-1.6843411577241,8.97866126477462
"138827",-1.79213899181845,8.66425091533278
"176642",-1.40586341964705,7.98153129940195
"89072",-2.28621239808418,9.56256619945231
"150207",-2.2502797867194,8.4576383999853
"201926",-1.97180204864235,7.52339050450099
"117099",-0.534497594051115,9.05950964034538
"130031",-0.444666065639163,8.8259476664743
"186510",-2.05265042421311,7.80186824257804
"262241",-0.372800842909601,6.43642901071637
"224408",-0.92077316622251,7.11914862664721
"320674",-2.28621239808418,5.37641697545534
"35102",-0.462632371321554,10.5417298591426
"246578",-2.67248797025558,6.71490674879342
"169317",-0.238053550291673,8.11627859201988
"279696",0.166188327562111,6.12201866127454
"162635",-2.22333032819582,8.23305957895541
"8774",-0.345851384386016,11.0178369597259
"300398",-1.37891396112347,5.74472624194434
"181224",-0.426699759956773,7.90068292383119
"240116",-2.68147112309677,6.83168773572896
"296078",-0.00449157642059772,5.8255746175151
"24135",-0.759076415080996,10.7393592216489
"24136",-0.750093262239801,10.7393592216489
"108041",-1.54061071226498,9.22120639148689
"137474",-0.552463899733506,8.69120037385637
"301477",-0.615345969621873,5.72675993626195
"199835",-2.89706679128546,7.55932311586577
"117490",-1.48671179521781,9.05052648750418
"68236",-1.94485259011876,9.93985861878251
"265736",-0.229070397450478,6.373546940828
"95759",-0.256019855974064,9.44578521251677
"175611",-1.73824007477127,7.99949760508434
"305980",-0.345851384386016,5.64591156069119
"240599",-2.80723526287351,6.82270458288777
"50339",-1.98976835432474,10.2632521210655
"126814",-2.55570698332004,8.87984658352147
"90145",-1.57654332362976,9.54459989376992
"269526",-1.89993682591279,6.30168171809844
"127107",0.076356799150159,8.87984658352147
"265824",0.561447052574701,6.373546940828
"245131",-2.27722924524299,6.74185620731701
"163136",-2.18739771683104,8.22407642611422
"17646",-1.01060469463446,10.8561402085844
"129402",-1.63044224067693,8.83493081931549
"24185",-0.309918773021235,10.7393592216489
"65170",-2.69943742877916,9.99375753582968
"161804",-0.759076415080996,8.25102588463781
"199928",-2.0616335770543,7.55932311586577
"138365",-1.47772864237661,8.67323406817398
"102111",-1.23518351566434,9.32900422558123
"150722",-2.08858303557789,8.4486552471441
"111506",-1.66637485204171,9.15832432159852
"246446",0.606362816780677,6.72388990163462
"101276",0.193137786085697,9.34697053126362
"329726",-1.33399819691749,5.21472022431382
"307233",-2.48384176059048,5.61896210216761
"110584",-1.01958784747566,9.17629062728091
"100576",-1.63044224067693,9.35595368410482
"120685",0.426699759956773,8.99662757045701
"328183",-1.80112214465964,5.24166968283741
"276888",-2.73537004014394,6.16693442548052
"224703",-2.73537004014394,7.11016547380601
"263034",-2.17841456398984,6.41846270503398
"214807",-2.34011131513135,7.28982853062992
"32880",-2.56469013616123,10.5776624705074
"152195",-2.2502797867194,8.42170578862051
"118867",-2.51079121911406,9.02357702898059
"194181",-0.11228941051494,7.66712094996012
"32163",-0.0763567991501595,10.5956287761898
"74714",-1.79213899181845,9.82307763184697
"110529",-1.51366125374139,9.17629062728091
"83644",-1.93586943727757,9.66138088070545
"123439",-1.62145908783574,8.94272865340984
"119989",-1.36094765544108,9.0056107232982
"115498",-1.52264440658259,9.08645909886896
"213251",-2.92401624980904,7.3167779891535
"151171",-2.51977437195526,8.4396720943029
"206801",-2.8252015685559,7.43355897608904
"300874",-1.56756017078857,5.73574308910314
"199859",-2.68147112309677,7.55932311586577
"152406",-0.354834537227211,8.42170578862051
"152743",-1.79213899181845,8.41272263577932
"259582",-1.93586943727757,6.48134477492235
"313841",-1.16331829293478,5.50218111523207
"272451",-2.41197653786092,6.24778280105127
"129621",0.336868231544821,8.83493081931549
"27170",-0.282969314497649,10.6854603046017
"253361",0.220087244609283,6.59812576185789
"219297",-2.18739771683104,7.20898015505916
"11051",-2.21434717535462,10.97292119552
"127361",-2.10654934126028,8.87086343068028
"94557",-2.12451564694267,9.46375151819916
"18625",-1.14535198725239,10.838173902902
"161184",-1.86400421454801,8.260009037479
"317739",-1.86400421454801,5.43031589250251
"274715",0.067373646308964,6.21185018968649
"25609",-0.911790013381315,10.7124097631253
"105200",-0.273986161656454,9.27510530853406
"235975",0.30093562018004,6.91253611129972
"37550",-0.795009026445777,10.4968140949366
"48399",-1.55857701794737,10.2991847324303
"33111",-0.48958182984514,10.5776624705074
"128537",-0.471615524162749,8.85289712499788
"270935",-2.6365553588908,6.27473225957486
"131324",-2.22333032819582,8.79899820795071
"112458",-2.04366727137191,9.14035801591613
"114604",-0.624329122463068,9.10442540455135
"256053",-2.38502707933733,6.54422684481071
"222557",0.309918773021235,7.15508123801199
"244705",-1.63942539351813,6.7508393601582
"184471",-2.51079121911406,7.83780085394283
"168162",-1.6843411577241,8.13424489770227
"239402",-0.166188327562112,6.84965404141135
"305351",-1.53162755942378,5.65489471353239
"100053",-1.86400421454801,9.36493683694601
"265956",-2.71740373446155,6.36456378798681
"79813",-0.633312275304263,9.73324610343502
"37867",-2.41197653786092,10.4878309420954
"150852",-0.92077316622251,8.4486552471441
"284654",0.0583904934677686,6.03218713286259
"332143",-1.94485259011876,5.16980446010785
"115956",-1.8729873673892,9.07747594602776
"267003",-2.24129663387821,6.34659748230442
"306002",-0.148222021879721,5.64591156069119
"196945",-2.0706167298955,7.61322203291294
"38356",-2.48384176059048,10.4788477892542
"323271",-1.28009927987032,5.33150121124936
"161863",-0.229070397450478,8.25102588463781
"301368",-1.59450962931215,5.72675993626195
"270196",-0.345851384386016,6.29269856525725
"59250",-2.30417870376657,10.101555369924
"195887",-2.64553851173199,7.63118833859533
"214304",-2.39401023217853,7.29881168347111
"108465",-2.19638086967223,9.21222323864569
"147744",-2.05265042421311,8.50255416419127
"277532",-1.41484657248825,6.15795127263932
"195136",-0.462632371321554,7.64915464427773
"329715",-1.43281287817064,5.21472022431382
"183660",-0.866874249175338,7.85576715962522
"208386",-1.98078520148355,7.40660951756545
"222506",-0.148222021879721,7.15508123801199
"305842",-1.58552647647096,5.64591156069119
"104446",-2.58265644184362,9.28408846137526
"97513",-2.35807762081374,9.40985260115199
"100758",0.00449157642059728,9.35595368410482
"181991",-2.46587545490809,7.8827166181488
"315408",-0.480598677003944,5.47523165670848
"42586",-0.202120938926893,10.4069825665247
"246626",-2.24129663387821,6.71490674879342
"115589",-0.705177498033824,9.08645909886896
"300496",-0.498564982686335,5.74472624194434
"110971",-2.00773466000713,9.16730747443972
"18989",-2.34011131513135,10.8291907500608
"302548",0.076356799150159,5.70879363057956
"168833",-0.121272563356135,8.12526174486107
"316882",-0.633312275304263,5.4482821981849
"117476",-1.61247593499454,9.05052648750418
"326670",-1.99875150716594,5.26861914136099
"32371",-2.67248797025558,10.5866456233486
"27654",-0.399750301433187,10.6764771517605
"269243",0.0224578821029877,6.31066487093964
"16686",-0.705177498033824,10.8741065142668
"251769",-0.687211192351434,6.62507522038147
"207357",-2.29519555092538,7.42457582324785
"302430",-0.983655236110876,5.70879363057956
"325760",-1.24416666850554,5.28658544704338
"270191",-0.390767148591992,6.29269856525725
"214838",-2.0616335770543,7.28982853062992
"116105",-0.534497594051115,9.07747594602776
"242207",-1.75620638045366,6.79575512436418
"243873",-0.184154633244502,6.76880566584059
"36977",-1.47772864237661,10.5057972477778
"95501",-2.57367328900243,9.44578521251677
"19086",-1.46874548953542,10.8291907500608
"302987",-0.444666065639163,5.69981047773836
"218294",-2.26824609240179,7.22694646074155
"157671",-2.16943141114864,8.32289110736737
"152196",-2.24129663387821,8.42170578862051
"164623",-2.22333032819582,8.19712696759063
"46933",-1.33399819691749,10.3261341909539
"176593",-1.84603790886562,7.98153129940195
"212601",0.166188327562111,7.33474429483589
"249131",-2.0616335770543,6.66999098458745
"274387",-2.87910048560307,6.21185018968649
"35503",-1.32501504407629,10.5327467063014
"217308",-2.19638086967223,7.24491276642394
"326701",-1.72027376908888,5.26861914136099
"343551",-2.15146510546625,4.96319194476036
"191026",-1.66637485204171,7.72101986700729
"265835",0.660261733827848,6.373546940828
"135495",-0.471615524162749,8.72713298522115
"185507",-2.13349879978386,7.81983454826043
"129971",-0.983655236110876,8.8259476664743
"266430",-2.92401624980904,6.35558063514561
"145957",-0.247036703132868,8.53848677555605
"66993",0.282969314497649,9.96680807730609
"124560",-0.480598677003944,8.92476234772745
"107715",-0.00449157642059772,9.23018954432808
"250635",-1.94485259011876,6.64304152606386
"79671",-1.90891997875398,9.73324610343502
"33365",-2.67248797025558,10.5686793176662
"85597",-2.2502797867194,9.62544826934067
"283640",-0.121272563356135,6.05015343854498
"190646",-0.615345969621873,7.73000301984848
"217535",-0.157205174720916,7.24491276642394
"20516",-2.01671781284833,10.8022412915372
"115506",-1.45077918385303,9.08645909886896
"101463",-2.59163959468482,9.33798737842243
"23955",-2.37604392649613,10.7393592216489
"39045",-0.759076415080996,10.469864636413
"140929",-0.768059567922191,8.628318303968
"108229",0.148222021879721,9.22120639148689
"128500",-0.803992179286972,8.85289712499788
"299012",-0.435682912797968,5.77167570046793
"124895",-1.93586943727757,8.91577919488625
"73357",-0.588396511098287,9.85002709037055
"304829",-1.75620638045366,5.66387786637358
"12173",-1.06450361168163,10.9549548898376
"73208",-1.92688628443637,9.85002709037055
"198586",-0.723143803716215,7.58627257438936
"31895",-2.48384176059048,10.5956287761898
"291279",-2.93299940265024,5.90642299308585
"181767",-0.0134747292617932,7.89169977099
"116505",-1.40586341964705,9.06849279318657
"12622",-1.495694948059,10.9459717369964
"11028",-2.42095969070211,10.97292119552
"260586",-1.84603790886562,6.46337846923996
"275686",-0.139238869038526,6.1938838840041
"25060",-1.37891396112347,10.7213929159665
"292776",-2.87910048560307,5.87947353456227
"330603",-2.38502707933733,5.19675391863143
"114917",-2.27722924524299,9.09544225171016
"122451",-1.56756017078857,8.96069495909223
"80387",0.0583904934677686,9.72426295059382
"134967",-0.750093262239801,8.73611613806235
"135859",-1.66637485204171,8.71814983237996
"104533",-1.80112214465964,9.28408846137526
"188029",-1.80112214465964,7.77491878405446
"114025",-1.36094765544108,9.11340855739255
"135940",-0.9387394719049,8.71814983237996
"13007",-2.50180806627287,10.9369885841552
"238648",-2.47485860774928,6.85863719425255
"124140",0.211104091768088,8.93374550056864
"257978",-2.95096570833263,6.50829423344593
"124012",-0.9387394719049,8.93374550056864
"118584",-0.588396511098287,9.03256018182179
"178580",-1.85502106170681,7.94559868803717
"348536",-2.01671781284833,4.8733604163484
"354497",-2.04366727137191,4.76556258225406
"212267",-2.83418472139709,7.33474429483589
"51745",-2.75333634582633,10.2363026625419
"120937",-1.77417268613606,8.98764441761581
"115975",-1.70230746340649,9.07747594602776
"304464",-0.570430205415896,5.67286101921478
"242801",-0.884840554857729,6.78677197152299
"172113",-1.90891997875398,8.06237967497271
"280630",-0.372800842909601,6.10405235559215
"39568",-0.52551444120992,10.4608814835718
"207346",-2.39401023217853,7.42457582324785
"25896",-2.79825211003231,10.7034266102841
"255639",-1.63942539351813,6.55320999765191
"224546",0.31890192586243,7.11914862664721
"174782",-0.256019855974064,8.01746391076673
"132335",-2.0706167298955,8.78103190226832
"52358",-1.71129061624769,10.2273195097008
"29058",-1.18128459861717,10.6495276932369
"190691",-0.211104091768088,7.73000301984848
"129365",-1.96281889580115,8.83493081931549
"64176",-2.69943742877916,10.0117238415121
"233793",-1.44179603101183,6.9484687226645
"18622",-1.17230144577598,10.838173902902
"262289",0.0583904934677686,6.43642901071637
"115670",0.0224578821029877,9.08645909886896
"205906",-1.93586943727757,7.45152528177143
"107131",-0.786025873604582,9.23917269716928
"120476",-1.45077918385303,8.99662757045701
"95074",-1.94485259011876,9.45476836535796
"191192",-0.175171480403307,7.72101986700729
"245611",-2.42994284354331,6.73287305447581
"181086",-1.66637485204171,7.90068292383119
"254536",-2.61858905320841,6.5711763033343
"125998",-0.95670577758729,8.89781288920386
"19143",-0.95670577758729,10.8291907500608
"29015",-1.56756017078857,10.6495276932369
"138358",-1.54061071226498,8.67323406817398
"142772",-2.0706167298955,8.59238569260322
"101559",-1.72925692193008,9.33798737842243
"249216",-1.29806558555271,6.66999098458745
"219776",-2.34909446797255,7.19999700221797
"21656",-0.705177498033824,10.7842749858549
"239466",0.408733454274382,6.84965404141135
"189434",-2.57367328900243,7.74796932553087
"258239",-0.606362816780677,6.50829423344593
"132916",-1.3160318912351,8.77204874942713
"148731",-2.11553249410147,8.48458785850888
"301925",-1.05552045884044,5.71777678342075
"27460",-2.14248195262506,10.6764771517605
"224754",-2.27722924524299,7.11016547380601
"153923",-0.121272563356135,8.39475633009693
"234648",-2.69045427593797,6.93050241698211
"222762",-2.31316185660777,7.14609808517079
"119457",-1.67535800488291,9.0145938761394
"262050",-2.08858303557789,6.43642901071637
"146226",-2.29519555092538,8.52950362271486
"96588",-1.73824007477127,9.42781890683438
"103166",-0.687211192351434,9.31103791989884
"182188",-0.696194345192629,7.8827166181488
"10784",-0.148222021879721,10.9819043483611
"13654",-1.15433514009359,10.928005431314
"55758",-2.42095969070211,10.1644374398124
"21131",-0.95670577758729,10.7932581386961
"313716",-2.28621239808418,5.50218111523207
"114149",-0.247036703132868,9.11340855739255
"167082",-2.45689230206689,8.15221120338466
"12154",-1.23518351566434,10.9549548898376
"19193",-0.50754813552753,10.8291907500608
"232519",0.50754813552753,6.97541818118808
"183457",-2.69045427593797,7.85576715962522
"160160",-2.13349879978386,8.27797534316139
"44873",-1.98078520148355,10.3620668023187
"203186",0.417716607115577,7.5054241988186
"234741",-1.85502106170681,6.93050241698211
"308990",-0.0943231048325499,5.59201264364402
"89301",-0.229070397450478,9.56256619945231
"86155",-1.70230746340649,9.61646511649948
"18647",-0.947722624746095,10.838173902902
"312889",-0.786025873604582,5.52014742091446
"107468",-2.22333032819582,9.23018954432808
"271699",-0.238053550291673,6.26574910673366
"80237",-1.28908243271151,9.72426295059382
"208165",0.498564982686334,7.41559267040665
"181073",-1.78315583897725,7.90068292383119
"258029",-2.49282491343167,6.50829423344593
"335618",-1.98078520148355,5.10692239021948
"23598",-1.1184025287288,10.7483423744901
"126943",-1.39688026680586,8.87984658352147
"31908",-2.36706077365494,10.5956287761898
"232293",-1.52264440658259,6.97541818118808
"121966",-1.45976233669422,8.96967811193342
"15667",-0.929756319063705,10.8920728199492
"107059",-1.43281287817064,9.23917269716928
"144448",-0.408733454274382,8.56543623407964
"180014",-2.36706077365494,7.91864922951358
"277186",-0.058390493467769,6.16693442548052
"194551",-1.25314982134673,7.65813779711892
"79214",-1.54959386510617,9.74222925627621
"273154",-0.561447052574701,6.23879964821008
"188716",-0.0943231048325499,7.76593563121326
"312417",-0.561447052574701,5.52913057375565
"4807",-0.265003008815259,11.0897021824555
"10746",-0.48958182984514,10.9819043483611
"157178",-2.13349879978386,8.33187426020856
"195923",-2.32214500944896,7.63118833859533
"238484",0.516531288368725,6.86762034709374
"204951",-1.58552647647096,7.46949158745382
"86555",-2.57367328900243,9.60748196365828
"222855",-1.47772864237661,7.14609808517079
"201940",-1.84603790886562,7.52339050450099
"37328",-2.78926895719111,10.4968140949366
"158160",-2.24129663387821,8.31390795452617
"252156",-1.67535800488291,6.61609206754028
"310476",-0.139238869038526,5.56506318512044
"185316",0.615345969621872,7.82881770110163
"258583",-1.98078520148355,6.49931108060474
"162668",-1.92688628443637,8.23305957895541
"245682",-1.79213899181845,6.73287305447581
"249153",-1.86400421454801,6.66999098458745
"119921",-1.97180204864235,9.0056107232982
"46824",-2.31316185660777,10.3261341909539
"159371",-0.291952467338845,8.29594164884378
"118159",0.0583904934677686,9.04154333466298
"223751",-2.35807762081374,7.1281317794884
"1828",-0.238053550291673,11.1436010995027
"67869",-0.777042720763386,9.9488417716237
"174033",-2.51977437195526,8.02644706360793
"224710",-2.67248797025558,7.11016547380601
"134892",-1.42382972532944,8.73611613806235
"98613",-1.40586341964705,9.3918862954696
"196567",-1.00162154179327,7.62220518575414
"140303",-1.92688628443637,8.6373014568092
"251388",0.354834537227211,6.63405837322267
"98525",-2.19638086967223,9.3918862954696
"22552",-1.58552647647096,10.7663086801725
"53235",-2.76231949866753,10.2093532040184
"21658",-0.687211192351434,10.7842749858549
"101997",-2.2592629395606,9.32900422558123
"179036",-2.22333032819582,7.93661553519597
"300038",-0.148222021879721,5.75370939478554
"27078",-1.10941937588761,10.6854603046017
"287501",-1.15433514009359,5.97828821581542
"303480",-0.480598677003944,5.69082732489717
"135995",-0.444666065639163,8.71814983237996
"221787",-2.14248195262506,7.16406439085318
"300059",0.0404241877853782,5.75370939478554
"223256",-2.34011131513135,7.1371149323296
"154277",-1.40586341964705,8.38577317725573
"297446",-1.10941937588761,5.79862515899151
"277219",0.238053550291673,6.16693442548052
"37458",-1.62145908783574,10.4968140949366
"102067",-1.63044224067693,9.32900422558123
"124394",-1.97180204864235,8.92476234772745
"165621",-2.18739771683104,8.17916066190824
"97333",0.489581829845139,9.41883575399318
"82084",-2.55570698332004,9.68833033922904
"13968",-2.79825211003231,10.9190222784728
"333197",-1.40586341964705,5.15183815442546
"195882",-2.69045427593797,7.63118833859533
"209646",0.408733454274382,7.38864321188306
"80130",-2.2502797867194,9.72426295059382
"173569",-2.22333032819582,8.03543021644912
"257289",-0.211104091768088,6.52626053912832
"117952",-1.80112214465964,9.04154333466298
"225054",0.417716607115577,7.11016547380601
"301864",-1.60349278215335,5.71777678342075
"303432",-0.911790013381315,5.69082732489717
"299499",-0.52551444120992,5.76269254762673
"111389",-2.71740373446155,9.15832432159852
"143277",-1.99875150716594,8.58340253976203
"301030",-0.166188327562112,5.73574308910314
"331722",-1.26213297418793,5.17878761294904
"125885",-1.97180204864235,8.89781288920386
"323202",-1.89993682591279,5.33150121124936
"167079",-2.48384176059048,8.15221120338466
"280623",-0.435682912797968,6.10405235559215
"264196",-0.669244886669044,6.40049639935159
"337565",-2.34909446797255,5.0709897788547
"181974",-2.61858905320841,7.8827166181488
"9297",-0.11228941051494,11.0088538068847
"21155",-0.741110109398605,10.7932581386961
"117382",-2.45689230206689,9.05052648750418
"344046",-2.16943141114864,4.95420879191916
"264185",-0.768059567922191,6.40049639935159
"9525",-2.52875752479645,10.9998706540435
"16147",-1.08246991736402,10.883089667108
"111404",-2.58265644184362,9.15832432159852
"268655",-0.795009026445777,6.31964802378083
"248910",0.417716607115577,6.67897413742864
"103968",-2.41197653786092,9.29307161421645
"301935",-0.965688930428486,5.71777678342075
"189954",-2.36706077365494,7.73898617268968
"294552",-0.31890192586243,5.85252407603868
"16709",-0.498564982686335,10.8741065142668
"163298",-0.73212695655741,8.22407642611422
"135458",-0.803992179286972,8.72713298522115
"150276",-1.63044224067693,8.4576383999853
"21127",-0.992638388952071,10.7932581386961
"189901",-2.84316787423829,7.73898617268968
"30061",-1.10043622304641,10.6315613875545
"263606",-1.5046781009002,6.40947955219279
"31058",-1.07348676452283,10.6135950818721
"109478",-2.02570096568952,9.1942569329633
"261602",-1.64840854635932,6.44541216355757
"14265",-0.130255716197331,10.9190222784728
"12157",-1.20823405714076,10.9549548898376
"184685",-0.588396511098287,7.83780085394283
"39096",-0.30093562018004,10.469864636413
"296095",0.148222021879721,5.8255746175151
"112155",-0.30093562018004,9.14934116875733
"125911",-1.73824007477127,8.89781288920386
"227990",0.00449157642059728,7.05626655675884
"162685",-1.77417268613606,8.23305957895541
"25096",-1.05552045884044,10.7213929159665
"197899",-2.42994284354331,7.59525572723055
"264155",-1.03755415315805,6.40049639935159
"107045",-1.55857701794737,9.23917269716928
"180268",-0.0853399519913549,7.91864922951358
"72196",-2.08858303557789,9.86799339605294
"208358",-2.23231348103701,7.40660951756545
"15229",-0.399750301433187,10.9010559727904
"272887",-2.95994886117382,6.23879964821008
"116999",-1.43281287817064,9.05950964034538
"45528",-0.561447052574701,10.3530836494775
"224993",-0.130255716197331,7.11016547380601
"31067",-0.992638388952071,10.6135950818721
"81292",-0.741110109398605,9.70629664491143
"93565",-2.10654934126028,9.48171782388155
"262252",-0.273986161656454,6.43642901071637
"14105",-1.56756017078857,10.9190222784728
"202840",-2.69045427593797,7.5054241988186
"147954",-0.166188327562112,8.50255416419127
"203409",-2.04366727137191,7.49644104597741
"48485",-0.786025873604582,10.2991847324303
"86704",-1.23518351566434,9.60748196365828
"11673",-1.09145307020522,10.9639380426788
"111552",-1.25314982134673,9.15832432159852
"119450",-1.73824007477127,9.0145938761394
"259939",-3.1935108350449,6.47236162208115
"106513",-1.8729873673892,9.24815585001047
"213111",0.282969314497649,7.3257611419947
"287095",-0.336868231544821,5.98727136865661
"187438",-2.64553851173199,7.78390193689565
"274155",-0.498564982686335,6.22083334252769
"149773",-1.6843411577241,8.46662155282649
"110995",-1.79213899181845,9.16730747443972
"165671",-1.73824007477127,8.17916066190824
"267964",-2.53774067763765,6.32863117662203
"286161",0.202120938926892,6.005237674339
"242654",-2.20536402251343,6.78677197152299
"206351",-2.40299338501972,7.44254212893024
"66276",-1.6933243105653,9.97579123014729
"245609",-2.4479091492257,6.73287305447581
"34075",-0.759076415080996,10.559696164825
"192522",-1.62145908783574,7.6940704084837
"231762",-1.82807160318323,6.98440133402928
"80141",-2.15146510546625,9.72426295059382
"212889",-1.71129061624769,7.3257611419947
"214846",-1.98976835432474,7.28982853062992
"203088",-0.462632371321554,7.5054241988186
"245644",-2.13349879978386,6.73287305447581
"303931",-0.893823707698924,5.68184417205597
"297270",-2.69045427593797,5.79862515899151
"25549",-1.45077918385303,10.7124097631253
"186551",-1.6843411577241,7.80186824257804
"118890",-2.30417870376657,9.02357702898059
"16962",-2.69045427593797,10.8651233614256
"338052",-2.4389259963845,5.0620066260135
"229705",-2.4479091492257,7.02033394539406
"119494",-1.34298134975868,9.0145938761394
"248920",0.50754813552753,6.67897413742864
"293490",-0.929756319063705,5.87049038172107
"294969",-1.03755415315805,5.84354092319749
"35605",-0.408733454274382,10.5327467063014
"271229",0.00449157642059728,6.27473225957486
"215283",-2.52875752479645,7.28084537778872
"114412",-2.34909446797255,9.10442540455135
"170739",-0.857891096334143,8.08932913349629
"259860",0.561447052574701,6.48134477492235
"284639",-0.0763567991501595,6.03218713286259
"199591",-0.624329122463068,7.56830626870697
"106443",-2.50180806627287,9.24815585001047
"52245",-2.72638688730275,10.2273195097008
"252171",-1.54061071226498,6.61609206754028
"294544",-0.390767148591992,5.85252407603868
"99171",-0.857891096334143,9.3829031426284
"250565",-2.57367328900243,6.64304152606386
"296367",-1.8729873673892,5.8165914646739
"117992",-1.44179603101183,9.04154333466298
"176087",-1.92688628443637,7.99051445224314
"74307",-0.983655236110876,9.83206078468816
"255224",-0.902806860540119,6.5621931504931
"321325",-0.902806860540119,5.36743382261414
"91766",-0.408733454274382,9.51765043524633
"114389",-2.55570698332004,9.10442540455135
"15054",-1.97180204864235,10.9010559727904
"290958",-1.35196450259988,5.91540614592705
"201387",-2.34909446797255,7.53237365734219
"298270",-2.6365553588908,5.78065885330912
"257748",-0.552463899733506,6.51727738628713
"70221",-1.97180204864235,9.90392600741773
"248023",-3.08571300095056,6.68795729026984
"294087",-0.0314410349441836,5.86150722887988
"161142",-2.24129663387821,8.260009037479
"265089",-1.57654332362976,6.3825300936692
"45813",-2.46587545490809,10.3441004966363
"11692",-0.92077316622251,10.9639380426788
"191644",-0.579413358257092,7.71203671416609
"278483",-1.80112214465964,6.13998496695693
"139271",-2.26824609240179,8.65526776249159
"204139",0.0494073406265736,7.48745789313621
"144831",-1.43281287817064,8.55645308123844
"101088",-1.495694948059,9.34697053126362
"246693",-1.63942539351813,6.71490674879342
"183566",-1.71129061624769,7.85576715962522
"185068",-1.61247593499454,7.82881770110163
"25105",-0.974672083269681,10.7213929159665
"306449",-0.597379663939482,5.63692840785
"233010",0.453649218480358,6.96643502834689
"123398",-1.98976835432474,8.94272865340984
"21997",-2.10654934126028,10.7752918330137
"309418",-0.71416065087502,5.58302949080283
"181954",-2.79825211003231,7.8827166181488
"98057",-1.93586943727757,9.40086944831079
"106548",-1.55857701794737,9.24815585001047
"143463",-0.327885078703626,8.58340253976203
"150902",-0.471615524162749,8.4486552471441
"19235",-0.130255716197331,10.8291907500608
"110036",-1.47772864237661,9.18527378012211
"39816",-2.76231949866753,10.4518983307306
"270751",0.175171480403307,6.28371541241605
"200880",-2.4389259963845,7.54135681018338
"255042",-2.53774067763765,6.5621931504931
"240733",-1.60349278215335,6.82270458288777
"149809",-1.36094765544108,8.46662155282649
"277641",-0.435682912797968,6.15795127263932
"178497",-2.60062274752601,7.94559868803717
"249787",-0.633312275304263,6.66100783174625
"270737",0.0494073406265736,6.28371541241605
"108481",-2.05265042421311,9.21222323864569
"302546",0.0583904934677686,5.70879363057956
"270029",-1.84603790886562,6.29269856525725
"108012",-1.80112214465964,9.22120639148689
"16025",-2.17841456398984,10.883089667108
"194901",-2.57367328900243,7.64915464427773
"263918",-3.16656137652131,6.40049639935159
"241898",-0.0673736463089645,6.80473827720538
"178042",-2.22333032819582,7.95458184087836
"113583",-0.866874249175338,9.12239171023374
"259989",-2.74435319298514,6.47236162208115
"95793",0.0494073406265736,9.44578521251677
"267543",-1.85502106170681,6.33761432946322
"105067",-1.46874548953542,9.27510530853406
"319835",-0.893823707698924,5.39438328113773
"113113",-0.624329122463068,9.13137486307494
"151386",-0.588396511098287,8.4396720943029
"271515",-1.89095367307159,6.26574910673366
"117973",-1.61247593499454,9.04154333466298
"252810",-0.265003008815259,6.60710891469908
"44830",-2.36706077365494,10.3620668023187
"94280",-0.148222021879721,9.47273467104035
"22160",-0.642295428145458,10.7752918330137
"124966",-1.29806558555271,8.91577919488625
"308982",-0.166188327562112,5.59201264364402
"307988",-0.166188327562112,5.60997894932641
"307454",-0.498564982686335,5.61896210216761
"7284",-0.336868231544821,11.0447864182495
"268931",-2.78028580434992,6.31066487093964
"302727",-2.78028580434992,5.69981047773836
"164616",-2.28621239808418,8.19712696759063
"147408",-0.606362816780677,8.51153731703247
"174581",-2.0616335770543,8.01746391076673
"155669",-2.29519555092538,8.35882371873215
"240130",-2.55570698332004,6.83168773572896
"20181",-0.561447052574701,10.8112244443784
"194676",-0.130255716197331,7.65813779711892
"201399",-2.24129663387821,7.53237365734219
"133501",-0.52551444120992,8.76306559658593
"254676",-1.36094765544108,6.5711763033343
"14591",-1.66637485204171,10.9100391256316
"122462",-1.46874548953542,8.96069495909223
"146803",-1.57654332362976,8.52052046987366
"81651",-1.98078520148355,9.69731349207023
"24977",-2.12451564694267,10.7213929159665
"104002",-2.10654934126028,9.29307161421645
"88218",-1.02857100031685,9.5805325051347
"325232",-1.52264440658259,5.29556859988458
"129940",-1.26213297418793,8.8259476664743
"255637",-1.65739169920052,6.55320999765191
"178598",-1.6933243105653,7.94559868803717
"120448",-1.70230746340649,8.99662757045701
"200628",-0.238053550291673,7.55033996302458
"334611",-2.09756618841908,5.12488869590187
"288523",-0.902806860540119,5.96032191013303
"81909",0.336868231544821,9.69731349207023
"171597",-2.07959988273669,8.0713628278139
"118142",-0.0943231048325499,9.04154333466298
"177725",-0.606362816780677,7.96356499371956
"177527",-2.38502707933733,7.96356499371956
"82751",-1.02857100031685,9.67934718638784
"294489",-0.884840554857729,5.85252407603868
"196619",-0.534497594051115,7.62220518575414
"169872",0.282969314497649,8.10729543917868
"223071",0.462632371321554,7.14609808517079
"265994",-2.37604392649613,6.36456378798681
"113532",-1.32501504407629,9.12239171023374
"142941",-0.552463899733506,8.59238569260322
"141997",-0.103306257673745,8.61035199828561
"126561",-0.363817690068406,8.88882973636267
"260136",-1.42382972532944,6.47236162208115
"134022",-0.309918773021235,8.75408244374474
"82619",-2.21434717535462,9.67934718638784
"302981",-0.498564982686335,5.69981047773836
"327230",-1.43281287817064,5.2596359885198
"176548",-2.2502797867194,7.98153129940195
"99559",-1.83705475602442,9.37391998978721
"297324",-2.20536402251343,5.79862515899151
"226665",-2.96893201401502,7.07423286244123
"278623",-0.543480746892311,6.13998496695693
"43049",-0.50754813552753,10.3979994136835
"240185",-2.0616335770543,6.83168773572896
"210827",-2.37604392649613,7.36169375335948
"267682",-0.606362816780677,6.33761432946322
"72164",-2.37604392649613,9.86799339605294
"207670",0.516531288368725,7.42457582324785
"262202",-0.723143803716215,6.43642901071637
"180713",-0.552463899733506,7.90966607667239
"12045",-2.21434717535462,10.9549548898376
"186502",-2.12451564694267,7.80186824257804
"256114",-1.83705475602442,6.54422684481071
"219008",-0.31890192586243,7.21796330790036
"330106",-2.38502707933733,5.20573707147263
"302020",-0.202120938926893,5.71777678342075
"249697",-1.44179603101183,6.66100783174625
"153359",-0.723143803716215,8.40373948293812
"187074",-1.45077918385303,7.79288508973685
"101460",-2.61858905320841,9.33798737842243
"126062",-0.381783995750797,8.89781288920386
"249751",-0.95670577758729,6.66100783174625
"351030",-1.93586943727757,4.82844465214243
"114660",-0.121272563356135,9.10442540455135
"72841",-0.759076415080996,9.85901024321175
"277874",-2.80723526287351,6.14896811979813
"26119",-0.795009026445777,10.7034266102841
"182963",-2.66350481741438,7.86475031246641
"17025",-2.12451564694267,10.8651233614256
"305827",-1.72027376908888,5.64591156069119
"247237",-1.21721720998195,6.70592359595223
"257120",-1.72925692193008,6.52626053912832
"31383",-2.61858905320841,10.604611929031
"181092",-1.61247593499454,7.90068292383119
"31070",-0.965688930428486,10.6135950818721
"300947",-0.911790013381315,5.73574308910314
"121427",-1.83705475602442,8.97866126477462
"168619",-2.04366727137191,8.12526174486107
"113500",-1.61247593499454,9.12239171023374
"300317",-2.10654934126028,5.74472624194434
"274693",-0.130255716197331,6.21185018968649
"21988",-2.18739771683104,10.7752918330137
"120344",-2.6365553588908,8.99662757045701
"125480",-1.14535198725239,8.90679604204506
"25623",-0.786025873604582,10.7124097631253
"232217",-2.20536402251343,6.97541818118808
"247613",-2.30417870376657,6.69694044311103
"118440",-1.8819705202304,9.03256018182179
"146468",-0.121272563356135,8.52950362271486
"309715",-2.51079121911406,5.57404633796163
"329629",-2.20536402251343,5.21472022431382
"10297",-0.058390493467769,10.9908875012023
"312725",-2.2592629395606,5.52014742091446
"118931",-1.93586943727757,9.02357702898059
"246037",-3.06774669526817,6.72388990163462
"289828",-2.57367328900243,5.93337245160944
"77195",-1.82807160318323,9.77816186764099
"117105",-0.480598677003944,9.05950964034538
"114651",-0.202120938926893,9.10442540455135
"119465",-1.60349278215335,9.0145938761394
"109518",-1.66637485204171,9.1942569329633
"250127",-2.04366727137191,6.65202467890506
"127868",-2.01671781284833,8.86188027783908
"22412",-2.84316787423829,10.7663086801725
"293776",-2.8252015685559,5.86150722887988
"178118",-1.54061071226498,7.95458184087836
"225553",0.435682912797968,7.10118232096482
"287038",-0.848907943492948,5.98727136865661
"106447",-2.46587545490809,9.24815585001047
"251142",-1.85502106170681,6.63405837322267
"238654",-2.42095969070211,6.85863719425255
"69790",-1.37891396112347,9.91290916025892
"99060",-1.85502106170681,9.3829031426284
"87699",-1.22620036282315,9.58951565797589
"273679",-0.309918773021235,6.22981649536888
"285114",-0.273986161656454,6.02320398002139
"76794",-0.965688930428486,9.78714502048219
"338645",-1.57654332362976,5.05302347317231
"174051",-2.35807762081374,8.02644706360793
"127412",-1.64840854635932,8.87086343068028
"116976",-1.63942539351813,9.05950964034538
"185488",-2.30417870376657,7.81983454826043
"214866",-1.81010529750084,7.28982853062992
"27396",-2.71740373446155,10.6764771517605
"127127",0.256019855974063,8.87984658352147
"341548",-2.28621239808418,4.99912455612514
"291125",0.148222021879721,5.91540614592705
"230970",-0.0134747292617932,7.00236763971167
"246109",-2.42095969070211,6.72388990163462
"19635",-1.00162154179327,10.8202075972196
"102460",-2.56469013616123,9.32002107274004
"319357",-0.723143803716215,5.40336643397892
"242874",-0.229070397450478,6.78677197152299
"300021",-0.30093562018004,5.75370939478554
"227219",-2.45689230206689,7.06524970960004
"120605",-0.291952467338845,8.99662757045701
"296049",-0.265003008815259,5.8255746175151
"23110",-1.03755415315805,10.7573255273313
"12153",-1.24416666850554,10.9549548898376
"251144",-1.83705475602442,6.63405837322267
"266349",0.812975332128167,6.36456378798681
"26100",-0.965688930428486,10.7034266102841
"38475",-1.41484657248825,10.4788477892542
"224531",0.184154633244502,7.11914862664721
"118991",-1.39688026680586,9.02357702898059
"294563",-0.220087244609283,5.85252407603868
"267817",0.606362816780677,6.33761432946322
"26427",-2.49282491343167,10.6944434574429
"30615",-0.588396511098287,10.6225782347133
"125389",-1.96281889580115,8.90679604204506
"271446",-2.51079121911406,6.26574910673366
"164151",-1.99875150716594,8.20611012043183
"119403",-2.16044825830745,9.0145938761394
"260066",-2.05265042421311,6.47236162208115
"166095",-2.39401023217853,8.17017750906705
