"","x","y"
"22660",-0.615345969621873,10.7663086801725
"195944",-2.13349879978386,7.63118833859533
"169844",0.0314410349441832,8.10729543917868
"173793",-0.211104091768088,8.03543021644912
"285650",0.076356799150159,6.0142208271802
"179321",0.336868231544821,7.93661553519597
"75674",-2.09756618841908,9.80511132616458
"27079",-1.10043622304641,10.6854603046017
"238706",-1.95383574295996,6.85863719425255
"75646",-2.34909446797255,9.80511132616458
"108990",-1.94485259011876,9.2032400858045
"49258",-2.77130265150872,10.2812184267479
"277365",-2.91503309696785,6.15795127263932
"99293",0.238053550291673,9.3829031426284
"77100",-2.68147112309677,9.77816186764099
"64734",-2.15146510546625,10.0027406886709
"110901",-2.6365553588908,9.16730747443972
"326230",-1.48671179521781,5.27760229420219
"21623",-1.00162154179327,10.7842749858549
"274947",-2.31316185660777,6.2028670368453
"78667",-1.99875150716594,9.75121240911741
"81658",-1.91790313159518,9.69731349207023
"214313",-2.31316185660777,7.29881168347111
"112032",-1.40586341964705,9.14934116875733
"269952",-2.53774067763765,6.29269856525725
"107669",-0.417716607115578,9.23018954432808
"122909",-1.91790313159518,8.95171180625103
"166614",-2.19638086967223,8.16119435622585
"88241",-0.821958484969362,9.5805325051347
"103477",-2.35807762081374,9.30205476705765
"243188",-1.8729873673892,6.77778881868179
"251157",-1.72027376908888,6.63405837322267
"242123",-2.51079121911406,6.79575512436418
"118430",-1.97180204864235,9.03256018182179
"34380",-2.48384176059048,10.5507130119838
"179773",-0.0673736463089645,7.92763238235478
"299550",-0.0673736463089645,5.76269254762673
"97000",-2.50180806627287,9.41883575399318
"183965",-2.59163959468482,7.84678400678402
"63769",-1.89095367307159,10.0207069943533
"227198",-2.64553851173199,7.06524970960004
"262120",-1.45976233669422,6.43642901071637
"190252",0.309918773021235,7.73898617268968
"205895",-2.03468411853072,7.45152528177143
"183553",-1.82807160318323,7.85576715962522
"262981",-2.65452166457319,6.41846270503398
"260618",-1.55857701794737,6.46337846923996
"203122",-0.157205174720916,7.5054241988186
"296469",-0.95670577758729,5.8165914646739
"108525",-1.65739169920052,9.21222323864569
"89540",-2.54672383047884,9.55358304661111
"229745",-2.08858303557789,7.02033394539406
"336124",-1.89993682591279,5.09793923737828
"274641",-0.597379663939482,6.21185018968649
"183040",-1.97180204864235,7.86475031246641
"177708",-0.759076415080996,7.96356499371956
"151737",-1.89993682591279,8.43068894146171
"312234",-2.20536402251343,5.52913057375565
"20013",-2.0706167298955,10.8112244443784
"210357",-2.13349879978386,7.37067690620067
"352506",-2.0706167298955,4.80149519361884
"78334",-0.52551444120992,9.7601955619586
"266278",0.175171480403307,6.36456378798681
"105698",-0.265003008815259,9.26612215569286
"188634",-0.830941637810557,7.76593563121326
"273573",-1.26213297418793,6.22981649536888
"324663",-2.16943141114864,5.30455175272577
"190191",-0.238053550291673,7.73898617268968
"276641",-0.48958182984514,6.17591757832171
"159875",-0.229070397450478,8.28695849600259
"214781",-2.57367328900243,7.28982853062992
"144254",-2.15146510546625,8.56543623407964
"16986",-2.47485860774928,10.8651233614256
"123169",0.417716607115577,8.95171180625103
"38045",-0.812975332128167,10.4878309420954
"339563",-2.2592629395606,5.03505716748992
"111957",-2.07959988273669,9.14934116875733
"92641",-1.47772864237661,9.49968412956394
"13164",-1.09145307020522,10.9369885841552
"322284",-1.21721720998195,5.34946751693175
"145759",-2.02570096568952,8.53848677555605
"283884",-2.39401023217853,6.04117028570378
"119524",-1.07348676452283,9.0145938761394
"109599",-0.9387394719049,9.1942569329633
"15241",-0.291952467338845,10.9010559727904
"284895",-2.24129663387821,6.02320398002139
"177544",-2.23231348103701,7.96356499371956
"198181",0.103306257673745,7.59525572723055
"212860",-1.97180204864235,7.3257611419947
"99250",-0.148222021879721,9.3829031426284
"302277",-2.35807762081374,5.70879363057956
"114005",-1.54061071226498,9.11340855739255
"300015",-0.354834537227211,5.75370939478554
"98600",-1.52264440658259,9.3918862954696
"340625",-1.64840854635932,5.01709086180753
"303487",-0.417716607115578,5.69082732489717
"100770",0.11228941051494,9.35595368410482
"207884",-2.02570096568952,7.41559267040665
"321822",-0.902806860540119,5.35845066977295
"296066",-0.11228941051494,5.8255746175151
"89077",-2.24129663387821,9.56256619945231
"53336",-1.85502106170681,10.2093532040184
"99715",-0.435682912797968,9.37391998978721
"301537",-0.0763567991501595,5.72675993626195
"211871",-1.92688628443637,7.34372744767709
"274233",0.202120938926892,6.22083334252769
"239382",-0.345851384386016,6.84965404141135
"275258",0.480598677003944,6.2028670368453
"189649",-0.642295428145458,7.74796932553087
"20091",-1.36993080828227,10.8112244443784
"182524",-2.14248195262506,7.87373346530761
"293419",-1.56756017078857,5.87049038172107
"206377",-2.16943141114864,7.44254212893024
"18123",-1.19026775145837,10.8471570557432
"145226",-2.34909446797255,8.54746992839725
"37027",-1.02857100031685,10.5057972477778
"281971",-1.72027376908888,6.07710289706856
"261632",-1.37891396112347,6.44541216355757
"264976",-2.59163959468482,6.3825300936692
"118355",-2.64553851173199,9.03256018182179
"309876",-1.06450361168163,5.57404633796163
"24629",-0.786025873604582,10.7303760688077
"290123",0.076356799150159,5.93337245160944
"117012",-1.3160318912351,9.05950964034538
"241249",-1.43281287817064,6.81372143004657
"303003",-0.30093562018004,5.69981047773836
"313430",-0.390767148591992,5.51116426807326
"237755",-1.56756017078857,6.87660349993494
"100571",-1.67535800488291,9.35595368410482
"279840",-3.0048646253798,6.11303550843334
"10710",-0.812975332128167,10.9819043483611
"116415",-2.21434717535462,9.06849279318657
"282150",-0.11228941051494,6.07710289706856
"74198",-1.96281889580115,9.83206078468816
"56718",-2.72638688730275,10.14647113413
"306495",-0.184154633244502,5.63692840785
"188968",-2.29519555092538,7.75695247837207
"264015",-2.29519555092538,6.40049639935159
"80074",-2.75333634582633,9.72426295059382
"144826",-1.47772864237661,8.55645308123844
"305993",-0.229070397450478,5.64591156069119
"29050",-1.25314982134673,10.6495276932369
"310476",-0.139238869038526,5.56506318512044
"25416",-2.64553851173199,10.7124097631253
"11672",-1.10043622304641,10.9639380426788
"281146",-0.202120938926893,6.09506920275095
"114935",-2.11553249410147,9.09544225171016
"238803",-1.08246991736402,6.85863719425255
"242144",-2.32214500944896,6.79575512436418
"120016",-1.1184025287288,9.0056107232982
"257147",-1.48671179521781,6.52626053912832
"318834",-0.95670577758729,5.41234958682012
"271984",-2.14248195262506,6.25676595389247
"82738",-1.14535198725239,9.67934718638784
"94779",-0.130255716197331,9.46375151819916
"325173",-2.05265042421311,5.29556859988458
"22623",-0.947722624746095,10.7663086801725
"287919",-1.86400421454801,5.96930506297422
"305730",-2.59163959468482,5.64591156069119
"186175",-0.597379663939482,7.81085139541924
"100027",-2.09756618841908,9.36493683694601
"60207",-2.6365553588908,10.0835890642416
"78807",-0.741110109398605,9.75121240911741
"95297",0.0583904934677686,9.45476836535796
"34024",-1.21721720998195,10.559696164825
"82208",-1.44179603101183,9.68833033922904
"311917",-0.588396511098287,5.53811372659685
"51753",-2.68147112309677,10.2363026625419
"152688",-2.28621239808418,8.41272263577932
"111696",0.0404241877853782,9.15832432159852
"163657",-1.97180204864235,8.21509327327302
"289430",-1.6843411577241,5.94235560445063
"234754",-1.73824007477127,6.93050241698211
"295963",-1.03755415315805,5.8255746175151
"169649",-1.72027376908888,8.10729543917868
"99189",-0.696194345192629,9.3829031426284
"307432",-0.696194345192629,5.61896210216761
"73156",-2.39401023217853,9.85002709037055
"29597",-0.803992179286972,10.6405445403957
"251577",-2.41197653786092,6.62507522038147
"25600",-0.992638388952071,10.7124097631253
"279186",0.0494073406265736,6.13100181411573
"103533",-1.85502106170681,9.30205476705765
"185485",-2.33112816229016,7.81983454826043
"32967",-1.78315583897725,10.5776624705074
"110052",-1.33399819691749,9.18527378012211
"180270",-0.0673736463089645,7.91864922951358
"180221",-0.50754813552753,7.91864922951358
"89174",-1.36993080828227,9.56256619945231
"156239",-1.63942539351813,8.34984056589095
"298788",-2.4479091492257,5.77167570046793
"123453",-1.495694948059,8.94272865340984
"195163",-0.220087244609283,7.64915464427773
"133886",-1.53162755942378,8.75408244374474
"233157",-2.69045427593797,6.95745187550569
"209882",-1.93586943727757,7.37966005904187
"22127",-0.9387394719049,10.7752918330137
"270672",-0.534497594051115,6.28371541241605
"117971",-1.63044224067693,9.04154333466298
"276368",-2.94198255549143,6.17591757832171
"14989",-2.55570698332004,10.9010559727904
"138941",-0.768059567922191,8.66425091533278
"114405",-2.41197653786092,9.10442540455135
"235209",-2.11553249410147,6.92151926414091
"299041",-0.175171480403307,5.77167570046793
"234666",-2.52875752479645,6.93050241698211
"177304",0.076356799150159,7.97254814656075
"279529",-1.33399819691749,6.12201866127454
"92705",-0.902806860540119,9.49968412956394
"111248",0.480598677003944,9.16730747443972
"89669",-1.38789711396466,9.55358304661111
"265045",-1.97180204864235,6.3825300936692
"280138",-0.327885078703626,6.11303550843334
"112147",-0.372800842909601,9.14934116875733
"149376",-0.786025873604582,8.47560470566768
"114903",-2.40299338501972,9.09544225171016
"116474",-1.6843411577241,9.06849279318657
"74137",-2.51079121911406,9.83206078468816
"318310",-1.19925090429956,5.42133273966131
"109985",-1.93586943727757,9.18527378012211
"177516",-2.48384176059048,7.96356499371956
"247175",-1.77417268613606,6.70592359595223
"170808",-0.238053550291673,8.08932913349629
"278656",-0.247036703132868,6.13998496695693
"198146",-0.211104091768088,7.59525572723055
"299258",-2.69045427593797,5.76269254762673
"204826",-2.70842058162036,7.46949158745382
"262529",-2.2502797867194,6.42744585787518
"251537",-2.77130265150872,6.62507522038147
"246671",-1.83705475602442,6.71490674879342
"101277",0.202120938926892,9.34697053126362
"209300",-2.69943742877916,7.38864321188306
"123416",-1.82807160318323,8.94272865340984
"248777",-0.777042720763386,6.67897413742864
"136834",-1.83705475602442,8.70018352669757
"103050",-1.72925692193008,9.31103791989884
"313257",-1.94485259011876,5.51116426807326
"128386",-1.82807160318323,8.85289712499788
"24943",-2.42994284354331,10.7213929159665
"283997",-1.37891396112347,6.04117028570378
"19957",-2.57367328900243,10.8112244443784
"303034",-0.0224578821029882,5.69981047773836
"48298",-2.46587545490809,10.2991847324303
"291141",0.291952467338844,5.91540614592705
"16489",-2.47485860774928,10.8741065142668
"177528",-2.37604392649613,7.96356499371956
"123671",0.462632371321554,8.94272865340984
"236265",-1.55857701794737,6.90355295845852
"307974",-0.291952467338845,5.60997894932641
"106507",-1.92688628443637,9.24815585001047
"90116",-1.83705475602442,9.54459989376992
"244147",-2.18739771683104,6.7598225129994
"281926",-2.12451564694267,6.07710289706856
"174532",-2.50180806627287,8.01746391076673
"272042",-1.62145908783574,6.25676595389247
"178485",-2.70842058162036,7.94559868803717
"210373",-1.98976835432474,7.37067690620067
"49347",-1.97180204864235,10.2812184267479
"107512",-1.82807160318323,9.23018954432808
"302871",-1.48671179521781,5.69981047773836
"116483",-1.60349278215335,9.06849279318657
"202885",-2.28621239808418,7.5054241988186
"195953",-2.05265042421311,7.63118833859533
"191658",-0.453649218480359,7.71203671416609
"216122",0.54348074689231,7.27186222494753
"154374",-0.534497594051115,8.38577317725573
"186030",-1.89993682591279,7.81085139541924
"136010",-0.309918773021235,8.71814983237996
"144043",0.417716607115577,8.57441938692083
"90836",0.166188327562111,9.53561674092872
"191994",-1.89993682591279,7.7030535613249
"138059",0.238053550291673,8.68221722101518
"173123",-1.76518953329486,8.04441336929031
"27948",-2.22333032819582,10.6674939989193
"247214",-1.42382972532944,6.70592359595223
"206363",-2.29519555092538,7.44254212893024
"306001",-0.157205174720916,5.64591156069119
"269003",-2.13349879978386,6.31066487093964
"269287",0.417716607115577,6.31066487093964
"106721",-0.00449157642059772,9.24815585001047
"265425",-3.02283093106219,6.373546940828
"237139",-2.6365553588908,6.88558665277613
"261561",-2.01671781284833,6.44541216355757
"232684",-2.47485860774928,6.96643502834689
"117477",-1.60349278215335,9.05052648750418
"101964",-2.55570698332004,9.32900422558123
"113507",-1.54959386510617,9.12239171023374
"112462",-2.00773466000713,9.14035801591613
"34879",-2.46587545490809,10.5417298591426
"298570",0.0583904934677686,5.78065885330912
"138785",-2.16943141114864,8.66425091533278
"93524",-2.47485860774928,9.48171782388155
"122139",0.0943231048325495,8.96967811193342
"193254",0.489581829845139,7.68508725564251
"213785",-2.59163959468482,7.30779483631231
"333157",-1.76518953329486,5.15183815442546
"109506",-1.77417268613606,9.1942569329633
"312281",-1.78315583897725,5.52913057375565
"90063",-2.31316185660777,9.54459989376992
"288562",-0.552463899733506,5.96032191013303
"284616",-0.282969314497649,6.03218713286259
"107578",-1.23518351566434,9.23018954432808
"154660",-2.42994284354331,8.37679002441454
"258192",-1.02857100031685,6.50829423344593
"315822",-1.22620036282315,5.46624850386729
"157233",-1.63942539351813,8.33187426020856
"313878",-0.830941637810557,5.50218111523207
"151889",-0.534497594051115,8.43068894146171
"108537",-1.54959386510617,9.21222323864569
"241615",-2.60960590036721,6.80473827720538
"262466",-2.8162184157147,6.42744585787518
"198131",-0.345851384386016,7.59525572723055
"110998",-1.76518953329486,9.16730747443972
"115383",-2.55570698332004,9.08645909886896
"112516",-1.52264440658259,9.14035801591613
"23471",-2.2592629395606,10.7483423744901
"255354",0.265003008815259,6.5621931504931
"275477",-2.01671781284833,6.1938838840041
"137978",-0.48958182984514,8.68221722101518
"115951",-1.91790313159518,9.07747594602776
"129916",-1.47772864237661,8.8259476664743
"44791",-2.71740373446155,10.3620668023187
"70172",-2.41197653786092,9.90392600741773
"145842",-1.28009927987032,8.53848677555605
"11195",-0.92077316622251,10.97292119552
"110037",-1.46874548953542,9.18527378012211
"259067",-2.09756618841908,6.49032792776354
"35335",-2.83418472139709,10.5327467063014
"28396",-2.66350481741438,10.6585108460781
"311441",-0.399750301433187,5.54709687943805
"36366",-2.50180806627287,10.514780400619
"261506",-2.51079121911406,6.44541216355757
"203358",-2.50180806627287,7.49644104597741
"23154",-0.642295428145458,10.7573255273313
"115991",-1.55857701794737,9.07747594602776
"198880",-2.54672383047884,7.57728942154816
"11134",-1.46874548953542,10.97292119552
"197139",-0.327885078703626,7.61322203291294
"108687",-0.202120938926893,9.21222323864569
"311364",-1.09145307020522,5.54709687943805
"253181",-1.39688026680586,6.59812576185789
"291558",-0.426699759956773,5.90642299308585
"252834",-0.049407340626574,6.60710891469908
"115952",-1.90891997875398,9.07747594602776
"280183",0.076356799150159,6.11303550843334
"182963",-2.66350481741438,7.86475031246641
"132068",-0.00449157642059772,8.79001505510952
"121994",-1.20823405714076,8.96967811193342
"123487",-1.19026775145837,8.94272865340984
"244250",-1.26213297418793,6.7598225129994
"192456",-2.21434717535462,7.6940704084837
"251586",-2.33112816229016,6.62507522038147
"212522",-0.543480746892311,7.33474429483589
"281131",-0.336868231544821,6.09506920275095
"86535",-2.75333634582633,9.60748196365828
"72183",-2.20536402251343,9.86799339605294
"73639",-2.51977437195526,9.84104393752936
"257602",-1.86400421454801,6.51727738628713
"281593",-0.651278580986653,6.08608604990976
"315265",-1.76518953329486,5.47523165670848
"316332",-1.10941937588761,5.45726535102609
"269791",0.480598677003944,6.30168171809844
"124523",-0.812975332128167,8.92476234772745
"95092",-1.78315583897725,9.45476836535796
"330153",-1.96281889580115,5.20573707147263
"282351",-2.77130265150872,6.06811974422737
"98114",-1.42382972532944,9.40086944831079
"121659",0.247036703132868,8.97866126477462
"170557",-2.49282491343167,8.08932913349629
"109020",-1.67535800488291,9.2032400858045
"194517",-1.55857701794737,7.65813779711892
"306969",-0.390767148591992,5.6279452550088
"317834",-1.01060469463446,5.43031589250251
"310453",-0.345851384386016,5.56506318512044
"156682",-2.12451564694267,8.34085741304976
"301417",-1.15433514009359,5.72675993626195
"291578",-0.247036703132868,5.90642299308585
"330580",-2.59163959468482,5.19675391863143
"166676",-1.63942539351813,8.16119435622585
"213136",0.50754813552753,7.3257611419947
"185433",-2.79825211003231,7.81983454826043
"244600",-2.58265644184362,6.7508393601582
"122528",-0.875857402016534,8.96069495909223
"33888",-2.4389259963845,10.559696164825
"111040",-1.38789711396466,9.16730747443972
"268946",-2.64553851173199,6.31066487093964
"116988",-1.53162755942378,9.05950964034538
"41853",-2.32214500944896,10.4159657193659
"14666",-0.992638388952071,10.9100391256316
"170630",-1.83705475602442,8.08932913349629
"246561",-2.8252015685559,6.71490674879342
"243222",-1.56756017078857,6.77778881868179
"245736",-1.3070487383939,6.73287305447581
"269112",-1.15433514009359,6.31066487093964
"42359",-2.24129663387821,10.4069825665247
"215841",-1.98078520148355,7.27186222494753
"324666",-2.14248195262506,5.30455175272577
"305521",-0.00449157642059772,5.65489471353239
"197949",-1.98078520148355,7.59525572723055
"185758",0.121272563356135,7.81983454826043
"223734",-2.51079121911406,7.1281317794884
"300543",-0.0763567991501595,5.74472624194434
"266909",-3.08571300095056,6.34659748230442
"223042",0.202120938926892,7.14609808517079
"244760",-1.14535198725239,6.7508393601582
"23111",-1.02857100031685,10.7573255273313
"189914",-2.72638688730275,7.73898617268968
"18461",-2.61858905320841,10.838173902902
"314390",-0.696194345192629,5.49319796239087
"295520",-0.552463899733506,5.83455777035629
"171572",-2.30417870376657,8.0713628278139
"314890",-0.669244886669044,5.48421480954968
"114966",-1.83705475602442,9.09544225171016
"67798",-1.41484657248825,9.9488417716237
"193932",-2.34909446797255,7.66712094996012
"233248",-1.8729873673892,6.95745187550569
"173785",-0.282969314497649,8.03543021644912
"105053",-1.59450962931215,9.27510530853406
"206161",0.354834537227211,7.45152528177143
"268566",-1.59450962931215,6.31964802378083
"204047",-0.777042720763386,7.48745789313621
"186012",-2.0616335770543,7.81085139541924
"145701",-2.54672383047884,8.53848677555605
"129922",-1.42382972532944,8.8259476664743
"47763",-2.80723526287351,10.3081678852715
"320350",-0.73212695655741,5.38540012829653
"195464",-1.98078520148355,7.64017149143653
"30982",-1.75620638045366,10.6135950818721
"33605",-0.516531288368725,10.5686793176662
"165118",-2.24129663387821,8.18814381474944
"242380",-0.202120938926893,6.79575512436418
"87125",-1.91790313159518,9.59849881081709
"231197",-2.4389259963845,6.99338448687048
"222738",-2.52875752479645,7.14609808517079
"47874",-1.81010529750084,10.3081678852715
"149903",-0.516531288368725,8.46662155282649
"204898",-2.0616335770543,7.46949158745382
"100073",-1.6843411577241,9.36493683694601
"93176",-1.13636883441119,9.49070097672275
"204455",-1.57654332362976,7.47847474029502
"19184",-0.588396511098287,10.8291907500608
"231326",-1.28009927987032,6.99338448687048
"216799",-2.30417870376657,7.25389591926514
"286001",-1.23518351566434,6.005237674339
"284651",0.0314410349441832,6.03218713286259
"198910",-2.27722924524299,7.57728942154816
"302875",-1.45077918385303,5.69981047773836
"134883",-1.5046781009002,8.73611613806235
"211850",-2.11553249410147,7.34372744767709
"190510",-1.83705475602442,7.73000301984848
"112504",-1.63044224067693,9.14035801591613
"323675",-2.11553249410147,5.32251805840817
"178985",-2.68147112309677,7.93661553519597
"137804",-2.05265042421311,8.68221722101518
"149691",-2.42095969070211,8.46662155282649
"107678",-0.336868231544821,9.23018954432808
"181071",-1.80112214465964,7.90068292383119
"276669",-0.238053550291673,6.17591757832171
"249757",-0.902806860540119,6.66100783174625
"111495",-1.76518953329486,9.15832432159852
"162692",-1.71129061624769,8.23305957895541
"206406",-1.90891997875398,7.44254212893024
"26087",-1.08246991736402,10.7034266102841
"99496",-2.40299338501972,9.37391998978721
"175019",-2.59163959468482,8.00848075792553
"249698",-1.43281287817064,6.66100783174625
"192965",-2.10654934126028,7.68508725564251
"183167",-0.830941637810557,7.86475031246641
"168129",-1.98078520148355,8.13424489770227
"203879",-2.28621239808418,7.48745789313621
"300075",0.184154633244502,5.75370939478554
"111685",-0.058390493467769,9.15832432159852
"90582",-2.11553249410147,9.53561674092872
"143842",-1.38789711396466,8.57441938692083
"254677",-1.35196450259988,6.5711763033343
"240249",-1.48671179521781,6.83168773572896
"285800",-3.04079723674458,6.005237674339
"197944",-2.02570096568952,7.59525572723055
"116001",-1.46874548953542,9.07747594602776
"193158",-0.372800842909601,7.68508725564251
"28430",-2.35807762081374,10.6585108460781
"38851",-2.50180806627287,10.469864636413
"119437",-1.85502106170681,9.0145938761394
"234808",-1.25314982134673,6.93050241698211
"265526",-2.11553249410147,6.373546940828
"267205",-0.426699759956773,6.34659748230442
"179469",-2.79825211003231,7.92763238235478
"181030",-2.16943141114864,7.90068292383119
"188445",-2.52875752479645,7.76593563121326
"173594",-1.99875150716594,8.03543021644912
"90518",-2.69045427593797,9.53561674092872
"101574",-1.59450962931215,9.33798737842243
"300056",0.0134747292617927,5.75370939478554
"38996",-1.19925090429956,10.469864636413
"11541",-2.27722924524299,10.9639380426788
"118525",-1.1184025287288,9.03256018182179
"320677",-2.2592629395606,5.37641697545534
"212764",-2.83418472139709,7.3257611419947
"315364",-0.875857402016534,5.47523165670848
"310734",-2.28621239808418,5.55608003227924
"250010",-3.09469615379175,6.65202467890506
"24957",-2.30417870376657,10.7213929159665
"100779",0.193137786085697,9.35595368410482
"278157",-0.265003008815259,6.14896811979813
"306244",-2.4389259963845,5.63692840785
"287115",-0.157205174720916,5.98727136865661
"36348",-2.66350481741438,10.514780400619
"99566",-1.77417268613606,9.37391998978721
"233512",0.498564982686334,6.95745187550569
"171547",-2.52875752479645,8.0713628278139
"342110",-1.70230746340649,4.99014140328394
"267801",0.462632371321554,6.33761432946322
"222017",-0.0763567991501595,7.16406439085318
"134904",-1.3160318912351,8.73611613806235
"285516",-1.12738568157,6.0142208271802
"245239",-1.3070487383939,6.74185620731701
"113562",-1.05552045884044,9.12239171023374
"121054",-0.723143803716215,8.98764441761581
"129888",-1.72925692193008,8.8259476664743
"272992",-2.01671781284833,6.23879964821008
"148884",-0.741110109398605,8.48458785850888
"219775",-2.35807762081374,7.19999700221797
"108004",-1.8729873673892,9.22120639148689
"267284",0.282969314497649,6.34659748230442
"141828",-1.62145908783574,8.61035199828561
"345546",-2.08858303557789,4.92725933339558
"94645",-1.33399819691749,9.46375151819916
"270673",-0.52551444120992,6.28371541241605
"177508",-2.55570698332004,7.96356499371956
"230783",-1.6933243105653,7.00236763971167
"125634",0.238053550291673,8.90679604204506
"106973",-2.20536402251343,9.23917269716928
"198431",-2.11553249410147,7.58627257438936
"179657",-1.10941937588761,7.92763238235478
"132838",-2.01671781284833,8.77204874942713
"188949",-2.46587545490809,7.75695247837207
"318741",-1.79213899181845,5.41234958682012
"150214",-2.18739771683104,8.4576383999853
"145251",-2.12451564694267,8.54746992839725
"280649",-0.202120938926893,6.10405235559215
"116045",-1.07348676452283,9.07747594602776
"275215",0.0943231048325495,6.2028670368453
"174558",-2.26824609240179,8.01746391076673
"182189",-0.687211192351434,7.8827166181488
"27069",-1.19026775145837,10.6854603046017
"145329",-1.42382972532944,8.54746992839725
"99157",-0.983655236110876,9.3829031426284
"265604",-1.41484657248825,6.373546940828
"119951",-1.70230746340649,9.0056107232982
"272405",-2.8252015685559,6.24778280105127
"106517",-1.83705475602442,9.24815585001047
"135942",-0.92077316622251,8.71814983237996
"297605",0.31890192586243,5.79862515899151
"102454",-2.61858905320841,9.32002107274004
"128919",-1.5046781009002,8.84391397215669
"115940",-2.01671781284833,9.07747594602776
"14633",-1.28908243271151,10.9100391256316
"233758",-1.75620638045366,6.9484687226645
"253606",-2.04366727137191,6.58914260901669
"108437",-2.4479091492257,9.21222323864569
"25931",-2.48384176059048,10.7034266102841
"24582",-1.20823405714076,10.7303760688077
"127890",-1.81908845034203,8.86188027783908
"241687",-1.96281889580115,6.80473827720538
"44314",-2.53774067763765,10.3710499551599
"68171",-2.52875752479645,9.93985861878251
"134298",-2.29519555092538,8.74509929090354
"150225",-2.08858303557789,8.4576383999853
"302957",-0.71416065087502,5.69981047773836
"155168",-2.33112816229016,8.36780687157334
"291109",0.00449157642059728,5.91540614592705
"340111",-1.80112214465964,5.02607401464872
"253797",-0.327885078703626,6.58914260901669
"209389",-1.89993682591279,7.38864321188306
"113537",-1.28009927987032,9.12239171023374
"106053",-1.54061071226498,9.25713900285167
"111503",-1.6933243105653,9.15832432159852
"262140",-1.28009927987032,6.43642901071637
"125925",-1.61247593499454,8.89781288920386
"303999",-0.282969314497649,5.68184417205597
"21086",-1.36094765544108,10.7932581386961
"307010",-0.0224578821029882,5.6279452550088
"347030",-2.15146510546625,4.90030987487199
"115532",-1.21721720998195,9.08645909886896
"172273",-0.471615524162749,8.06237967497271
"300067",0.11228941051494,5.75370939478554
"113979",-1.77417268613606,9.11340855739255
"291637",0.282969314497649,5.90642299308585
"105447",-2.51977437195526,9.26612215569286
"17971",-2.55570698332004,10.8471570557432
"271537",-1.6933243105653,6.26574910673366
"10629",-1.54061071226498,10.9819043483611
"220319",-1.93586943727757,7.19101384937677
"288945",-1.57654332362976,5.95133875729183
"181997",-2.41197653786092,7.8827166181488
"188533",-1.73824007477127,7.76593563121326
"123962",-1.38789711396466,8.93374550056864
"307933",-0.660261733827848,5.60997894932641
"84149",-1.86400421454801,9.65239772786426
"274741",0.30093562018004,6.21185018968649
"30922",-2.29519555092538,10.6135950818721
"295063",-0.193137786085697,5.84354092319749
"100612",-1.3070487383939,9.35595368410482
"109903",-2.67248797025558,9.18527378012211
"130433",-1.29806558555271,8.8169645136331
"11194",-0.929756319063705,10.97292119552
"271684",-0.372800842909601,6.26574910673366
"20655",-0.768059567922191,10.8022412915372
"139364",-1.43281287817064,8.65526776249159
"248546",-2.85215102707948,6.67897413742864
"94737",-0.50754813552753,9.46375151819916
"296514",-0.552463899733506,5.8165914646739
"123116",-0.058390493467769,8.95171180625103
"310467",-0.220087244609283,5.56506318512044
"296038",-0.363817690068406,5.8255746175151
"297063",-0.0853399519913549,5.80760831183271
"307500",-0.0853399519913549,5.61896210216761
"127335",-2.34011131513135,8.87086343068028
"118590",-0.534497594051115,9.03256018182179
"286114",-0.220087244609283,6.005237674339
"53805",-2.10654934126028,10.2003700511772
"350532",-1.94485259011876,4.83742780498362
"274367",-3.05876354242697,6.21185018968649
"135011",-0.354834537227211,8.73611613806235
"148237",-2.08858303557789,8.49357101135008
"86610",-2.07959988273669,9.60748196365828
"160144",-2.27722924524299,8.27797534316139
"111483",-1.8729873673892,9.15832432159852
"125422",-1.66637485204171,8.90679604204506
"238925",0.0134747292617927,6.85863719425255
"238948",0.220087244609283,6.85863719425255
"237235",-1.77417268613606,6.88558665277613
"180771",-0.0314410349441836,7.90966607667239
"204832",-2.65452166457319,7.46949158745382
"185976",-2.38502707933733,7.81085139541924
"224239",-2.4389259963845,7.11914862664721
"292437",-1.45976233669422,5.88845668740346
"115622",-0.408733454274382,9.08645909886896
"111209",0.13025571619733,9.16730747443972
"10188",-1.03755415315805,10.9908875012023
"322178",-2.16943141114864,5.34946751693175
"237929",-0.00449157642059772,6.87660349993494
"92309",0.00449157642059728,9.50866728240513
"344554",-2.0706167298955,4.94522563907797
"200865",-2.57367328900243,7.54135681018338
"23930",-2.60062274752601,10.7393592216489
"188460",-2.39401023217853,7.76593563121326
"111389",-2.71740373446155,9.15832432159852
"248348",-0.166188327562112,6.68795729026984
"194962",-2.02570096568952,7.64915464427773
"141469",-0.381783995750797,8.61933515112681
"269975",-2.33112816229016,6.29269856525725
"163625",-2.2592629395606,8.21509327327302
"240121",-2.6365553588908,6.83168773572896
"284843",-2.70842058162036,6.02320398002139
"92265",-0.390767148591992,9.50866728240513
"102047",-1.81010529750084,9.32900422558123
"183511",-2.20536402251343,7.85576715962522
"10213",-0.812975332128167,10.9908875012023
"207877",-2.08858303557789,7.41559267040665
"226499",0.00449157642059728,7.08321601528243
"136971",-0.606362816780677,8.70018352669757
"309458",-0.354834537227211,5.58302949080283
"294543",-0.399750301433187,5.85252407603868
"251384",0.31890192586243,6.63405837322267
"187000",-2.11553249410147,7.79288508973685
"142777",-2.02570096568952,8.59238569260322
"195611",-0.660261733827848,7.64017149143653
"267976",-2.42994284354331,6.32863117662203
"105493",-2.10654934126028,9.26612215569286
"289606",-0.103306257673745,5.94235560445063
"85775",-0.651278580986653,9.62544826934067
"29526",-1.44179603101183,10.6405445403957
"83370",0.067373646308964,9.67036403354665
"176521",-2.49282491343167,7.98153129940195
"207356",-2.30417870376657,7.42457582324785
"284012",-1.24416666850554,6.04117028570378
"307375",-1.20823405714076,5.61896210216761
"333685",-1.48671179521781,5.14285500158426
"160133",-2.37604392649613,8.27797534316139
"260155",-1.25314982134673,6.47236162208115
"134068",0.103306257673745,8.75408244374474
"178739",-0.426699759956773,7.94559868803717
"40820",-2.67248797025558,10.4339320250482
"247126",-2.21434717535462,6.70592359595223
"234973",0.229070397450478,6.93050241698211
"293870",-1.98078520148355,5.86150722887988
"155169",-2.32214500944896,8.36780687157334
"249079",-2.52875752479645,6.66999098458745
"225284",-1.98078520148355,7.10118232096482
"223489",-0.247036703132868,7.1371149323296
"96164",-1.08246991736402,9.43680205967557
"211415",-1.55857701794737,7.35271060051828
"12180",-1.00162154179327,10.9549548898376
"200596",-0.52551444120992,7.55033996302458
"263266",-0.0943231048325499,6.41846270503398
"251039",-2.78028580434992,6.63405837322267
"182042",-2.00773466000713,7.8827166181488
"115616",-0.462632371321554,9.08645909886896
"193526",-1.53162755942378,7.67610410280131
"41501",-1.01958784747566,10.424948872207
"187976",-2.27722924524299,7.77491878405446
"143927",-0.624329122463068,8.57441938692083
"282684",0.220087244609283,6.06811974422737
"351516",-2.03468411853072,4.81946149930123
"132280",-2.56469013616123,8.78103190226832
"138938",-0.795009026445777,8.66425091533278
"202094",-0.462632371321554,7.52339050450099
"121930",-1.78315583897725,8.96967811193342
"233407",-0.444666065639163,6.95745187550569
"134544",-0.0853399519913549,8.74509929090354
"117961",-1.72027376908888,9.04154333466298
"247920",0.453649218480358,6.69694044311103
"282354",-2.74435319298514,6.06811974422737
"273933",-2.49282491343167,6.22083334252769
"222009",-0.148222021879721,7.16406439085318
"116948",-1.89095367307159,9.05950964034538
"13653",-1.16331829293478,10.928005431314
"197962",-1.86400421454801,7.59525572723055
"111438",-2.27722924524299,9.15832432159852
"120961",-1.55857701794737,8.98764441761581
"161157",-2.10654934126028,8.260009037479
"240714",-1.77417268613606,6.82270458288777
"295957",-1.09145307020522,5.8255746175151
"281853",-2.78028580434992,6.07710289706856
"43480",-1.10043622304641,10.3890162608423
"141454",-0.516531288368725,8.61933515112681
"13238",-0.426699759956773,10.9369885841552
"66186",-2.50180806627287,9.97579123014729
"309465",-0.291952467338845,5.58302949080283
"101553",-1.78315583897725,9.33798737842243
"118365",-2.55570698332004,9.03256018182179
"131022",-0.471615524162749,8.80798136079191
"288323",-2.69943742877916,5.96032191013303
"290506",-0.947722624746095,5.92438929876824
"17015",-2.21434717535462,10.8651233614256
"69733",-1.89095367307159,9.91290916025892
"120973",-1.45077918385303,8.98764441761581
"257013",-2.69045427593797,6.52626053912832
"178720",-0.597379663939482,7.94559868803717
"212355",-2.04366727137191,7.33474429483589
"184199",-0.48958182984514,7.84678400678402
"154229",-1.83705475602442,8.38577317725573
"157228",-1.6843411577241,8.33187426020856
"198018",-1.36094765544108,7.59525572723055
"296337",-2.14248195262506,5.8165914646739
"24940",-2.45689230206689,10.7213929159665
"338570",-2.2502797867194,5.05302347317231
"24934",-2.51079121911406,10.7213929159665
"142360",-1.3070487383939,8.60136884544442
"280748",0.687211192351434,6.10405235559215
"231746",-1.97180204864235,6.98440133402928
"309341",-1.40586341964705,5.58302949080283
"170647",-1.6843411577241,8.08932913349629
"15153",-1.08246991736402,10.9010559727904
"98774",0.0404241877853782,9.3918862954696
"272760",0.363817690068406,6.24778280105127
"102246",-0.0224578821029882,9.32900422558123
"118427",-1.99875150716594,9.03256018182179
"20630",-0.992638388952071,10.8022412915372
"137351",-1.65739169920052,8.69120037385637
"246726",-1.34298134975868,6.71490674879342
"319831",-0.929756319063705,5.39438328113773
"287017",-1.03755415315805,5.98727136865661
"179099",-1.65739169920052,7.93661553519597
"174617",-1.73824007477127,8.01746391076673
"26558",-1.3160318912351,10.6944434574429
"25623",-0.786025873604582,10.7124097631253
"19112",-1.23518351566434,10.8291907500608
"347027",-2.17841456398984,4.90030987487199
"149386",-0.696194345192629,8.47560470566768
"118916",-2.0706167298955,9.02357702898059
"167849",-0.0314410349441836,8.14322805054346
"182738",-0.220087244609283,7.87373346530761
"261263",-0.229070397450478,6.45439531639876
"194608",-0.741110109398605,7.65813779711892
"134994",-0.50754813552753,8.73611613806235
"61316",-1.60349278215335,10.0656227585592
"91648",-1.46874548953542,9.51765043524633
"131881",-1.6843411577241,8.79001505510952
"32078",-0.839924790651753,10.5956287761898
"188046",-1.64840854635932,7.77491878405446
"165367",-0.00449157642059772,8.18814381474944
"118923",-2.00773466000713,9.02357702898059
"303532",-0.0134747292617932,5.69082732489717
"101612",-1.25314982134673,9.33798737842243
"206109",-0.11228941051494,7.45152528177143
"123661",0.372800842909601,8.94272865340984
"239218",-1.81908845034203,6.84965404141135
"185525",-1.97180204864235,7.81983454826043
"318752",-1.6933243105653,5.41234958682012
"257831",0.193137786085697,6.51727738628713
"144809",-1.63044224067693,8.55645308123844
"312943",-0.30093562018004,5.52014742091446
"351518",-2.01671781284833,4.81946149930123
"60794",-1.82807160318323,10.0746059114004
"233304",-1.36993080828227,6.95745187550569
"270755",0.211104091768088,6.28371541241605
"256460",-3.1935108350449,6.53524369196952
"265963",-2.65452166457319,6.36456378798681
"175033",-2.46587545490809,8.00848075792553
"90134",-1.67535800488291,9.54459989376992
"269533",-1.83705475602442,6.30168171809844
"54817",-1.94485259011876,10.1824037454948
"121954",-1.56756017078857,8.96967811193342
"241229",-1.61247593499454,6.81372143004657
"92178",-1.17230144577598,9.50866728240513
"253239",-0.875857402016534,6.59812576185789
"45495",-0.857891096334143,10.3530836494775
"225770",-2.07959988273669,7.09219916812362
"191443",-2.38502707933733,7.71203671416609
"252857",0.157205174720916,6.60710891469908
"165597",-2.40299338501972,8.17916066190824
"235739",-1.81908845034203,6.91253611129972
"93126",-1.58552647647096,9.49070097672275
"196674",-0.0404241877853786,7.62220518575414
"200573",-0.73212695655741,7.55033996302458
"262585",-1.74722322761247,6.42744585787518
"333662",-1.6933243105653,5.14285500158426
"294081",-0.0853399519913549,5.86150722887988
"128419",-1.53162755942378,8.85289712499788
"268038",-1.8729873673892,6.32863117662203
"73617",-2.71740373446155,9.84104393752936
"112528",-1.41484657248825,9.14035801591613
"288089",-0.336868231544821,5.96930506297422
"131790",-2.50180806627287,8.79001505510952
"260170",-1.1184025287288,6.47236162208115
"27438",-2.34011131513135,10.6764771517605
"77598",-2.67248797025558,9.7691787147998
"254368",0.336868231544821,6.58015945617549
"255691",-1.17230144577598,6.55320999765191
"11109",-1.6933243105653,10.97292119552
"179107",-1.58552647647096,7.93661553519597
"271232",0.0314410349441832,6.27473225957486
"58260",-2.26824609240179,10.1195216756064
"128405",-1.65739169920052,8.85289712499788
"146318",-1.46874548953542,8.52950362271486
"112017",-1.54061071226498,9.14934116875733
"227476",-0.148222021879721,7.06524970960004
"236736",-1.79213899181845,6.89456980561733
"48888",-1.63044224067693,10.2902015795891
"100587",-1.53162755942378,9.35595368410482
"210916",-1.57654332362976,7.36169375335948
"269984",-2.2502797867194,6.29269856525725
"288310",-2.8162184157147,5.96032191013303
"110473",-2.01671781284833,9.17629062728091
"105993",-2.07959988273669,9.25713900285167
"195721",0.327885078703625,7.64017149143653
"118395",-2.28621239808418,9.03256018182179
"29892",-2.61858905320841,10.6315613875545
"87071",-2.40299338501972,9.59849881081709
"261662",-1.10941937588761,6.44541216355757
"125420",-1.6843411577241,8.90679604204506
"124570",-0.390767148591992,8.92476234772745
"271732",0.0583904934677686,6.26574910673366
"250506",-3.10367930663295,6.64304152606386
"34897",-2.30417870376657,10.5417298591426
"260598",-1.73824007477127,6.46337846923996
"201456",-1.72925692193008,7.53237365734219
"293073",-0.211104091768088,5.87947353456227
"299066",0.0494073406265736,5.77167570046793
"25556",-1.38789711396466,10.7124097631253
"344019",-2.41197653786092,4.95420879191916
"34407",-2.24129663387821,10.5507130119838
"272369",-3.14859507083892,6.24778280105127
"138312",-1.95383574295996,8.67323406817398
"19138",-1.00162154179327,10.8291907500608
"56789",-2.08858303557789,10.14647113413
"255998",-2.87910048560307,6.54422684481071
"251794",-0.462632371321554,6.62507522038147
"116623",-0.345851384386016,9.06849279318657
"103113",-1.16331829293478,9.31103791989884
"251394",0.408733454274382,6.63405837322267
"177054",-2.16943141114864,7.97254814656075
"109998",-1.81908845034203,9.18527378012211
"12683",-0.947722624746095,10.9459717369964
"288073",-0.480598677003944,5.96930506297422
"255241",-0.750093262239801,6.5621931504931
"120912",-1.99875150716594,8.98764441761581
"156209",-1.90891997875398,8.34984056589095
"98037",-2.11553249410147,9.40086944831079
"134985",-0.588396511098287,8.73611613806235
"98583",-1.67535800488291,9.3918862954696
"203583",-0.480598677003944,7.49644104597741
"242096",-2.75333634582633,6.79575512436418
"127972",-1.08246991736402,8.86188027783908
"90675",-1.28009927987032,9.53561674092872
"243096",-2.69943742877916,6.77778881868179
"204402",-2.05265042421311,7.47847474029502
"129026",-0.543480746892311,8.84391397215669
"202122",-0.211104091768088,7.52339050450099
"330716",-1.36993080828227,5.19675391863143
"178051",-2.14248195262506,7.95458184087836
"308403",-0.902806860540119,5.60099579648522
"311936",-0.417716607115578,5.53811372659685
"305972",-0.417716607115578,5.64591156069119
"90148",-1.54959386510617,9.54459989376992
"236272",-1.495694948059,6.90355295845852
"253617",-1.94485259011876,6.58914260901669
"141330",-1.63044224067693,8.61933515112681
"267706",-0.390767148591992,6.33761432946322
"115987",-1.59450962931215,9.07747594602776
"94603",-1.71129061624769,9.46375151819916
"305489",-0.291952467338845,5.65489471353239
"314345",-1.10043622304641,5.49319796239087
"76929",0.247036703132868,9.78714502048219
"270272",0.336868231544821,6.29269856525725
"290604",-0.0673736463089645,5.92438929876824
"258546",-2.31316185660777,6.49931108060474
"252169",-1.55857701794737,6.61609206754028
"210570",-0.220087244609283,7.37067690620067
"275117",-0.786025873604582,6.2028670368453
"235711",-2.0706167298955,6.91253611129972
"315824",-1.20823405714076,5.46624850386729
"136505",-0.327885078703626,8.70916667953876
"235281",-1.46874548953542,6.92151926414091
"267213",-0.354834537227211,6.34659748230442
"110029",-1.54061071226498,9.18527378012211
"353997",-2.0706167298955,4.77454573509526
"172577",-2.20536402251343,8.05339652213151
"342557",-2.15146510546625,4.98115825044275
"180015",-2.35807762081374,7.91864922951358
"12143",-1.33399819691749,10.9549548898376
"281662",-0.0314410349441836,6.08608604990976
"34378",-2.50180806627287,10.5507130119838
"94756",-0.336868231544821,9.46375151819916
"252191",-1.36094765544108,6.61609206754028
"212285",-2.67248797025558,7.33474429483589
"243083",-2.8162184157147,6.77778881868179
"30590",-0.812975332128167,10.6225782347133
"23107",-1.06450361168163,10.7573255273313
"326741",-1.36094765544108,5.26861914136099
"109487",-1.94485259011876,9.1942569329633
"287076",-0.50754813552753,5.98727136865661
"291598",-0.0673736463089645,5.90642299308585
"9534",-2.4479091492257,10.9998706540435
"13184",-0.911790013381315,10.9369885841552
"196400",-2.50180806627287,7.62220518575414
"126913",-1.66637485204171,8.87984658352147
"72179",-2.24129663387821,9.86799339605294
"112391",-2.64553851173199,9.14035801591613
"180085",-1.72925692193008,7.91864922951358
"68279",-1.55857701794737,9.93985861878251
"69300",-1.3160318912351,9.92189231310012
"186533",-1.84603790886562,7.80186824257804
"176512",-2.57367328900243,7.98153129940195
"118872",-2.46587545490809,9.02357702898059
"205081",-0.417716607115578,7.46949158745382
"130028",-0.471615524162749,8.8259476664743
"122445",-1.62145908783574,8.96069495909223
"70709",-2.05265042421311,9.89494285457653
"296054",-0.220087244609283,5.8255746175151
"276682",-0.121272563356135,6.17591757832171
"291618",0.11228941051494,5.90642299308585
"194932",-2.29519555092538,7.64915464427773
"279978",-1.76518953329486,6.11303550843334
"149281",-1.63942539351813,8.47560470566768
"302766",-2.42994284354331,5.69981047773836
"162129",-2.30417870376657,8.24204273179661
"107053",-1.48671179521781,9.23917269716928
"130085",0.0404241877853782,8.8259476664743
"315812",-1.3160318912351,5.46624850386729
"281330",-3.01384777822099,6.08608604990976
"238761",-1.45976233669422,6.85863719425255
"134346",-1.86400421454801,8.74509929090354
"99112",-1.38789711396466,9.3829031426284
"225744",-2.31316185660777,7.09219916812362
"267720",-0.265003008815259,6.33761432946322
"149730",-2.0706167298955,8.46662155282649
"109510",-1.73824007477127,9.1942569329633
"31416",-2.32214500944896,10.604611929031
"12674",-1.02857100031685,10.9459717369964
"228697",-2.57367328900243,7.03830025107645
"35905",-2.17841456398984,10.5237635534602
"108504",-1.84603790886562,9.21222323864569
"136981",-0.516531288368725,8.70018352669757
"10529",-2.4389259963845,10.9819043483611
"23431",-2.61858905320841,10.7483423744901
"75820",-0.786025873604582,9.80511132616458
"126914",-1.65739169920052,8.87984658352147
"81186",-1.6933243105653,9.70629664491143
"330160",-1.89993682591279,5.20573707147263
"181078",-1.73824007477127,7.90068292383119
"341092",-1.91790313159518,5.00810770896633
"71298",-1.22620036282315,9.88595970173533
"291324",-2.52875752479645,5.90642299308585
"82179",-1.70230746340649,9.68833033922904
"70295",-1.3070487383939,9.90392600741773
"223803",-1.89095367307159,7.1281317794884
"98084",-1.6933243105653,9.40086944831079
"264226",-0.399750301433187,6.40049639935159
"144329",-1.47772864237661,8.56543623407964
"297031",-0.372800842909601,5.80760831183271
"42879",-2.03468411853072,10.3979994136835
"307968",-0.345851384386016,5.60997894932641
"288907",-1.91790313159518,5.95133875729183
"15639",-1.18128459861717,10.8920728199492
"301501",-0.399750301433187,5.72675993626195
"33047",-1.06450361168163,10.5776624705074
"83676",-1.64840854635932,9.66138088070545
"238673",-2.2502797867194,6.85863719425255
"240873",-0.345851384386016,6.82270458288777
"115508",-1.43281287817064,9.08645909886896
"291453",-1.36993080828227,5.90642299308585
"119461",-1.63942539351813,9.0145938761394
"157160",-2.29519555092538,8.33187426020856
"230283",-1.72027376908888,7.01135079255287
"280533",-1.24416666850554,6.10405235559215
"338606",-1.92688628443637,5.05302347317231
"12200",-0.821958484969362,10.9549548898376
"344061",-2.03468411853072,4.95420879191916
"191977",-2.05265042421311,7.7030535613249
"93551",-2.23231348103701,9.48171782388155
"244883",-0.0404241877853786,6.7508393601582
"269774",0.327885078703625,6.30168171809844
"167627",-2.02570096568952,8.14322805054346
"172036",-2.60062274752601,8.06237967497271
"116932",-2.03468411853072,9.05950964034538
"93352",0.444666065639163,9.49070097672275
"294645",0.516531288368725,5.85252407603868
"191666",-0.381783995750797,7.71203671416609
"20455",-2.56469013616123,10.8022412915372
"128423",-1.495694948059,8.85289712499788
"116902",-2.30417870376657,9.05950964034538
"24573",-1.28908243271151,10.7303760688077
"128562",-0.247036703132868,8.85289712499788
"71181",-2.27722924524299,9.88595970173533
"157850",-0.561447052574701,8.32289110736737
"106033",-1.72027376908888,9.25713900285167
"53833",-1.85502106170681,10.2003700511772
"289636",0.166188327562111,5.94235560445063
"277498",-1.72027376908888,6.15795127263932
"297857",-1.8819705202304,5.78964200615032
"209384",-1.94485259011876,7.38864321188306
"129884",-1.76518953329486,8.8259476664743
"33021",-1.29806558555271,10.5776624705074
"108152",-0.543480746892311,9.22120639148689
"304440",-0.786025873604582,5.67286101921478
"108972",-2.10654934126028,9.2032400858045
"28141",-0.48958182984514,10.6674939989193
"171094",-2.13349879978386,8.0803459806551
"138250",-2.51079121911406,8.67323406817398
"19011",-2.14248195262506,10.8291907500608
"217782",-2.40299338501972,7.23592961358275
"93629",-1.53162755942378,9.48171782388155
"122942",-1.62145908783574,8.95171180625103
"183963",-2.60960590036721,7.84678400678402
"198610",-0.50754813552753,7.58627257438936
"10215",-0.795009026445777,10.9908875012023
"283654",0.00449157642059728,6.05015343854498
"180009",-2.41197653786092,7.91864922951358
"303820",-1.89095367307159,5.68184417205597
"225218",-2.57367328900243,7.10118232096482
"194976",-1.89993682591279,7.64915464427773
"288821",-2.69045427593797,5.95133875729183
"199934",-2.00773466000713,7.55932311586577
"223721",-2.6275722060496,7.1281317794884
"20427",-2.8162184157147,10.8022412915372
"260690",-0.911790013381315,6.46337846923996
"334143",-1.83705475602442,5.13387184874307
"250287",-0.606362816780677,6.65202467890506
"181513",-2.29519555092538,7.89169977099
"73186",-2.12451564694267,9.85002709037055
"168561",-2.56469013616123,8.12526174486107
"94129",-1.5046781009002,9.47273467104035
"190949",-2.35807762081374,7.72101986700729
"293072",-0.220087244609283,5.87947353456227
"265299",0.309918773021235,6.3825300936692
"107480",-2.11553249410147,9.23018954432808
"117609",-0.417716607115578,9.05052648750418
"87860",0.220087244609283,9.58951565797589
"315789",-1.52264440658259,5.46624850386729
"218802",-2.16943141114864,7.21796330790036
"43451",-1.36094765544108,10.3890162608423
"259742",-0.498564982686335,6.48134477492235
"184975",-2.4479091492257,7.82881770110163
"101052",-1.81908845034203,9.34697053126362
"256641",-1.56756017078857,6.53524369196952
"126446",-1.39688026680586,8.88882973636267
"304526",-0.0134747292617932,5.67286101921478
"98589",-1.62145908783574,9.3918862954696
"199925",-2.08858303557789,7.55932311586577
"164647",-2.00773466000713,8.19712696759063
"213324",-2.26824609240179,7.3167779891535
"191943",-2.35807762081374,7.7030535613249
"64298",-1.60349278215335,10.0117238415121
"16606",-1.42382972532944,10.8741065142668
"178006",-2.54672383047884,7.95458184087836
"246884",0.076356799150159,6.71490674879342
"63747",-2.08858303557789,10.0207069943533
"118971",-1.57654332362976,9.02357702898059
"309855",-1.25314982134673,5.57404633796163
"188675",-0.462632371321554,7.76593563121326
"235283",-1.45077918385303,6.92151926414091
"267917",-2.95994886117382,6.32863117662203
"268563",-1.62145908783574,6.31964802378083
"43322",-2.51977437195526,10.3890162608423
"162121",-2.37604392649613,8.24204273179661
"23148",-0.696194345192629,10.7573255273313
"106566",-1.39688026680586,9.24815585001047
"173306",-0.121272563356135,8.04441336929031
"288965",-1.39688026680586,5.95133875729183
"17615",-1.28908243271151,10.8561402085844
"262083",-1.79213899181845,6.43642901071637
"94618",-1.57654332362976,9.46375151819916
"328238",-1.3070487383939,5.24166968283741
"195132",-0.498564982686335,7.64915464427773
"122854",-2.41197653786092,8.95171180625103
"216308",-2.2502797867194,7.26287907210633
"82632",-2.09756618841908,9.67934718638784
"307754",-2.26824609240179,5.60997894932641
"112923",-2.33112816229016,9.13137486307494
"237632",-2.67248797025558,6.87660349993494
"240887",-0.220087244609283,6.82270458288777
"306281",-2.10654934126028,5.63692840785
"279696",0.166188327562111,6.12201866127454
"250658",-1.73824007477127,6.64304152606386
"41437",-1.59450962931215,10.424948872207
"45785",-2.71740373446155,10.3441004966363
"294306",-2.52875752479645,5.85252407603868
"177080",-1.93586943727757,7.97254814656075
"296582",0.0583904934677686,5.8165914646739
"89338",0.103306257673745,9.56256619945231
"120473",-1.47772864237661,8.99662757045701
"131846",-1.99875150716594,8.79001505510952
"159143",-2.34011131513135,8.29594164884378
"211322",-2.39401023217853,7.35271060051828
"293524",-0.624329122463068,5.87049038172107
"148435",-0.309918773021235,8.49357101135008
"212333",-2.24129663387821,7.33474429483589
"244279",-1.00162154179327,6.7598225129994
"209645",0.399750301433187,7.38864321188306
"128833",-2.27722924524299,8.84391397215669
"80078",-2.71740373446155,9.72426295059382
"216864",-1.72027376908888,7.25389591926514
"222787",-2.08858303557789,7.14609808517079
"97507",-2.41197653786092,9.40985260115199
"150718",-2.12451564694267,8.4486552471441
"93030",-2.4479091492257,9.49070097672275
"102116",-1.19026775145837,9.32900422558123
"272976",-2.16044825830745,6.23879964821008
"78637",-2.26824609240179,9.75121240911741
"114586",-0.786025873604582,9.10442540455135
"246228",-1.35196450259988,6.72388990163462
"195363",-2.88808363844426,7.64017149143653
"188709",-0.157205174720916,7.76593563121326
"134875",-1.57654332362976,8.73611613806235
"293587",-0.058390493467769,5.87049038172107
"305328",-1.73824007477127,5.65489471353239
"215797",-2.37604392649613,7.27186222494753
"68182",-2.42994284354331,9.93985861878251
"274784",0.687211192351434,6.21185018968649
"275461",-2.16044825830745,6.1938838840041
"212343",-2.15146510546625,7.33474429483589
"56750",-2.4389259963845,10.14647113413
"202881",-2.32214500944896,7.5054241988186
"280007",-1.5046781009002,6.11303550843334
"32629",-0.354834537227211,10.5866456233486
"110451",-2.21434717535462,9.17629062728091
"303443",-0.812975332128167,5.69082732489717
"209555",-0.408733454274382,7.38864321188306
"22602",-1.13636883441119,10.7663086801725
"57248",-2.42994284354331,10.1374879812888
"252057",-2.56469013616123,6.61609206754028
"122411",-1.92688628443637,8.96069495909223
"319743",-1.72027376908888,5.39438328113773
"15156",-1.05552045884044,10.9010559727904
"338612",-1.8729873673892,5.05302347317231
"119462",-1.63044224067693,9.0145938761394
"85598",-2.24129663387821,9.62544826934067
"240268",-1.3160318912351,6.83168773572896
"145338",-1.34298134975868,8.54746992839725
"169086",-2.31316185660777,8.11627859201988
"154693",-2.13349879978386,8.37679002441454
"295090",0.0494073406265736,5.84354092319749
"187217",-0.166188327562112,7.79288508973685
"76288",-1.04653730599924,9.79612817332338
"228947",-0.327885078703626,7.03830025107645
"317363",-0.777042720763386,5.4392990453437
"109992",-1.8729873673892,9.18527378012211
"192602",-0.902806860540119,7.6940704084837
"297105",0.291952467338844,5.80760831183271
"214073",-0.00449157642059772,7.30779483631231
"194449",-2.16943141114864,7.65813779711892
"46441",-1.28908243271151,10.3351173437951
"302834",-1.81908845034203,5.69981047773836
"340116",-1.75620638045366,5.02607401464872
"239142",-2.50180806627287,6.84965404141135
"126925",-1.55857701794737,8.87984658352147
"334638",-1.85502106170681,5.12488869590187
"161695",-1.73824007477127,8.25102588463781
"235205",-2.15146510546625,6.92151926414091
"108529",-1.62145908783574,9.21222323864569
"219814",-2.00773466000713,7.19999700221797
"293555",-0.345851384386016,5.87049038172107
"274446",-2.34909446797255,6.21185018968649
"259323",0.202120938926892,6.49032792776354
"270394",-3.03181408390339,6.28371541241605
"35877",-2.42994284354331,10.5237635534602
"62282",-1.85502106170681,10.0476564528768
"263499",-2.46587545490809,6.40947955219279
"39361",-2.38502707933733,10.4608814835718
"153268",-1.54061071226498,8.40373948293812
"223328",-1.6933243105653,7.1371149323296
"229290",-1.71129061624769,7.02931709823526
"36835",-2.75333634582633,10.5057972477778
"38513",-1.07348676452283,10.4788477892542
"16967",-2.64553851173199,10.8651233614256
"119439",-1.83705475602442,9.0145938761394
"129849",-2.07959988273669,8.8259476664743
"277464",-2.02570096568952,6.15795127263932
"245117",-2.40299338501972,6.74185620731701
"275950",-2.23231348103701,6.18490073116291
"251603",-2.17841456398984,6.62507522038147
"76135",-2.42095969070211,9.79612817332338
"151397",-0.48958182984514,8.4396720943029
"19118",-1.18128459861717,10.8291907500608
"23632",-0.812975332128167,10.7483423744901
"127948",-1.29806558555271,8.86188027783908
"102583",-1.45976233669422,9.32002107274004
"186196",-0.408733454274382,7.81085139541924
"197414",-2.32214500944896,7.60423888007175
"107048",-1.53162755942378,9.23917269716928
"251377",0.256019855974063,6.63405837322267
"191629",-0.71416065087502,7.71203671416609
"287499",-1.17230144577598,5.97828821581542
"309400",-0.875857402016534,5.58302949080283
"296790",-2.53774067763765,5.80760831183271
"117066",-0.830941637810557,9.05950964034538
"207097",-0.166188327562112,7.43355897608904
"319328",-0.983655236110876,5.40336643397892
"101044",-1.89095367307159,9.34697053126362
"36923",-1.96281889580115,10.5057972477778
"150898",-0.50754813552753,8.4486552471441
"197978",-1.72027376908888,7.59525572723055
"258088",-1.96281889580115,6.50829423344593
"217290",-2.35807762081374,7.24491276642394
"178975",-2.77130265150872,7.93661553519597
"314411",-0.50754813552753,5.49319796239087
"17155",-0.95670577758729,10.8651233614256
"40095",-0.256019855974064,10.4518983307306
"181552",-1.94485259011876,7.89169977099
"113476",-1.82807160318323,9.12239171023374
"264953",-2.79825211003231,6.3825300936692
"196473",-1.84603790886562,7.62220518575414
"277437",-2.26824609240179,6.15795127263932
"178019",-2.42994284354331,7.95458184087836
"114000",-1.58552647647096,9.11340855739255
"157652",-2.34011131513135,8.32289110736737
"273368",-3.10367930663295,6.22981649536888
"100036",-2.01671781284833,9.36493683694601
"325145",-2.30417870376657,5.29556859988458
"241795",-0.992638388952071,6.80473827720538
"286512",-1.10941937588761,5.99625452149781
"242187",-1.93586943727757,6.79575512436418
"295012",-0.651278580986653,5.84354092319749
"46333",-2.2592629395606,10.3351173437951
"199437",-2.00773466000713,7.56830626870697
"181488",-2.51977437195526,7.89169977099
"185965",-2.48384176059048,7.81085139541924
"19167",-0.741110109398605,10.8291907500608
"31368",-2.75333634582633,10.604611929031
"167623",-2.0616335770543,8.14322805054346
"305950",-0.615345969621873,5.64591156069119
"109988",-1.90891997875398,9.18527378012211
"238670",-2.27722924524299,6.85863719425255
"97278",-0.00449157642059772,9.41883575399318
"258478",-2.92401624980904,6.49931108060474
"265445",-2.84316787423829,6.373546940828
"245589",-2.6275722060496,6.73287305447581
"105076",-1.38789711396466,9.27510530853406
"237191",-2.16943141114864,6.88558665277613
"301921",-1.09145307020522,5.71777678342075
"191983",-1.99875150716594,7.7030535613249
"186777",0.345851384386016,7.80186824257804
"104287",0.453649218480358,9.29307161421645
"134874",-1.58552647647096,8.73611613806235
"15162",-1.00162154179327,10.9010559727904
"198145",-0.220087244609283,7.59525572723055
"19473",-2.45689230206689,10.8202075972196
"75659",-2.23231348103701,9.80511132616458
"119956",-1.65739169920052,9.0056107232982
"181056",-1.93586943727757,7.90068292383119
"158214",-1.75620638045366,8.31390795452617
"234658",-2.60062274752601,6.93050241698211
"101645",-0.95670577758729,9.33798737842243
"321857",-0.588396511098287,5.35845066977295
"187214",-0.193137786085697,7.79288508973685
"86571",-2.42994284354331,9.60748196365828
"225697",-2.73537004014394,7.09219916812362
"123396",-2.00773466000713,8.94272865340984
"101283",0.256019855974063,9.34697053126362
"29567",-1.07348676452283,10.6405445403957
"94344",0.426699759956773,9.47273467104035
"92233",-0.678228039510239,9.50866728240513
"133020",-0.381783995750797,8.77204874942713
"78735",-1.38789711396466,9.75121240911741
"28397",-2.65452166457319,10.6585108460781
"182481",-2.52875752479645,7.87373346530761
"27091",-0.992638388952071,10.6854603046017
"110532",-1.48671179521781,9.17629062728091
"277682",-0.0673736463089645,6.15795127263932
"327672",-1.92688628443637,5.2506528356786
"205912",-1.8819705202304,7.45152528177143
"22666",-0.561447052574701,10.7663086801725
"111984",-1.83705475602442,9.14934116875733
"146278",-1.82807160318323,8.52950362271486
"238252",-1.56756017078857,6.86762034709374
"172760",-0.561447052574701,8.05339652213151
"43994",-0.947722624746095,10.3800331080011
"339549",-2.38502707933733,5.03505716748992
"128425",-1.47772864237661,8.85289712499788
"284131",-0.175171480403307,6.04117028570378
"59781",-1.99875150716594,10.0925722170828
"262550",-2.0616335770543,6.42744585787518
"252170",-1.54959386510617,6.61609206754028
"111496",-1.75620638045366,9.15832432159852
"27603",-0.857891096334143,10.6764771517605
"104055",-1.63044224067693,9.29307161421645
"132298",-2.40299338501972,8.78103190226832
"206108",-0.121272563356135,7.45152528177143
"315750",-1.8729873673892,5.46624850386729
"249685",-1.54959386510617,6.66100783174625
"183718",-0.345851384386016,7.85576715962522
"119931",-1.8819705202304,9.0056107232982
"112129",-0.534497594051115,9.14934116875733
"88745",-0.759076415080996,9.5715493522935
"305472",-0.444666065639163,5.65489471353239
"60310",-1.71129061624769,10.0835890642416
"147942",-0.273986161656454,8.50255416419127
"296480",-0.857891096334143,5.8165914646739
"298917",-1.28908243271151,5.77167570046793
"147413",-0.561447052574701,8.51153731703247
"158800",-0.95670577758729,8.30492480168498
"92631",-1.56756017078857,9.49968412956394
"192130",-0.678228039510239,7.7030535613249
"301845",-1.77417268613606,5.71777678342075
"223008",-0.103306257673745,7.14609808517079
"313863",-0.965688930428486,5.50218111523207
"165158",-1.8819705202304,8.18814381474944
"14964",-2.78028580434992,10.9010559727904
"144841",-1.34298134975868,8.55645308123844
"250908",0.50754813552753,6.64304152606386
"261250",-0.345851384386016,6.45439531639876
"99592",-1.54061071226498,9.37391998978721
"138366",-1.46874548953542,8.67323406817398
"42317",-2.61858905320841,10.4069825665247
"266336",0.696194345192629,6.36456378798681
"170629",-1.84603790886562,8.08932913349629
"126073",-0.282969314497649,8.89781288920386
"15612",-1.42382972532944,10.8920728199492
"252586",-2.27722924524299,6.60710891469908
"137271",-2.37604392649613,8.69120037385637
"8509",-2.72638688730275,11.0178369597259
"103470",-2.42095969070211,9.30205476705765
"112522",-1.46874548953542,9.14035801591613
"340557",-2.2592629395606,5.01709086180753
"100467",-2.60960590036721,9.35595368410482
"294839",-2.20536402251343,5.84354092319749
"106511",-1.89095367307159,9.24815585001047
"264285",0.13025571619733,6.40049639935159
"124436",-1.59450962931215,8.92476234772745
"292369",-2.0706167298955,5.88845668740346
"282633",-0.238053550291673,6.06811974422737
"23964",-2.29519555092538,10.7393592216489
"310460",-0.282969314497649,5.56506318512044
"167600",-2.26824609240179,8.14322805054346
"88152",-1.62145908783574,9.5805325051347
"245684",-1.77417268613606,6.73287305447581
"303971",-0.534497594051115,5.68184417205597
"111534",-1.41484657248825,9.15832432159852
"174823",0.11228941051494,8.01746391076673
"316402",-0.480598677003944,5.45726535102609
"205374",-2.2502797867194,7.46050843461263
"136824",-1.92688628443637,8.70018352669757
"119964",-1.58552647647096,9.0056107232982
"107538",-1.59450962931215,9.23018954432808
"85075",-2.47485860774928,9.63443142218187
"207894",-1.93586943727757,7.41559267040665
"339058",-2.33112816229016,5.04404032033111
"278155",-0.282969314497649,6.14896811979813
"191168",-0.390767148591992,7.72101986700729
"273225",0.076356799150159,6.23879964821008
"339617",-1.77417268613606,5.03505716748992
"58815",-1.74722322761247,10.1105385227652
"309971",-0.211104091768088,5.57404633796163
"324296",-1.00162154179327,5.31353490556697
"248664",-1.79213899181845,6.67897413742864
"311717",-2.38502707933733,5.53811372659685
"129554",-0.265003008815259,8.83493081931549
"130352",-2.02570096568952,8.8169645136331
"257288",-0.220087244609283,6.52626053912832
"209121",0.157205174720916,7.39762636472426
"290525",-0.777042720763386,5.92438929876824
"272191",-0.282969314497649,6.25676595389247
"281024",-1.29806558555271,6.09506920275095
"191927",-2.50180806627287,7.7030535613249
"270444",-2.58265644184362,6.28371541241605
"127414",-1.63044224067693,8.87086343068028
"323120",-2.6365553588908,5.33150121124936
"119013",-1.19925090429956,9.02357702898059
"115517",-1.35196450259988,9.08645909886896
"304790",-2.10654934126028,5.66387786637358
"250692",-1.43281287817064,6.64304152606386
"291801",-2.70842058162036,5.89743984024466
"279666",-0.103306257673745,6.12201866127454
"103980",-2.30417870376657,9.29307161421645
"22111",-1.08246991736402,10.7752918330137
"282143",-0.175171480403307,6.07710289706856
"264586",-1.63044224067693,6.3915132465104
"223530",0.121272563356135,7.1371149323296
"270716",-0.139238869038526,6.28371541241605
"294328",-2.33112816229016,5.85252407603868
"139941",-0.71416065087502,8.64628460965039
"78581",-2.77130265150872,9.75121240911741
"166642",-1.94485259011876,8.16119435622585
"134481",-0.651278580986653,8.74509929090354
"100498",-2.33112816229016,9.35595368410482
"310463",-0.256019855974064,5.56506318512044
"107517",-1.78315583897725,9.23018954432808
"83301",-0.552463899733506,9.67036403354665
"193457",-2.15146510546625,7.67610410280131
"153718",-1.96281889580115,8.39475633009693
"178065",-2.01671781284833,7.95458184087836
"153873",-0.570430205415896,8.39475633009693
"99557",-1.85502106170681,9.37391998978721
"50900",-1.41484657248825,10.2542689682243
"194455",-2.11553249410147,7.65813779711892
"86152",-1.72925692193008,9.61646511649948
"32377",-2.61858905320841,10.5866456233486
"35362",-2.59163959468482,10.5327467063014
"150239",-1.96281889580115,8.4576383999853
"187422",-2.78926895719111,7.78390193689565
"174089",-2.01671781284833,8.02644706360793
"44452",-1.29806558555271,10.3710499551599
"39385",-2.16943141114864,10.4608814835718
"282112",-0.453649218480359,6.07710289706856
"168310",-0.354834537227211,8.13424489770227
"255389",0.579413358257091,6.5621931504931
"180074",-1.82807160318323,7.91864922951358
"169056",-2.58265644184362,8.11627859201988
"163789",-0.786025873604582,8.21509327327302
"133432",-1.14535198725239,8.76306559658593
"202175",0.265003008815259,7.52339050450099
"122467",-1.42382972532944,8.96069495909223
"99048",-1.96281889580115,9.3829031426284
"178015",-2.46587545490809,7.95458184087836
"294449",-1.24416666850554,5.85252407603868
"250595",-2.30417870376657,6.64304152606386
"265432",-2.95994886117382,6.373546940828
"234299",-1.36094765544108,6.9394855698233
"234105",-3.10367930663295,6.9394855698233
"260748",-0.390767148591992,6.46337846923996
"62801",-1.65739169920052,10.0386733000357
"243835",-0.52551444120992,6.76880566584059
"92647",-1.42382972532944,9.49968412956394
"160687",-1.86400421454801,8.2689921903202
"231255",-1.91790313159518,6.99338448687048
"217766",-2.54672383047884,7.23592961358275
"77716",-1.61247593499454,9.7691787147998
"118022",-1.17230144577598,9.04154333466298
"248214",-1.36993080828227,6.68795729026984
"275518",-1.64840854635932,6.1938838840041
"349031",-2.03468411853072,4.86437726350721
"152681",-2.34909446797255,8.41272263577932
"194651",-0.354834537227211,7.65813779711892
"251659",-1.67535800488291,6.62507522038147
"246193",-1.66637485204171,6.72388990163462
"309199",-2.68147112309677,5.58302949080283
"305990",-0.256019855974064,5.64591156069119
"165130",-2.13349879978386,8.18814381474944
"288594",-0.265003008815259,5.96032191013303
"85131",-1.97180204864235,9.63443142218187
"98321",0.435682912797968,9.40086944831079
"92517",-2.59163959468482,9.49968412956394
"22426",-2.71740373446155,10.7663086801725
"137371",-1.47772864237661,8.69120037385637
"239917",-0.00449157642059772,6.84067088857016
"210284",-2.78926895719111,7.37067690620067
"252308",-0.309918773021235,6.61609206754028
"233422",-0.309918773021235,6.95745187550569
"250913",0.552463899733505,6.64304152606386
"128130",0.336868231544821,8.86188027783908
"296592",0.148222021879721,5.8165914646739
"294569",-0.166188327562112,5.85252407603868
"25066",-1.32501504407629,10.7213929159665
"120445",-1.72925692193008,8.99662757045701
"54228",-2.77130265150872,10.191386898336
"353002",-2.07959988273669,4.79251204077765
"155259",-1.51366125374139,8.36780687157334
"30081",-0.92077316622251,10.6315613875545
"85830",-0.157205174720916,9.62544826934067
"256643",-1.54959386510617,6.53524369196952
"31566",-0.974672083269681,10.604611929031
"262946",-2.96893201401502,6.41846270503398
"268523",-1.98078520148355,6.31964802378083
"183208",-0.462632371321554,7.86475031246641
"261969",-2.8162184157147,6.43642901071637
"126875",-2.00773466000713,8.87984658352147
"152702",-2.16044825830745,8.41272263577932
"13023",-2.35807762081374,10.9369885841552
"31436",-2.14248195262506,10.604611929031
"46362",-1.99875150716594,10.3351173437951
"298443",-1.08246991736402,5.78065885330912
"173561",-2.29519555092538,8.03543021644912
"195008",-1.61247593499454,7.64915464427773
"33588",-0.669244886669044,10.5686793176662
"312731",-2.20536402251343,5.52014742091446
"96685",-0.866874249175338,9.42781890683438
"255530",-2.61858905320841,6.55320999765191
"261357",0.615345969621872,6.45439531639876
"97046",-2.08858303557789,9.41883575399318
"113200",0.157205174720916,9.13137486307494
"57754",-2.34909446797255,10.1285048284476
"245242",-1.28009927987032,6.74185620731701
"233945",-0.0763567991501595,6.9484687226645
"107581",-1.20823405714076,9.23018954432808
"17607",-1.36094765544108,10.8561402085844
"114453",-1.98078520148355,9.10442540455135
"14661",-1.03755415315805,10.9100391256316
"105748",0.184154633244502,9.26612215569286
"123429",-1.71129061624769,8.94272865340984
"112993",-1.70230746340649,9.13137486307494
"90528",-2.60062274752601,9.53561674092872
"59822",-1.63044224067693,10.0925722170828
"234684",-2.36706077365494,6.93050241698211
"265982",-2.48384176059048,6.36456378798681
"201853",-2.6275722060496,7.52339050450099
"111027",-1.5046781009002,9.16730747443972
"120344",-2.6365553588908,8.99662757045701
"121579",-0.471615524162749,8.97866126477462
"123427",-1.72925692193008,8.94272865340984
"271992",-2.0706167298955,6.25676595389247
"117974",-1.60349278215335,9.04154333466298
"236237",-1.81010529750084,6.90355295845852
"137861",-1.54061071226498,8.68221722101518
"308926",-0.669244886669044,5.59201264364402
"245935",0.480598677003944,6.73287305447581
"185221",-0.238053550291673,7.82881770110163
"271693",-0.291952467338845,6.26574910673366
"97772",-0.0314410349441836,9.40985260115199
"254781",-0.417716607115578,6.5711763033343
"204914",-1.91790313159518,7.46949158745382
"245244",-1.26213297418793,6.74185620731701
"241589",-2.84316787423829,6.80473827720538
"108676",-0.30093562018004,9.21222323864569
"62804",-1.63044224067693,10.0386733000357
"173180",-1.25314982134673,8.04441336929031
"154288",-1.3070487383939,8.38577317725573
"110069",-1.18128459861717,9.18527378012211
"15107",-1.495694948059,10.9010559727904
"11549",-2.20536402251343,10.9639380426788
"230761",-1.89095367307159,7.00236763971167
"109507",-1.76518953329486,9.1942569329633
"297071",-0.0134747292617932,5.80760831183271
"253165",-1.54061071226498,6.59812576185789
"266478",-2.49282491343167,6.35558063514561
"328645",-2.11553249410147,5.23268652999621
"17692",-0.597379663939482,10.8561402085844
"88117",-1.93586943727757,9.5805325051347
"143902",-0.848907943492948,8.57441938692083
"108531",-1.60349278215335,9.21222323864569
"139405",-1.06450361168163,8.65526776249159
"26598",-0.95670577758729,10.6944434574429
"114027",-1.34298134975868,9.11340855739255
"273782",0.615345969621872,6.22981649536888
"203043",-0.866874249175338,7.5054241988186
"116410",-2.2592629395606,9.06849279318657
"265005",-2.33112816229016,6.3825300936692
"262626",-1.37891396112347,6.42744585787518
"11119",-1.60349278215335,10.97292119552
"191435",-2.45689230206689,7.71203671416609
"105967",-2.31316185660777,9.25713900285167
"258795",-0.0763567991501595,6.49931108060474
"30589",-0.821958484969362,10.6225782347133
"12067",-2.01671781284833,10.9549548898376
"271495",-2.0706167298955,6.26574910673366
"180549",-2.02570096568952,7.90966607667239
"299006",-0.48958182984514,5.77167570046793
"114129",-0.426699759956773,9.11340855739255
"15061",-1.90891997875398,10.9010559727904
"109966",-2.10654934126028,9.18527378012211
"187505",-2.04366727137191,7.78390193689565
"107004",-1.92688628443637,9.23917269716928
"289460",-1.41484657248825,5.94235560445063
"290352",-2.33112816229016,5.92438929876824
"110009",-1.72027376908888,9.18527378012211
"101210",-0.399750301433187,9.34697053126362
"247928",0.52551444120992,6.69694044311103
"34391",-2.38502707933733,10.5507130119838
"281966",-1.76518953329486,6.07710289706856
"169102",-2.16943141114864,8.11627859201988
"123399",-1.98078520148355,8.94272865340984
"100621",-1.22620036282315,9.35595368410482
"274648",-0.534497594051115,6.21185018968649
"301005",-0.390767148591992,5.73574308910314
"119854",-2.57367328900243,9.0056107232982
"232204",-2.32214500944896,6.97541818118808
"46290",-2.64553851173199,10.3351173437951
"96295",0.0943231048325495,9.43680205967557
"59300",-1.85502106170681,10.101555369924
"206095",-0.238053550291673,7.45152528177143
"122954",-1.51366125374139,8.95171180625103
"181193",-0.705177498033824,7.90068292383119
"112161",-0.247036703132868,9.14934116875733
"179205",-0.705177498033824,7.93661553519597
"121059",-0.678228039510239,8.98764441761581
"298579",0.139238869038526,5.78065885330912
"83367",0.0404241877853782,9.67036403354665
"247444",0.642295428145458,6.70592359595223
"100589",-1.51366125374139,9.35595368410482
"247192",-1.62145908783574,6.70592359595223
"262112",-1.53162755942378,6.43642901071637
"307991",-0.139238869038526,5.60997894932641
"246626",-2.24129663387821,6.71490674879342
"151908",-0.363817690068406,8.43068894146171
"74238",-1.60349278215335,9.83206078468816
"279644",-0.30093562018004,6.12201866127454
"247850",-0.175171480403307,6.69694044311103
"122903",-1.97180204864235,8.95171180625103
"325648",-2.2502797867194,5.28658544704338
"160130",-2.40299338501972,8.27797534316139
"228784",-1.79213899181845,7.03830025107645
"177575",-1.95383574295996,7.96356499371956
"118460",-1.70230746340649,9.03256018182179
"104770",0.327885078703625,9.28408846137526
"129542",-0.372800842909601,8.83493081931549
"135031",-0.175171480403307,8.73611613806235
"254845",0.157205174720916,6.5711763033343
"196662",-0.148222021879721,7.62220518575414
"283184",0.247036703132868,6.05913659138617
"279199",0.166188327562111,6.13100181411573
"111954",-2.10654934126028,9.14934116875733
"304012",-0.166188327562112,5.68184417205597
"121995",-1.19925090429956,8.96967811193342
"254540",-2.58265644184362,6.5711763033343
"101077",-1.59450962931215,9.34697053126362
"108473",-2.12451564694267,9.21222323864569
"191995",-1.89095367307159,7.7030535613249
"64285",-1.72027376908888,10.0117238415121
"101075",-1.61247593499454,9.34697053126362
"127918",-1.56756017078857,8.86188027783908
"9535",-2.4389259963845,10.9998706540435
"279155",-0.229070397450478,6.13100181411573
"108017",-1.75620638045366,9.22120639148689
"239763",-1.38789711396466,6.84067088857016
"198973",-1.71129061624769,7.57728942154816
"106011",-1.91790313159518,9.25713900285167
"28901",-2.59163959468482,10.6495276932369
"263233",-0.390767148591992,6.41846270503398
"200695",0.363817690068406,7.55033996302458
"118970",-1.58552647647096,9.02357702898059
"181238",-0.30093562018004,7.90068292383119
"127426",-1.52264440658259,8.87086343068028
"210847",-2.19638086967223,7.36169375335948
"103543",-1.76518953329486,9.30205476705765
"207410",-1.81908845034203,7.42457582324785
"223732",-2.52875752479645,7.1281317794884
"243743",-1.35196450259988,6.76880566584059
"125957",-1.32501504407629,8.89781288920386
"24494",-1.99875150716594,10.7303760688077
"130499",-0.705177498033824,8.8169645136331
"109010",-1.76518953329486,9.2032400858045
"299926",-1.15433514009359,5.75370939478554
"345028",-2.27722924524299,4.93624248623677
"128387",-1.81908845034203,8.85289712499788
"269513",-2.01671781284833,6.30168171809844
"312921",-0.498564982686335,5.52014742091446
"266580",-1.57654332362976,6.35558063514561
"18507",-2.20536402251343,10.838173902902
"116470",-1.72027376908888,9.06849279318657
"93019",-2.54672383047884,9.49070097672275
"254357",0.238053550291673,6.58015945617549
"124074",-0.381783995750797,8.93374550056864
"13172",-1.01958784747566,10.9369885841552
"302877",-1.43281287817064,5.69981047773836
"305245",-2.48384176059048,5.65489471353239
"203920",-1.91790313159518,7.48745789313621
"296345",-2.0706167298955,5.8165914646739
"124323",-2.60960590036721,8.92476234772745
"262970",-2.75333634582633,6.41846270503398
"179041",-2.17841456398984,7.93661553519597
"331591",-2.4389259963845,5.17878761294904
"60293",-1.86400421454801,10.0835890642416
"200391",-2.36706077365494,7.55033996302458
"262770",-0.0853399519913549,6.42744585787518
"184200",-0.480598677003944,7.84678400678402
"195983",-1.78315583897725,7.63118833859533
"237155",-2.49282491343167,6.88558665277613
"167599",-2.27722924524299,8.14322805054346
"280371",-2.69943742877916,6.10405235559215
"262579",-1.80112214465964,6.42744585787518
"190950",-2.34909446797255,7.72101986700729
"227482",-0.0943231048325499,7.06524970960004
"42019",-0.830941637810557,10.4159657193659
"28883",-2.75333634582633,10.6495276932369
"176362",0.54348074689231,7.99051445224314
"64670",-2.72638688730275,10.0027406886709
"314209",-2.32214500944896,5.49319796239087
"40823",-2.64553851173199,10.4339320250482
"215045",-0.202120938926893,7.28982853062992
"199158",-0.049407340626574,7.57728942154816
"191691",-0.157205174720916,7.71203671416609
"259248",-0.471615524162749,6.49032792776354
"157670",-2.17841456398984,8.32289110736737
"305878",-1.26213297418793,5.64591156069119
"256216",-0.92077316622251,6.54422684481071
"295585",0.0314410349441832,5.83455777035629
"227053",0.516531288368725,7.07423286244123
"214855",-1.90891997875398,7.28982853062992
"201444",-1.83705475602442,7.53237365734219
"263210",-0.597379663939482,6.41846270503398
"256139",-1.61247593499454,6.54422684481071
"208388",-1.96281889580115,7.40660951756545
"99800",0.327885078703625,9.37391998978721
"88043",-2.60062274752601,9.5805325051347
"157199",-1.94485259011876,8.33187426020856
"26098",-0.983655236110876,10.7034266102841
"259660",-1.23518351566434,6.48134477492235
"105505",-1.99875150716594,9.26612215569286
"27563",-1.21721720998195,10.6764771517605
"223702",-2.79825211003231,7.1281317794884
"245109",-2.47485860774928,6.74185620731701
"249051",-2.78028580434992,6.66999098458745
"176308",0.0583904934677686,7.99051445224314
"201347",-2.70842058162036,7.53237365734219
"240645",-2.39401023217853,6.82270458288777
"297813",-2.27722924524299,5.78964200615032
"126060",-0.399750301433187,8.89781288920386
"255663",-1.42382972532944,6.55320999765191
"221259",-2.42095969070211,7.17304754369438
"103078",-1.47772864237661,9.31103791989884
"276206",0.067373646308964,6.18490073116291
"188003",-2.03468411853072,7.77491878405446
"67758",-1.77417268613606,9.9488417716237
"36849",-2.6275722060496,10.5057972477778
"76193",-1.89993682591279,9.79612817332338
"329777",-0.875857402016534,5.21472022431382
"241224",-1.65739169920052,6.81372143004657
"310440",-0.462632371321554,5.56506318512044
"113466",-1.91790313159518,9.12239171023374
"282578",-0.73212695655741,6.06811974422737
"130414",-1.46874548953542,8.8169645136331
"114502",-1.54061071226498,9.10442540455135
"161385",-0.058390493467769,8.260009037479
"184044",-1.8819705202304,7.84678400678402
"214379",-1.72027376908888,7.29881168347111
"50772",-2.56469013616123,10.2542689682243
"62332",-1.40586341964705,10.0476564528768
"126872",-2.03468411853072,8.87984658352147
"110916",-2.50180806627287,9.16730747443972
"140934",-0.723143803716215,8.628318303968
"273693",-0.184154633244502,6.22981649536888
"294603",0.139238869038526,5.85252407603868
"139873",-1.32501504407629,8.64628460965039
"109667",-0.327885078703626,9.1942569329633
"161119",-2.4479091492257,8.260009037479
"273723",0.0853399519913545,6.22981649536888
"246729",-1.3160318912351,6.71490674879342
"92108",-1.80112214465964,9.50866728240513
"179968",-2.78028580434992,7.91864922951358
"251814",-0.282969314497649,6.62507522038147
"210821",-2.42994284354331,7.36169375335948
"163636",-2.16044825830745,8.21509327327302
"36833",-2.77130265150872,10.5057972477778
"197378",-2.64553851173199,7.60423888007175
"105210",-0.184154633244502,9.27510530853406
"110918",-2.48384176059048,9.16730747443972
"242943",0.390767148591992,6.78677197152299
"271568",-1.41484657248825,6.26574910673366
"109078",-1.15433514009359,9.2032400858045
"41846",-2.38502707933733,10.4159657193659
"103793",0.480598677003944,9.30205476705765
"109499",-1.83705475602442,9.1942569329633
"290507",-0.9387394719049,5.92438929876824
"246557",-2.86113417992068,6.71490674879342
"151695",-2.27722924524299,8.43068894146171
"281923",-2.15146510546625,6.07710289706856
"136513",-0.256019855974064,8.70916667953876
"298369",-1.74722322761247,5.78065885330912
"186203",-0.345851384386016,7.81085139541924
"39806",-2.85215102707948,10.4518983307306
"106553",-1.51366125374139,9.24815585001047
"287087",-0.408733454274382,5.98727136865661
"204595",-0.31890192586243,7.47847474029502
"293109",0.11228941051494,5.87947353456227
"259635",-1.45976233669422,6.48134477492235
"330600",-2.41197653786092,5.19675391863143
"168088",-2.34909446797255,8.13424489770227
"211407",-1.63044224067693,7.35271060051828
"46788",-2.6365553588908,10.3261341909539
"248256",-0.992638388952071,6.68795729026984
"33429",-2.09756618841908,10.5686793176662
"168613",-2.09756618841908,8.12526174486107
"306971",-0.372800842909601,5.6279452550088
"99675",-0.795009026445777,9.37391998978721
"207559",-0.480598677003944,7.42457582324785
"249851",-0.058390493467769,6.66100783174625
"24569",-1.32501504407629,10.7303760688077
"289642",0.220087244609283,5.94235560445063
"19967",-2.48384176059048,10.8112244443784
"210333",-2.34909446797255,7.37067690620067
"18127",-1.15433514009359,10.8471570557432
"198419",-2.22333032819582,7.58627257438936
"273893",-2.85215102707948,6.22083334252769
"310442",-0.444666065639163,5.56506318512044
"111014",-1.62145908783574,9.16730747443972
"301957",-0.768059567922191,5.71777678342075
"70710",-2.04366727137191,9.89494285457653
"101073",-1.63044224067693,9.34697053126362
"58286",-2.03468411853072,10.1195216756064
"126915",-1.64840854635932,8.87984658352147
"114490",-1.64840854635932,9.10442540455135
"13987",-2.6275722060496,10.9190222784728
"114499",-1.56756017078857,9.10442540455135
"148239",-2.0706167298955,8.49357101135008
"159655",-2.20536402251343,8.28695849600259
"38320",-2.80723526287351,10.4788477892542
"299520",-0.336868231544821,5.76269254762673
"132967",-0.857891096334143,8.77204874942713
"232794",-1.48671179521781,6.96643502834689
"254276",-0.48958182984514,6.58015945617549
"160148",-2.24129663387821,8.27797534316139
"190125",-0.830941637810557,7.73898617268968
"299029",-0.282969314497649,5.77167570046793
"32363",-2.74435319298514,10.5866456233486
"248602",-2.34909446797255,6.67897413742864
"46902",-1.61247593499454,10.3261341909539
"249885",0.247036703132868,6.66100783174625
"241817",-0.795009026445777,6.80473827720538
"275679",-0.202120938926893,6.1938838840041
"276695",-0.00449157642059772,6.17591757832171
"17139",-1.10043622304641,10.8651233614256
"266962",-2.60960590036721,6.34659748230442
"285537",-0.9387394719049,6.0142208271802
"279408",-2.42095969070211,6.12201866127454
"313358",-1.03755415315805,5.51116426807326
"269539",-1.78315583897725,6.30168171809844
"203928",-1.84603790886562,7.48745789313621
"330152",-1.97180204864235,5.20573707147263
"88799",-0.273986161656454,9.5715493522935
"25067",-1.3160318912351,10.7213929159665
"124829",-2.52875752479645,8.91577919488625
"65249",-1.98976835432474,9.99375753582968
"304465",-0.561447052574701,5.67286101921478
"123914",-1.81908845034203,8.93374550056864
"64204",-2.4479091492257,10.0117238415121
"283657",0.0314410349441832,6.05015343854498
"111978",-1.89095367307159,9.14934116875733
"314424",-0.390767148591992,5.49319796239087
"278170",-0.148222021879721,6.14896811979813
"186679",-0.534497594051115,7.80186824257804
"87568",-2.40299338501972,9.58951565797589
"104201",-0.31890192586243,9.29307161421645
"256565",-2.2502797867194,6.53524369196952
"11531",-2.36706077365494,10.9639380426788
"102002",-2.21434717535462,9.32900422558123
"202686",0.390767148591992,7.5144073516598
"117852",-2.69943742877916,9.04154333466298
"169078",-2.38502707933733,8.11627859201988
"245445",0.54348074689231,6.74185620731701
"273266",0.444666065639163,6.23879964821008
"107046",-1.54959386510617,9.23917269716928
"83201",-1.45077918385303,9.67036403354665
"270921",-2.76231949866753,6.27473225957486
"272417",-2.71740373446155,6.24778280105127
"60816",-1.63044224067693,10.0746059114004
"300486",-0.588396511098287,5.74472624194434
"82382",0.121272563356135,9.68833033922904
"55249",-2.52875752479645,10.1734205926536
"208143",0.30093562018004,7.41559267040665
"179476",-2.73537004014394,7.92763238235478
"81722",-1.34298134975868,9.69731349207023
"291937",-1.48671179521781,5.89743984024466
"195955",-2.03468411853072,7.63118833859533
"209820",-2.49282491343167,7.37966005904187
"101559",-1.72925692193008,9.33798737842243
"84717",-1.22620036282315,9.64341457502306
"63745",-2.10654934126028,10.0207069943533
"25907",-2.69943742877916,10.7034266102841
"304348",-1.61247593499454,5.67286101921478
"305495",-0.238053550291673,5.65489471353239
"214323",-2.22333032819582,7.29881168347111
"260551",-2.16044825830745,6.46337846923996
"102804",0.52551444120992,9.32002107274004
"310942",-0.417716607115578,5.55608003227924
"193153",-0.417716607115578,7.68508725564251
"176100",-1.81010529750084,7.99051445224314
"290536",-0.678228039510239,5.92438929876824
"253219",-1.05552045884044,6.59812576185789
"178831",0.399750301433187,7.94559868803717
"80194",-1.67535800488291,9.72426295059382
"290128",0.121272563356135,5.93337245160944
"228800",-1.64840854635932,7.03830025107645
"257113",-1.79213899181845,6.52626053912832
"108488",-1.98976835432474,9.21222323864569
"15627",-1.28908243271151,10.8920728199492
"84729",-1.1184025287288,9.64341457502306
"54825",-1.8729873673892,10.1824037454948
"27453",-2.20536402251343,10.6764771517605
"184162",-0.821958484969362,7.84678400678402
"330171",-1.80112214465964,5.20573707147263
"302273",-2.39401023217853,5.70879363057956
"272996",-1.98078520148355,6.23879964821008
"98131",-1.27111612702912,9.40086944831079
"46886",-1.75620638045366,10.3261341909539
"207129",0.121272563356135,7.43355897608904
"296042",-0.327885078703626,5.8255746175151
"218319",-2.04366727137191,7.22694646074155
"216976",-0.71416065087502,7.25389591926514
"221810",-1.93586943727757,7.16406439085318
"95115",-1.57654332362976,9.45476836535796
"16664",-0.902806860540119,10.8741065142668
"113177",-0.049407340626574,9.13137486307494
"196726",0.426699759956773,7.62220518575414
"288390",-2.09756618841908,5.96032191013303
"111741",0.444666065639163,9.15832432159852
"115893",-2.4389259963845,9.07747594602776
"346545",-2.04366727137191,4.90929302771319
"83218",-1.29806558555271,9.67036403354665
"205657",0.291952467338844,7.46050843461263
"77703",-1.72925692193008,9.7691787147998
"114149",-0.247036703132868,9.11340855739255
"269926",-2.77130265150872,6.29269856525725
"113046",-1.22620036282315,9.13137486307494
"287930",-1.76518953329486,5.96930506297422
"135987",-0.516531288368725,8.71814983237996
"199468",-1.72925692193008,7.56830626870697
"227993",0.0314410349441832,7.05626655675884
"345527",-2.2592629395606,4.92725933339558
"127370",-2.02570096568952,8.87086343068028
"293029",-0.606362816780677,5.87947353456227
"246611",-2.37604392649613,6.71490674879342
"222817",-1.81908845034203,7.14609808517079
"115438",-2.0616335770543,9.08645909886896
"303470",-0.570430205415896,5.69082732489717
"109471",-2.08858303557789,9.1942569329633
"144792",-1.78315583897725,8.55645308123844
"133777",-2.51079121911406,8.75408244374474
"232313",-1.34298134975868,6.97541818118808
"275909",-2.60062274752601,6.18490073116291
"139500",-0.211104091768088,8.65526776249159
"304896",-1.15433514009359,5.66387786637358
"176137",-1.47772864237661,7.99051445224314
"268452",-2.61858905320841,6.31964802378083
"205378",-2.21434717535462,7.46050843461263
"304867",-1.41484657248825,5.66387786637358
"97986",-2.57367328900243,9.40086944831079
"121888",-2.16044825830745,8.96967811193342
"137894",-1.24416666850554,8.68221722101518
"159670",-2.0706167298955,8.28695849600259
"80308",-0.651278580986653,9.72426295059382
"93324",0.193137786085697,9.49070097672275
"236807",-1.15433514009359,6.89456980561733
"206391",-2.04366727137191,7.44254212893024
"40978",-1.25314982134673,10.4339320250482
"117466",-1.70230746340649,9.05052648750418
"128366",-2.00773466000713,8.85289712499788
"32022",-1.34298134975868,10.5956287761898
"183050",-1.8819705202304,7.86475031246641
"108024",-1.6933243105653,9.22120639148689
"125452",-1.39688026680586,8.90679604204506
"185681",-0.570430205415896,7.81983454826043
"33547",-1.03755415315805,10.5686793176662
"102633",-1.01060469463446,9.32002107274004
"112015",-1.55857701794737,9.14934116875733
"267010",-2.17841456398984,6.34659748230442
"263083",-1.73824007477127,6.41846270503398
"106632",-0.803992179286972,9.24815585001047
"205828",-2.6365553588908,7.45152528177143
"12157",-1.20823405714076,10.9549548898376
"254536",-2.61858905320841,6.5711763033343
"289627",0.0853399519913545,5.94235560445063
"188938",-2.56469013616123,7.75695247837207
"263929",-3.06774669526817,6.40049639935159
"296591",0.139238869038526,5.8165914646739
"266930",-2.89706679128546,6.34659748230442
"131010",-0.579413358257092,8.80798136079191
"236690",-2.20536402251343,6.89456980561733
"295018",-0.597379663939482,5.84354092319749
"143236",-2.36706077365494,8.58340253976203
"286404",-2.07959988273669,5.99625452149781
"247079",-2.6365553588908,6.70592359595223
"287125",-0.0673736463089645,5.98727136865661
"124538",-0.678228039510239,8.92476234772745
"138453",-0.687211192351434,8.67323406817398
"272021",-1.81010529750084,6.25676595389247
"111010",-1.65739169920052,9.16730747443972
"282876",-2.51977437195526,6.05913659138617
"74161",-2.29519555092538,9.83206078468816
"191956",-2.24129663387821,7.7030535613249
"123477",-1.28009927987032,8.94272865340984
"153771",-1.48671179521781,8.39475633009693
"233240",-1.94485259011876,6.95745187550569
"312883",-0.839924790651753,5.52014742091446
"304462",-0.588396511098287,5.67286101921478
"272240",0.157205174720916,6.25676595389247
"103535",-1.83705475602442,9.30205476705765
"265109",-1.39688026680586,6.3825300936692
"196657",-0.193137786085697,7.62220518575414
"267258",0.0494073406265736,6.34659748230442
"24106",-1.01958784747566,10.7393592216489
"148286",-1.64840854635932,8.49357101135008
"152878",-0.579413358257092,8.41272263577932
"125928",-1.58552647647096,8.89781288920386
"50279",-2.52875752479645,10.2632521210655
"212305",-2.49282491343167,7.33474429483589
"48808",-2.34909446797255,10.2902015795891
"119990",-1.35196450259988,9.0056107232982
"130356",-1.98976835432474,8.8169645136331
"152891",-0.462632371321554,8.41272263577932
"116927",-2.07959988273669,9.05950964034538
"187165",-0.633312275304263,7.79288508973685
"81099",-2.47485860774928,9.70629664491143
"48809",-2.34011131513135,10.2902015795891
"148400",-0.624329122463068,8.49357101135008
"113145",-0.336868231544821,9.13137486307494
"305525",0.0314410349441832,5.65489471353239
"225764",-2.13349879978386,7.09219916812362
"117383",-2.4479091492257,9.05052648750418
"116156",-0.0763567991501595,9.07747594602776
"286622",-0.121272563356135,5.99625452149781
"342031",-2.41197653786092,4.99014140328394
"250425",0.633312275304263,6.65202467890506
"216300",-2.32214500944896,7.26287907210633
"258681",-1.10043622304641,6.49931108060474
"117498",-1.41484657248825,9.05052648750418
"116000",-1.47772864237661,9.07747594602776
"177722",-0.633312275304263,7.96356499371956
"52786",-2.33112816229016,10.2183363568596
"106018",-1.85502106170681,9.25713900285167
"106030",-1.74722322761247,9.25713900285167
"286997",-1.21721720998195,5.98727136865661
"19151",-0.884840554857729,10.8291907500608
"48327",-2.20536402251343,10.2991847324303
"183980",-2.45689230206689,7.84678400678402
"126054",-0.453649218480359,8.89781288920386
"79150",-2.12451564694267,9.74222925627621
"105547",-1.62145908783574,9.26612215569286
"267581",-1.51366125374139,6.33761432946322
"261834",0.435682912797968,6.44541216355757
"191716",0.067373646308964,7.71203671416609
"62727",-2.32214500944896,10.0386733000357
"195923",-2.32214500944896,7.63118833859533
"95502",-2.56469013616123,9.44578521251677
"336627",-1.84603790886562,5.08895608453709
"302507",-0.291952467338845,5.70879363057956
"127039",-0.534497594051115,8.87984658352147
"34866",-2.58265644184362,10.5417298591426
"73709",-1.89095367307159,9.84104393752936
"276560",-1.21721720998195,6.17591757832171
"65290",-1.62145908783574,9.99375753582968
"260137",-1.41484657248825,6.47236162208115
"190024",-1.73824007477127,7.73898617268968
"217276",-2.48384176059048,7.24491276642394
"114485",-1.6933243105653,9.10442540455135
"109756",0.471615524162749,9.1942569329633
"18048",-1.86400421454801,10.8471570557432
"20098",-1.3070487383939,10.8112244443784
"146703",-2.47485860774928,8.52052046987366
"21418",-2.84316787423829,10.7842749858549
"16647",-1.05552045884044,10.8741065142668
"262005",-2.49282491343167,6.43642901071637
"27117",-0.759076415080996,10.6854603046017
"229713",-2.37604392649613,7.02033394539406
"274157",-0.480598677003944,6.22083334252769
"162639",-2.18739771683104,8.23305957895541
"291613",0.067373646308964,5.90642299308585
"34853",-2.69943742877916,10.5417298591426
"252696",-1.28908243271151,6.60710891469908
"31570",-0.9387394719049,10.604611929031
"115993",-1.54061071226498,9.07747594602776
"84650",-1.82807160318323,9.64341457502306
"245594",-2.58265644184362,6.73287305447581
"246945",0.624329122463067,6.71490674879342
"139415",-0.974672083269681,8.65526776249159
"187012",-2.00773466000713,7.79288508973685
"113049",-1.19925090429956,9.13137486307494
"242615",-2.55570698332004,6.78677197152299
"294527",-0.543480746892311,5.85252407603868
"302510",-0.265003008815259,5.70879363057956
"66755",-1.85502106170681,9.96680807730609
"18604",-1.33399819691749,10.838173902902
"83205",-1.41484657248825,9.67036403354665
"263791",0.157205174720916,6.40947955219279
"330611",-2.31316185660777,5.19675391863143
"29591",-0.857891096334143,10.6405445403957
"216831",-2.01671781284833,7.25389591926514
"106046",-1.60349278215335,9.25713900285167
"92219",-0.803992179286972,9.50866728240513
"173545",-2.4389259963845,8.03543021644912
"73179",-2.18739771683104,9.85002709037055
"225750",-2.2592629395606,7.09219916812362
"99583",-1.62145908783574,9.37391998978721
"208884",-1.97180204864235,7.39762636472426
"10683",-1.05552045884044,10.9819043483611
"114411",-2.35807762081374,9.10442540455135
"56258",-2.39401023217853,10.1554542869712
"16169",-0.884840554857729,10.883089667108
"310343",-1.33399819691749,5.56506318512044
"302457",-0.741110109398605,5.70879363057956
"221793",-2.08858303557789,7.16406439085318
"93666",-1.19925090429956,9.48171782388155
"220275",-2.33112816229016,7.19101384937677
"93048",-2.28621239808418,9.49070097672275
"119864",-2.48384176059048,9.0056107232982
"122454",-1.54061071226498,8.96069495909223
"203896",-2.13349879978386,7.48745789313621
"289071",-0.444666065639163,5.95133875729183
"236648",-2.58265644184362,6.89456980561733
"103950",-2.57367328900243,9.29307161421645
"165119",-2.23231348103701,8.18814381474944
"240312",-0.92077316622251,6.83168773572896
"331159",-1.85502106170681,5.18777076579024
"310443",-0.435682912797968,5.56506318512044
"272896",-2.87910048560307,6.23879964821008
"105000",-2.0706167298955,9.27510530853406
"184531",-1.97180204864235,7.83780085394283
"25401",-2.78028580434992,10.7124097631253
"299551",-0.058390493467769,5.76269254762673
"307008",-0.0404241877853786,5.6279452550088
"262338",0.498564982686334,6.43642901071637
"251162",-1.67535800488291,6.63405837322267
"110020",-1.62145908783574,9.18527378012211
"250835",-0.148222021879721,6.64304152606386
"36410",-2.10654934126028,10.514780400619
"241442",0.30093562018004,6.81372143004657
"122456",-1.52264440658259,8.96069495909223
"244702",-1.66637485204171,6.7508393601582
"334206",-1.27111612702912,5.13387184874307
"271184",-0.399750301433187,6.27473225957486
"72697",-2.05265042421311,9.85901024321175
"251158",-1.71129061624769,6.63405837322267
"21073",-1.47772864237661,10.7932581386961
"76184",-1.98078520148355,9.79612817332338
"261434",-3.15757822368012,6.44541216355757
"132484",-0.73212695655741,8.78103190226832
"186532",-1.85502106170681,7.80186824257804
"113519",-1.44179603101183,9.12239171023374
"291073",-0.31890192586243,5.91540614592705
"117595",-0.543480746892311,9.05052648750418
"87710",-1.12738568157,9.58951565797589
"111547",-1.29806558555271,9.15832432159852
"172592",-2.0706167298955,8.05339652213151
"296882",-1.71129061624769,5.80760831183271
"122362",-2.36706077365494,8.96069495909223
"272024",-1.78315583897725,6.25676595389247
"244686",-1.81010529750084,6.7508393601582
"40566",-0.48958182984514,10.4429151778894
"36545",-0.893823707698924,10.514780400619
"83088",-2.46587545490809,9.67036403354665
"278871",-2.78028580434992,6.13100181411573
"185498",-2.21434717535462,7.81983454826043
"82394",0.229070397450478,9.68833033922904
"279454",-2.00773466000713,6.12201866127454
"275676",-0.229070397450478,6.1938838840041
"113931",-2.20536402251343,9.11340855739255
"302391",-1.33399819691749,5.70879363057956
"256148",-1.53162755942378,6.54422684481071
"91647",-1.47772864237661,9.51765043524633
"133357",-1.81908845034203,8.76306559658593
"88589",-2.16044825830745,9.5715493522935
"248732",-1.18128459861717,6.67897413742864
"161327",-0.579413358257092,8.260009037479
"56798",-2.00773466000713,10.14647113413
"216343",-1.93586943727757,7.26287907210633
"17695",-0.570430205415896,10.8561402085844
"333209",-1.29806558555271,5.15183815442546
"116159",-0.049407340626574,9.07747594602776
"198162",-0.0673736463089645,7.59525572723055
"176040",-2.34909446797255,7.99051445224314
"233235",-1.98976835432474,6.95745187550569
"98280",0.067373646308964,9.40086944831079
"248509",-3.1845276822037,6.67897413742864
"297403",-1.495694948059,5.79862515899151
"118956",-1.71129061624769,9.02357702898059
"223782",-2.07959988273669,7.1281317794884
"277344",-3.10367930663295,6.15795127263932
"128950",-1.22620036282315,8.84391397215669
"186294",0.471615524162749,7.81085139541924
"117985",-1.5046781009002,9.04154333466298
"109528",-1.57654332362976,9.1942569329633
"192467",-2.11553249410147,7.6940704084837
"23611",-1.00162154179327,10.7483423744901
"308358",-1.3070487383939,5.60099579648522
"262813",0.30093562018004,6.42744585787518
"31101",-0.687211192351434,10.6135950818721
"142293",-1.90891997875398,8.60136884544442
"191424",-2.55570698332004,7.71203671416609
"80115",-2.38502707933733,9.72426295059382
"209833",-2.37604392649613,7.37966005904187
"320367",-0.579413358257092,5.38540012829653
"86098",-2.21434717535462,9.61646511649948
"104255",0.166188327562111,9.29307161421645
"260513",-2.50180806627287,6.46337846923996
"133848",-1.8729873673892,8.75408244374474
"209337",-2.36706077365494,7.38864321188306
"125328",-2.51079121911406,8.90679604204506
"131390",-1.63044224067693,8.79899820795071
"210624",0.265003008815259,7.37067690620067
"72204",-2.01671781284833,9.86799339605294
"135393",-1.38789711396466,8.72713298522115
"247658",-1.89993682591279,6.69694044311103
"161200",-1.72027376908888,8.260009037479
"321686",-2.12451564694267,5.35845066977295
"29374",-2.80723526287351,10.6405445403957
"316385",-0.633312275304263,5.45726535102609
"247932",0.561447052574701,6.69694044311103
"10641",-1.43281287817064,10.9819043483611
"290569",-0.381783995750797,5.92438929876824
"183984",-2.42095969070211,7.84678400678402
"183739",-0.157205174720916,7.85576715962522
"289617",-0.00449157642059772,5.94235560445063
"119982",-1.42382972532944,9.0056107232982
"241733",-1.54959386510617,6.80473827720538
"91159",-1.39688026680586,9.52663358808753
"259114",-1.67535800488291,6.49032792776354
"246171",-1.86400421454801,6.72388990163462
"113933",-2.18739771683104,9.11340855739255
"106161",-0.570430205415896,9.25713900285167
"136853",-1.66637485204171,8.70018352669757
"216898",-1.41484657248825,7.25389591926514
"322805",-1.00162154179327,5.34048436409056
"13105",-1.62145908783574,10.9369885841552
"100556",-1.81010529750084,9.35595368410482
"82088",-2.51977437195526,9.68833033922904
"93136",-1.495694948059,9.49070097672275
"21464",-2.42994284354331,10.7842749858549
"134934",-1.04653730599924,8.73611613806235
"36854",-2.58265644184362,10.5057972477778
"120174",0.30093562018004,9.0056107232982
"273918",-2.6275722060496,6.22083334252769
"186645",-0.839924790651753,7.80186824257804
"186465",-2.45689230206689,7.80186824257804
"321236",-1.70230746340649,5.36743382261414
"132856",-1.85502106170681,8.77204874942713
"269080",-1.44179603101183,6.31066487093964
"259025",-2.47485860774928,6.49032792776354
"298446",-1.05552045884044,5.78065885330912
"184979",-2.41197653786092,7.82881770110163
"306964",-0.435682912797968,5.6279452550088
"199948",-1.8819705202304,7.55932311586577
"266568",-1.6843411577241,6.35558063514561
"156727",-1.72027376908888,8.34085741304976
"145255",-2.08858303557789,8.54746992839725
"195095",-0.830941637810557,7.64915464427773
"109516",-1.6843411577241,9.1942569329633
"168622",-2.01671781284833,8.12526174486107
"244383",-0.0673736463089645,6.7598225129994
"247699",-1.53162755942378,6.69694044311103
"118474",-1.57654332362976,9.03256018182179
"91146",-1.51366125374139,9.52663358808753
"170244",-0.839924790651753,8.09831228633749
"285626",-0.139238869038526,6.0142208271802
"181002",-2.42095969070211,7.90068292383119
"326700",-1.72925692193008,5.26861914136099
"251880",0.309918773021235,6.62507522038147
"84618",-2.11553249410147,9.64341457502306
"200098",-0.534497594051115,7.55932311586577
"281985",-1.59450962931215,6.07710289706856
"268050",-1.76518953329486,6.32863117662203
"114428",-2.20536402251343,9.10442540455135
"128470",-1.07348676452283,8.85289712499788
"110635",-0.561447052574701,9.17629062728091
"170070",-2.40299338501972,8.09831228633749
"111453",-2.14248195262506,9.15832432159852
"196710",0.282969314497649,7.62220518575414
"120015",-1.12738568157,9.0056107232982
"202443",-1.79213899181845,7.5144073516598
"241634",-2.4389259963845,6.80473827720538
"261612",-1.55857701794737,6.44541216355757
"222335",-1.6843411577241,7.15508123801199
"174563",-2.22333032819582,8.01746391076673
"158886",-0.184154633244502,8.30492480168498
"340074",-2.13349879978386,5.02607401464872
"242725",-1.56756017078857,6.78677197152299
"284136",-0.130255716197331,6.04117028570378
"306916",-0.866874249175338,5.6279452550088
"273207",-0.0853399519913549,6.23879964821008
"230276",-1.78315583897725,7.01135079255287
"42991",-1.02857100031685,10.3979994136835
"158843",-0.570430205415896,8.30492480168498
"244225",-1.48671179521781,6.7598225129994
"100103",-1.41484657248825,9.36493683694601
"131120",0.408733454274382,8.80798136079191
"153407",-0.291952467338845,8.40373948293812
"124552",-0.552463899733506,8.92476234772745
"298920",-1.26213297418793,5.77167570046793
"189900",-2.85215102707948,7.73898617268968
"257607",-1.81908845034203,6.51727738628713
"74641",-2.4479091492257,9.82307763184697
"197861",-2.77130265150872,7.59525572723055
"176560",-2.14248195262506,7.98153129940195
"113007",-1.57654332362976,9.13137486307494
"154707",-2.00773466000713,8.37679002441454
"265033",-2.07959988273669,6.3825300936692
"115959",-1.84603790886562,9.07747594602776
"42050",-0.552463899733506,10.4159657193659
"179026",-2.31316185660777,7.93661553519597
"62753",-2.08858303557789,10.0386733000357
"23453",-2.42095969070211,10.7483423744901
"106274",0.444666065639163,9.25713900285167
"157862",-0.453649218480359,8.32289110736737
"206308",-2.78926895719111,7.44254212893024
"183971",-2.53774067763765,7.84678400678402
"283484",-1.52264440658259,6.05015343854498
"186736",-0.0224578821029882,7.80186824257804
"12684",-0.9387394719049,10.9459717369964
"99251",-0.139238869038526,9.3829031426284
"92625",-1.62145908783574,9.49968412956394
"183201",-0.52551444120992,7.86475031246641
"141352",-1.43281287817064,8.61933515112681
"305726",-2.6275722060496,5.64591156069119
"176505",-2.6365553588908,7.98153129940195
"163148",-2.07959988273669,8.22407642611422
"116946",-1.90891997875398,9.05950964034538
"157169",-2.21434717535462,8.33187426020856
"183693",-0.570430205415896,7.85576715962522
"25115",-0.884840554857729,10.7213929159665
"300326",-2.02570096568952,5.74472624194434
"310962",-0.238053550291673,5.55608003227924
"193646",-0.453649218480359,7.67610410280131
"177509",-2.54672383047884,7.96356499371956
"189173",-0.453649218480359,7.75695247837207
"278192",0.0494073406265736,6.14896811979813
"74246",-1.53162755942378,9.83206078468816
"116433",-2.05265042421311,9.06849279318657
"106559",-1.45976233669422,9.24815585001047
"12170",-1.09145307020522,10.9549548898376
"103739",-0.00449157642059772,9.30205476705765
"93347",0.399750301433187,9.49070097672275
"103054",-1.6933243105653,9.31103791989884
"261606",-1.61247593499454,6.44541216355757
"234235",-1.93586943727757,6.9394855698233
"162192",-1.73824007477127,8.24204273179661
"261003",-2.56469013616123,6.45439531639876
"182571",-1.72027376908888,7.87373346530761
"156694",-2.01671781284833,8.34085741304976
"102039",-1.8819705202304,9.32900422558123
"40424",-1.76518953329486,10.4429151778894
"221759",-2.39401023217853,7.16406439085318
"104570",-1.46874548953542,9.28408846137526
"104585",-1.33399819691749,9.28408846137526
"170049",-2.59163959468482,8.09831228633749
"196911",-2.37604392649613,7.61322203291294
"5798",-0.291952467338845,11.0717358767731
"284148",-0.0224578821029882,6.04117028570378
"157212",-1.82807160318323,8.33187426020856
"214752",-2.83418472139709,7.28982853062992
"323152",-2.34909446797255,5.33150121124936
"98528",-2.16943141114864,9.3918862954696
"153317",-1.10043622304641,8.40373948293812
"316731",-1.98976835432474,5.4482821981849
"326248",-1.32501504407629,5.27760229420219
"246106",-2.4479091492257,6.72388990163462
"120553",-0.759076415080996,8.99662757045701
"103675",-0.579413358257092,9.30205476705765
"51850",-1.81010529750084,10.2363026625419
"106023",-1.81010529750084,9.25713900285167
"141342",-1.52264440658259,8.61933515112681
"190553",-1.45077918385303,7.73000301984848
"74175",-2.16943141114864,9.83206078468816
"317858",-0.795009026445777,5.43031589250251
"108965",-2.16943141114864,9.2032400858045
"131902",-1.495694948059,8.79001505510952
"42508",-0.902806860540119,10.4069825665247
"131405",-1.495694948059,8.79899820795071
"263271",-0.049407340626574,6.41846270503398
"34087",-0.651278580986653,10.559696164825
"219577",0.327885078703625,7.20898015505916
"341617",-1.66637485204171,4.99912455612514
"136342",-1.79213899181845,8.70916667953876
"92191",-1.05552045884044,9.50866728240513
"267191",-0.552463899733506,6.34659748230442
"227409",-0.750093262239801,7.06524970960004
"300771",-2.49282491343167,5.73574308910314
"113023",-1.43281287817064,9.13137486307494
"194166",-0.247036703132868,7.66712094996012
"272060",-1.45976233669422,6.25676595389247
"189412",-2.77130265150872,7.74796932553087
"296572",-0.0314410349441836,5.8165914646739
"235236",-1.8729873673892,6.92151926414091
"252111",-2.07959988273669,6.61609206754028
"100513",-2.19638086967223,9.35595368410482
"136829",-1.8819705202304,8.70018352669757
"291058",-0.453649218480359,5.91540614592705
"239668",-2.24129663387821,6.84067088857016
"158706",-1.80112214465964,8.30492480168498
"254043",-2.58265644184362,6.58015945617549
"328687",-1.73824007477127,5.23268652999621
"293979",-1.00162154179327,5.86150722887988
"93119",-1.64840854635932,9.49070097672275
"251122",-2.03468411853072,6.63405837322267
"30362",-2.86113417992068,10.6225782347133
"283405",-2.23231348103701,6.05015343854498
"101140",-1.02857100031685,9.34697053126362
"107021",-1.77417268613606,9.23917269716928
"117878",-2.46587545490809,9.04154333466298
"226434",-0.579413358257092,7.08321601528243
"226269",-2.0616335770543,7.08321601528243
"216034",-0.247036703132868,7.27186222494753
"292930",-1.495694948059,5.87947353456227
"157192",-2.00773466000713,8.33187426020856
"58795",-1.92688628443637,10.1105385227652
"99577",-1.67535800488291,9.37391998978721
"91319",0.0404241877853782,9.52663358808753
"177089",-1.85502106170681,7.97254814656075
"244919",0.282969314497649,6.7508393601582
"29579",-0.965688930428486,10.6405445403957
"157180",-2.11553249410147,8.33187426020856
"292054",-0.435682912797968,5.89743984024466
"88623",-1.85502106170681,9.5715493522935
"296430",-1.3070487383939,5.8165914646739
"304282",-2.20536402251343,5.67286101921478
"93820",0.184154633244502,9.48171782388155
"309968",-0.238053550291673,5.57404633796163
"246090",-2.59163959468482,6.72388990163462
"316231",-2.01671781284833,5.45726535102609
"177115",-1.62145908783574,7.97254814656075
"260278",-0.148222021879721,6.47236162208115
"127529",-0.597379663939482,8.87086343068028
"45873",-1.92688628443637,10.3441004966363
"32036",-1.21721720998195,10.5956287761898
"118476",-1.55857701794737,9.03256018182179
"284995",-1.34298134975868,6.02320398002139
"103027",-1.93586943727757,9.31103791989884
"289947",-1.5046781009002,5.93337245160944
"118373",-2.48384176059048,9.03256018182179
"292616",0.148222021879721,5.88845668740346
"207372",-2.16044825830745,7.42457582324785
"281476",-1.70230746340649,6.08608604990976
"20612",-1.15433514009359,10.8022412915372
"132379",-1.67535800488291,8.78103190226832
"139937",-0.750093262239801,8.64628460965039
"196721",0.381783995750796,7.62220518575414
"263054",-1.99875150716594,6.41846270503398
"19670",-0.687211192351434,10.8202075972196
"86222",-1.10043622304641,9.61646511649948
"113467",-1.90891997875398,9.12239171023374
"252617",-1.99875150716594,6.60710891469908
"271912",-2.78926895719111,6.25676595389247
"298942",-1.06450361168163,5.77167570046793
"193970",-2.00773466000713,7.66712094996012
"201586",-0.561447052574701,7.53237365734219
"192118",-0.786025873604582,7.7030535613249
"112557",-1.15433514009359,9.14035801591613
"285436",-1.84603790886562,6.0142208271802
"107501",-1.92688628443637,9.23018954432808
"15154",-1.07348676452283,10.9010559727904
"297482",-0.786025873604582,5.79862515899151
"194153",-0.363817690068406,7.66712094996012
"248189",-1.59450962931215,6.68795729026984
"9056",-2.27722924524299,11.0088538068847
"198387",-2.51079121911406,7.58627257438936
"262141",-1.27111612702912,6.43642901071637
"113462",-1.95383574295996,9.12239171023374
"104545",-1.6933243105653,9.28408846137526
"209158",0.489581829845139,7.39762636472426
"104225",-0.103306257673745,9.29307161421645
"238911",-0.11228941051494,6.85863719425255
"88135",-1.77417268613606,9.5805325051347
"232303",-1.43281287817064,6.97541818118808
"50346",-1.92688628443637,10.2632521210655
"21419",-2.83418472139709,10.7842749858549
"300972",-0.687211192351434,5.73574308910314
"220272",-2.35807762081374,7.19101384937677
"234426",-0.220087244609283,6.9394855698233
"285900",-2.14248195262506,6.005237674339
"229305",-1.57654332362976,7.02931709823526
"145923",-0.552463899733506,8.53848677555605
"242736",-1.46874548953542,6.78677197152299
"237679",-2.2502797867194,6.87660349993494
"203445",-1.72027376908888,7.49644104597741
"233162",-2.64553851173199,6.95745187550569
"117922",-2.0706167298955,9.04154333466298
"308955",-0.408733454274382,5.59201264364402
"221356",-1.54959386510617,7.17304754369438
"78748",-1.27111612702912,9.75121240911741
"248633",-2.0706167298955,6.67897413742864
"75697",-1.89095367307159,9.80511132616458
"222767",-2.26824609240179,7.14609808517079
"25070",-1.28908243271151,10.7213929159665
"172038",-2.58265644184362,8.06237967497271
"40331",-2.60062274752601,10.4429151778894
"260542",-2.24129663387821,6.46337846923996
"300541",-0.0943231048325499,5.74472624194434
"132486",-0.71416065087502,8.78103190226832
"292087",-0.139238869038526,5.89743984024466
"250088",-2.39401023217853,6.65202467890506
"50755",-2.71740373446155,10.2542689682243
"157704",-1.8729873673892,8.32289110736737
"148742",-2.01671781284833,8.48458785850888
"101694",-0.516531288368725,9.33798737842243
"237930",0.00449157642059728,6.87660349993494
"239734",-1.64840854635932,6.84067088857016
"127842",-2.2502797867194,8.86188027783908
"104056",-1.62145908783574,9.29307161421645
"219590",0.444666065639163,7.20898015505916
"189029",-1.74722322761247,7.75695247837207
"283207",0.453649218480358,6.05913659138617
"252629",-1.89095367307159,6.60710891469908
"219549",0.076356799150159,7.20898015505916
"314918",-0.417716607115578,5.48421480954968
"297064",-0.0763567991501595,5.80760831183271
"165596",-2.41197653786092,8.17916066190824
"59708",-2.65452166457319,10.0925722170828
"197402",-2.42994284354331,7.60423888007175
"286576",-0.534497594051115,5.99625452149781
"185228",-0.175171480403307,7.82881770110163
"105577",-1.35196450259988,9.26612215569286
"102600",-1.3070487383939,9.32002107274004
"278699",0.139238869038526,6.13998496695693
"297097",0.220087244609283,5.80760831183271
"229211",-2.42095969070211,7.02931709823526
"297930",-1.22620036282315,5.78964200615032
"252128",-1.92688628443637,6.61609206754028
"208824",-2.51079121911406,7.39762636472426
"241669",-2.12451564694267,6.80473827720538
"65841",-1.13636883441119,9.98477438298848
"94074",-1.99875150716594,9.47273467104035
"290108",-0.058390493467769,5.93337245160944
"303533",-0.00449157642059772,5.69082732489717
"149753",-1.86400421454801,8.46662155282649
"114379",-2.64553851173199,9.10442540455135
"108059",-1.37891396112347,9.22120639148689
"265801",0.354834537227211,6.373546940828
"306947",-0.588396511098287,5.6279452550088
"119059",-0.786025873604582,9.02357702898059
"206933",-1.63942539351813,7.43355897608904
"140451",-0.597379663939482,8.6373014568092
"113500",-1.61247593499454,9.12239171023374
"11212",-0.768059567922191,10.97292119552
"115966",-1.78315583897725,9.07747594602776
"13976",-2.72638688730275,10.9190222784728
"25052",-1.45077918385303,10.7213929159665
"107057",-1.45077918385303,9.23917269716928
"99072",-1.74722322761247,9.3829031426284
"172144",-1.63044224067693,8.06237967497271
"56321",-1.82807160318323,10.1554542869712
"166624",-2.10654934126028,8.16119435622585
"147213",-2.35807762081374,8.51153731703247
"79117",-2.42095969070211,9.74222925627621
"172248",-0.696194345192629,8.06237967497271
"318670",-2.42994284354331,5.41234958682012
"80232",-1.33399819691749,9.72426295059382
"238280",-1.3160318912351,6.86762034709374
"136019",-0.229070397450478,8.71814983237996
"112908",-2.46587545490809,9.13137486307494
"308939",-0.552463899733506,5.59201264364402
"269442",-2.65452166457319,6.30168171809844
"266431",-2.91503309696785,6.35558063514561
"18994",-2.29519555092538,10.8291907500608
"197646",-0.238053550291673,7.60423888007175
"98707",-0.561447052574701,9.3918862954696
"98057",-1.93586943727757,9.40086944831079
"292043",-0.534497594051115,5.89743984024466
"21166",-0.642295428145458,10.7932581386961
"25429",-2.52875752479645,10.7124097631253
"102189",-0.534497594051115,9.32900422558123
"98089",-1.64840854635932,9.40086944831079
"16008",-2.33112816229016,10.883089667108
"182737",-0.229070397450478,7.87373346530761
"116509",-1.36993080828227,9.06849279318657
"268893",-3.12164561231534,6.31066487093964
"28607",-0.768059567922191,10.6585108460781
"101275",0.184154633244502,9.34697053126362
"186434",-2.73537004014394,7.80186824257804
"224974",-0.30093562018004,7.11016547380601
"351030",-1.93586943727757,4.82844465214243
"311860",-1.10043622304641,5.53811372659685
"258475",-2.95096570833263,6.49931108060474
"104464",-2.42095969070211,9.28408846137526
"108011",-1.81010529750084,9.22120639148689
"166596",-2.35807762081374,8.16119435622585
"287481",-1.33399819691749,5.97828821581542
"137373",-1.45976233669422,8.69120037385637
"234791",-1.40586341964705,6.93050241698211
"314369",-0.884840554857729,5.49319796239087
"20142",-0.911790013381315,10.8112244443784
"252706",-1.19925090429956,6.60710891469908
"180996",-2.47485860774928,7.90068292383119
"295074",-0.0943231048325499,5.84354092319749
"123092",-0.273986161656454,8.95171180625103
"56245",-2.51079121911406,10.1554542869712
"331646",-1.94485259011876,5.17878761294904
"304026",-0.0404241877853786,5.68184417205597
"312261",-1.96281889580115,5.52913057375565
"234170",-2.51977437195526,6.9394855698233
"265340",0.678228039510238,6.3825300936692
"108505",-1.83705475602442,9.21222323864569
"190000",-1.95383574295996,7.73898617268968
"259507",-2.60960590036721,6.48134477492235
"173068",-2.2592629395606,8.04441336929031
"166101",-2.34011131513135,8.17017750906705
"171575",-2.27722924524299,8.0713628278139
"136390",-1.36094765544108,8.70916667953876
"235170",-2.46587545490809,6.92151926414091
"52259",-2.60062274752601,10.2273195097008
"127902",-1.71129061624769,8.86188027783908
"165819",-0.408733454274382,8.17916066190824
"189994",-2.00773466000713,7.73898617268968
"178815",0.256019855974063,7.94559868803717
"154686",-2.19638086967223,8.37679002441454
"239408",-0.11228941051494,6.84965404141135
"273894",-2.84316787423829,6.22083334252769
"206408",-1.89095367307159,7.44254212893024
"82794",-0.642295428145458,9.67934718638784
"109432",-2.4389259963845,9.1942569329633
"190898",-2.8162184157147,7.72101986700729
"149397",-0.597379663939482,8.47560470566768
"106151",-0.660261733827848,9.25713900285167
"180486",-2.59163959468482,7.90966607667239
"33374",-2.59163959468482,10.5686793176662
"179526",-2.28621239808418,7.92763238235478
"167174",-1.63044224067693,8.15221120338466
"100088",-1.54959386510617,9.36493683694601
"204408",-1.99875150716594,7.47847474029502
"110979",-1.93586943727757,9.16730747443972
"89114",-1.90891997875398,9.56256619945231
"233503",0.417716607115577,6.95745187550569
"202403",-2.15146510546625,7.5144073516598
"186941",-2.64553851173199,7.79288508973685
"118464",-1.66637485204171,9.03256018182179
"152883",-0.534497594051115,8.41272263577932
"100549",-1.8729873673892,9.35595368410482
"182083",-1.63942539351813,7.8827166181488
"20575",-1.48671179521781,10.8022412915372
"111677",-0.130255716197331,9.15832432159852
"20604",-1.22620036282315,10.8022412915372
"313251",-1.99875150716594,5.51116426807326
"218097",0.426699759956773,7.23592961358275
"278700",0.148222021879721,6.13998496695693
"299533",-0.220087244609283,5.76269254762673
"141406",-0.947722624746095,8.61933515112681
"242386",-0.148222021879721,6.79575512436418
"185214",-0.30093562018004,7.82881770110163
"261621",-1.47772864237661,6.44541216355757
"127864",-2.05265042421311,8.86188027783908
"240416",0.0134747292617927,6.83168773572896
"339595",-1.97180204864235,5.03505716748992
"90525",-2.6275722060496,9.53561674092872
"185489",-2.29519555092538,7.81983454826043
"193916",-2.49282491343167,7.66712094996012
"299410",-1.32501504407629,5.76269254762673
"189919",-2.68147112309677,7.73898617268968
"269308",0.606362816780677,6.31066487093964
"159137",-2.39401023217853,8.29594164884378
"177070",-2.02570096568952,7.97254814656075
"293645",0.462632371321554,5.87049038172107
"241200",-1.8729873673892,6.81372143004657
"203422",-1.92688628443637,7.49644104597741
"269286",0.408733454274382,6.31066487093964
"6284",-0.390767148591992,11.0627527239319
"324234",-1.55857701794737,5.31353490556697
"111473",-1.96281889580115,9.15832432159852
"213355",-1.98976835432474,7.3167779891535
"104074",-1.45976233669422,9.29307161421645
"171040",-2.61858905320841,8.0803459806551
"246115",-2.36706077365494,6.72388990163462
"120605",-0.291952467338845,8.99662757045701
"261855",0.624329122463067,6.44541216355757
"246428",0.444666065639163,6.72388990163462
"251209",-1.25314982134673,6.63405837322267
"43305",-2.67248797025558,10.3890162608423
"261584",-1.81010529750084,6.44541216355757
"248599",-2.37604392649613,6.67897413742864
"18973",-2.48384176059048,10.8291907500608
"101043",-1.89993682591279,9.34697053126362
"258009",-2.67248797025558,6.50829423344593
"30599",-0.73212695655741,10.6225782347133
"116885",-2.45689230206689,9.05950964034538
"125936",-1.51366125374139,8.89781288920386
"235311",-1.19925090429956,6.92151926414091
"304493",-0.309918773021235,5.67286101921478
"108520",-1.70230746340649,9.21222323864569
"314263",-1.83705475602442,5.49319796239087
"278897",-2.54672383047884,6.13100181411573
"85605",-2.17841456398984,9.62544826934067
"163140",-2.15146510546625,8.22407642611422
"205948",-1.55857701794737,7.45152528177143
"236216",-1.99875150716594,6.90355295845852
"60761",-2.12451564694267,10.0746059114004
"96588",-1.73824007477127,9.42781890683438
"303496",-0.336868231544821,5.69082732489717
"104249",0.11228941051494,9.29307161421645
"103196",-0.417716607115578,9.31103791989884
"17110",-1.36094765544108,10.8651233614256
"290051",-0.570430205415896,5.93337245160944
"225707",-2.64553851173199,7.09219916812362
"263529",-2.19638086967223,6.40947955219279
"297543",-0.238053550291673,5.79862515899151
"118061",-0.821958484969362,9.04154333466298
"108051",-1.45077918385303,9.22120639148689
"186765",0.238053550291673,7.80186824257804
"266528",-2.04366727137191,6.35558063514561
"226330",-1.51366125374139,7.08321601528243
"303742",-2.59163959468482,5.68184417205597
"151294",-1.41484657248825,8.4396720943029
"101108",-1.3160318912351,9.34697053126362
"10633",-1.5046781009002,10.9819043483611
"261502",-2.54672383047884,6.44541216355757
"245126",-2.32214500944896,6.74185620731701
"263593",-1.62145908783574,6.40947955219279
"281630",-0.31890192586243,6.08608604990976
"99200",-0.597379663939482,9.3829031426284
"119433",-1.89095367307159,9.0145938761394
"105055",-1.57654332362976,9.27510530853406
"190934",-2.49282491343167,7.72101986700729
"194247",0.480598677003944,7.66712094996012
"189004",-1.97180204864235,7.75695247837207
"175737",-0.606362816780677,7.99949760508434
"211317",-2.4389259963845,7.35271060051828
"141345",-1.495694948059,8.61933515112681
"283906",-2.19638086967223,6.04117028570378
"251667",-1.60349278215335,6.62507522038147
"18199",-0.50754813552753,10.8471570557432
"204306",-2.91503309696785,7.47847474029502
"187496",-2.12451564694267,7.78390193689565
"269249",0.076356799150159,6.31066487093964
"142950",-0.471615524162749,8.59238569260322
"229384",-0.866874249175338,7.02931709823526
"322698",-1.96281889580115,5.34048436409056
"102776",0.273986161656454,9.32002107274004
"168823",-0.211104091768088,8.12526174486107
"106991",-2.04366727137191,9.23917269716928
"287807",-2.87011733276187,5.96930506297422
"71726",-1.84603790886562,9.87697654889414
"134847",-1.82807160318323,8.73611613806235
"315754",-1.83705475602442,5.46624850386729
"112934",-2.23231348103701,9.13137486307494
"213585",0.076356799150159,7.3167779891535
"219299",-2.16943141114864,7.20898015505916
"305880",-1.24416666850554,5.64591156069119
"26435",-2.42095969070211,10.6944434574429
"150920",-0.309918773021235,8.4486552471441
"119116",-0.273986161656454,9.02357702898059
"302238",-2.70842058162036,5.70879363057956
"140798",-1.94485259011876,8.628318303968
"174078",-2.11553249410147,8.02644706360793
"262557",-1.99875150716594,6.42744585787518
"109224",0.157205174720916,9.2032400858045
"289439",-1.60349278215335,5.94235560445063
"263603",-1.53162755942378,6.40947955219279
"156181",-2.16044825830745,8.34984056589095
"66253",-1.89993682591279,9.97579123014729
"195972",-1.8819705202304,7.63118833859533
"119466",-1.59450962931215,9.0145938761394
"99997",-2.36706077365494,9.36493683694601
"109026",-1.62145908783574,9.2032400858045
"21986",-2.20536402251343,10.7752918330137
"116870",-2.59163959468482,9.05950964034538
"200446",-1.8729873673892,7.55033996302458
"309870",-1.1184025287288,5.57404633796163
"316715",-2.13349879978386,5.4482821981849
"204056",-0.696194345192629,7.48745789313621
"295043",-0.372800842909601,5.84354092319749
"200436",-1.96281889580115,7.55033996302458
"181089",-1.63942539351813,7.90068292383119
"243729",-1.47772864237661,6.76880566584059
"281703",0.336868231544821,6.08608604990976
"166858",-0.00449157642059772,8.16119435622585
"114042",-1.20823405714076,9.11340855739255
"140868",-1.3160318912351,8.628318303968
"293039",-0.516531288368725,5.87947353456227
"125954",-1.35196450259988,8.89781288920386
"116493",-1.51366125374139,9.06849279318657
"320307",-1.1184025287288,5.38540012829653
"171589",-2.15146510546625,8.0713628278139
"254550",-2.49282491343167,6.5711763033343
"153403",-0.327885078703626,8.40373948293812
"149743",-1.95383574295996,8.46662155282649
"25503",-1.86400421454801,10.7124097631253
"90153",-1.5046781009002,9.54459989376992
"341095",-1.89095367307159,5.00810770896633
"227724",-2.38502707933733,7.05626655675884
"105282",0.462632371321554,9.27510530853406
"87073",-2.38502707933733,9.59849881081709
"90141",-1.61247593499454,9.54459989376992
"158840",-0.597379663939482,8.30492480168498
"178265",-0.220087244609283,7.95458184087836
"300556",0.0404241877853782,5.74472624194434
"124427",-1.67535800488291,8.92476234772745
"296032",-0.417716607115578,5.8255746175151
"273492",-1.98976835432474,6.22981649536888
"179273",-0.0943231048325499,7.93661553519597
"111130",-0.579413358257092,9.16730747443972
"258997",-2.72638688730275,6.49032792776354
"300484",-0.606362816780677,5.74472624194434
"306427",-0.795009026445777,5.63692840785
"101564",-1.6843411577241,9.33798737842243
"231166",-2.71740373446155,6.99338448687048
"329712",-1.45976233669422,5.21472022431382
"161380",-0.103306257673745,8.260009037479
"192632",-0.633312275304263,7.6940704084837
"140000",-0.184154633244502,8.64628460965039
"185739",-0.049407340626574,7.81983454826043
"197104",-0.642295428145458,7.61322203291294
"11712",-0.741110109398605,10.9639380426788
"110013",-1.6843411577241,9.18527378012211
"94638",-1.39688026680586,9.46375151819916
"149187",-2.48384176059048,8.47560470566768
"32070",-0.911790013381315,10.5956287761898
"274524",-1.64840854635932,6.21185018968649
"240669",-2.17841456398984,6.82270458288777
"9531",-2.47485860774928,10.9998706540435
"308489",-0.130255716197331,5.60099579648522
"210838",-2.27722924524299,7.36169375335948
"187060",-1.57654332362976,7.79288508973685
"269986",-2.23231348103701,6.29269856525725
"143799",-1.77417268613606,8.57441938692083
"185727",-0.157205174720916,7.81983454826043
"108554",-1.39688026680586,9.21222323864569
"95053",-2.13349879978386,9.45476836535796
"265951",-2.76231949866753,6.36456378798681
"94285",-0.103306257673745,9.47273467104035
"272887",-2.95994886117382,6.23879964821008
"124093",-0.211104091768088,8.93374550056864
"175047",-2.34011131513135,8.00848075792553
"199679",0.166188327562111,7.56830626870697
"244551",-3.02283093106219,6.7508393601582
"137909",-1.10941937588761,8.68221722101518
"121407",-2.01671781284833,8.97866126477462
"32086",-0.768059567922191,10.5956287761898
"237218",-1.92688628443637,6.88558665277613
"304776",-2.23231348103701,5.66387786637358
"103773",0.30093562018004,9.30205476705765
"141552",0.363817690068406,8.61933515112681
"253636",-1.77417268613606,6.58914260901669
"287625",-0.0404241877853786,5.97828821581542
"201690",0.372800842909601,7.53237365734219
"282324",-3.01384777822099,6.06811974422737
"200855",-2.66350481741438,7.54135681018338
"169659",-1.63044224067693,8.10729543917868
"185012",-2.11553249410147,7.82881770110163
"303414",-1.07348676452283,5.69082732489717
"262458",-2.88808363844426,6.42744585787518
"324186",-1.98976835432474,5.31353490556697
"185206",-0.372800842909601,7.82881770110163
"177515",-2.49282491343167,7.96356499371956
"166098",-2.36706077365494,8.17017750906705
"212856",-2.00773466000713,7.3257611419947
"207956",-1.37891396112347,7.41559267040665
"28619",-0.660261733827848,10.6585108460781
"253644",-1.70230746340649,6.58914260901669
"297847",-1.97180204864235,5.78964200615032
"11093",-1.83705475602442,10.97292119552
"299516",-0.372800842909601,5.76269254762673
"196229",0.426699759956773,7.63118833859533
"133909",-1.32501504407629,8.75408244374474
"246351",-0.247036703132868,6.72388990163462
"219756",-2.52875752479645,7.19999700221797
"212032",-0.480598677003944,7.34372744767709
"160388",-0.0853399519913549,8.27797534316139
"114707",0.30093562018004,9.10442540455135
"196971",-1.83705475602442,7.61322203291294
"233184",-2.4479091492257,6.95745187550569
"344526",-2.32214500944896,4.94522563907797
"28426",-2.39401023217853,10.6585108460781
"114493",-1.62145908783574,9.10442540455135
"30052",-1.18128459861717,10.6315613875545
"324258",-1.34298134975868,5.31353490556697
"191483",-2.02570096568952,7.71203671416609
"120111",-0.265003008815259,9.0056107232982
"261804",0.166188327562111,6.44541216355757
"102529",-1.94485259011876,9.32002107274004
"267542",-1.86400421454801,6.33761432946322
"252400",0.516531288368725,6.61609206754028
"115522",-1.3070487383939,9.08645909886896
"261124",-1.47772864237661,6.45439531639876
"233833",-1.08246991736402,6.9484687226645
"104514",-1.97180204864235,9.28408846137526
"41495",-1.07348676452283,10.424948872207
"176764",-0.309918773021235,7.98153129940195
"28044",-1.36094765544108,10.6674939989193
"295496",-0.768059567922191,5.83455777035629
"314721",-2.18739771683104,5.48421480954968
"156897",-0.193137786085697,8.34085741304976
"313239",-2.10654934126028,5.51116426807326
"254579",-2.23231348103701,6.5711763033343
"216273",-2.56469013616123,7.26287907210633
"201685",0.327885078703625,7.53237365734219
"276136",-0.561447052574701,6.18490073116291
"191393",-2.83418472139709,7.71203671416609
"98296",0.211104091768088,9.40086944831079
"124446",-1.5046781009002,8.92476234772745
"177983",-2.75333634582633,7.95458184087836
"96627",-1.38789711396466,9.42781890683438
"239228",-1.72925692193008,6.84965404141135
"37410",-2.05265042421311,10.4968140949366
"275174",-0.273986161656454,6.2028670368453
"281135",-0.30093562018004,6.09506920275095
"239101",-2.87011733276187,6.84965404141135
"274414",-2.6365553588908,6.21185018968649
"195607",-0.696194345192629,7.64017149143653
"113420",-2.33112816229016,9.12239171023374
"46846",-2.11553249410147,10.3261341909539
"213642",0.588396511098286,7.3167779891535
"293434",-1.43281287817064,5.87049038172107
"311781",-1.81010529750084,5.53811372659685
"140760",-2.28621239808418,8.628318303968
"132311",-2.28621239808418,8.78103190226832
"209092",-0.103306257673745,7.39762636472426
"236182",-2.30417870376657,6.90355295845852
"53751",-2.59163959468482,10.2003700511772
"271892",-2.96893201401502,6.25676595389247
"111653",-0.345851384386016,9.15832432159852
"155892",-0.291952467338845,8.35882371873215
"96765",-0.148222021879721,9.42781890683438
"308480",-0.211104091768088,5.60099579648522
"212361",-1.98976835432474,7.33474429483589
"132815",-2.22333032819582,8.77204874942713
"188951",-2.4479091492257,7.75695247837207
"248366",-0.00449157642059772,6.68795729026984
"160653",-2.16943141114864,8.2689921903202
"84151",-1.84603790886562,9.65239772786426
"238738",-1.66637485204171,6.85863719425255
"257515",-2.64553851173199,6.51727738628713
"133859",-1.77417268613606,8.75408244374474
"322297",-1.10043622304641,5.34946751693175
"175026",-2.52875752479645,8.00848075792553
"267301",0.435682912797968,6.34659748230442
"222514",-0.0763567991501595,7.15508123801199
"208794",-2.78028580434992,7.39762636472426
"288090",-0.327885078703626,5.96930506297422
"300550",-0.0134747292617932,5.74472624194434
"298502",-0.552463899733506,5.78065885330912
"76881",-0.184154633244502,9.78714502048219
"204102",-0.282969314497649,7.48745789313621
"212773",-2.75333634582633,7.3257611419947
"303444",-0.803992179286972,5.69082732489717
"57781",-2.10654934126028,10.1285048284476
"297518",-0.462632371321554,5.79862515899151
"152178",-2.40299338501972,8.42170578862051
"253653",-1.62145908783574,6.58914260901669
"146803",-1.57654332362976,8.52052046987366
"226002",0.00449157642059728,7.09219916812362
"146427",-0.48958182984514,8.52950362271486
"270937",-2.61858905320841,6.27473225957486
"120969",-1.48671179521781,8.98764441761581
"269089",-1.36094765544108,6.31066487093964
"129422",-1.45077918385303,8.83493081931549
"297854",-1.90891997875398,5.78964200615032
"275886",-2.80723526287351,6.18490073116291
"260951",-3.03181408390339,6.45439531639876
"252665",-1.56756017078857,6.60710891469908
"250667",-1.65739169920052,6.64304152606386
"277126",-0.597379663939482,6.16693442548052
"132005",-0.570430205415896,8.79001505510952
"135008",-0.381783995750797,8.73611613806235
"102195",-0.480598677003944,9.32900422558123
"191015",-1.76518953329486,7.72101986700729
"268283",0.327885078703625,6.32863117662203
"119481",-1.45976233669422,9.0145938761394
"204897",-2.0706167298955,7.46949158745382
"114214",0.336868231544821,9.11340855739255
"238174",-2.26824609240179,6.86762034709374
"255295",-0.265003008815259,6.5621931504931
"258998",-2.71740373446155,6.49032792776354
"71838",-0.839924790651753,9.87697654889414
"107569",-1.3160318912351,9.23018954432808
"199446",-1.92688628443637,7.56830626870697
"95097",-1.73824007477127,9.45476836535796
"140243",-2.46587545490809,8.6373014568092
"27055",-1.3160318912351,10.6854603046017
"97051",-2.04366727137191,9.41883575399318
"13223",-0.561447052574701,10.9369885841552
"292060",-0.381783995750797,5.89743984024466
"105715",-0.11228941051494,9.26612215569286
"172584",-2.14248195262506,8.05339652213151
"197598",-0.669244886669044,7.60423888007175
"114975",-1.75620638045366,9.09544225171016
"102302",0.480598677003944,9.32900422558123
"26449",-2.29519555092538,10.6944434574429
"299271",-2.57367328900243,5.76269254762673
"17118",-1.28908243271151,10.8651233614256
"213813",-2.34011131513135,7.30779483631231
"114509",-1.47772864237661,9.10442540455135
"98613",-1.40586341964705,9.3918862954696
"267931",-2.83418472139709,6.32863117662203
"304289",-2.14248195262506,5.67286101921478
"210822",-2.42095969070211,7.36169375335948
"30400",-2.51977437195526,10.6225782347133
"269410",-2.94198255549143,6.30168171809844
"329162",-1.93586943727757,5.22370337715502
"344073",-1.92688628443637,4.95420879191916
"320160",-2.4389259963845,5.38540012829653
"254625",-1.81908845034203,6.5711763033343
"167636",-1.94485259011876,8.14322805054346
"167652",-1.80112214465964,8.14322805054346
"339056",-2.34909446797255,5.04404032033111
"120849",-2.56469013616123,8.98764441761581
"147227",-2.23231348103701,8.51153731703247
"148745",-1.98976835432474,8.48458785850888
"272904",-2.80723526287351,6.23879964821008
"84699",-1.38789711396466,9.64341457502306
"141959",-0.444666065639163,8.61035199828561
"103076",-1.495694948059,9.31103791989884
"293370",-2.00773466000713,5.87049038172107
"166814",-0.399750301433187,8.16119435622585
"105013",-1.95383574295996,9.27510530853406
"200637",-0.157205174720916,7.55033996302458
"212776",-2.72638688730275,7.3257611419947
"248595",-2.41197653786092,6.67897413742864
"248597",-2.39401023217853,6.67897413742864
"190010",-1.86400421454801,7.73898617268968
"19103",-1.3160318912351,10.8291907500608
"19990",-2.27722924524299,10.8112244443784
"278145",-0.372800842909601,6.14896811979813
"115468",-1.79213899181845,9.08645909886896
"213982",-0.821958484969362,7.30779483631231
"130862",-1.90891997875398,8.80798136079191
"201100",-0.462632371321554,7.54135681018338
"252722",-1.05552045884044,6.60710891469908
"123398",-1.98976835432474,8.94272865340984
"116978",-1.62145908783574,9.05950964034538
"291131",0.202120938926892,5.91540614592705
"200369",-2.56469013616123,7.55033996302458
"196984",-1.72027376908888,7.61322203291294
"194442",-2.23231348103701,7.65813779711892
"265586",-1.57654332362976,6.373546940828
"79752",-1.18128459861717,9.73324610343502
"203844",-2.60062274752601,7.48745789313621
"305380",-1.27111612702912,5.65489471353239
"310948",-0.363817690068406,5.55608003227924
"182723",-0.354834537227211,7.87373346530761
"115497",-1.53162755942378,9.08645909886896
"276389",-2.75333634582633,6.17591757832171
"159668",-2.08858303557789,8.28695849600259
"67659",-2.66350481741438,9.9488417716237
"182090",-1.57654332362976,7.8827166181488
"305991",-0.247036703132868,5.64591156069119
"115005",-1.48671179521781,9.09544225171016
"12178",-1.01958784747566,10.9549548898376
"159746",-1.38789711396466,8.28695849600259
"72238",-1.71129061624769,9.86799339605294
"15175",-0.884840554857729,10.9010559727904
"298356",-1.86400421454801,5.78065885330912
"168093",-2.30417870376657,8.13424489770227
"106936",-2.53774067763765,9.23917269716928
"175049",-2.32214500944896,8.00848075792553
"298987",-0.660261733827848,5.77167570046793
"238837",-0.777042720763386,6.85863719425255
"26540",-1.47772864237661,10.6944434574429
"144331",-1.45976233669422,8.56543623407964
"245073",-2.79825211003231,6.74185620731701
"144747",-2.18739771683104,8.55645308123844
"93149",-1.37891396112347,9.49070097672275
"173059",-2.34011131513135,8.04441336929031
"96001",-2.54672383047884,9.43680205967557
"13134",-1.36094765544108,10.9369885841552
"305015",-0.0853399519913549,5.66387786637358
"116437",-2.01671781284833,9.06849279318657
"184943",-2.73537004014394,7.82881770110163
"283329",-2.91503309696785,6.05015343854498
"263141",-1.21721720998195,6.41846270503398
"251832",-0.121272563356135,6.62507522038147
"111983",-1.84603790886562,9.14934116875733
"240161",-2.27722924524299,6.83168773572896
"308981",-0.175171480403307,5.59201264364402
"25639",-0.642295428145458,10.7124097631253
"70774",-1.46874548953542,9.89494285457653
"190175",-0.381783995750797,7.73898617268968
"130890",-1.65739169920052,8.80798136079191
"299250",-2.76231949866753,5.76269254762673
"273872",-3.04079723674458,6.22083334252769
"31405",-2.42095969070211,10.604611929031
"307466",-0.390767148591992,5.61896210216761
"187949",-2.51977437195526,7.77491878405446
"109169",-0.336868231544821,9.2032400858045
"201917",-2.05265042421311,7.52339050450099
"103283",0.363817690068406,9.31103791989884
"303448",-0.768059567922191,5.69082732489717
"109508",-1.75620638045366,9.1942569329633
"119397",-2.21434717535462,9.0145938761394
"119881",-2.33112816229016,9.0056107232982
"31063",-1.02857100031685,10.6135950818721
"117113",-0.408733454274382,9.05950964034538
"197434",-2.14248195262506,7.60423888007175
"121096",-0.345851384386016,8.98764441761581
"212818",-2.34909446797255,7.3257611419947
"303325",-1.8729873673892,5.69082732489717
"269024",-1.94485259011876,6.31066487093964
"105597",-1.17230144577598,9.26612215569286
"241241",-1.5046781009002,6.81372143004657
"207370",-2.17841456398984,7.42457582324785
"92655",-1.35196450259988,9.49968412956394
"258604",-1.79213899181845,6.49931108060474
"225714",-2.58265644184362,7.09219916812362
"178553",-2.09756618841908,7.94559868803717
"81081",-2.6365553588908,9.70629664491143
"255650",-1.54061071226498,6.55320999765191
"148949",-0.157205174720916,8.48458785850888
"185004",-2.18739771683104,7.82881770110163
"301046",-0.0224578821029882,5.73574308910314
"242371",-0.282969314497649,6.79575512436418
"132853",-1.8819705202304,8.77204874942713
"272695",-0.220087244609283,6.24778280105127
"169125",-1.96281889580115,8.11627859201988
"179557",-2.00773466000713,7.92763238235478
"105036",-1.74722322761247,9.27510530853406
"115501",-1.495694948059,9.08645909886896
"306991",-0.193137786085697,5.6279452550088
"248877",0.121272563356135,6.67897413742864
"187995",-2.10654934126028,7.77491878405446
"123840",-2.48384176059048,8.93374550056864
"243745",-1.33399819691749,6.76880566584059
"144756",-2.10654934126028,8.55645308123844
"159282",-1.09145307020522,8.29594164884378
"271920",-2.71740373446155,6.25676595389247
"305945",-0.660261733827848,5.64591156069119
"109480",-2.00773466000713,9.1942569329633
"122480",-1.3070487383939,8.96069495909223
"98569",-1.80112214465964,9.3918862954696
"322678",-2.14248195262506,5.34048436409056
"97224",-0.48958182984514,9.41883575399318
"14988",-2.56469013616123,10.9010559727904
"348551",-1.8819705202304,4.8733604163484
"111105",-0.803992179286972,9.16730747443972
"112956",-2.03468411853072,9.13137486307494
"332727",-1.16331829293478,5.16082130726665
"127383",-1.90891997875398,8.87086343068028
"123933",-1.64840854635932,8.93374550056864
"226512",0.121272563356135,7.08321601528243
"98100",-1.54959386510617,9.40086944831079
"22604",-1.1184025287288,10.7663086801725
"303281",-2.26824609240179,5.69082732489717
"174764",-0.417716607115578,8.01746391076673
"264923",-3.06774669526817,6.3825300936692
"118494",-1.39688026680586,9.03256018182179
"129481",-0.92077316622251,8.83493081931549
"298427",-1.22620036282315,5.78065885330912
"240154",-2.34011131513135,6.83168773572896
"245172",-1.90891997875398,6.74185620731701
"123989",-1.14535198725239,8.93374550056864
"108229",0.148222021879721,9.22120639148689
"20435",-2.74435319298514,10.8022412915372
"106575",-1.3160318912351,9.24815585001047
"79140",-2.21434717535462,9.74222925627621
"50261",-2.69045427593797,10.2632521210655
"157696",-1.94485259011876,8.32289110736737
"193730",0.30093562018004,7.67610410280131
"109697",-0.058390493467769,9.1942569329633
"218744",-2.69045427593797,7.21796330790036
"185518",-2.03468411853072,7.81983454826043
"20658",-0.741110109398605,10.8022412915372
"351023",-1.99875150716594,4.82844465214243
"107051",-1.5046781009002,9.23917269716928
"193951",-2.17841456398984,7.66712094996012
"165631",-2.09756618841908,8.17916066190824
"168769",-0.696194345192629,8.12526174486107
"276180",-0.166188327562112,6.18490073116291
"247414",0.372800842909601,6.70592359595223
"12651",-1.23518351566434,10.9459717369964
"197108",-0.606362816780677,7.61322203291294
"11217",-0.723143803716215,10.97292119552
"185488",-2.30417870376657,7.81983454826043
"125938",-1.495694948059,8.89781288920386
"300518",-0.30093562018004,5.74472624194434
"183468",-2.59163959468482,7.85576715962522
"290574",-0.336868231544821,5.92438929876824
"233209",-2.22333032819582,6.95745187550569
"235682",-2.33112816229016,6.91253611129972
"211400",-1.6933243105653,7.35271060051828
"263762",-0.103306257673745,6.40947955219279
"45308",-2.53774067763765,10.3530836494775
"25549",-1.45077918385303,10.7124097631253
"167122",-2.09756618841908,8.15221120338466
"222756",-2.36706077365494,7.14609808517079
"181005",-2.39401023217853,7.90068292383119
"117486",-1.52264440658259,9.05052648750418
"88232",-0.902806860540119,9.5805325051347
"336636",-1.76518953329486,5.08895608453709
"118026",-1.13636883441119,9.04154333466298
"26136",-0.642295428145458,10.7034266102841
"270785",0.480598677003944,6.28371541241605
"141378",-1.19925090429956,8.61933515112681
"270449",-2.53774067763765,6.28371541241605
"126918",-1.62145908783574,8.87984658352147
"38908",-1.98976835432474,10.469864636413
"117947",-1.84603790886562,9.04154333466298
"168136",-1.91790313159518,8.13424489770227
"150397",-0.543480746892311,8.4576383999853
"111048",-1.3160318912351,9.16730747443972
"253601",-2.08858303557789,6.58914260901669
"76664",-2.13349879978386,9.78714502048219
"68277",-1.57654332362976,9.93985861878251
"281170",0.0134747292617927,6.09506920275095
"248409",0.381783995750796,6.68795729026984
"116962",-1.76518953329486,9.05950964034538
"271280",0.462632371321554,6.27473225957486
"123950",-1.495694948059,8.93374550056864
"271696",-0.265003008815259,6.26574910673366
"306778",-2.10654934126028,5.6279452550088
"123346",-2.45689230206689,8.94272865340984
"111622",-0.624329122463068,9.15832432159852
"91115",-1.79213899181845,9.52663358808753
"104583",-1.35196450259988,9.28408846137526
"179742",-0.345851384386016,7.92763238235478
"128360",-2.0616335770543,8.85289712499788
"12680",-0.974672083269681,10.9459717369964
"92116",-1.72925692193008,9.50866728240513
"238751",-1.54959386510617,6.85863719425255
"28405",-2.58265644184362,10.6585108460781
"96559",-1.99875150716594,9.42781890683438
"29564",-1.10043622304641,10.6405445403957
"119980",-1.44179603101183,9.0056107232982
"186445",-2.6365553588908,7.80186824257804
"100567",-1.71129061624769,9.35595368410482
"261743",-0.381783995750797,6.44541216355757
"138457",-0.651278580986653,8.67323406817398
"277900",-2.57367328900243,6.14896811979813
"122399",-2.03468411853072,8.96069495909223
"44873",-1.98078520148355,10.3620668023187
"104553",-1.62145908783574,9.28408846137526
"244767",-1.08246991736402,6.7508393601582
"294588",0.00449157642059728,5.85252407603868
"268135",-1.00162154179327,6.32863117662203
"256282",-0.327885078703626,6.54422684481071
"103007",-2.11553249410147,9.31103791989884
"182463",-2.69045427593797,7.87373346530761
"41852",-2.33112816229016,10.4159657193659
"111520",-1.54061071226498,9.15832432159852
"94002",-2.64553851173199,9.47273467104035
"196447",-2.07959988273669,7.62220518575414
"287466",-1.46874548953542,5.97828821581542
"316407",-0.435682912797968,5.45726535102609
"17689",-0.624329122463068,10.8561402085844
"301531",-0.130255716197331,5.72675993626195
"17665",-0.839924790651753,10.8561402085844
"133493",-0.597379663939482,8.76306559658593
"304958",-0.597379663939482,5.66387786637358
"108546",-1.46874548953542,9.21222323864569
"137819",-1.91790313159518,8.68221722101518
"32598",-0.633312275304263,10.5866456233486
"108996",-1.89095367307159,9.2032400858045
"89719",-0.9387394719049,9.55358304661111
"180969",-2.71740373446155,7.90068292383119
"250631",-1.98078520148355,6.64304152606386
"119519",-1.1184025287288,9.0145938761394
"316832",-1.08246991736402,5.4482821981849
"25154",-0.534497594051115,10.7213929159665
"203404",-2.08858303557789,7.49644104597741
"312857",-1.07348676452283,5.52014742091446
"102606",-1.25314982134673,9.32002107274004
"118930",-1.94485259011876,9.02357702898059
"297439",-1.17230144577598,5.79862515899151
"146422",-0.534497594051115,8.52950362271486
"131427",-1.29806558555271,8.79899820795071
"261520",-2.38502707933733,6.44541216355757
"212894",-1.66637485204171,7.3257611419947
"262086",-1.76518953329486,6.43642901071637
"263442",-2.97791516685621,6.40947955219279
"16117",-1.35196450259988,10.883089667108
"82587",-2.50180806627287,9.67934718638784
"314334",-1.19925090429956,5.49319796239087
"210884",-1.86400421454801,7.36169375335948
"37819",-2.84316787423829,10.4878309420954
"266768",0.11228941051494,6.35558063514561
"285496",-1.3070487383939,6.0142208271802
"242832",-0.606362816780677,6.78677197152299
"275443",-2.32214500944896,6.1938838840041
"35839",-2.77130265150872,10.5237635534602
"27380",-2.86113417992068,10.6764771517605
"38373",-2.33112816229016,10.4788477892542
"205858",-2.36706077365494,7.45152528177143
"126939",-1.43281287817064,8.87984658352147
"185720",-0.220087244609283,7.81983454826043
"119126",-0.184154633244502,9.02357702898059
"83116",-2.21434717535462,9.67036403354665
"213838",-2.11553249410147,7.30779483631231
"68726",-2.00773466000713,9.93087546594131
"119959",-1.63044224067693,9.0056107232982
"249408",0.426699759956773,6.66999098458745
"209937",-1.44179603101183,7.37966005904187
"12703",-0.768059567922191,10.9459717369964
"260991",-2.67248797025558,6.45439531639876
"101811",0.534497594051115,9.33798737842243
"260077",-1.95383574295996,6.47236162208115
"319311",-1.13636883441119,5.40336643397892
"118484",-1.48671179521781,9.03256018182179
"90733",-0.759076415080996,9.53561674092872
"216733",-2.89706679128546,7.25389591926514
"112529",-1.40586341964705,9.14035801591613
"238753",-1.53162755942378,6.85863719425255
"252895",0.498564982686334,6.60710891469908
"170059",-2.50180806627287,8.09831228633749
"252896",0.50754813552753,6.60710891469908
"309402",-0.857891096334143,5.58302949080283
"258215",-0.821958484969362,6.50829423344593
"245630",-2.2592629395606,6.73287305447581
"305925",-0.839924790651753,5.64591156069119
"113525",-1.38789711396466,9.12239171023374
"26105",-0.92077316622251,10.7034266102841
"241745",-1.44179603101183,6.80473827720538
"255869",0.426699759956773,6.55320999765191
"127886",-1.85502106170681,8.86188027783908
"255125",-1.79213899181845,6.5621931504931
"128517",-0.651278580986653,8.85289712499788
"300491",-0.543480746892311,5.74472624194434
"297080",0.067373646308964,5.80760831183271
"271392",-2.9958814725386,6.26574910673366
"251534",-2.79825211003231,6.62507522038147
"90641",-1.58552647647096,9.53561674092872
"196632",-0.417716607115578,7.62220518575414
"94069",-2.04366727137191,9.47273467104035
"272071",-1.36094765544108,6.25676595389247
"101950",-2.68147112309677,9.32900422558123
"24425",-2.61858905320841,10.7303760688077
"207048",-0.606362816780677,7.43355897608904
"199126",-0.336868231544821,7.57728942154816
"106509",-1.90891997875398,9.24815585001047
"142959",-0.390767148591992,8.59238569260322
"82710",-1.39688026680586,9.67934718638784
"184983",-2.37604392649613,7.82881770110163
"305875",-1.28908243271151,5.64591156069119
"286936",-1.76518953329486,5.98727136865661
"113003",-1.61247593499454,9.13137486307494
"249286",-0.669244886669044,6.66999098458745
"105621",-0.95670577758729,9.26612215569286
"325144",-2.31316185660777,5.29556859988458
"98972",-2.64553851173199,9.3829031426284
"97582",-1.73824007477127,9.40985260115199
"196965",-1.89095367307159,7.61322203291294
"275892",-2.75333634582633,6.18490073116291
"261128",-1.44179603101183,6.45439531639876
"316768",-1.65739169920052,5.4482821981849
"200849",-2.71740373446155,7.54135681018338
"99326",0.534497594051115,9.3829031426284
"113468",-1.89993682591279,9.12239171023374
"111553",-1.24416666850554,9.15832432159852
"341515",-2.58265644184362,4.99912455612514
"194137",-0.50754813552753,7.66712094996012
"241943",0.336868231544821,6.80473827720538
"294542",-0.408733454274382,5.85252407603868
"107524",-1.72027376908888,9.23018954432808
"261111",-1.59450962931215,6.45439531639876
"107492",-2.00773466000713,9.23018954432808
"255301",-0.211104091768088,6.5621931504931
"101153",-0.911790013381315,9.34697053126362
"272953",-2.36706077365494,6.23879964821008
"119868",-2.4479091492257,9.0056107232982
"249639",-1.96281889580115,6.66100783174625
"68150",-2.71740373446155,9.93985861878251
"199967",-1.71129061624769,7.55932311586577
"314422",-0.408733454274382,5.49319796239087
"219344",-1.76518953329486,7.20898015505916
"107044",-1.56756017078857,9.23917269716928
"110023",-1.59450962931215,9.18527378012211
"241773",-1.19026775145837,6.80473827720538
"260010",-2.55570698332004,6.47236162208115
"144963",-0.247036703132868,8.55645308123844
"238918",-0.049407340626574,6.85863719425255
"32911",-2.28621239808418,10.5776624705074
"164112",-2.34909446797255,8.20611012043183
"129386",-1.77417268613606,8.83493081931549
"131875",-1.73824007477127,8.79001505510952
"108535",-1.56756017078857,9.21222323864569
"262113",-1.52264440658259,6.43642901071637
"79709",-1.56756017078857,9.73324610343502
"318722",-1.96281889580115,5.41234958682012
"157899",-0.121272563356135,8.32289110736737
"87841",0.0494073406265736,9.58951565797589
"94547",-2.21434717535462,9.46375151819916
"331663",-1.79213899181845,5.17878761294904
"127388",-1.86400421454801,8.87086343068028
"190179",-0.345851384386016,7.73898617268968
"305761",-2.31316185660777,5.64591156069119
"314326",-1.27111612702912,5.49319796239087
"15133",-1.26213297418793,10.9010559727904
"264850",0.741110109398605,6.3915132465104
"204445",-1.66637485204171,7.47847474029502
"171231",-0.902806860540119,8.0803459806551
"36982",-1.43281287817064,10.5057972477778
"267416",-2.9958814725386,6.33761432946322
"102743",-0.0224578821029882,9.32002107274004
"33089",-0.687211192351434,10.5776624705074
"13113",-1.54959386510617,10.9369885841552
"27086",-1.03755415315805,10.6854603046017
"327752",-1.20823405714076,5.2506528356786
"114969",-1.81010529750084,9.09544225171016
"181041",-2.0706167298955,7.90068292383119
"243203",-1.73824007477127,6.77778881868179
"110504",-1.73824007477127,9.17629062728091
"117958",-1.74722322761247,9.04154333466298
"308460",-0.390767148591992,5.60099579648522
"186540",-1.78315583897725,7.80186824257804
"188505",-1.98976835432474,7.76593563121326
"140769",-2.20536402251343,8.628318303968
"78638",-2.2592629395606,9.75121240911741
"105234",0.0314410349441832,9.27510530853406
"150909",-0.408733454274382,8.4486552471441
"261108",-1.62145908783574,6.45439531639876
"115003",-1.5046781009002,9.09544225171016
"19471",-2.47485860774928,10.8202075972196
"251006",-3.07672984810936,6.63405837322267
"174597",-1.91790313159518,8.01746391076673
"308713",-2.58265644184362,5.59201264364402
"188187",-0.381783995750797,7.77491878405446
"138839",-1.6843411577241,8.66425091533278
"80145",-2.11553249410147,9.72426295059382
"322765",-1.36094765544108,5.34048436409056
"65813",-1.38789711396466,9.98477438298848
"186026",-1.93586943727757,7.81085139541924
"274226",0.139238869038526,6.22083334252769
"183795",0.345851384386016,7.85576715962522
"242318",-0.759076415080996,6.79575512436418
"236264",-1.56756017078857,6.90355295845852
"27579",-1.07348676452283,10.6764771517605
"140921",-0.839924790651753,8.628318303968
"155732",-1.72925692193008,8.35882371873215
"99484",-2.51079121911406,9.37391998978721
"110486",-1.89993682591279,9.17629062728091
"218440",-0.95670577758729,7.22694646074155
"183457",-2.69045427593797,7.85576715962522
"241910",0.0404241877853782,6.80473827720538
"256611",-1.83705475602442,6.53524369196952
"169081",-2.35807762081374,8.11627859201988
"26928",-2.45689230206689,10.6854603046017
"85852",0.0404241877853782,9.62544826934067
"190913",-2.68147112309677,7.72101986700729
"10638",-1.45976233669422,10.9819043483611
"244711",-1.58552647647096,6.7508393601582
"219265",-2.47485860774928,7.20898015505916
"106937",-2.52875752479645,9.23917269716928
"19110",-1.25314982134673,10.8291907500608
"131415",-1.40586341964705,8.79899820795071
"199384",-2.48384176059048,7.56830626870697
"201667",0.166188327562111,7.53237365734219
"210369",-2.02570096568952,7.37067690620067
"116354",-2.76231949866753,9.06849279318657
"309934",-0.543480746892311,5.57404633796163
"121949",-1.61247593499454,8.96967811193342
"140304",-1.91790313159518,8.6373014568092
"292596",-0.0314410349441836,5.88845668740346
"103642",-0.875857402016534,9.30205476705765
"63180",-2.71740373446155,10.0296901471945
"116458",-1.82807160318323,9.06849279318657
"76607",-2.64553851173199,9.78714502048219
"233829",-1.1184025287288,6.9484687226645
"13683",-0.893823707698924,10.928005431314
"269739",0.0134747292617927,6.30168171809844
"253853",0.175171480403307,6.58914260901669
"131081",0.0583904934677686,8.80798136079191
"197455",-1.95383574295996,7.60423888007175
"138768",-2.32214500944896,8.66425091533278
"127420",-1.57654332362976,8.87086343068028
"133879",-1.59450962931215,8.75408244374474
"296903",-1.52264440658259,5.80760831183271
"261274",-0.130255716197331,6.45439531639876
"310474",-0.157205174720916,5.56506318512044
"197467",-1.84603790886562,7.60423888007175
"36388",-2.30417870376657,10.514780400619
"248644",-1.97180204864235,6.67897413742864
"84602",-2.2592629395606,9.64341457502306
"19133",-1.04653730599924,10.8291907500608
"88282",-0.453649218480359,9.5805325051347
"226242",-2.30417870376657,7.08321601528243
"87570",-2.38502707933733,9.58951565797589
"127418",-1.59450962931215,8.87086343068028
"133095",0.291952467338844,8.77204874942713
"171084",-2.22333032819582,8.0803459806551
"315726",-2.08858303557789,5.46624850386729
"125445",-1.45976233669422,8.90679604204506
"189483",-2.13349879978386,7.74796932553087
"251614",-2.07959988273669,6.62507522038147
"282349",-2.78926895719111,6.06811974422737
"271591",-1.20823405714076,6.26574910673366
"64741",-2.08858303557789,10.0027406886709
"189772",0.462632371321554,7.74796932553087
"157658",-2.28621239808418,8.32289110736737
"195483",-1.81010529750084,7.64017149143653
"165233",-1.20823405714076,8.18814381474944
"91019",-2.65452166457319,9.52663358808753
"65171",-2.69045427593797,9.99375753582968
"20962",-2.47485860774928,10.7932581386961
"243647",-2.21434717535462,6.76880566584059
"239780",-1.23518351566434,6.84067088857016
"311403",-0.741110109398605,5.54709687943805
"213826",-2.22333032819582,7.30779483631231
"39477",-1.34298134975868,10.4608814835718
"266289",0.273986161656454,6.36456378798681
"80696",-1.63044224067693,9.71527979775263
"101517",-2.10654934126028,9.33798737842243
"210349",-2.20536402251343,7.37067690620067
"55247",-2.54672383047884,10.1734205926536
"218061",0.103306257673745,7.23592961358275
"113981",-1.75620638045366,9.11340855739255
"215369",-1.75620638045366,7.28084537778872
"83785",-0.669244886669044,9.66138088070545
"258516",-2.58265644184362,6.49931108060474
"14639",-1.23518351566434,10.9100391256316
"186522",-1.94485259011876,7.80186824257804
"347075",-1.74722322761247,4.90030987487199
"133484",-0.678228039510239,8.76306559658593
"185676",-0.615345969621873,7.81983454826043
"37878",-2.31316185660777,10.4878309420954
"56334",-1.71129061624769,10.1554542869712
"134332",-1.98976835432474,8.74509929090354
"243681",-1.90891997875398,6.76880566584059
"192688",-0.130255716197331,7.6940704084837
"133456",-0.929756319063705,8.76306559658593
"117350",-2.74435319298514,9.05052648750418
"209863",-2.10654934126028,7.37966005904187
"201344",-2.73537004014394,7.53237365734219
"21974",-2.31316185660777,10.7752918330137
"11708",-0.777042720763386,10.9639380426788
"114905",-2.38502707933733,9.09544225171016
"119434",-1.8819705202304,9.0145938761394
"263098",-1.60349278215335,6.41846270503398
"235792",-1.34298134975868,6.91253611129972
"105602",-1.12738568157,9.26612215569286
"236275",-1.46874548953542,6.90355295845852
"102015",-2.09756618841908,9.32900422558123
"216761",-2.64553851173199,7.25389591926514
"74300",-1.04653730599924,9.83206078468816
"178522",-2.37604392649613,7.94559868803717
"117497",-1.42382972532944,9.05052648750418
"116455",-1.85502106170681,9.06849279318657
"121912",-1.94485259011876,8.96967811193342
"121908",-1.98078520148355,8.96967811193342
"252044",-2.68147112309677,6.61609206754028
"186006",-2.11553249410147,7.81085139541924
"139856",-1.47772864237661,8.64628460965039
"288444",-1.61247593499454,5.96032191013303
"277171",-0.193137786085697,6.16693442548052
"177801",0.076356799150159,7.96356499371956
"110704",0.0583904934677686,9.17629062728091
"304391",-1.22620036282315,5.67286101921478
"100312",0.462632371321554,9.36493683694601
"269997",-2.13349879978386,6.29269856525725
"239127",-2.6365553588908,6.84965404141135
"75607",-2.69943742877916,9.80511132616458
"162633",-2.24129663387821,8.23305957895541
"23452",-2.42994284354331,10.7483423744901
"170545",-2.60062274752601,8.08932913349629
"272229",0.0583904934677686,6.25676595389247
"119922",-1.96281889580115,9.0056107232982
"293928",-1.45976233669422,5.86150722887988
"247690",-1.61247593499454,6.69694044311103
"156831",-0.786025873604582,8.34085741304976
"262078",-1.83705475602442,6.43642901071637
"248909",0.408733454274382,6.67897413742864
"244261",-1.16331829293478,6.7598225129994
"239265",-1.39688026680586,6.84965404141135
"89039",-2.58265644184362,9.56256619945231
"274248",0.336868231544821,6.22083334252769
"126426",-1.57654332362976,8.88882973636267
"9061",-2.23231348103701,11.0088538068847
"85624",-2.00773466000713,9.62544826934067
"245260",-1.1184025287288,6.74185620731701
"100578",-1.61247593499454,9.35595368410482
"126021",-0.750093262239801,8.89781288920386
"102052",-1.76518953329486,9.32900422558123
"168322",-0.247036703132868,8.13424489770227
"116122",-0.381783995750797,9.07747594602776
"138335",-1.74722322761247,8.67323406817398
"196411",-2.40299338501972,7.62220518575414
"247381",0.076356799150159,6.70592359595223
"198896",-2.40299338501972,7.57728942154816
"223294",-1.99875150716594,7.1371149323296
"186582",-1.40586341964705,7.80186824257804
"97823",0.426699759956773,9.40985260115199
"228464",-0.202120938926893,7.04728340391765
"130323",-2.28621239808418,8.8169645136331
"219753",-2.55570698332004,7.19999700221797
"135451",-0.866874249175338,8.72713298522115
"204358",-2.4479091492257,7.47847474029502
"279404",-2.45689230206689,6.12201866127454
"262459",-2.87910048560307,6.42744585787518
"247860",-0.0853399519913549,6.69694044311103
"127120",0.193137786085697,8.87984658352147
"172553",-2.42095969070211,8.05339652213151
"152673",-2.42095969070211,8.41272263577932
"143781",-1.93586943727757,8.57441938692083
"231199",-2.42095969070211,6.99338448687048
"296560",-0.139238869038526,5.8165914646739
"129347",-2.12451564694267,8.83493081931549
"69204",-2.17841456398984,9.92189231310012
"117984",-1.51366125374139,9.04154333466298
"245258",-1.13636883441119,6.74185620731701
"208896",-1.86400421454801,7.39762636472426
"70661",-2.48384176059048,9.89494285457653
"316829",-1.10941937588761,5.4482821981849
"298368",-1.75620638045366,5.78065885330912
"320841",-0.786025873604582,5.37641697545534
"293095",-0.0134747292617932,5.87947353456227
"22589",-1.25314982134673,10.7663086801725
"182079",-1.67535800488291,7.8827166181488
"183698",-0.52551444120992,7.85576715962522
"173541",-2.47485860774928,8.03543021644912
"71309",-1.12738568157,9.88595970173533
"240760",-1.36094765544108,6.82270458288777
"288619",-0.0404241877853786,5.96032191013303
"133512",-0.426699759956773,8.76306559658593
"268116",-1.17230144577598,6.32863117662203
"151388",-0.570430205415896,8.4396720943029
"35487",-1.46874548953542,10.5327467063014
"20486",-2.28621239808418,10.8022412915372
"286843",-2.60062274752601,5.98727136865661
"176592",-1.85502106170681,7.98153129940195
"270069",-1.48671179521781,6.29269856525725
"118501",-1.33399819691749,9.03256018182179
"309966",-0.256019855974064,5.57404633796163
"26442",-2.35807762081374,10.6944434574429
"264013",-2.31316185660777,6.40049639935159
"108519",-1.71129061624769,9.21222323864569
"107656",-0.534497594051115,9.23018954432808
"115069",-0.911790013381315,9.09544225171016
"33484",-1.60349278215335,10.5686793176662
"235179",-2.38502707933733,6.92151926414091
"264481",-2.57367328900243,6.3915132465104
"40838",-2.51079121911406,10.4339320250482
"247654",-1.93586943727757,6.69694044311103
"148430",-0.354834537227211,8.49357101135008
"180992",-2.51079121911406,7.90068292383119
"298499",-0.579413358257092,5.78065885330912
"112445",-2.16044825830745,9.14035801591613
"243282",-1.02857100031685,6.77778881868179
"198951",-1.90891997875398,7.57728942154816
"269020",-1.98078520148355,6.31066487093964
"195942",-2.15146510546625,7.63118833859533
"115074",-0.866874249175338,9.09544225171016
"204368",-2.35807762081374,7.47847474029502
"108572",-1.23518351566434,9.21222323864569
"162150",-2.11553249410147,8.24204273179661
"112612",-0.660261733827848,9.14035801591613
"197440",-2.08858303557789,7.60423888007175
"268588",-1.39688026680586,6.31964802378083
"125400",-1.86400421454801,8.90679604204506
"173034",-2.56469013616123,8.04441336929031
"81097",-2.49282491343167,9.70629664491143
"117685",0.265003008815259,9.05052648750418
"133391",-1.51366125374139,8.76306559658593
"185725",-0.175171480403307,7.81983454826043
"100110",-1.35196450259988,9.36493683694601
"153702",-2.10654934126028,8.39475633009693
"155762",-1.45976233669422,8.35882371873215
"256084",-2.10654934126028,6.54422684481071
"117966",-1.67535800488291,9.04154333466298
"95343",0.471615524162749,9.45476836535796
"254127",-1.82807160318323,6.58015945617549
"142295",-1.89095367307159,8.60136884544442
"132376",-1.70230746340649,8.78103190226832
"106446",-2.47485860774928,9.24815585001047
"274246",0.31890192586243,6.22083334252769
"155266",-1.45077918385303,8.36780687157334
"120860",-2.46587545490809,8.98764441761581
"197433",-2.15146510546625,7.60423888007175
"293583",-0.0943231048325499,5.87049038172107
"107937",-2.47485860774928,9.22120639148689
"32555",-1.01958784747566,10.5866456233486
"209860",-2.13349879978386,7.37966005904187
"249743",-1.02857100031685,6.66100783174625
"94714",-0.71416065087502,9.46375151819916
"26897",-2.73537004014394,10.6854603046017
"188185",-0.399750301433187,7.77491878405446
"307379",-1.17230144577598,5.61896210216761
"109679",-0.220087244609283,9.1942569329633
"118016",-1.22620036282315,9.04154333466298
"13049",-2.12451564694267,10.9369885841552
"192147",-0.52551444120992,7.7030535613249
"101570",-1.63044224067693,9.33798737842243
"217250",-2.71740373446155,7.24491276642394
"117437",-1.96281889580115,9.05052648750418
"117011",-1.32501504407629,9.05950964034538
"240357",-0.516531288368725,6.83168773572896
"118154",0.0134747292617927,9.04154333466298
"74251",-1.48671179521781,9.83206078468816
"269542",-1.75620638045366,6.30168171809844
"110218",0.157205174720916,9.18527378012211
"266068",-1.71129061624769,6.36456378798681
"19000",-2.24129663387821,10.8291907500608
"88731",-0.884840554857729,9.5715493522935
"154658",-2.4479091492257,8.37679002441454
"77620",-2.47485860774928,9.7691787147998
"35382",-2.41197653786092,10.5327467063014
"284164",0.121272563356135,6.04117028570378
"179498",-2.53774067763765,7.92763238235478
"162299",-0.777042720763386,8.24204273179661
"188026",-1.82807160318323,7.77491878405446
"124457",-1.40586341964705,8.92476234772745
"185482",-2.35807762081374,7.81983454826043
"134399",-1.38789711396466,8.74509929090354
"287592",-0.336868231544821,5.97828821581542
"120093",-0.426699759956773,9.0056107232982
"104213",-0.211104091768088,9.29307161421645
"321699",-2.00773466000713,5.35845066977295
"156272",-1.34298134975868,8.34984056589095
"226312",-1.67535800488291,7.08321601528243
"177238",-0.516531288368725,7.97254814656075
"212307",-2.47485860774928,7.33474429483589
"92506",-2.69045427593797,9.49968412956394
"21084",-1.37891396112347,10.7932581386961
"15497",-2.45689230206689,10.8920728199492
"103086",-1.40586341964705,9.31103791989884
"299064",0.0314410349441832,5.77167570046793
"248103",-2.36706077365494,6.68795729026984
"209356",-2.19638086967223,7.38864321188306
"154238",-1.75620638045366,8.38577317725573
"12128",-1.46874548953542,10.9549548898376
"106254",0.265003008815259,9.25713900285167
"89064",-2.35807762081374,9.56256619945231
"107428",-2.58265644184362,9.23018954432808
"244755",-1.19026775145837,6.7508393601582
"27595",-0.929756319063705,10.6764771517605
"335547",-2.61858905320841,5.10692239021948
"92077",-2.07959988273669,9.50866728240513
"12122",-1.52264440658259,10.9549548898376
"14189",-0.812975332128167,10.9190222784728
"129401",-1.63942539351813,8.83493081931549
"25585",-1.12738568157,10.7124097631253
"88642",-1.6843411577241,9.5715493522935
"51781",-2.42994284354331,10.2363026625419
"292941",-1.39688026680586,5.87947353456227
"106170",-0.48958182984514,9.25713900285167
"112512",-1.55857701794737,9.14035801591613
"117894",-2.32214500944896,9.04154333466298
"122412",-1.91790313159518,8.96069495909223
"320207",-2.01671781284833,5.38540012829653
"108055",-1.41484657248825,9.22120639148689
"274888",-2.84316787423829,6.2028670368453
"38892",-2.13349879978386,10.469864636413
"106007",-1.95383574295996,9.25713900285167
"128422",-1.5046781009002,8.85289712499788
"260777",-0.130255716197331,6.46337846923996
"111480",-1.89993682591279,9.15832432159852
"234256",-1.74722322761247,6.9394855698233
"114971",-1.79213899181845,9.09544225171016
"199009",-1.38789711396466,7.57728942154816
"160416",0.166188327562111,8.27797534316139
"96121",-1.46874548953542,9.43680205967557
"129381",-1.81908845034203,8.83493081931549
"200623",-0.282969314497649,7.55033996302458
"134024",-0.291952467338845,8.75408244374474
"105504",-2.00773466000713,9.26612215569286
"312390",-0.803992179286972,5.52913057375565
"78245",-1.32501504407629,9.7601955619586
"145823",-1.45077918385303,8.53848677555605
"210878",-1.91790313159518,7.36169375335948
"154367",-0.597379663939482,8.38577317725573
"104103",-1.19925090429956,9.29307161421645
"218337",-1.8819705202304,7.22694646074155
"203871",-2.35807762081374,7.48745789313621
"187981",-2.23231348103701,7.77491878405446
"112045",-1.28908243271151,9.14934116875733
"304484",-0.390767148591992,5.67286101921478
"349537",-1.95383574295996,4.85539411066601
"245738",-1.28908243271151,6.73287305447581
"276014",-1.65739169920052,6.18490073116291
"20617",-1.10941937588761,10.8022412915372
"13182",-0.929756319063705,10.9369885841552
"139012",-0.130255716197331,8.66425091533278
"229728",-2.24129663387821,7.02033394539406
"176022",-2.51079121911406,7.99051445224314
"284549",-0.884840554857729,6.03218713286259
"15997",-2.42994284354331,10.883089667108
"301978",-0.579413358257092,5.71777678342075
"273986",-2.01671781284833,6.22083334252769
"119457",-1.67535800488291,9.0145938761394
"103661",-0.705177498033824,9.30205476705765
"164097",-2.48384176059048,8.20611012043183
"262121",-1.45077918385303,6.43642901071637
"261598",-1.6843411577241,6.44541216355757
"318214",-2.0616335770543,5.42133273966131
"173635",-1.63044224067693,8.03543021644912
"289599",-0.166188327562112,5.94235560445063
"109924",-2.48384176059048,9.18527378012211
"101576",-1.57654332362976,9.33798737842243
"267736",-0.121272563356135,6.33761432946322
"333127",-2.03468411853072,5.15183815442546
"176114",-1.6843411577241,7.99051445224314
"253208",-1.15433514009359,6.59812576185789
"157201",-1.92688628443637,8.33187426020856
"117554",-0.911790013381315,9.05052648750418
"331149",-1.94485259011876,5.18777076579024
"23563",-1.43281287817064,10.7483423744901
"94079",-1.95383574295996,9.47273467104035
"111223",0.256019855974063,9.16730747443972
"126526",-0.678228039510239,8.88882973636267
"16495",-2.42095969070211,10.8741065142668
"157890",-0.202120938926893,8.32289110736737
"131996",-0.651278580986653,8.79001505510952
"95561",-2.03468411853072,9.44578521251677
"192469",-2.09756618841908,7.6940704084837
"192998",-1.81010529750084,7.68508725564251
"128535",-0.48958182984514,8.85289712499788
"304514",-0.121272563356135,5.67286101921478
"26399",-2.74435319298514,10.6944434574429
"296554",-0.193137786085697,5.8165914646739
"161136",-2.29519555092538,8.260009037479
"38548",-0.759076415080996,10.4788477892542
"253012",-2.91503309696785,6.59812576185789
"21095",-1.28009927987032,10.7932581386961
"155884",-0.363817690068406,8.35882371873215
"111475",-1.94485259011876,9.15832432159852
"61265",-2.0616335770543,10.0656227585592
"149784",-1.58552647647096,8.46662155282649
"298585",0.193137786085697,5.78065885330912
"273964",-2.21434717535462,6.22083334252769
"25437",-2.45689230206689,10.7124097631253
"290643",0.282969314497649,5.92438929876824
"128059",-0.30093562018004,8.86188027783908
"259863",0.588396511098286,6.48134477492235
"296343",-2.08858303557789,5.8165914646739
"41812",-2.69045427593797,10.4159657193659
"50825",-2.08858303557789,10.2542689682243
"131423",-1.33399819691749,8.79899820795071
"14132",-1.32501504407629,10.9190222784728
"276212",0.121272563356135,6.18490073116291
"269892",-3.07672984810936,6.29269856525725
"327613",-2.45689230206689,5.2506528356786
"252892",0.471615524162749,6.60710891469908
"238741",-1.63942539351813,6.85863719425255
"259982",-2.80723526287351,6.47236162208115
"247262",-0.992638388952071,6.70592359595223
"205952",-1.52264440658259,7.45152528177143
"221761",-2.37604392649613,7.16406439085318
"242959",0.534497594051115,6.78677197152299
"97097",-1.63044224067693,9.41883575399318
"150750",-1.83705475602442,8.4486552471441
"250636",-1.93586943727757,6.64304152606386
"299564",0.0583904934677686,5.76269254762673
"115006",-1.47772864237661,9.09544225171016
"195522",-1.45976233669422,7.64017149143653
"129020",-0.597379663939482,8.84391397215669
"292423",-1.58552647647096,5.88845668740346
"309230",-2.40299338501972,5.58302949080283
"301302",-2.18739771683104,5.72675993626195
"91518",-2.6365553588908,9.51765043524633
"105051",-1.61247593499454,9.27510530853406
"91090",-2.01671781284833,9.52663358808753
"223693",-2.87910048560307,7.1281317794884
"159163",-2.16044825830745,8.29594164884378
"336169",-1.495694948059,5.09793923737828
"336577",-2.29519555092538,5.08895608453709
"249186",-1.56756017078857,6.66999098458745
"298440",-1.10941937588761,5.78065885330912
"196722",0.390767148591992,7.62220518575414
"251863",0.157205174720916,6.62507522038147
"299575",0.157205174720916,5.76269254762673
"168666",-1.62145908783574,8.12526174486107
"148397",-0.651278580986653,8.49357101135008
"141732",-2.48384176059048,8.61035199828561
"287553",-0.687211192351434,5.97828821581542
"292144",0.372800842909601,5.89743984024466
"120428",-1.8819705202304,8.99662757045701
"228446",-0.363817690068406,7.04728340391765
"13135",-1.35196450259988,10.9369885841552
"116465",-1.76518953329486,9.06849279318657
"123357",-2.35807762081374,8.94272865340984
"136320",-1.98976835432474,8.70916667953876
"295498",-0.750093262239801,5.83455777035629
"84561",-2.6275722060496,9.64341457502306
"297877",-1.70230746340649,5.78964200615032
"297513",-0.50754813552753,5.79862515899151
"175255",-0.471615524162749,8.00848075792553
"254350",0.175171480403307,6.58015945617549
"186206",-0.31890192586243,7.81085139541924
"89337",0.0943231048325495,9.56256619945231
"341049",-2.30417870376657,5.00810770896633
"123967",-1.34298134975868,8.93374550056864
"236127",-2.79825211003231,6.90355295845852
"107025",-1.73824007477127,9.23917269716928
"125419",-1.6933243105653,8.90679604204506
"298533",-0.273986161656454,5.78065885330912
"320295",-1.22620036282315,5.38540012829653
"170600",-2.10654934126028,8.08932913349629
"132398",-1.5046781009002,8.78103190226832
"216818",-2.13349879978386,7.25389591926514
"44781",-2.80723526287351,10.3620668023187
"329698",-1.58552647647096,5.21472022431382
"139310",-1.91790313159518,8.65526776249159
"35906",-2.16943141114864,10.5237635534602
"52867",-1.60349278215335,10.2183363568596
"332213",-1.3160318912351,5.16980446010785
"125958",-1.3160318912351,8.89781288920386
"337084",-2.20536402251343,5.07997293169589
"240351",-0.570430205415896,6.83168773572896
"280330",-3.06774669526817,6.10405235559215
"95293",0.0224578821029877,9.45476836535796
"267725",-0.220087244609283,6.33761432946322
"313414",-0.534497594051115,5.51116426807326
"266588",-1.5046781009002,6.35558063514561
"174287",-0.238053550291673,8.02644706360793
"263553",-1.98078520148355,6.40947955219279
"85093",-2.31316185660777,9.63443142218187
"294478",-0.983655236110876,5.85252407603868
"254587",-2.16044825830745,6.5711763033343
"310274",-1.95383574295996,5.56506318512044
"252590",-2.24129663387821,6.60710891469908
"169783",-0.516531288368725,8.10729543917868
"288525",-0.884840554857729,5.96032191013303
"9533",-2.45689230206689,10.9998706540435
"116353",-2.77130265150872,9.06849279318657
"31437",-2.13349879978386,10.604611929031
"170596",-2.14248195262506,8.08932913349629
"164137",-2.12451564694267,8.20611012043183
"117432",-2.00773466000713,9.05052648750418
"255624",-1.77417268613606,6.55320999765191
"263921",-3.13961191799773,6.40049639935159
"20147",-0.866874249175338,10.8112244443784
"113499",-1.62145908783574,9.12239171023374
"224312",-1.78315583897725,7.11914862664721
"249665",-1.72925692193008,6.66100783174625
"122115",-0.121272563356135,8.96967811193342
"302383",-1.40586341964705,5.70879363057956
"246662",-1.91790313159518,6.71490674879342
"112009",-1.61247593499454,9.14934116875733
"171236",-0.857891096334143,8.0803459806551
"129920",-1.44179603101183,8.8259476664743
"322796",-1.08246991736402,5.34048436409056
"320782",-1.3160318912351,5.37641697545534
"118945",-1.81010529750084,9.02357702898059
"20452",-2.59163959468482,10.8022412915372
"112531",-1.38789711396466,9.14035801591613
"18653",-0.893823707698924,10.838173902902
"11686",-0.974672083269681,10.9639380426788
"194927",-2.34011131513135,7.64915464427773
"161675",-1.91790313159518,8.25102588463781
"260967",-2.88808363844426,6.45439531639876
"183049",-1.89095367307159,7.86475031246641
"113496",-1.64840854635932,9.12239171023374
"133866",-1.71129061624769,8.75408244374474
"108034",-1.60349278215335,9.22120639148689
"243717",-1.58552647647096,6.76880566584059
"27110",-0.821958484969362,10.6854603046017
"21121",-1.04653730599924,10.7932581386961
"103304",0.552463899733505,9.31103791989884
"245751",-1.17230144577598,6.73287305447581
"95618",-1.52264440658259,9.44578521251677
"284685",0.336868231544821,6.03218713286259
"140020",-0.00449157642059772,8.64628460965039
"119465",-1.60349278215335,9.0145938761394
"79734",-1.34298134975868,9.73324610343502
"114009",-1.5046781009002,9.11340855739255
"197903",-2.39401023217853,7.59525572723055
"340583",-2.02570096568952,5.01709086180753
"275928",-2.42994284354331,6.18490073116291
"59719",-2.55570698332004,10.0925722170828
"337529",-2.67248797025558,5.0709897788547
"201367",-2.52875752479645,7.53237365734219
"116037",-1.14535198725239,9.07747594602776
"94525",-2.41197653786092,9.46375151819916
"178058",-2.07959988273669,7.95458184087836
"172085",-2.16044825830745,8.06237967497271
"164598",-2.4479091492257,8.19712696759063
"107731",0.139238869038526,9.23018954432808
"121563",-0.615345969621873,8.97866126477462
"190969",-2.17841456398984,7.72101986700729
"117463",-1.72925692193008,9.05052648750418
"259634",-1.46874548953542,6.48134477492235
"22178",-0.480598677003944,10.7752918330137
"296920",-1.36993080828227,5.80760831183271
"248078",-2.59163959468482,6.68795729026984
"169574",-2.39401023217853,8.10729543917868
"185931",-2.78926895719111,7.81085139541924
"310433",-0.52551444120992,5.56506318512044
"274070",-1.26213297418793,6.22083334252769
"109054",-1.36993080828227,9.2032400858045
"248211",-1.39688026680586,6.68795729026984
"94625",-1.51366125374139,9.46375151819916
"113504",-1.57654332362976,9.12239171023374
"88828",-0.0134747292617932,9.5715493522935
"34039",-1.08246991736402,10.559696164825
"85139",-1.89993682591279,9.63443142218187
"28548",-1.29806558555271,10.6585108460781
"246649",-2.03468411853072,6.71490674879342
"70302",-1.24416666850554,9.90392600741773
"62229",-2.33112816229016,10.0476564528768
"12733",-0.498564982686335,10.9459717369964
"340099",-1.90891997875398,5.02607401464872
"52850",-1.75620638045366,10.2183363568596
"123937",-1.61247593499454,8.93374550056864
"181721",-0.426699759956773,7.89169977099
"319314",-1.10941937588761,5.40336643397892
"167131",-2.01671781284833,8.15221120338466
"271721",-0.0404241877853786,6.26574910673366
"120938",-1.76518953329486,8.98764441761581
"155181",-2.21434717535462,8.36780687157334
"295574",-0.0673736463089645,5.83455777035629
"325654",-2.19638086967223,5.28658544704338
"295339",-2.17841456398984,5.83455777035629
"95622",-1.48671179521781,9.44578521251677
"231860",-0.947722624746095,6.98440133402928
"23124",-0.911790013381315,10.7573255273313
"253010",-2.93299940265024,6.59812576185789
"92093",-1.93586943727757,9.50866728240513
"251692",-1.37891396112347,6.62507522038147
"129876",-1.83705475602442,8.8259476664743
"291575",-0.273986161656454,5.90642299308585
"90632",-1.66637485204171,9.53561674092872
"288626",0.0224578821029877,5.96032191013303
"114477",-1.76518953329486,9.10442540455135
"51766",-2.56469013616123,10.2363026625419
"290595",-0.148222021879721,5.92438929876824
"189684",-0.327885078703626,7.74796932553087
"122437",-1.6933243105653,8.96069495909223
"121470",-1.45077918385303,8.97866126477462
"204370",-2.34011131513135,7.47847474029502
"244747",-1.26213297418793,6.7508393601582
"223327",-1.70230746340649,7.1371149323296
"249206",-1.38789711396466,6.66999098458745
"300571",0.175171480403307,5.74472624194434
"75121",-2.60062274752601,9.81409447900577
"246104",-2.46587545490809,6.72388990163462
"265670",-0.821958484969362,6.373546940828
"270740",0.076356799150159,6.28371541241605
"201830",-2.83418472139709,7.52339050450099
"293326",-2.40299338501972,5.87049038172107
"231797",-1.51366125374139,6.98440133402928
"157205",-1.89095367307159,8.33187426020856
"261938",-3.09469615379175,6.43642901071637
"21562",-1.54959386510617,10.7842749858549
"175016",-2.61858905320841,8.00848075792553
"247195",-1.59450962931215,6.70592359595223
"190461",-2.27722924524299,7.73000301984848
"153732",-1.83705475602442,8.39475633009693
"265569",-1.72925692193008,6.373546940828
"175046",-2.34909446797255,8.00848075792553
"29994",-1.70230746340649,10.6315613875545
"169627",-1.91790313159518,8.10729543917868
"265907",-3.15757822368012,6.36456378798681
"269740",0.0224578821029877,6.30168171809844
"98082",-1.71129061624769,9.40086944831079
"56728",-2.6365553588908,10.14647113413
"266813",0.516531288368725,6.35558063514561
"102081",-1.5046781009002,9.32900422558123
"129433",-1.35196450259988,8.83493081931549
"101778",0.238053550291673,9.33798737842243
"245436",0.462632371321554,6.74185620731701
"197958",-1.89993682591279,7.59525572723055
"332588",-2.41197653786092,5.16082130726665
"108530",-1.61247593499454,9.21222323864569
"187030",-1.84603790886562,7.79288508973685
"316818",-1.20823405714076,5.4482821981849
"112037",-1.36094765544108,9.14934116875733
"273432",-2.52875752479645,6.22981649536888
"115439",-2.05265042421311,9.08645909886896
"9691",-1.03755415315805,10.9998706540435
"78605",-2.55570698332004,9.75121240911741
"94122",-1.56756017078857,9.47273467104035
"194882",-2.74435319298514,7.64915464427773
"180968",-2.72638688730275,7.90068292383119
"288486",-1.23518351566434,5.96032191013303
"303530",-0.0314410349441836,5.69082732489717
"32019",-1.36993080828227,10.5956287761898
"52283",-2.38502707933733,10.2273195097008
"190982",-2.0616335770543,7.72101986700729
"102803",0.516531288368725,9.32002107274004
"13161",-1.1184025287288,10.9369885841552
"322336",-0.750093262239801,5.34946751693175
"27613",-0.768059567922191,10.6764771517605
"191687",-0.193137786085697,7.71203671416609
"154653",-2.49282491343167,8.37679002441454
"118941",-1.84603790886562,9.02357702898059
"120917",-1.95383574295996,8.98764441761581
"302490",-0.444666065639163,5.70879363057956
"306015",-0.0314410349441836,5.64591156069119
"131966",-0.92077316622251,8.79001505510952
"205825",-2.66350481741438,7.45152528177143
"76668",-2.09756618841908,9.78714502048219
"289556",-0.552463899733506,5.94235560445063
"23066",-1.43281287817064,10.7573255273313
"32895",-2.42994284354331,10.5776624705074
"307005",-0.0673736463089645,5.6279452550088
"295042",-0.381783995750797,5.84354092319749
"112619",-0.597379663939482,9.14035801591613
"66199",-2.38502707933733,9.97579123014729
"183188",-0.642295428145458,7.86475031246641
"128841",-2.20536402251343,8.84391397215669
"155689",-2.11553249410147,8.35882371873215
"172274",-0.462632371321554,8.06237967497271
"188186",-0.390767148591992,7.77491878405446
"285169",0.220087244609283,6.02320398002139
"186435",-2.72638688730275,7.80186824257804
"73649",-2.42994284354331,9.84104393752936
"319879",-0.498564982686335,5.39438328113773
"188973",-2.2502797867194,7.75695247837207
"260083",-1.89993682591279,6.47236162208115
"153414",-0.229070397450478,8.40373948293812
"109494",-1.8819705202304,9.1942569329633
"254375",0.399750301433187,6.58015945617549
"167656",-1.76518953329486,8.14322805054346
"235775",-1.495694948059,6.91253611129972
"256268",-0.453649218480359,6.54422684481071
"30865",-2.80723526287351,10.6135950818721
"117513",-1.28009927987032,9.05052648750418
"181717",-0.462632371321554,7.89169977099
"197945",-2.01671781284833,7.59525572723055
"241893",-0.11228941051494,6.80473827720538
"92582",-2.00773466000713,9.49968412956394
"248929",0.588396511098286,6.67897413742864
"294052",-0.345851384386016,5.86150722887988
"203431",-1.84603790886562,7.49644104597741
"32368",-2.69943742877916,10.5866456233486
"266738",-0.157205174720916,6.35558063514561
"191961",-2.19638086967223,7.7030535613249
"196903",-2.4479091492257,7.61322203291294
"127382",-1.91790313159518,8.87086343068028
"158640",-2.39401023217853,8.30492480168498
"302776",-2.34011131513135,5.69981047773836
"214809",-2.32214500944896,7.28982853062992
"178805",0.166188327562111,7.94559868803717
"167619",-2.09756618841908,8.14322805054346
"77691",-1.83705475602442,9.7691787147998
"11528",-2.39401023217853,10.9639380426788
"233711",-2.17841456398984,6.9484687226645
"276914",-2.50180806627287,6.16693442548052
"118578",-0.642295428145458,9.03256018182179
"260471",-2.87910048560307,6.46337846923996
"23612",-0.992638388952071,10.7483423744901
"114434",-2.15146510546625,9.10442540455135
"43439",-1.46874548953542,10.3890162608423
"122447",-1.60349278215335,8.96069495909223
"116407",-2.28621239808418,9.06849279318657
"109980",-1.98078520148355,9.18527378012211
"250546",-2.74435319298514,6.64304152606386
"98802",0.291952467338844,9.3918862954696
"162627",-2.29519555092538,8.23305957895541
"201438",-1.89095367307159,7.53237365734219
"193381",-2.83418472139709,7.67610410280131
"278407",-2.48384176059048,6.13998496695693
"103250",0.067373646308964,9.31103791989884
"334200",-1.32501504407629,5.13387184874307
"126053",-0.462632371321554,8.89781288920386
"239626",-2.61858905320841,6.84067088857016
"201402",-2.21434717535462,7.53237365734219
"78132",-2.34011131513135,9.7601955619586
"182598",-1.47772864237661,7.87373346530761
"244223",-1.5046781009002,6.7598225129994
"185548",-1.76518953329486,7.81983454826043
"107923",-2.60062274752601,9.22120639148689
"312942",-0.309918773021235,5.52014742091446
"29067",-1.10043622304641,10.6495276932369
"116974",-1.65739169920052,9.05950964034538
"243436",0.354834537227211,6.77778881868179
"263243",-0.30093562018004,6.41846270503398
"125399",-1.8729873673892,8.90679604204506
"324667",-2.13349879978386,5.30455175272577
"205581",-0.390767148591992,7.46050843461263
"40544",-0.687211192351434,10.4429151778894
"101261",0.0583904934677686,9.34697053126362
"236257",-1.63044224067693,6.90355295845852
"262728",-0.462632371321554,6.42744585787518
"310833",-1.39688026680586,5.55608003227924
"312240",-2.15146510546625,5.52913057375565
"249264",-0.866874249175338,6.66999098458745
"247913",0.390767148591992,6.69694044311103
"172586",-2.12451564694267,8.05339652213151
"230340",-1.20823405714076,7.01135079255287
"211524",-0.579413358257092,7.35271060051828
"295295",-2.57367328900243,5.83455777035629
"198601",-0.588396511098287,7.58627257438936
"259966",-2.95096570833263,6.47236162208115
"313903",-0.606362816780677,5.50218111523207
"197420",-2.26824609240179,7.60423888007175
"287574",-0.498564982686335,5.97828821581542
"19648",-0.884840554857729,10.8202075972196
"148703",-2.36706077365494,8.48458785850888
"55781",-2.21434717535462,10.1644374398124
"186555",-1.64840854635932,7.80186824257804
"250706",-1.3070487383939,6.64304152606386
"12682",-0.95670577758729,10.9459717369964
"211279",-2.78028580434992,7.35271060051828
"298014",-0.471615524162749,5.78964200615032
"245219",-1.48671179521781,6.74185620731701
"195494",-1.71129061624769,7.64017149143653
"123970",-1.3160318912351,8.93374550056864
"58280",-2.08858303557789,10.1195216756064
"99549",-1.92688628443637,9.37391998978721
"312322",-1.41484657248825,5.52913057375565
"169597",-2.18739771683104,8.10729543917868
"100035",-2.02570096568952,9.36493683694601
"26120",-0.786025873604582,10.7034266102841
"230292",-1.63942539351813,7.01135079255287
"334212",-1.21721720998195,5.13387184874307
"156370",-0.462632371321554,8.34984056589095
"256696",-1.07348676452283,6.53524369196952
"289492",-1.12738568157,5.94235560445063
"112048",-1.26213297418793,9.14934116875733
"289416",-1.81010529750084,5.94235560445063
"214371",-1.79213899181845,7.29881168347111
"176793",-0.049407340626574,7.98153129940195
"224052",0.345851384386016,7.1281317794884
"312916",-0.543480746892311,5.52014742091446
"163628",-2.23231348103701,8.21509327327302
"274861",-3.08571300095056,6.2028670368453
"88199",-1.19925090429956,9.5805325051347
"151423",-0.256019855974064,8.4396720943029
"105549",-1.60349278215335,9.26612215569286
"103567",-1.54959386510617,9.30205476705765
"231843",-1.10043622304641,6.98440133402928
"84236",-1.08246991736402,9.65239772786426
"141823",-1.66637485204171,8.61035199828561
"263459",-2.8252015685559,6.40947955219279
"250028",-2.93299940265024,6.65202467890506
"99564",-1.79213899181845,9.37391998978721
"241251",-1.41484657248825,6.81372143004657
"187924",-2.74435319298514,7.77491878405446
"180600",-1.56756017078857,7.90966607667239
"183028",-2.07959988273669,7.86475031246641
"171093",-2.14248195262506,8.0803459806551
"78123",-2.42095969070211,9.7601955619586
"97591",-1.65739169920052,9.40985260115199
"191462",-2.21434717535462,7.71203671416609
"272694",-0.229070397450478,6.24778280105127
"93121",-1.63044224067693,9.49070097672275
"234301",-1.34298134975868,6.9394855698233
"102119",-1.16331829293478,9.32900422558123
"200911",-2.16044825830745,7.54135681018338
"203861",-2.4479091492257,7.48745789313621
"77128",-2.42994284354331,9.77816186764099
"111011",-1.64840854635932,9.16730747443972
"22434",-2.64553851173199,10.7663086801725
"178527",-2.33112816229016,7.94559868803717
"77398",-0.00449157642059772,9.77816186764099
"122958",-1.47772864237661,8.95171180625103
"211783",-2.71740373446155,7.34372744767709
"103562",-1.59450962931215,9.30205476705765
"111522",-1.52264440658259,9.15832432159852
"150759",-1.75620638045366,8.4486552471441
"156180",-2.16943141114864,8.34984056589095
"302525",-0.130255716197331,5.70879363057956
"208659",0.471615524162749,7.40660951756545
"141949",-0.534497594051115,8.61035199828561
"122439",-1.67535800488291,8.96069495909223
"188691",-0.31890192586243,7.76593563121326
"297915",-1.36094765544108,5.78964200615032
"184544",-1.85502106170681,7.83780085394283
"54272",-2.37604392649613,10.191386898336
"304453",-0.669244886669044,5.67286101921478
"271424",-2.70842058162036,6.26574910673366
"39867",-2.30417870376657,10.4518983307306
"168101",-2.23231348103701,8.13424489770227
"74125",-2.61858905320841,9.83206078468816
"169106",-2.13349879978386,8.11627859201988
"129484",-0.893823707698924,8.83493081931549
"227311",-1.63044224067693,7.06524970960004
"250732",-1.07348676452283,6.64304152606386
"303997",-0.30093562018004,5.68184417205597
"134867",-1.64840854635932,8.73611613806235
"125000",-0.992638388952071,8.91577919488625
"128629",0.354834537227211,8.85289712499788
"245705",-1.58552647647096,6.73287305447581
"21190",-0.426699759956773,10.7932581386961
"61802",-1.70230746340649,10.056639605718
"242681",-1.96281889580115,6.78677197152299
"294062",-0.256019855974064,5.86150722887988
"128895",-1.72027376908888,8.84391397215669
"93536",-2.36706077365494,9.48171782388155
"232799",-1.44179603101183,6.96643502834689
"192951",-2.23231348103701,7.68508725564251
"107688",-0.247036703132868,9.23018954432808
"101521",-2.0706167298955,9.33798737842243
"236292",-1.3160318912351,6.90355295845852
"218321",-2.02570096568952,7.22694646074155
"269273",0.291952467338844,6.31066487093964
"112729",0.390767148591992,9.14035801591613
"123460",-1.43281287817064,8.94272865340984
"95630",-1.41484657248825,9.44578521251677
"26392",-2.80723526287351,10.6944434574429
"291567",-0.345851384386016,5.90642299308585
"106743",0.193137786085697,9.24815585001047
"101083",-1.54061071226498,9.34697053126362
"163711",-1.48671179521781,8.21509327327302
"244175",-1.93586943727757,6.7598225129994
"238691",-2.08858303557789,6.85863719425255
"312334",-1.3070487383939,5.52913057375565
"101234",-0.184154633244502,9.34697053126362
"170681",-1.37891396112347,8.08932913349629
"110001",-1.79213899181845,9.18527378012211
"305523",0.0134747292617927,5.65489471353239
"210811",-2.51977437195526,7.36169375335948
"12668",-1.08246991736402,10.9459717369964
"220300",-2.10654934126028,7.19101384937677
"194200",0.0583904934677686,7.66712094996012
"247675",-1.74722322761247,6.69694044311103
"133867",-1.70230746340649,8.75408244374474
"177571",-1.98976835432474,7.96356499371956
"333609",-2.16943141114864,5.14285500158426
"280922",-2.21434717535462,6.09506920275095
"93156",-1.3160318912351,9.49070097672275
"244620",-2.40299338501972,6.7508393601582
"188189",-0.363817690068406,7.77491878405446
"11997",-2.64553851173199,10.9549548898376
"195914",-2.40299338501972,7.63118833859533
"108753",0.390767148591992,9.21222323864569
"263769",-0.0404241877853786,6.40947955219279
"123955",-1.45077918385303,8.93374550056864
"185994",-2.22333032819582,7.81085139541924
"109502",-1.81010529750084,9.1942569329633
"101606",-1.3070487383939,9.33798737842243
"124428",-1.66637485204171,8.92476234772745
"24900",-2.8162184157147,10.7213929159665
"176062",-2.15146510546625,7.99051445224314
"252066",-2.48384176059048,6.61609206754028
"49825",-2.14248195262506,10.2722352739067
"270719",-0.11228941051494,6.28371541241605
"272239",0.148222021879721,6.25676595389247
"112456",-2.0616335770543,9.14035801591613
"250130",-2.01671781284833,6.65202467890506
"290275",-3.02283093106219,5.92438929876824
"255080",-2.19638086967223,6.5621931504931
"26640",-0.579413358257092,10.6944434574429
"15249",-0.220087244609283,10.9010559727904
"265227",-0.336868231544821,6.3825300936692
"281610",-0.498564982686335,6.08608604990976
"181317",0.408733454274382,7.90068292383119
"109503",-1.80112214465964,9.1942569329633
"231970",0.0404241877853782,6.98440133402928
"13722",-0.543480746892311,10.928005431314
"141320",-1.72027376908888,8.61933515112681
"39833",-2.60960590036721,10.4518983307306
"245676",-1.84603790886562,6.73287305447581
"18593",-1.43281287817064,10.838173902902
"170797",-0.336868231544821,8.08932913349629
"199601",-0.534497594051115,7.56830626870697
"272376",-3.08571300095056,6.24778280105127
"160808",-0.777042720763386,8.2689921903202
"123597",-0.202120938926893,8.94272865340984
"294583",-0.0404241877853786,5.85252407603868
"110021",-1.61247593499454,9.18527378012211
"89544",-2.51079121911406,9.55358304661111
"240295",-1.07348676452283,6.83168773572896
"274898",-2.75333634582633,6.2028670368453
"277020",-1.54959386510617,6.16693442548052
"295059",-0.229070397450478,5.84354092319749
"308842",-1.42382972532944,5.59201264364402
"293544",-0.444666065639163,5.87049038172107
"125858",-2.21434717535462,8.89781288920386
"37500",-1.24416666850554,10.4968140949366
"20618",-1.10043622304641,10.8022412915372
"181516",-2.26824609240179,7.89169977099
"112532",-1.37891396112347,9.14035801591613
"173101",-1.96281889580115,8.04441336929031
"118880",-2.39401023217853,9.02357702898059
"135379",-1.51366125374139,8.72713298522115
"295037",-0.426699759956773,5.84354092319749
"142909",-0.839924790651753,8.59238569260322
"302975",-0.552463899733506,5.69981047773836
"149694",-2.39401023217853,8.46662155282649
"29065",-1.1184025287288,10.6495276932369
"249558",-2.69045427593797,6.66100783174625
"291115",0.0583904934677686,5.91540614592705
"289158",0.336868231544821,5.95133875729183
"126350",-2.2592629395606,8.88882973636267
"260979",-2.78028580434992,6.45439531639876
"201124",-0.247036703132868,7.54135681018338
"309897",-0.875857402016534,5.57404633796163
"148795",-1.54061071226498,8.48458785850888
"309962",-0.291952467338845,5.57404633796163
"122451",-1.56756017078857,8.96069495909223
"157645",-2.40299338501972,8.32289110736737
"167576",-2.48384176059048,8.14322805054346
"254634",-1.73824007477127,6.5711763033343
"138805",-1.98976835432474,8.66425091533278
"277750",0.54348074689231,6.15795127263932
"118934",-1.90891997875398,9.02357702898059
"236338",-0.902806860540119,6.90355295845852
"263852",0.705177498033824,6.40947955219279
"169092",-2.2592629395606,8.11627859201988
"110969",-2.02570096568952,9.16730747443972
"265201",-0.570430205415896,6.3825300936692
"97586",-1.70230746340649,9.40985260115199
"227271",-1.98976835432474,7.06524970960004
"301819",-2.00773466000713,5.71777678342075
"289005",-1.03755415315805,5.95133875729183
"101949",-2.69045427593797,9.32900422558123
"115489",-1.60349278215335,9.08645909886896
"178578",-1.8729873673892,7.94559868803717
"14121",-1.42382972532944,10.9190222784728
"188928",-2.65452166457319,7.75695247837207
"300536",-0.139238869038526,5.74472624194434
"300061",0.0583904934677686,5.75370939478554
"173044",-2.47485860774928,8.04441336929031
"53796",-2.18739771683104,10.2003700511772
"209821",-2.48384176059048,7.37966005904187
"289932",-1.63942539351813,5.93337245160944
"262480",-2.69045427593797,6.42744585787518
"83836",-0.211104091768088,9.66138088070545
"100528",-2.0616335770543,9.35595368410482
"20667",-0.660261733827848,10.8022412915372
"123332",-2.58265644184362,8.94272865340984
"32888",-2.49282491343167,10.5776624705074
"146221",-2.34011131513135,8.52950362271486
"132834",-2.05265042421311,8.77204874942713
"217844",-1.84603790886562,7.23592961358275
"112519",-1.495694948059,9.14035801591613
"242221",-1.63044224067693,6.79575512436418
"211632",0.390767148591992,7.35271060051828
"87338",-0.00449157642059772,9.59849881081709
"179691",-0.803992179286972,7.92763238235478
"107511",-1.83705475602442,9.23018954432808
"196946",-2.0616335770543,7.61322203291294
"159160",-2.18739771683104,8.29594164884378
"162658",-2.01671781284833,8.23305957895541
"112204",0.139238869038526,9.14934116875733
"24564",-1.36993080828227,10.7303760688077
"320725",-1.82807160318323,5.37641697545534
"285577",-0.579413358257092,6.0142208271802
"105543",-1.65739169920052,9.26612215569286
"337553",-2.45689230206689,5.0709897788547
"225974",-0.247036703132868,7.09219916812362
"34843",-2.78926895719111,10.5417298591426
"126451",-1.35196450259988,8.88882973636267
"275473",-2.05265042421311,6.1938838840041
"268742",-0.0134747292617932,6.31964802378083
"180480",-2.64553851173199,7.90966607667239
"268237",-0.0853399519913549,6.32863117662203
"299568",0.0943231048325495,5.76269254762673
"189492",-2.05265042421311,7.74796932553087
"264071",-1.79213899181845,6.40049639935159
"99584",-1.61247593499454,9.37391998978721
"244709",-1.60349278215335,6.7508393601582
"136433",-0.974672083269681,8.70916667953876
"127535",-0.543480746892311,8.87086343068028
"96638",-1.28908243271151,9.42781890683438
"85384",0.30093562018004,9.63443142218187
"13193",-0.830941637810557,10.9369885841552
"173613",-1.82807160318323,8.03543021644912
"248859",-0.0404241877853786,6.67897413742864
"157874",-0.345851384386016,8.32289110736737
"190944",-2.40299338501972,7.72101986700729
"258160",-1.3160318912351,6.50829423344593
"199458",-1.81908845034203,7.56830626870697
"299425",-1.19026775145837,5.76269254762673
"302901",-1.21721720998195,5.69981047773836
"153178",-2.34909446797255,8.40373948293812
"310468",-0.211104091768088,5.56506318512044
"235507",0.561447052574701,6.92151926414091
"52773",-2.4479091492257,10.2183363568596
"250887",0.31890192586243,6.64304152606386
"271711",-0.130255716197331,6.26574910673366
"327150",-2.15146510546625,5.2596359885198
"335558",-2.51977437195526,5.10692239021948
"281644",-0.193137786085697,6.08608604990976
"71737",-1.74722322761247,9.87697654889414
"173128",-1.72027376908888,8.04441336929031
"118693",0.390767148591992,9.03256018182179
"316217",-2.14248195262506,5.45726535102609
"90538",-2.51079121911406,9.53561674092872
"280677",0.0494073406265736,6.10405235559215
"79652",-2.07959988273669,9.73324610343502
"317891",-0.498564982686335,5.43031589250251
"30071",-1.01060469463446,10.6315613875545
"23666",-0.50754813552753,10.7483423744901
"265430",-2.97791516685621,6.373546940828
"115617",-0.453649218480359,9.08645909886896
"99618",-1.3070487383939,9.37391998978721
"20453",-2.58265644184362,10.8022412915372
"281528",-1.23518351566434,6.08608604990976
"172558",-2.37604392649613,8.05339652213151
"282375",-2.55570698332004,6.06811974422737
"111968",-1.98078520148355,9.14934116875733
"202373",-2.42095969070211,7.5144073516598
"299538",-0.175171480403307,5.76269254762673
"306963",-0.444666065639163,5.6279452550088
"349037",-1.98078520148355,4.86437726350721
"308912",-0.795009026445777,5.59201264364402
"220390",-1.29806558555271,7.19101384937677
"30558",-1.10043622304641,10.6225782347133
"334626",-1.96281889580115,5.12488869590187
"177511",-2.52875752479645,7.96356499371956
"217826",-2.00773466000713,7.23592961358275
"220735",-2.66350481741438,7.18203069653558
"311848",-1.20823405714076,5.53811372659685
"149188",-2.47485860774928,8.47560470566768
"67740",-1.93586943727757,9.9488417716237
"264243",-0.247036703132868,6.40049639935159
"235286",-1.42382972532944,6.92151926414091
"87209",-1.16331829293478,9.59849881081709
"302962",-0.669244886669044,5.69981047773836
"321250",-1.57654332362976,5.36743382261414
"169324",-0.175171480403307,8.11627859201988
"294595",0.067373646308964,5.85252407603868
"113626",-0.480598677003944,9.12239171023374
"165098",-2.42095969070211,8.18814381474944
"283354",-2.69045427593797,6.05015343854498
"22079",-1.36993080828227,10.7752918330137
"269186",-0.48958182984514,6.31066487093964
"190181",-0.327885078703626,7.73898617268968
"130543",-0.309918773021235,8.8169645136331
"211629",0.363817690068406,7.35271060051828
"95753",-0.309918773021235,9.44578521251677
"293115",0.166188327562111,5.87947353456227
"184748",-0.0224578821029882,7.83780085394283
"23410",-2.80723526287351,10.7483423744901
"273751",0.336868231544821,6.22981649536888
"121072",-0.561447052574701,8.98764441761581
"17648",-0.992638388952071,10.8561402085844
"280722",0.453649218480358,6.10405235559215
"40598",-0.202120938926893,10.4429151778894
"248700",-1.46874548953542,6.67897413742864
"13133",-1.36993080828227,10.9369885841552
"121446",-1.66637485204171,8.97866126477462
"115633",-0.309918773021235,9.08645909886896
"225200",-2.73537004014394,7.10118232096482
"136457",-0.759076415080996,8.70916667953876
"137349",-1.67535800488291,8.69120037385637
"237790",-1.25314982134673,6.87660349993494
"95057",-2.09756618841908,9.45476836535796
"235817",-1.1184025287288,6.91253611129972
"234293",-1.41484657248825,6.9394855698233
"114503",-1.53162755942378,9.10442540455135
"306951",-0.552463899733506,5.6279452550088
"313429",-0.399750301433187,5.51116426807326
"183972",-2.52875752479645,7.84678400678402
"144803",-1.6843411577241,8.55645308123844
"199164",0.00449157642059728,7.57728942154816
"83338",-0.220087244609283,9.67036403354665
"107677",-0.345851384386016,9.23018954432808
"284678",0.273986161656454,6.03218713286259
"146933",-0.408733454274382,8.52052046987366
"260109",-1.66637485204171,6.47236162208115
"122368",-2.31316185660777,8.96069495909223
"99654",-0.983655236110876,9.37391998978721
"218783",-2.34011131513135,7.21796330790036
"161129",-2.35807762081374,8.260009037479
"258353",0.417716607115577,6.50829423344593
"21136",-0.911790013381315,10.7932581386961
"118499",-1.35196450259988,9.03256018182179
"174559",-2.2592629395606,8.01746391076673
"305488",-0.30093562018004,5.65489471353239
"124455",-1.42382972532944,8.92476234772745
"61310",-1.65739169920052,10.0656227585592
"297491",-0.705177498033824,5.79862515899151
"145802",-1.63942539351813,8.53848677555605
"15667",-0.929756319063705,10.8920728199492
"253670",-1.46874548953542,6.58914260901669
"90147",-1.55857701794737,9.54459989376992
"84713",-1.26213297418793,9.64341457502306
"165352",-0.139238869038526,8.18814381474944
"18138",-1.05552045884044,10.8471570557432
"9689",-1.05552045884044,10.9998706540435
"243602",-2.61858905320841,6.76880566584059
"305491",-0.273986161656454,5.65489471353239
"179483",-2.67248797025558,7.92763238235478
"95613",-1.56756017078857,9.44578521251677
"106495",-2.03468411853072,9.24815585001047
"119469",-1.56756017078857,9.0145938761394
"29899",-2.55570698332004,10.6315613875545
"115010",-1.44179603101183,9.09544225171016
"52294",-2.28621239808418,10.2273195097008
"108490",-1.97180204864235,9.21222323864569
"187546",-1.67535800488291,7.78390193689565
"151338",-1.01958784747566,8.4396720943029
"300029",-0.229070397450478,5.75370939478554
"184086",-1.5046781009002,7.84678400678402
"270702",-0.265003008815259,6.28371541241605
"16452",-2.80723526287351,10.8741065142668
"124927",-1.64840854635932,8.91577919488625
"293318",-2.47485860774928,5.87049038172107
"129934",-1.3160318912351,8.8259476664743
"27145",-0.50754813552753,10.6854603046017
"301052",0.0314410349441832,5.73574308910314
"32544",-1.1184025287288,10.5866456233486
"239149",-2.4389259963845,6.84965404141135
"32489",-1.61247593499454,10.5866456233486
"198958",-1.84603790886562,7.57728942154816
"92656",-1.34298134975868,9.49968412956394
"182041",-2.01671781284833,7.8827166181488
"198396",-2.42994284354331,7.58627257438936
"194946",-2.16943141114864,7.64915464427773
"304449",-0.705177498033824,5.67286101921478
"295374",-1.86400421454801,5.83455777035629
"241616",-2.60062274752601,6.80473827720538
"297747",-2.87011733276187,5.78964200615032
"120002",-1.24416666850554,9.0056107232982
"105944",-2.51977437195526,9.25713900285167
"282965",-1.72027376908888,6.05913659138617
"271725",-0.00449157642059772,6.26574910673366
"191182",-0.265003008815259,7.72101986700729
"186994",-2.16943141114864,7.79288508973685
"136385",-1.40586341964705,8.70916667953876
"216302",-2.30417870376657,7.26287907210633
"277435",-2.28621239808418,6.15795127263932
"117980",-1.54959386510617,9.04154333466298
"292853",-2.18739771683104,5.87947353456227
"134884",-1.495694948059,8.73611613806235
"13629",-1.37891396112347,10.928005431314
"27611",-0.786025873604582,10.6764771517605
"137813",-1.97180204864235,8.68221722101518
"37423",-1.93586943727757,10.4968140949366
"119666",0.202120938926892,9.0145938761394
"238182",-2.19638086967223,6.86762034709374
"199465",-1.75620638045366,7.56830626870697
"17128",-1.19925090429956,10.8651233614256
"174583",-2.04366727137191,8.01746391076673
"285485",-1.40586341964705,6.0142208271802
"292123",0.184154633244502,5.89743984024466
"251917",0.642295428145458,6.62507522038147
"191188",-0.211104091768088,7.72101986700729
"117192",0.30093562018004,9.05950964034538
"70715",-1.99875150716594,9.89494285457653
"216557",-0.0134747292617932,7.26287907210633
"192026",-1.61247593499454,7.7030535613249
"260678",-1.01958784747566,6.46337846923996
"328180",-1.82807160318323,5.24166968283741
"124450",-1.46874548953542,8.92476234772745
"228739",-2.19638086967223,7.03830025107645
"85817",-0.273986161656454,9.62544826934067
"258970",-2.96893201401502,6.49032792776354
"117075",-0.750093262239801,9.05950964034538
"299016",-0.399750301433187,5.77167570046793
"203425",-1.89993682591279,7.49644104597741
"130949",-1.12738568157,8.80798136079191
"288377",-2.21434717535462,5.96032191013303
"180470",-2.73537004014394,7.90966607667239
"12658",-1.17230144577598,10.9459717369964
"186958",-2.49282491343167,7.79288508973685
"147372",-0.929756319063705,8.51153731703247
"121064",-0.633312275304263,8.98764441761581
"204851",-2.48384176059048,7.46949158745382
"118871",-2.47485860774928,9.02357702898059
"230322",-1.36993080828227,7.01135079255287
"238720",-1.82807160318323,6.85863719425255
"294921",-1.46874548953542,5.84354092319749
"280669",-0.0224578821029882,6.10405235559215
"120571",-0.597379663939482,8.99662757045701
"34064",-0.857891096334143,10.559696164825
"106066",-1.42382972532944,9.25713900285167
"100179",-0.73212695655741,9.36493683694601
"233283",-1.55857701794737,6.95745187550569
"300009",-0.408733454274382,5.75370939478554
"167847",-0.049407340626574,8.14322805054346
"13993",-2.57367328900243,10.9190222784728
"282142",-0.184154633244502,6.07710289706856
"18164",-0.821958484969362,10.8471570557432
"132028",-0.363817690068406,8.79001505510952
"228227",-2.33112816229016,7.04728340391765
"79217",-1.52264440658259,9.74222925627621
"198384",-2.53774067763765,7.58627257438936
"236183",-2.29519555092538,6.90355295845852
"176493",-2.74435319298514,7.98153129940195
"152240",-1.84603790886562,8.42170578862051
"155192",-2.11553249410147,8.36780687157334
"162617",-2.38502707933733,8.23305957895541
"205881",-2.16044825830745,7.45152528177143
"54751",-2.53774067763765,10.1824037454948
"273474",-2.15146510546625,6.22981649536888
"13703",-0.71416065087502,10.928005431314
"248722",-1.27111612702912,6.67897413742864
"299994",-0.543480746892311,5.75370939478554
"183967",-2.57367328900243,7.84678400678402
"52774",-2.4389259963845,10.2183363568596
"278397",-2.57367328900243,6.13998496695693
"142796",-1.85502106170681,8.59238569260322
"131869",-1.79213899181845,8.79001505510952
"265055",-1.8819705202304,6.3825300936692
"258978",-2.89706679128546,6.49032792776354
"246586",-2.60062274752601,6.71490674879342
"232758",-1.81010529750084,6.96643502834689
"271386",-3.04978038958578,6.26574910673366
"44779",-2.8252015685559,10.3620668023187
"160701",-1.73824007477127,8.2689921903202
"294547",-0.363817690068406,5.85252407603868
"237739",-1.71129061624769,6.87660349993494
"242645",-2.28621239808418,6.78677197152299
"61312",-1.63942539351813,10.0656227585592
"105524",-1.82807160318323,9.26612215569286
"150205",-2.26824609240179,8.4576383999853
"315901",-0.516531288368725,5.46624850386729
"225540",0.31890192586243,7.10118232096482
"158134",-2.47485860774928,8.31390795452617
"156664",-2.28621239808418,8.34085741304976
"156665",-2.27722924524299,8.34085741304976
"124408",-1.84603790886562,8.92476234772745
"137009",-0.265003008815259,8.70018352669757
"161638",-2.2502797867194,8.25102588463781
"250598",-2.27722924524299,6.64304152606386
"133497",-0.561447052574701,8.76306559658593
"191981",-2.01671781284833,7.7030535613249
"116026",-1.24416666850554,9.07747594602776
"229284",-1.76518953329486,7.02931709823526
"145977",-0.0673736463089645,8.53848677555605
"291570",-0.31890192586243,5.90642299308585
"262956",-2.87910048560307,6.41846270503398
"119426",-1.95383574295996,9.0145938761394
"87291",-0.426699759956773,9.59849881081709
"201854",-2.61858905320841,7.52339050450099
"11665",-1.16331829293478,10.9639380426788
"144933",-0.516531288368725,8.55645308123844
"117937",-1.93586943727757,9.04154333466298
"105518",-1.8819705202304,9.26612215569286
"281099",-0.624329122463068,6.09506920275095
"282350",-2.78028580434992,6.06811974422737
"195727",0.381783995750796,7.64017149143653
"341084",-1.98976835432474,5.00810770896633
"251996",-3.11266245947414,6.61609206754028
"276917",-2.47485860774928,6.16693442548052
"196358",-2.87910048560307,7.62220518575414
"83866",0.0583904934677686,9.66138088070545
"300546",-0.049407340626574,5.74472624194434
"263728",-0.408733454274382,6.40947955219279
"104576",-1.41484657248825,9.28408846137526
"93346",0.390767148591992,9.49070097672275
"235274",-1.53162755942378,6.92151926414091
"12146",-1.3070487383939,10.9549548898376
"319336",-0.911790013381315,5.40336643397892
"316314",-1.27111612702912,5.45726535102609
"101112",-1.28009927987032,9.34697053126362
"109126",-0.723143803716215,9.2032400858045
"137984",-0.435682912797968,8.68221722101518
"76231",-1.55857701794737,9.79612817332338
"262128",-1.38789711396466,6.43642901071637
"216793",-2.35807762081374,7.25389591926514
"16670",-0.848907943492948,10.8741065142668
"232441",-0.193137786085697,6.97541818118808
"296104",0.229070397450478,5.8255746175151
"247628",-2.16943141114864,6.69694044311103
"132999",-0.570430205415896,8.77204874942713
"180022",-2.29519555092538,7.91864922951358
"89694",-1.16331829293478,9.55358304661111
"289632",0.13025571619733,5.94235560445063
"196132",-0.444666065639163,7.63118833859533
"291015",-0.839924790651753,5.91540614592705
"122498",-1.14535198725239,8.96069495909223
"99117",-1.34298134975868,9.3829031426284
"59732",-2.4389259963845,10.0925722170828
"12010",-2.52875752479645,10.9549548898376
"260548",-2.18739771683104,6.46337846923996
"52885",-1.44179603101183,10.2183363568596
"110521",-1.58552647647096,9.17629062728091
"123966",-1.35196450259988,8.93374550056864
"221089",0.516531288368725,7.18203069653558
"54239",-2.67248797025558,10.191386898336
"270401",-2.96893201401502,6.28371541241605
"156656",-2.35807762081374,8.34085741304976
"258116",-1.71129061624769,6.50829423344593
"55237",-2.6365553588908,10.1734205926536
"187499",-2.09756618841908,7.78390193689565
"301557",0.103306257673745,5.72675993626195
"209897",-1.80112214465964,7.37966005904187
"273213",-0.0314410349441836,6.23879964821008
"267721",-0.256019855974064,6.33761432946322
"243757",-1.22620036282315,6.76880566584059
"63741",-2.14248195262506,10.0207069943533
"100238",-0.202120938926893,9.36493683694601
"173091",-2.05265042421311,8.04441336929031
"243556",-3.03181408390339,6.76880566584059
"312309",-1.53162755942378,5.52913057375565
"70729",-1.8729873673892,9.89494285457653
"14631",-1.3070487383939,10.9100391256316
"192749",0.417716607115577,7.6940704084837
"270726",-0.049407340626574,6.28371541241605
"260003",-2.61858905320841,6.47236162208115
"243442",0.408733454274382,6.77778881868179
"199952",-1.84603790886562,7.55932311586577
"95153",-1.23518351566434,9.45476836535796
"302891",-1.3070487383939,5.69981047773836
"58344",-1.51366125374139,10.1195216756064
"139852",-1.51366125374139,8.64628460965039
"74182",-2.10654934126028,9.83206078468816
"245930",0.435682912797968,6.73287305447581
"241954",0.435682912797968,6.80473827720538
"102162",-0.777042720763386,9.32900422558123
"18491",-2.34909446797255,10.838173902902
"240899",-0.11228941051494,6.82270458288777
"162631",-2.2592629395606,8.23305957895541
"147297",-1.60349278215335,8.51153731703247
"162172",-1.91790313159518,8.24204273179661
"196439",-2.15146510546625,7.62220518575414
"123390",-2.0616335770543,8.94272865340984
"112035",-1.37891396112347,9.14934116875733
"327604",-2.53774067763765,5.2506528356786
"254555",-2.4479091492257,6.5711763033343
"222292",-2.0706167298955,7.15508123801199
"309353",-1.29806558555271,5.58302949080283
"299535",-0.202120938926893,5.76269254762673
"243838",-0.498564982686335,6.76880566584059
"179058",-2.02570096568952,7.93661553519597
"113125",-0.516531288368725,9.13137486307494
"187506",-2.03468411853072,7.78390193689565
"190494",-1.98078520148355,7.73000301984848
"252071",-2.4389259963845,6.61609206754028
"205337",-2.58265644184362,7.46050843461263
"28111",-0.759076415080996,10.6674939989193
"266713",-0.381783995750797,6.35558063514561
"175579",-2.02570096568952,7.99949760508434
"68675",-2.46587545490809,9.93087546594131
"269910",-2.91503309696785,6.29269856525725
"243750",-1.28908243271151,6.76880566584059
"227720",-2.42095969070211,7.05626655675884
"188002",-2.04366727137191,7.77491878405446
"161841",-0.426699759956773,8.25102588463781
"237644",-2.56469013616123,6.87660349993494
"303260",-2.45689230206689,5.69082732489717
"239464",0.390767148591992,6.84965404141135
"275922",-2.48384176059048,6.18490073116291
"239918",0.00449157642059728,6.84067088857016
"242672",-2.04366727137191,6.78677197152299
"148215",-2.28621239808418,8.49357101135008
"320827",-0.911790013381315,5.37641697545534
"289085",-0.31890192586243,5.95133875729183
"177028",-2.40299338501972,7.97254814656075
"156889",-0.265003008815259,8.34085741304976
"252074",-2.41197653786092,6.61609206754028
"265453",-2.77130265150872,6.373546940828
"116552",-0.983655236110876,9.06849279318657
"313866",-0.9387394719049,5.50218111523207
"273957",-2.27722924524299,6.22083334252769
"101131",-1.10941937588761,9.34697053126362
"320687",-2.16943141114864,5.37641697545534
"270911",-2.85215102707948,6.27473225957486
"46289",-2.65452166457319,10.3351173437951
"100599",-1.42382972532944,9.35595368410482
"75203",-1.86400421454801,9.81409447900577
"163162",-1.95383574295996,8.22407642611422
"239456",0.31890192586243,6.84965404141135
"194918",-2.42095969070211,7.64915464427773
"164604",-2.39401023217853,8.19712696759063
"183537",-1.97180204864235,7.85576715962522
"168599",-2.22333032819582,8.12526174486107
"115511",-1.40586341964705,9.08645909886896
"168595",-2.2592629395606,8.12526174486107
"295429",-1.36993080828227,5.83455777035629
"101452",-2.69045427593797,9.33798737842243
"126942",-1.40586341964705,8.87984658352147
"209351",-2.24129663387821,7.38864321188306
"257044",-2.41197653786092,6.52626053912832
"269712",-0.229070397450478,6.30168171809844
"114494",-1.61247593499454,9.10442540455135
"194146",-0.426699759956773,7.66712094996012
"31034",-1.28908243271151,10.6135950818721
"193008",-1.72027376908888,7.68508725564251
"54318",-1.96281889580115,10.191386898336
"308252",-2.2592629395606,5.60099579648522
"241122",-2.57367328900243,6.81372143004657
"197725",0.471615524162749,7.60423888007175
"286641",0.0494073406265736,5.99625452149781
"239281",-1.25314982134673,6.84965404141135
"17191",-0.633312275304263,10.8651233614256
"256385",0.597379663939482,6.54422684481071
"298923",-1.23518351566434,5.77167570046793
"66723",-2.14248195262506,9.96680807730609
"57255",-2.36706077365494,10.1374879812888
"181733",-0.31890192586243,7.89169977099
"126909",-1.70230746340649,8.87984658352147
"336127",-1.8729873673892,5.09793923737828
"225805",-1.76518953329486,7.09219916812362
"142380",-1.12738568157,8.60136884544442
"35355",-2.65452166457319,10.5327467063014
"41374",-2.16044825830745,10.424948872207
"321673",-2.24129663387821,5.35845066977295
"332654",-1.81908845034203,5.16082130726665
"18684",-0.615345969621873,10.838173902902
"82389",0.184154633244502,9.68833033922904
"135301",-2.21434717535462,8.72713298522115
"180502",-2.4479091492257,7.90966607667239
"265325",0.54348074689231,6.3825300936692
"306989",-0.211104091768088,5.6279452550088
"251044",-2.73537004014394,6.63405837322267
"253577",-2.30417870376657,6.58914260901669
"146408",-0.660261733827848,8.52950362271486
"91595",-1.94485259011876,9.51765043524633
"318196",-2.22333032819582,5.42133273966131
"220860",-1.54061071226498,7.18203069653558
"268966",-2.46587545490809,6.31066487093964
"234267",-1.64840854635932,6.9394855698233
"123920",-1.76518953329486,8.93374550056864
"124466",-1.32501504407629,8.92476234772745
"338602",-1.96281889580115,5.05302347317231
"24144",-0.678228039510239,10.7393592216489
"18439",-2.8162184157147,10.838173902902
"350520",-2.05265042421311,4.83742780498362
"173555",-2.34909446797255,8.03543021644912
"194499",-1.72027376908888,7.65813779711892
"23128",-0.875857402016534,10.7573255273313
"101504",-2.22333032819582,9.33798737842243
"115858",-2.75333634582633,9.07747594602776
"340600",-1.8729873673892,5.01709086180753
"269408",-2.95994886117382,6.30168171809844
"118462",-1.6843411577241,9.03256018182179
"276615",-0.723143803716215,6.17591757832171
"128437",-1.36993080828227,8.85289712499788
"144914",-0.687211192351434,8.55645308123844
"11673",-1.09145307020522,10.9639380426788
"175024",-2.54672383047884,8.00848075792553
"255007",-2.85215102707948,6.5621931504931
"112510",-1.57654332362976,9.14035801591613
"224318",-1.72925692193008,7.11914862664721
"250611",-2.16044825830745,6.64304152606386
"254016",-2.8252015685559,6.58015945617549
"225258",-2.21434717535462,7.10118232096482
"96054",-2.0706167298955,9.43680205967557
"244122",-2.41197653786092,6.7598225129994
"118885",-2.34909446797255,9.02357702898059
"95593",-1.74722322761247,9.44578521251677
"323656",-2.28621239808418,5.32251805840817
"290563",-0.435682912797968,5.92438929876824
"252683",-1.40586341964705,6.60710891469908
"237107",-2.92401624980904,6.88558665277613
"59826",-1.59450962931215,10.0925722170828
"241191",-1.95383574295996,6.81372143004657
"227820",-1.52264440658259,7.05626655675884
"139357",-1.495694948059,8.65526776249159
"127396",-1.79213899181845,8.87086343068028
"182183",-0.741110109398605,7.8827166181488
"21437",-2.67248797025558,10.7842749858549
"249397",0.327885078703625,6.66999098458745
"340519",-2.60062274752601,5.01709086180753
"104014",-1.99875150716594,9.29307161421645
"324612",-2.6275722060496,5.30455175272577
"154205",-2.05265042421311,8.38577317725573
"205640",0.139238869038526,7.46050843461263
"284320",-2.94198255549143,6.03218713286259
"245157",-2.04366727137191,6.74185620731701
"56230",-2.64553851173199,10.1554542869712
"100025",-2.11553249410147,9.36493683694601
"126996",-0.92077316622251,8.87984658352147
"243111",-2.56469013616123,6.77778881868179
"203414",-1.99875150716594,7.49644104597741
"339605",-1.8819705202304,5.03505716748992
"289391",-2.03468411853072,5.94235560445063
"113138",-0.399750301433187,9.13137486307494
"87370",0.282969314497649,9.59849881081709
"22613",-1.03755415315805,10.7663086801725
"42947",-1.42382972532944,10.3979994136835
"259096",-1.83705475602442,6.49032792776354
"286636",0.00449157642059728,5.99625452149781
"195898",-2.54672383047884,7.63118833859533
"107959",-2.27722924524299,9.22120639148689
"95265",-0.229070397450478,9.45476836535796
"176004",-2.67248797025558,7.99051445224314
"28912",-2.49282491343167,10.6495276932369
"157686",-2.03468411853072,8.32289110736737
"276142",-0.50754813552753,6.18490073116291
"245644",-2.13349879978386,6.73287305447581
"40489",-1.18128459861717,10.4429151778894
"34520",-1.22620036282315,10.5507130119838
"110219",0.166188327562111,9.18527378012211
"268017",-2.0616335770543,6.32863117662203
"131895",-1.55857701794737,8.79001505510952
"126087",-0.157205174720916,8.89781288920386
"302002",-0.363817690068406,5.71777678342075
"212909",-1.53162755942378,7.3257611419947
"245243",-1.27111612702912,6.74185620731701
"314409",-0.52551444120992,5.49319796239087
"263617",-1.40586341964705,6.40947955219279
"213385",-1.72027376908888,7.3167779891535
"171563",-2.38502707933733,8.0713628278139
"269921",-2.8162184157147,6.29269856525725
"110005",-1.75620638045366,9.18527378012211
"117125",-0.30093562018004,9.05950964034538
"234744",-1.82807160318323,6.93050241698211
"229746",-2.07959988273669,7.02033394539406
"301499",-0.417716607115578,5.72675993626195
"163128",-2.2592629395606,8.22407642611422
"300402",-1.34298134975868,5.74472624194434
"294057",-0.30093562018004,5.86150722887988
"47784",-2.61858905320841,10.3081678852715
"350031",-1.98078520148355,4.84641095782482
"34841",-2.80723526287351,10.5417298591426
"122883",-2.15146510546625,8.95171180625103
"98332",0.534497594051115,9.40086944831079
"134858",-1.72925692193008,8.73611613806235
"123409",-1.89095367307159,8.94272865340984
"105777",0.444666065639163,9.26612215569286
"40905",-1.90891997875398,10.4339320250482
"109147",-0.534497594051115,9.2032400858045
"22453",-2.47485860774928,10.7663086801725
"297550",-0.175171480403307,5.79862515899151
"85222",-1.15433514009359,9.63443142218187
"120378",-2.33112816229016,8.99662757045701
"124922",-1.6933243105653,8.91577919488625
"11677",-1.05552045884044,10.9639380426788
"333159",-1.74722322761247,5.15183815442546
"200636",-0.166188327562112,7.55033996302458
"184987",-2.34011131513135,7.82881770110163
"295953",-1.12738568157,5.8255746175151
"27065",-1.22620036282315,10.6854603046017
"245686",-1.75620638045366,6.73287305447581
"302022",-0.184154633244502,5.71777678342075
"305965",-0.480598677003944,5.64591156069119
"102096",-1.36993080828227,9.32900422558123
"12195",-0.866874249175338,10.9549548898376
"340549",-2.33112816229016,5.01709086180753
"215283",-2.52875752479645,7.28084537778872
"24908",-2.74435319298514,10.7213929159665
"97720",-0.498564982686335,9.40985260115199
"352014",-2.02570096568952,4.81047834646004
"87221",-1.05552045884044,9.59849881081709
"115027",-1.28908243271151,9.09544225171016
"136423",-1.06450361168163,8.70916667953876
"91605",-1.85502106170681,9.51765043524633
"86191",-1.37891396112347,9.61646511649948
"111977",-1.89993682591279,9.14934116875733
"28608",-0.759076415080996,10.6585108460781
"247887",0.157205174720916,6.69694044311103
"121002",-1.19026775145837,8.98764441761581
"181542",-2.03468411853072,7.89169977099
"281162",-0.058390493467769,6.09506920275095
"201885",-2.34011131513135,7.52339050450099
"132932",-1.17230144577598,8.77204874942713
"190979",-2.08858303557789,7.72101986700729
"130397",-1.62145908783574,8.8169645136331
"120867",-2.40299338501972,8.98764441761581
"310435",-0.50754813552753,5.56506318512044
"266050",-1.8729873673892,6.36456378798681
"250169",-1.66637485204171,6.65202467890506
"108030",-1.63942539351813,9.22120639148689
"18522",-2.0706167298955,10.838173902902
"156392",-0.265003008815259,8.34984056589095
"26589",-1.03755415315805,10.6944434574429
"264758",-0.0853399519913549,6.3915132465104
"197647",-0.229070397450478,7.60423888007175
"148906",-0.543480746892311,8.48458785850888
"308495",-0.0763567991501595,5.60099579648522
"258572",-2.07959988273669,6.49931108060474
"164138",-2.11553249410147,8.20611012043183
"177256",-0.354834537227211,7.97254814656075
"15188",-0.768059567922191,10.9010559727904
"193146",-0.480598677003944,7.68508725564251
"45911",-1.58552647647096,10.3441004966363
"262474",-2.74435319298514,6.42744585787518
"33065",-0.902806860540119,10.5776624705074
"207600",-0.11228941051494,7.42457582324785
"116971",-1.6843411577241,9.05950964034538
"313435",-0.345851384386016,5.51116426807326
"222810",-1.8819705202304,7.14609808517079
"304030",-0.00449157642059772,5.68184417205597
"182513",-2.24129663387821,7.87373346530761
"312838",-1.24416666850554,5.52014742091446
"171101",-2.0706167298955,8.0803459806551
"307453",-0.50754813552753,5.61896210216761
"87172",-1.495694948059,9.59849881081709
"172554",-2.41197653786092,8.05339652213151
"135991",-0.480598677003944,8.71814983237996
"154688",-2.17841456398984,8.37679002441454
"320315",-1.04653730599924,5.38540012829653
"297552",-0.157205174720916,5.79862515899151
"153384",-0.498564982686335,8.40373948293812
"274706",-0.0134747292617932,6.21185018968649
"223827",-1.67535800488291,7.1281317794884
"136497",-0.399750301433187,8.70916667953876
"314408",-0.534497594051115,5.49319796239087
"251655",-1.71129061624769,6.62507522038147
"230463",-0.103306257673745,7.01135079255287
"280340",-2.97791516685621,6.10405235559215
"168829",-0.157205174720916,8.12526174486107
"25561",-1.34298134975868,10.7124097631253
"138407",-1.10043622304641,8.67323406817398
"193406",-2.60960590036721,7.67610410280131
"193426",-2.42994284354331,7.67610410280131
"223985",-0.256019855974064,7.1281317794884
"61687",-2.73537004014394,10.056639605718
"109029",-1.59450962931215,9.2032400858045
"170774",-0.543480746892311,8.08932913349629
"98102",-1.53162755942378,9.40086944831079
"165114",-2.27722924524299,8.18814381474944
"110414",-2.54672383047884,9.17629062728091
"259085",-1.93586943727757,6.49032792776354
"179537",-2.18739771683104,7.92763238235478
"123902",-1.92688628443637,8.93374550056864
"259702",-0.857891096334143,6.48134477492235
"33355",-2.76231949866753,10.5686793176662
"33874",-2.56469013616123,10.559696164825
"103546",-1.73824007477127,9.30205476705765
"306996",-0.148222021879721,5.6279452550088
"303469",-0.579413358257092,5.69082732489717
"264977",-2.58265644184362,6.3825300936692
"244548",-3.04978038958578,6.7508393601582
"67270",-1.6933243105653,9.9578249244649
"17099",-1.45976233669422,10.8651233614256
"122587",-0.345851384386016,8.96069495909223
"65269",-1.81010529750084,9.99375753582968
"171570",-2.32214500944896,8.0713628278139
"29097",-0.830941637810557,10.6495276932369
"23157",-0.615345969621873,10.7573255273313
"117936",-1.94485259011876,9.04154333466298
"191940",-2.38502707933733,7.7030535613249
"325692",-1.85502106170681,5.28658544704338
"37377",-2.34909446797255,10.4968140949366
"121044",-0.812975332128167,8.98764441761581
"61686",-2.74435319298514,10.056639605718
"168110",-2.15146510546625,8.13424489770227
"166241",-1.08246991736402,8.17017750906705
"306441",-0.669244886669044,5.63692840785
"175079",-2.05265042421311,8.00848075792553
"120012",-1.15433514009359,9.0056107232982
"287126",-0.058390493467769,5.98727136865661
"122489",-1.22620036282315,8.96069495909223
"157638",-2.46587545490809,8.32289110736737
"189451",-2.42095969070211,7.74796932553087
"299048",-0.11228941051494,5.77167570046793
"142761",-2.16943141114864,8.59238569260322
"94029",-2.40299338501972,9.47273467104035
"243122",-2.46587545490809,6.77778881868179
"102275",0.238053550291673,9.32900422558123
"309249",-2.23231348103701,5.58302949080283
"149421",-0.381783995750797,8.47560470566768
"170593",-2.16943141114864,8.08932913349629
"14674",-0.92077316622251,10.9100391256316
"182545",-1.95383574295996,7.87373346530761
"193400",-2.66350481741438,7.67610410280131
"115218",0.426699759956773,9.09544225171016
"309480",-0.157205174720916,5.58302949080283
"24135",-0.759076415080996,10.7393592216489
"125427",-1.62145908783574,8.90679604204506
"119370",-2.45689230206689,9.0145938761394
"229730",-2.22333032819582,7.02033394539406
"40340",-2.51977437195526,10.4429151778894
"13679",-0.929756319063705,10.928005431314
"291095",-0.121272563356135,5.91540614592705
"124157",0.363817690068406,8.93374550056864
"146736",-2.17841456398984,8.52052046987366
"241188",-1.98078520148355,6.81372143004657
"130322",-2.29519555092538,8.8169645136331
"273889",-2.88808363844426,6.22083334252769
"97104",-1.56756017078857,9.41883575399318
"121425",-1.85502106170681,8.97866126477462
"120440",-1.77417268613606,8.99662757045701
"129369",-1.92688628443637,8.83493081931549
"201112",-0.354834537227211,7.54135681018338
"285098",-0.417716607115578,6.02320398002139
"222304",-1.96281889580115,7.15508123801199
"19140",-0.983655236110876,10.8291907500608
"175005",-2.71740373446155,8.00848075792553
"118867",-2.51079121911406,9.02357702898059
"46328",-2.30417870376657,10.3351173437951
"115429",-2.14248195262506,9.08645909886896
"27574",-1.1184025287288,10.6764771517605
"113998",-1.60349278215335,9.11340855739255
"155368",-0.534497594051115,8.36780687157334
"88245",-0.786025873604582,9.5805325051347
"296484",-0.821958484969362,5.8165914646739
"118453",-1.76518953329486,9.03256018182179
"120421",-1.94485259011876,8.99662757045701
"265040",-2.01671781284833,6.3825300936692
"13676",-0.95670577758729,10.928005431314
"257564",-2.20536402251343,6.51727738628713
"108549",-1.44179603101183,9.21222323864569
"28086",-0.983655236110876,10.6674939989193
"165299",-0.615345969621873,8.18814381474944
"113974",-1.81908845034203,9.11340855739255
"82209",-1.43281287817064,9.68833033922904
"277618",-0.642295428145458,6.15795127263932
"169560",-2.51977437195526,8.10729543917868
"289107",-0.121272563356135,5.95133875729183
"12686",-0.92077316622251,10.9459717369964
"72664",-2.34909446797255,9.85901024321175
"261480",-2.74435319298514,6.44541216355757
"131367",-1.83705475602442,8.79899820795071
"129520",-0.570430205415896,8.83493081931549
"105509",-1.96281889580115,9.26612215569286
"280409",-2.35807762081374,6.10405235559215
"256835",0.175171480403307,6.53524369196952
"308932",-0.615345969621873,5.59201264364402
"155151",-2.48384176059048,8.36780687157334
"330606",-2.35807762081374,5.19675391863143
"303328",-1.84603790886562,5.69082732489717
"245555",-2.93299940265024,6.73287305447581
"303006",-0.273986161656454,5.69981047773836
"102500",-2.20536402251343,9.32002107274004
"154863",-0.606362816780677,8.37679002441454
"115028",-1.28009927987032,9.09544225171016
"22930",-2.65452166457319,10.7573255273313
"291786",-2.84316787423829,5.89743984024466
"76595",-2.75333634582633,9.78714502048219
"29988",-1.75620638045366,10.6315613875545
"191519",-1.70230746340649,7.71203671416609
"189735",0.13025571619733,7.74796932553087
"98991",-2.47485860774928,9.3829031426284
"326206",-1.70230746340649,5.27760229420219
"200899",-2.26824609240179,7.54135681018338
"102051",-1.77417268613606,9.32900422558123
"111039",-1.39688026680586,9.16730747443972
"166631",-2.04366727137191,8.16119435622585
"226316",-1.63942539351813,7.08321601528243
"321173",-2.26824609240179,5.36743382261414
"149989",0.256019855974063,8.46662155282649
"99598",-1.48671179521781,9.37391998978721
"131534",-0.336868231544821,8.79899820795071
"258967",-2.9958814725386,6.49032792776354
"261984",-2.68147112309677,6.43642901071637
"21660",-0.669244886669044,10.7842749858549
"128117",0.220087244609283,8.86188027783908
"328667",-1.91790313159518,5.23268652999621
"318379",-0.579413358257092,5.42133273966131
"247868",-0.0134747292617932,6.69694044311103
"127958",-1.20823405714076,8.86188027783908
"281176",0.067373646308964,6.09506920275095
"128338",-2.2592629395606,8.85289712499788
"107198",-0.184154633244502,9.23917269716928
"180998",-2.45689230206689,7.90068292383119
"90658",-1.43281287817064,9.53561674092872
"184497",-2.27722924524299,7.83780085394283
"152228",-1.95383574295996,8.42170578862051
"109154",-0.471615524162749,9.2032400858045
"180026",-2.2592629395606,7.91864922951358
"331648",-1.92688628443637,5.17878761294904
"131893",-1.57654332362976,8.79001505510952
"274011",-1.79213899181845,6.22083334252769
"184000",-2.27722924524299,7.84678400678402
"54780",-2.27722924524299,10.1824037454948
"122416",-1.8819705202304,8.96069495909223
"35524",-1.13636883441119,10.5327467063014
"79644",-2.15146510546625,9.73324610343502
"301487",-0.52551444120992,5.72675993626195
"283843",-2.76231949866753,6.04117028570378
"133841",-1.93586943727757,8.75408244374474
"162607",-2.47485860774928,8.23305957895541
"103592",-1.32501504407629,9.30205476705765
"262772",-0.0673736463089645,6.42744585787518
"82630",-2.11553249410147,9.67934718638784
"244930",0.381783995750796,6.7508393601582
"212399",-1.64840854635932,7.33474429483589
"56331",-1.73824007477127,10.1554542869712
"306920",-0.830941637810557,5.6279452550088
"112025",-1.46874548953542,9.14934116875733
"14036",-2.18739771683104,10.9190222784728
"173550",-2.39401023217853,8.03543021644912
"199162",-0.0134747292617932,7.57728942154816
"159657",-2.18739771683104,8.28695849600259
"138855",-1.54061071226498,8.66425091533278
"86260",-0.759076415080996,9.61646511649948
"195413",-2.4389259963845,7.64017149143653
"166289",-0.651278580986653,8.17017750906705
"36868",-2.45689230206689,10.5057972477778
"119463",-1.62145908783574,9.0145938761394
"112693",0.067373646308964,9.14035801591613
"238711",-1.90891997875398,6.85863719425255
"277158",-0.309918773021235,6.16693442548052
"21981",-2.2502797867194,10.7752918330137
"115500",-1.5046781009002,9.08645909886896
"145440",-0.426699759956773,8.54746992839725
"296381",-1.74722322761247,5.8165914646739
"178126",-1.46874548953542,7.95458184087836
"306374",-1.27111612702912,5.63692840785
"57225",-2.6365553588908,10.1374879812888
"143801",-1.75620638045366,8.57441938692083
"113034",-1.33399819691749,9.13137486307494
"175523",-2.52875752479645,7.99949760508434
"267512",-2.13349879978386,6.33761432946322
"145829",-1.39688026680586,8.53848677555605
"313724",-2.21434717535462,5.50218111523207
"284578",-0.624329122463068,6.03218713286259
"134805",-2.20536402251343,8.73611613806235
"266925",-2.94198255549143,6.34659748230442
"15477",-2.6365553588908,10.8920728199492
"81706",-1.48671179521781,9.69731349207023
"11675",-1.07348676452283,10.9639380426788
"333170",-1.64840854635932,5.15183815442546
"106556",-1.48671179521781,9.24815585001047
"181023",-2.23231348103701,7.90068292383119
"292578",-0.193137786085697,5.88845668740346
"271242",0.121272563356135,6.27473225957486
"102506",-2.15146510546625,9.32002107274004
"257037",-2.47485860774928,6.52626053912832
"293452",-1.27111612702912,5.87049038172107
"33578",-0.759076415080996,10.5686793176662
"103179",-0.570430205415896,9.31103791989884
"102554",-1.72027376908888,9.32002107274004
"103026",-1.94485259011876,9.31103791989884
"258872",0.615345969621872,6.49931108060474
"236907",-0.256019855974064,6.89456980561733
"64740",-2.09756618841908,10.0027406886709
"206387",-2.07959988273669,7.44254212893024
"108489",-1.98078520148355,9.21222323864569
"282818",-3.04079723674458,6.05913659138617
"315719",-2.15146510546625,5.46624850386729
"25393",-2.85215102707948,10.7124097631253
"192159",-0.417716607115578,7.7030535613249
"149331",-1.19026775145837,8.47560470566768
"99082",-1.65739169920052,9.3829031426284
"289324",-2.6365553588908,5.94235560445063
"196418",-2.34011131513135,7.62220518575414
"299939",-1.03755415315805,5.75370939478554
"159212",-1.72027376908888,8.29594164884378
"255566",-2.29519555092538,6.55320999765191
"114514",-1.43281287817064,9.10442540455135
"116473",-1.6933243105653,9.06849279318657
"169585",-2.29519555092538,8.10729543917868
"89282",-0.399750301433187,9.56256619945231
"120956",-1.60349278215335,8.98764441761581
"289102",-0.166188327562112,5.95133875729183
"286132",-0.058390493467769,6.005237674339
"139777",-2.18739771683104,8.64628460965039
"179216",-0.606362816780677,7.93661553519597
"243086",-2.78926895719111,6.77778881868179
"131897",-1.54061071226498,8.79001505510952
"179585",-1.75620638045366,7.92763238235478
"281943",-1.97180204864235,6.07710289706856
"148857",-0.983655236110876,8.48458785850888
"283968",-1.63942539351813,6.04117028570378
"149734",-2.03468411853072,8.46662155282649
"95107",-1.64840854635932,9.45476836535796
"275691",-0.0943231048325499,6.1938838840041
"52839",-1.85502106170681,10.2183363568596
"122596",-0.265003008815259,8.96069495909223
"226830",-1.48671179521781,7.07423286244123
"103514",-2.02570096568952,9.30205476705765
"95838",0.453649218480358,9.44578521251677
"300055",0.00449157642059728,5.75370939478554
"24071",-1.33399819691749,10.7393592216489
"155704",-1.98078520148355,8.35882371873215
"244215",-1.57654332362976,6.7598225129994
"265564",-1.77417268613606,6.373546940828
"100574",-1.64840854635932,9.35595368410482
"35333",-2.85215102707948,10.5327467063014
"277892",-2.64553851173199,6.14896811979813
"24604",-1.01060469463446,10.7303760688077
"282116",-0.417716607115578,6.07710289706856
"288630",0.0583904934677686,5.96032191013303
"126386",-1.93586943727757,8.88882973636267
"165645",-1.97180204864235,8.17916066190824
"70654",-2.54672383047884,9.89494285457653
"297496",-0.660261733827848,5.79862515899151
"118506",-1.28908243271151,9.03256018182179
"127645",0.444666065639163,8.87086343068028
"298051",-0.139238869038526,5.78964200615032
"161125",-2.39401023217853,8.260009037479
"107039",-1.61247593499454,9.23917269716928
"296876",-1.76518953329486,5.80760831183271
"110565",-1.19026775145837,9.17629062728091
"81835",-0.327885078703626,9.69731349207023
"161152",-2.15146510546625,8.260009037479
"301538",-0.0673736463089645,5.72675993626195
"186694",-0.399750301433187,7.80186824257804
"195646",-0.345851384386016,7.64017149143653
"133880",-1.58552647647096,8.75408244374474
"181026",-2.20536402251343,7.90068292383119
"155166",-2.34909446797255,8.36780687157334
"46806",-2.47485860774928,10.3261341909539
"246363",-0.139238869038526,6.72388990163462
"110988",-1.85502106170681,9.16730747443972
"306852",-1.44179603101183,5.6279452550088
"125143",0.291952467338844,8.91577919488625
"276948",-2.19638086967223,6.16693442548052
"305994",-0.220087244609283,5.64591156069119
"305979",-0.354834537227211,5.64591156069119
"295470",-1.00162154179327,5.83455777035629
"177041",-2.28621239808418,7.97254814656075
"117977",-1.57654332362976,9.04154333466298
"301526",-0.175171480403307,5.72675993626195
"52856",-1.70230746340649,10.2183363568596
"141452",-0.534497594051115,8.61933515112681
"271633",-0.830941637810557,6.26574910673366
"68737",-1.90891997875398,9.93087546594131
"106645",-0.687211192351434,9.24815585001047
"227179",-2.8162184157147,7.06524970960004
"302398",-1.27111612702912,5.70879363057956
"12662",-1.13636883441119,10.9459717369964
"17594",-1.47772864237661,10.8561402085844
"61330",-1.47772864237661,10.0656227585592
"344085",-1.81908845034203,4.95420879191916
"146231",-2.2502797867194,8.52950362271486
"303011",-0.229070397450478,5.69981047773836
"224726",-2.52875752479645,7.11016547380601
"185044",-1.82807160318323,7.82881770110163
"109531",-1.54959386510617,9.1942569329633
"23165",-0.543480746892311,10.7573255273313
"211150",0.52551444120992,7.36169375335948
"187687",-0.408733454274382,7.78390193689565
"116035",-1.16331829293478,9.07747594602776
"28923",-2.39401023217853,10.6495276932369
"201386",-2.35807762081374,7.53237365734219
"108748",0.345851384386016,9.21222323864569
"219866",-1.54061071226498,7.19999700221797
"156347",-0.669244886669044,8.34984056589095
"204381",-2.24129663387821,7.47847474029502
"250494",-3.21147714072729,6.64304152606386
"115167",-0.0314410349441836,9.09544225171016
"203853",-2.51977437195526,7.48745789313621
"211846",-2.15146510546625,7.34372744767709
"124473",-1.26213297418793,8.92476234772745
"274182",-0.256019855974064,6.22083334252769
"192925",-2.46587545490809,7.68508725564251
"11494",-2.69943742877916,10.9639380426788
"299497",-0.543480746892311,5.76269254762673
"134886",-1.47772864237661,8.73611613806235
"112964",-1.96281889580115,9.13137486307494
"103538",-1.81010529750084,9.30205476705765
"24601",-1.03755415315805,10.7303760688077
"196406",-2.4479091492257,7.62220518575414
"250113",-2.16943141114864,6.65202467890506
"267933",-2.8162184157147,6.32863117662203
"20006",-2.13349879978386,10.8112244443784
"30545",-1.21721720998195,10.6225782347133
"220817",-1.92688628443637,7.18203069653558
"241612",-2.6365553588908,6.80473827720538
"101758",0.0583904934677686,9.33798737842243
"26557",-1.32501504407629,10.6944434574429
"114901",-2.42095969070211,9.09544225171016
"105206",-0.220087244609283,9.27510530853406
"18559",-1.73824007477127,10.838173902902
"69672",-2.4389259963845,9.91290916025892
"83864",0.0404241877853782,9.66138088070545
"107554",-1.45077918385303,9.23018954432808
"102559",-1.67535800488291,9.32002107274004
"134021",-0.31890192586243,8.75408244374474
"272631",-0.795009026445777,6.24778280105127
"233807",-1.3160318912351,6.9484687226645
"273392",-2.88808363844426,6.22981649536888
"87034",-2.73537004014394,9.59849881081709
"69145",-2.70842058162036,9.92189231310012
"270072",-1.45976233669422,6.29269856525725
"136890",-1.33399819691749,8.70018352669757
"111540",-1.36094765544108,9.15832432159852
"27092",-0.983655236110876,10.6854603046017
"128363",-2.03468411853072,8.85289712499788
"150446",-0.103306257673745,8.4576383999853
"154719",-1.89993682591279,8.37679002441454
"115972",-1.72925692193008,9.07747594602776
"180053",-2.01671781284833,7.91864922951358
"111487",-1.83705475602442,9.15832432159852
"112989",-1.73824007477127,9.13137486307494
"301520",-0.229070397450478,5.72675993626195
"249703",-1.38789711396466,6.66100783174625
"40052",-0.642295428145458,10.4518983307306
"206885",-2.0706167298955,7.43355897608904
"101157",-0.875857402016534,9.34697053126362
"252645",-1.74722322761247,6.60710891469908
"160121",-2.48384176059048,8.27797534316139
"204610",-0.184154633244502,7.47847474029502
"190468",-2.21434717535462,7.73000301984848
"216361",-1.77417268613606,7.26287907210633
"134845",-1.84603790886562,8.73611613806235
"232238",-2.01671781284833,6.97541818118808
"139371",-1.36993080828227,8.65526776249159
"101547",-1.83705475602442,9.33798737842243
"191949",-2.30417870376657,7.7030535613249
"163602",-2.46587545490809,8.21509327327302
"273904",-2.75333634582633,6.22083334252769
"123995",-1.09145307020522,8.93374550056864
"100529",-2.05265042421311,9.35595368410482
"189926",-2.61858905320841,7.73898617268968
"87705",-1.17230144577598,9.58951565797589
"297079",0.0583904934677686,5.80760831183271
"107479",-2.12451564694267,9.23018954432808
"316317",-1.24416666850554,5.45726535102609
"28510",-1.63942539351813,10.6585108460781
"82582",-2.54672383047884,9.67934718638784
"290400",-1.89993682591279,5.92438929876824
"165087",-2.51977437195526,8.18814381474944
"10750",-0.453649218480359,10.9819043483611
"260587",-1.83705475602442,6.46337846923996
"152418",-0.247036703132868,8.42170578862051
"264575",-1.72925692193008,6.3915132465104
"262085",-1.77417268613606,6.43642901071637
"303490",-0.390767148591992,5.69082732489717
"283382",-2.4389259963845,6.05015343854498
"133367",-1.72925692193008,8.76306559658593
"255296",-0.256019855974064,6.5621931504931
"246177",-1.81010529750084,6.72388990163462
"170549",-2.56469013616123,8.08932913349629
"225296",-1.8729873673892,7.10118232096482
"113978",-1.78315583897725,9.11340855739255
"307503",-0.058390493467769,5.61896210216761
"123509",-0.992638388952071,8.94272865340984
"142925",-0.696194345192629,8.59238569260322
"63301",-1.63044224067693,10.0296901471945
"141820",-1.6933243105653,8.61035199828561
"301736",-2.75333634582633,5.71777678342075
"59703",-2.69943742877916,10.0925722170828
"135513",-0.309918773021235,8.72713298522115
"268100",-1.3160318912351,6.32863117662203
"169614",-2.03468411853072,8.10729543917868
"83863",0.0314410349441832,9.66138088070545
"266270",0.103306257673745,6.36456378798681
"174042",-2.4389259963845,8.02644706360793
"313432",-0.372800842909601,5.51116426807326
"121339",-2.6275722060496,8.97866126477462
"285631",-0.0943231048325499,6.0142208271802
"94590",-1.82807160318323,9.46375151819916
"279990",-1.65739169920052,6.11303550843334
"346042",-2.09756618841908,4.91827618055438
"306940",-0.651278580986653,5.6279452550088
"167699",-1.37891396112347,8.14322805054346
"195407",-2.49282491343167,7.64017149143653
"265504",-2.31316185660777,6.373546940828
"320190",-2.16943141114864,5.38540012829653
"90314",-0.058390493467769,9.54459989376992
"65297",-1.55857701794737,9.99375753582968
"270029",-1.84603790886562,6.29269856525725
"188467",-2.33112816229016,7.76593563121326
"292099",-0.0314410349441836,5.89743984024466
"64779",-1.74722322761247,10.0027406886709
"174530",-2.51977437195526,8.01746391076673
"297824",-2.17841456398984,5.78964200615032
"169099",-2.19638086967223,8.11627859201988
"276249",0.453649218480358,6.18490073116291
"111002",-1.72925692193008,9.16730747443972
"40327",-2.6365553588908,10.4429151778894
"24596",-1.08246991736402,10.7303760688077
"166611",-2.22333032819582,8.16119435622585
"149398",-0.588396511098287,8.47560470566768
"262604",-1.57654332362976,6.42744585787518
"122460",-1.48671179521781,8.96069495909223
"107530",-1.66637485204171,9.23018954432808
"15204",-0.624329122463068,10.9010559727904
"178083",-1.85502106170681,7.95458184087836
"139569",0.408733454274382,8.65526776249159
"101054",-1.80112214465964,9.34697053126362
"30405",-2.47485860774928,10.6225782347133
"296486",-0.803992179286972,5.8165914646739
"273409",-2.73537004014394,6.22981649536888
"253785",-0.435682912797968,6.58914260901669
"30570",-0.992638388952071,10.6225782347133
"89052",-2.46587545490809,9.56256619945231
"234401",-0.444666065639163,6.9394855698233
"148224",-2.20536402251343,8.49357101135008
"146535",0.480598677003944,8.52950362271486
"169063",-2.51977437195526,8.11627859201988
"297376",-1.73824007477127,5.79862515899151
"120456",-1.63044224067693,8.99662757045701
"264145",-1.12738568157,6.40049639935159
"189959",-2.32214500944896,7.73898617268968
"192000",-1.84603790886562,7.7030535613249
"217824",-2.02570096568952,7.23592961358275
"9078",-2.07959988273669,11.0088538068847
"184963",-2.55570698332004,7.82881770110163
"60785",-1.90891997875398,10.0746059114004
"127553",-0.381783995750797,8.87086343068028
"129040",-0.417716607115578,8.84391397215669
"98605",-1.47772864237661,9.3918862954696
"262743",-0.327885078703626,6.42744585787518
"190993",-1.96281889580115,7.72101986700729
"207326",-2.57367328900243,7.42457582324785
"347069",-1.80112214465964,4.90030987487199
"97128",-1.35196450259988,9.41883575399318
"120076",-0.579413358257092,9.0056107232982
"241103",-2.74435319298514,6.81372143004657
"273817",0.929756319063705,6.22981649536888
"113967",-1.8819705202304,9.11340855739255
"248753",-0.992638388952071,6.67897413742864
"103705",-0.309918773021235,9.30205476705765
"135312",-2.11553249410147,8.72713298522115
"22616",-1.01060469463446,10.7663086801725
"31441",-2.09756618841908,10.604611929031
"22420",-2.77130265150872,10.7663086801725
"97631",-1.29806558555271,9.40985260115199
"246556",-2.87011733276187,6.71490674879342
"104054",-1.63942539351813,9.29307161421645
"120945",-1.70230746340649,8.98764441761581
"16133",-1.20823405714076,10.883089667108
"292550",-0.444666065639163,5.88845668740346
"105522",-1.84603790886562,9.26612215569286
"63821",-1.42382972532944,10.0207069943533
"118556",-0.839924790651753,9.03256018182179
"305966",-0.471615524162749,5.64591156069119
"123664",0.399750301433187,8.94272865340984
"102006",-2.17841456398984,9.32900422558123
"126033",-0.642295428145458,8.89781288920386
"86541",-2.69943742877916,9.60748196365828
"262328",0.408733454274382,6.43642901071637
"231826",-1.25314982134673,6.98440133402928
"272875",-3.06774669526817,6.23879964821008
"334166",-1.63044224067693,5.13387184874307
"318868",-0.651278580986653,5.41234958682012
"206093",-0.256019855974064,7.45152528177143
"84089",-2.40299338501972,9.65239772786426
"170571",-2.36706077365494,8.08932913349629
"127425",-1.53162755942378,8.87086343068028
"175735",-0.624329122463068,7.99949760508434
"210831",-2.34011131513135,7.36169375335948
"121540",-0.821958484969362,8.97866126477462
"323724",-1.67535800488291,5.32251805840817
"19111",-1.24416666850554,10.8291907500608
"321687",-2.11553249410147,5.35845066977295
"148278",-1.72027376908888,8.49357101135008
"20649",-0.821958484969362,10.8022412915372
"34350",-2.75333634582633,10.5507130119838
"315910",-0.435682912797968,5.46624850386729
"69941",-0.0224578821029882,9.91290916025892
"128495",-0.848907943492948,8.85289712499788
"64751",-1.99875150716594,10.0027406886709
"265253",-0.103306257673745,6.3825300936692
"239155",-2.38502707933733,6.84965404141135
"154365",-0.615345969621873,8.38577317725573
"22910",-2.83418472139709,10.7573255273313
"150699",-2.29519555092538,8.4486552471441
"181999",-2.39401023217853,7.8827166181488
"129627",0.390767148591992,8.83493081931549
"128144",0.462632371321554,8.86188027783908
"164098",-2.47485860774928,8.20611012043183
"131441",-1.17230144577598,8.79899820795071
"229778",-1.79213899181845,7.02033394539406
"218107",0.516531288368725,7.23592961358275
"115487",-1.62145908783574,9.08645909886896
"18166",-0.803992179286972,10.8471570557432
"205361",-2.36706077365494,7.46050843461263
"23059",-1.495694948059,10.7573255273313
"239758",-1.43281287817064,6.84067088857016
"201081",-0.633312275304263,7.54135681018338
"52891",-1.38789711396466,10.2183363568596
"242650",-2.24129663387821,6.78677197152299
"119925",-1.93586943727757,9.0056107232982
"211902",-1.64840854635932,7.34372744767709
"306847",-1.48671179521781,5.6279452550088
"321226",-1.79213899181845,5.36743382261414
"15982",-2.56469013616123,10.883089667108
"101097",-1.41484657248825,9.34697053126362
"78639",-2.2502797867194,9.75121240911741
"82623",-2.17841456398984,9.67934718638784
"64230",-2.21434717535462,10.0117238415121
"270234",-0.00449157642059772,6.29269856525725
"35412",-2.14248195262506,10.5327467063014
"118982",-1.47772864237661,9.02357702898059
"87308",-0.273986161656454,9.59849881081709
"210320",-2.46587545490809,7.37067690620067
"167108",-2.22333032819582,8.15221120338466
"298090",0.211104091768088,5.78964200615032
"195408",-2.48384176059048,7.64017149143653
"11496",-2.68147112309677,10.9639380426788
"301038",-0.0943231048325499,5.73574308910314
"115506",-1.45077918385303,9.08645909886896
"309871",-1.10941937588761,5.57404633796163
"88310",-0.202120938926893,9.5805325051347
"128442",-1.32501504407629,8.85289712499788
"323639",-2.4389259963845,5.32251805840817
"129048",-0.345851384386016,8.84391397215669
"293116",0.175171480403307,5.87947353456227
"81622",-2.24129663387821,9.69731349207023
"82651",-1.92688628443637,9.67934718638784
"103079",-1.46874548953542,9.31103791989884
"99248",-0.166188327562112,9.3829031426284
"253285",-0.462632371321554,6.59812576185789
"164693",-1.59450962931215,8.19712696759063
"179749",-0.282969314497649,7.92763238235478
"295593",0.103306257673745,5.83455777035629
"233217",-2.15146510546625,6.95745187550569
"113986",-1.71129061624769,9.11340855739255
"284658",0.0943231048325495,6.03218713286259
"250986",-3.25639290493327,6.63405837322267
"274394",-2.8162184157147,6.21185018968649
"94704",-0.803992179286972,9.46375151819916
"190405",-2.78028580434992,7.73000301984848
"72726",-1.79213899181845,9.85901024321175
"101588",-1.46874548953542,9.33798737842243
"338585",-2.11553249410147,5.05302347317231
"85639",-1.8729873673892,9.62544826934067
"114960",-1.89095367307159,9.09544225171016
"154196",-2.13349879978386,8.38577317725573
"315872",-0.777042720763386,5.46624850386729
"170618",-1.94485259011876,8.08932913349629
"33519",-1.28908243271151,10.5686793176662
"304520",-0.0673736463089645,5.67286101921478
"170073",-2.37604392649613,8.09831228633749
"316394",-0.552463899733506,5.45726535102609
"184958",-2.60062274752601,7.82881770110163
"188937",-2.57367328900243,7.75695247837207
"290578",-0.30093562018004,5.92438929876824
"187691",-0.372800842909601,7.78390193689565
"201646",-0.0224578821029882,7.53237365734219
"89172",-1.38789711396466,9.56256619945231
"45965",-1.10043622304641,10.3441004966363
"85570",-2.49282491343167,9.62544826934067
"108047",-1.48671179521781,9.22120639148689
"27099",-0.92077316622251,10.6854603046017
"122919",-1.82807160318323,8.95171180625103
"167790",-0.561447052574701,8.14322805054346
"108527",-1.63942539351813,9.21222323864569
"12139",-1.36993080828227,10.9549548898376
"276143",-0.498564982686335,6.18490073116291
"288886",-2.10654934126028,5.95133875729183
"112401",-2.55570698332004,9.14035801591613
"118689",0.354834537227211,9.03256018182179
"211052",-0.354834537227211,7.36169375335948
"109518",-1.66637485204171,9.1942569329633
"96785",0.0314410349441832,9.42781890683438
"36512",-1.19026775145837,10.514780400619
"99056",-1.89095367307159,9.3829031426284
"31582",-0.830941637810557,10.604611929031
"143928",-0.615345969621873,8.57441938692083
"126314",-2.58265644184362,8.88882973636267
"241966",0.54348074689231,6.80473827720538
"119568",-0.678228039510239,9.0145938761394
"109978",-1.99875150716594,9.18527378012211
"192927",-2.4479091492257,7.68508725564251
"157667",-2.20536402251343,8.32289110736737
"271448",-2.49282491343167,6.26574910673366
"289123",0.0224578821029877,5.95133875729183
"251892",0.417716607115577,6.62507522038147
"207840",-2.42095969070211,7.41559267040665
"133374",-1.66637485204171,8.76306559658593
"172807",-0.139238869038526,8.05339652213151
"206076",-0.408733454274382,7.45152528177143
"92568",-2.13349879978386,9.49968412956394
"69783",-1.44179603101183,9.91290916025892
"111038",-1.40586341964705,9.16730747443972
"111912",-2.48384176059048,9.14934116875733
"275708",0.0583904934677686,6.1938838840041
"272729",0.0853399519913545,6.24778280105127
"114997",-1.55857701794737,9.09544225171016
"303023",-0.121272563356135,5.69981047773836
"192464",-2.14248195262506,7.6940704084837
"87592",-2.18739771683104,9.58951565797589
"94167",-1.16331829293478,9.47273467104035
"280907",-2.34909446797255,6.09506920275095
"160736",-1.42382972532944,8.2689921903202
"306864",-1.33399819691749,5.6279452550088
"93564",-2.11553249410147,9.48171782388155
"188018",-1.89993682591279,7.77491878405446
"312914",-0.561447052574701,5.52014742091446
"217283",-2.42095969070211,7.24491276642394
"21480",-2.28621239808418,10.7842749858549
"113607",-0.651278580986653,9.12239171023374
"28019",-1.58552647647096,10.6674939989193
"259117",-1.64840854635932,6.49032792776354
"137965",-0.606362816780677,8.68221722101518
"228276",-1.89095367307159,7.04728340391765
"129412",-1.54061071226498,8.83493081931549
"342084",-1.93586943727757,4.99014140328394
"23571",-1.36094765544108,10.7483423744901
"333052",-2.70842058162036,5.15183815442546
"295034",-0.453649218480359,5.84354092319749
"130452",-1.12738568157,8.8169645136331
"154326",-0.965688930428486,8.38577317725573
"17135",-1.13636883441119,10.8651233614256
"15649",-1.09145307020522,10.8920728199492
"240214",-1.80112214465964,6.83168773572896
"293045",-0.462632371321554,5.87947353456227
"282888",-2.41197653786092,6.05913659138617
"296802",-2.42994284354331,5.80760831183271
"289957",-1.41484657248825,5.93337245160944
"130336",-2.16943141114864,8.8169645136331
"139845",-1.57654332362976,8.64628460965039
"15220",-0.480598677003944,10.9010559727904
"63249",-2.09756618841908,10.0296901471945
"154190",-2.18739771683104,8.38577317725573
"262719",-0.543480746892311,6.42744585787518
"96104",-1.62145908783574,9.43680205967557
"171091",-2.16044825830745,8.0803459806551
"302983",-0.480598677003944,5.69981047773836
"297454",-1.03755415315805,5.79862515899151
"173757",-0.534497594051115,8.03543021644912
"311825",-1.41484657248825,5.53811372659685
"140988",-0.238053550291673,8.628318303968
"51877",-1.56756017078857,10.2363026625419
"258532",-2.4389259963845,6.49931108060474
"257492",-2.85215102707948,6.51727738628713
"244703",-1.65739169920052,6.7508393601582
"105974",-2.2502797867194,9.25713900285167
"186197",-0.399750301433187,7.81085139541924
"129607",0.211104091768088,8.83493081931549
"162155",-2.0706167298955,8.24204273179661
"44843",-2.2502797867194,10.3620668023187
"25420",-2.60960590036721,10.7124097631253
"106545",-1.58552647647096,9.24815585001047
"195964",-1.95383574295996,7.63118833859533
"246584",-2.61858905320841,6.71490674879342
"189964",-2.27722924524299,7.73898617268968
"291911",-1.72027376908888,5.89743984024466
"135468",-0.71416065087502,8.72713298522115
"104295",0.52551444120992,9.29307161421645
"195472",-1.90891997875398,7.64017149143653
"291372",-2.09756618841908,5.90642299308585
"136855",-1.64840854635932,8.70018352669757
"152894",-0.435682912797968,8.41272263577932
"243932",0.345851384386016,6.76880566584059
"182550",-1.90891997875398,7.87373346530761
"102306",0.516531288368725,9.32900422558123
"44869",-2.01671781284833,10.3620668023187
"136398",-1.28908243271151,8.70916667953876
"141326",-1.66637485204171,8.61933515112681
"30380",-2.69943742877916,10.6225782347133
"240625",-2.57367328900243,6.82270458288777
"306869",-1.28908243271151,5.6279452550088
"196393",-2.56469013616123,7.62220518575414
"234671",-2.48384176059048,6.93050241698211
"225494",-0.0943231048325499,7.10118232096482
"235829",-1.01060469463446,6.91253611129972
"112493",-1.72925692193008,9.14035801591613
"108981",-2.02570096568952,9.2032400858045
"179563",-1.95383574295996,7.92763238235478
"29386",-2.69943742877916,10.6405445403957
"51252",-2.71740373446155,10.2452858153831
"149198",-2.38502707933733,8.47560470566768
"120948",-1.67535800488291,8.98764441761581
"23682",-0.363817690068406,10.7483423744901
"272763",0.390767148591992,6.24778280105127
"113989",-1.6843411577241,9.11340855739255
"11517",-2.49282491343167,10.9639380426788
"70733",-1.83705475602442,9.89494285457653
"304996",-0.256019855974064,5.66387786637358
"248705",-1.42382972532944,6.67897413742864
"320844",-0.759076415080996,5.37641697545534
"138396",-1.19925090429956,8.67323406817398
"206168",0.417716607115577,7.45152528177143
"172253",-0.651278580986653,8.06237967497271
"64758",-1.93586943727757,10.0027406886709
"306762",-2.2502797867194,5.6279452550088
"66160",-2.73537004014394,9.97579123014729
"326633",-2.33112816229016,5.26861914136099
"156678",-2.16044825830745,8.34085741304976
"97067",-1.89993682591279,9.41883575399318
"274900",-2.73537004014394,6.2028670368453
"86148",-1.76518953329486,9.61646511649948
"306790",-1.99875150716594,5.6279452550088
"86145",-1.79213899181845,9.61646511649948
"262633",-1.3160318912351,6.42744585787518
"309747",-2.22333032819582,5.57404633796163
"26900",-2.70842058162036,10.6854603046017
"220757",-2.46587545490809,7.18203069653558
"27897",-2.68147112309677,10.6674939989193
"192149",-0.50754813552753,7.7030535613249
"242146",-2.30417870376657,6.79575512436418
"38964",-1.48671179521781,10.469864636413
"87206",-1.19026775145837,9.59849881081709
"254597",-2.0706167298955,6.5711763033343
"283895",-2.29519555092538,6.04117028570378
"103203",-0.354834537227211,9.31103791989884
"183727",-0.265003008815259,7.85576715962522
"112416",-2.42095969070211,9.14035801591613
"292037",-0.588396511098287,5.89743984024466
"101535",-1.94485259011876,9.33798737842243
"305524",0.0224578821029877,5.65489471353239
"341117",-1.6933243105653,5.00810770896633
"236939",0.0314410349441832,6.89456980561733
"46793",-2.59163959468482,10.3261341909539
"185716",-0.256019855974064,7.81983454826043
"268997",-2.18739771683104,6.31066487093964
"291171",0.561447052574701,5.91540614592705
"117135",-0.211104091768088,9.05950964034538
"235909",-0.291952467338845,6.91253611129972
"174733",-0.696194345192629,8.01746391076673
"85889",0.372800842909601,9.62544826934067
"175549",-2.29519555092538,7.99949760508434
"128406",-1.64840854635932,8.85289712499788
"302452",-0.786025873604582,5.70879363057956
"325661",-2.13349879978386,5.28658544704338
"276957",-2.11553249410147,6.16693442548052
"176255",-0.417716607115578,7.99051445224314
"17646",-1.01060469463446,10.8561402085844
"26079",-1.15433514009359,10.7034266102841
"239731",-1.67535800488291,6.84067088857016
"121466",-1.48671179521781,8.97866126477462
"107040",-1.60349278215335,9.23917269716928
"170053",-2.55570698332004,8.09831228633749
"24073",-1.3160318912351,10.7393592216489
"300315",-2.12451564694267,5.74472624194434
"85372",0.193137786085697,9.63443142218187
"122440",-1.66637485204171,8.96069495909223
"239610",-2.76231949866753,6.84067088857016
"266541",-1.92688628443637,6.35558063514561
"155383",-0.399750301433187,8.36780687157334
"95340",0.444666065639163,9.45476836535796
"251807",-0.345851384386016,6.62507522038147
"131016",-0.52551444120992,8.80798136079191
"174540",-2.42994284354331,8.01746391076673
"264748",-0.175171480403307,6.3915132465104
"100636",-1.09145307020522,9.35595368410482
"254647",-1.62145908783574,6.5711763033343
"94506",-2.58265644184362,9.46375151819916
"143380",-1.07348676452283,8.58340253976203
"235268",-1.58552647647096,6.92151926414091
"119467",-1.58552647647096,9.0145938761394
"72207",-1.98976835432474,9.86799339605294
"13203",-0.741110109398605,10.9369885841552
"121951",-1.59450962931215,8.96967811193342
"140474",-0.390767148591992,8.6373014568092
"220401",-1.19925090429956,7.19101384937677
"172059",-2.39401023217853,8.06237967497271
"124053",-0.570430205415896,8.93374550056864
"266585",-1.53162755942378,6.35558063514561
"205900",-1.98976835432474,7.45152528177143
"97719",-0.50754813552753,9.40985260115199
"93763",-0.327885078703626,9.48171782388155
"20930",-2.76231949866753,10.7932581386961
"267748",-0.0134747292617932,6.33761432946322
"317255",-1.74722322761247,5.4392990453437
"79212",-1.56756017078857,9.74222925627621
"296464",-1.00162154179327,5.8165914646739
"348516",-2.19638086967223,4.8733604163484
"69163",-2.54672383047884,9.92189231310012
"14154",-1.12738568157,10.9190222784728
"286317",-2.86113417992068,5.99625452149781
"19944",-2.69045427593797,10.8112244443784
"128881",-1.84603790886562,8.84391397215669
"59725",-2.50180806627287,10.0925722170828
"26071",-1.22620036282315,10.7034266102841
"22645",-0.750093262239801,10.7663086801725
"102963",-2.51079121911406,9.31103791989884
"108042",-1.53162755942378,9.22120639148689
"153288",-1.36094765544108,8.40373948293812
"189933",-2.55570698332004,7.73898617268968
"259128",-1.54959386510617,6.49032792776354
"249565",-2.6275722060496,6.66100783174625
"228773",-1.89095367307159,7.03830025107645
"270497",-2.10654934126028,6.28371541241605
"109484",-1.97180204864235,9.1942569329633
"248113",-2.27722924524299,6.68795729026984
"274378",-2.95994886117382,6.21185018968649
"116496",-1.48671179521781,9.06849279318657
"269076",-1.47772864237661,6.31066487093964
"337634",-1.72925692193008,5.0709897788547
"150247",-1.89095367307159,8.4576383999853
"282893",-2.36706077365494,6.05913659138617
"103542",-1.77417268613606,9.30205476705765
"152748",-1.74722322761247,8.41272263577932
"195382",-2.71740373446155,7.64017149143653
"300059",0.0404241877853782,5.75370939478554
"230655",-2.84316787423829,7.00236763971167
"10628",-1.54959386510617,10.9819043483611
"257528",-2.52875752479645,6.51727738628713
"221333",-1.75620638045366,7.17304754369438
"276976",-1.94485259011876,6.16693442548052
"76216",-1.6933243105653,9.79612817332338
"273156",-0.543480746892311,6.23879964821008
"350004",-2.22333032819582,4.84641095782482
"81119",-2.29519555092538,9.70629664491143
"123157",0.309918773021235,8.95171180625103
"262572",-1.86400421454801,6.42744585787518
"244609",-2.50180806627287,6.7508393601582
"249572",-2.56469013616123,6.66100783174625
"149680",-2.51977437195526,8.46662155282649
"200565",-0.803992179286972,7.55033996302458
"336512",-2.87910048560307,5.08895608453709
"293438",-1.39688026680586,5.87049038172107
"166605",-2.27722924524299,8.16119435622585
"246705",-1.53162755942378,6.71490674879342
"294452",-1.21721720998195,5.85252407603868
"262068",-1.92688628443637,6.43642901071637
"113905",-2.4389259963845,9.11340855739255
"101030",-2.01671781284833,9.34697053126362
"128559",-0.273986161656454,8.85289712499788
"339078",-2.15146510546625,5.04404032033111
"271219",-0.0853399519913549,6.27473225957486
"126385",-1.94485259011876,8.88882973636267
"131029",-0.408733454274382,8.80798136079191
"312443",-0.327885078703626,5.52913057375565
"252391",0.435682912797968,6.61609206754028
"74152",-2.37604392649613,9.83206078468816
"106568",-1.37891396112347,9.24815585001047
"318881",-0.534497594051115,5.41234958682012
"190476",-2.14248195262506,7.73000301984848
"303424",-0.983655236110876,5.69082732489717
"99119",-1.32501504407629,9.3829031426284
"121469",-1.45976233669422,8.97866126477462
"307851",-1.39688026680586,5.60997894932641
"248236",-1.17230144577598,6.68795729026984
"261753",-0.291952467338845,6.44541216355757
"87194",-1.29806558555271,9.59849881081709
"12688",-0.902806860540119,10.9459717369964
"236918",-0.157205174720916,6.89456980561733
"324607",-2.67248797025558,5.30455175272577
"104946",-2.55570698332004,9.27510530853406
"121388",-2.18739771683104,8.97866126477462
"99145",-1.09145307020522,9.3829031426284
"121427",-1.83705475602442,8.97866126477462
"210824",-2.40299338501972,7.36169375335948
"272912",-2.73537004014394,6.23879964821008
"104004",-2.08858303557789,9.29307161421645
"111910",-2.50180806627287,9.14934116875733
"106971",-2.22333032819582,9.23917269716928
"319228",-1.8819705202304,5.40336643397892
"145870",-1.02857100031685,8.53848677555605
"136860",-1.60349278215335,8.70018352669757
"313784",-1.67535800488291,5.50218111523207
"266729",-0.238053550291673,6.35558063514561
"143343",-1.40586341964705,8.58340253976203
"93623",-1.58552647647096,9.48171782388155
"125933",-1.54061071226498,8.89781288920386
"113532",-1.32501504407629,9.12239171023374
"107556",-1.43281287817064,9.23018954432808
"253038",-2.68147112309677,6.59812576185789
"56364",-1.44179603101183,10.1554542869712
"330619",-2.24129663387821,5.19675391863143
"177715",-0.696194345192629,7.96356499371956
"200933",-1.96281889580115,7.54135681018338
"136358",-1.64840854635932,8.70916667953876
"119978",-1.45976233669422,9.0056107232982
"163621",-2.29519555092538,8.21509327327302
"140812",-1.81908845034203,8.628318303968
"14543",-2.09756618841908,10.9100391256316
"102103",-1.3070487383939,9.32900422558123
"141335",-1.58552647647096,8.61933515112681
"280442",-2.0616335770543,6.10405235559215
"248073",-2.6365553588908,6.68795729026984
"295551",-0.273986161656454,5.83455777035629
"193691",-0.049407340626574,7.67610410280131
"192478",-2.01671781284833,7.6940704084837
"121643",0.103306257673745,8.97866126477462
"93591",-1.8729873673892,9.48171782388155
"110522",-1.57654332362976,9.17629062728091
"59762",-2.16943141114864,10.0925722170828
"97082",-1.76518953329486,9.41883575399318
"282883",-2.45689230206689,6.05913659138617
"139922",-0.884840554857729,8.64628460965039
"24172",-0.426699759956773,10.7393592216489
"115998",-1.495694948059,9.07747594602776
"11559",-2.11553249410147,10.9639380426788
"205841",-2.51977437195526,7.45152528177143
"111005",-1.70230746340649,9.16730747443972
"136440",-0.911790013381315,8.70916667953876
"294089",-0.0134747292617932,5.86150722887988
"217313",-2.15146510546625,7.24491276642394
"133467",-0.830941637810557,8.76306559658593
"34335",-2.88808363844426,10.5507130119838
"182719",-0.390767148591992,7.87373346530761
"182754",-0.0763567991501595,7.87373346530761
"187477",-2.29519555092538,7.78390193689565
"183234",-0.229070397450478,7.86475031246641
"305008",-0.148222021879721,5.66387786637358
"116965",-1.73824007477127,9.05950964034538
"119415",-2.05265042421311,9.0145938761394
"320196",-2.11553249410147,5.38540012829653
"36869",-2.4479091492257,10.5057972477778
"104947",-2.54672383047884,9.27510530853406
"180005",-2.4479091492257,7.91864922951358
"87339",0.00449157642059728,9.59849881081709
"268555",-1.6933243105653,6.31964802378083
"270435",-2.66350481741438,6.28371541241605
"193489",-1.86400421454801,7.67610410280131
"229357",-1.10941937588761,7.02931709823526
"251766",-0.71416065087502,6.62507522038147
"87050",-2.59163959468482,9.59849881081709
"236297",-1.27111612702912,6.90355295845852
"115714",0.417716607115577,9.08645909886896
"263602",-1.54061071226498,6.40947955219279
"105683",-0.399750301433187,9.26612215569286
"154870",-0.543480746892311,8.37679002441454
"214629",0.52551444120992,7.29881168347111
"189677",-0.390767148591992,7.74796932553087
"246723",-1.36993080828227,6.71490674879342
"92604",-1.81010529750084,9.49968412956394
"308464",-0.354834537227211,5.60099579648522
"217364",-1.6933243105653,7.24491276642394
"22145",-0.777042720763386,10.7752918330137
"311944",-0.345851384386016,5.53811372659685
"251806",-0.354834537227211,6.62507522038147
"295438",-1.28908243271151,5.83455777035629
"97078",-1.80112214465964,9.41883575399318
"51309",-2.20536402251343,10.2452858153831
"249676",-1.63044224067693,6.66100783174625
"162152",-2.09756618841908,8.24204273179661
"305029",0.0404241877853782,5.66387786637358
"335603",-2.11553249410147,5.10692239021948
"236177",-2.34909446797255,6.90355295845852
"161208",-1.64840854635932,8.260009037479
"328752",-1.15433514009359,5.23268652999621
"205088",-0.354834537227211,7.46949158745382
"198895",-2.41197653786092,7.57728942154816
"93074",-2.05265042421311,9.49070097672275
"117382",-2.45689230206689,9.05052648750418
"211160",0.615345969621872,7.36169375335948
"104566",-1.5046781009002,9.28408846137526
"133502",-0.516531288368725,8.76306559658593
"171116",-1.93586943727757,8.0803459806551
"241253",-1.39688026680586,6.81372143004657
"104030",-1.85502106170681,9.29307161421645
"174053",-2.34011131513135,8.02644706360793
"19083",-1.495694948059,10.8291907500608
"53246",-2.66350481741438,10.2093532040184
"297056",-0.148222021879721,5.80760831183271
"187428",-2.73537004014394,7.78390193689565
"36993",-1.33399819691749,10.5057972477778
"109938",-2.35807762081374,9.18527378012211
"104095",-1.27111612702912,9.29307161421645
"307259",-2.2502797867194,5.61896210216761
"123448",-1.54061071226498,8.94272865340984
"95311",0.184154633244502,9.45476836535796
"110989",-1.84603790886562,9.16730747443972
"25428",-2.53774067763765,10.7124097631253
"266583",-1.54959386510617,6.35558063514561
"104558",-1.57654332362976,9.28408846137526
"164211",-1.45976233669422,8.20611012043183
"54233",-2.72638688730275,10.191386898336
"163656",-1.98078520148355,8.21509327327302
"169143",-1.80112214465964,8.11627859201988
"122449",-1.58552647647096,8.96069495909223
"227699",-2.60960590036721,7.05626655675884
"28074",-1.09145307020522,10.6674939989193
"230217",-2.31316185660777,7.01135079255287
"51296",-2.32214500944896,10.2452858153831
"275893",-2.74435319298514,6.18490073116291
"164333",-0.363817690068406,8.20611012043183
"274006",-1.83705475602442,6.22083334252769
"197901",-2.41197653786092,7.59525572723055
"169566",-2.46587545490809,8.10729543917868
"190683",-0.282969314497649,7.73000301984848
"268709",-0.309918773021235,6.31964802378083
"60256",-2.19638086967223,10.0835890642416
"143818",-1.60349278215335,8.57441938692083
"192494",-1.8729873673892,7.6940704084837
"27881",-2.8252015685559,10.6674939989193
"218383",-1.46874548953542,7.22694646074155
"148916",-0.453649218480359,8.48458785850888
"112563",-1.10043622304641,9.14035801591613
"317777",-1.52264440658259,5.43031589250251
"248671",-1.72925692193008,6.67897413742864
"168118",-2.07959988273669,8.13424489770227
"298072",0.0494073406265736,5.78964200615032
"292116",0.121272563356135,5.89743984024466
"191422",-2.57367328900243,7.71203671416609
"68793",-1.40586341964705,9.93087546594131
"309367",-1.17230144577598,5.58302949080283
"22141",-0.812975332128167,10.7752918330137
"118352",-2.67248797025558,9.03256018182179
"53395",-1.32501504407629,10.2093532040184
"59697",-2.75333634582633,10.0925722170828
"23143",-0.741110109398605,10.7573255273313
"268920",-2.87910048560307,6.31066487093964
"24050",-1.52264440658259,10.7393592216489
"192192",-0.121272563356135,7.7030535613249
"122414",-1.89993682591279,8.96069495909223
"108544",-1.48671179521781,9.21222323864569
"214291",-2.51079121911406,7.29881168347111
"189984",-2.09756618841908,7.73898617268968
"69697",-2.21434717535462,9.91290916025892
"51362",-1.72925692193008,10.2452858153831
"23599",-1.10941937588761,10.7483423744901
"134873",-1.59450962931215,8.73611613806235
"197927",-2.17841456398984,7.59525572723055
"99589",-1.56756017078857,9.37391998978721
"118615",-0.309918773021235,9.03256018182179
"245108",-2.48384176059048,6.74185620731701
"143451",-0.435682912797968,8.58340253976203
"137490",-0.408733454274382,8.69120037385637
"77682",-1.91790313159518,9.7691787147998
"127927",-1.48671179521781,8.86188027783908
"214512",-0.52551444120992,7.29881168347111
"100561",-1.76518953329486,9.35595368410482
"143796",-1.80112214465964,8.57441938692083
"302984",-0.471615524162749,5.69981047773836
"113505",-1.56756017078857,9.12239171023374
"124930",-1.62145908783574,8.91577919488625
"152229",-1.94485259011876,8.42170578862051
"115059",-1.00162154179327,9.09544225171016
"101021",-2.09756618841908,9.34697053126362
"310834",-1.38789711396466,5.55608003227924
"185038",-1.8819705202304,7.82881770110163
"245943",0.552463899733505,6.73287305447581
"55731",-2.66350481741438,10.1644374398124
"211366",-1.99875150716594,7.35271060051828
"115479",-1.6933243105653,9.08645909886896
"270712",-0.175171480403307,6.28371541241605
"89321",-0.049407340626574,9.56256619945231
"240303",-1.00162154179327,6.83168773572896
"96822",0.363817690068406,9.42781890683438
"108007",-1.84603790886562,9.22120639148689
"252542",-2.67248797025558,6.60710891469908
"199146",-0.157205174720916,7.57728942154816
"111932",-2.30417870376657,9.14934116875733
"134335",-1.96281889580115,8.74509929090354
"243938",0.399750301433187,6.76880566584059
"128924",-1.45976233669422,8.84391397215669
"236759",-1.58552647647096,6.89456980561733
"172530",-2.6275722060496,8.05339652213151
"225426",-0.705177498033824,7.10118232096482
"291779",-2.90604994412665,5.89743984024466
"276728",0.291952467338844,6.17591757832171
"304452",-0.678228039510239,5.67286101921478
"279457",-1.98078520148355,6.12201866127454
"39816",-2.76231949866753,10.4518983307306
"310966",-0.202120938926893,5.55608003227924
"162691",-1.72027376908888,8.23305957895541
"246851",-0.220087244609283,6.71490674879342
"193938",-2.29519555092538,7.66712094996012
"245715",-1.495694948059,6.73287305447581
"128413",-1.58552647647096,8.85289712499788
"34101",-0.52551444120992,10.559696164825
"151252",-1.79213899181845,8.4396720943029
"124445",-1.51366125374139,8.92476234772745
"111125",-0.624329122463068,9.16730747443972
"79179",-1.86400421454801,9.74222925627621
"10262",-0.372800842909601,10.9908875012023
"162123",-2.35807762081374,8.24204273179661
"32512",-1.40586341964705,10.5866456233486
"296065",-0.121272563356135,5.8255746175151
"171358",0.238053550291673,8.0803459806551
"39862",-2.34909446797255,10.4518983307306
"289965",-1.34298134975868,5.93337245160944
"211083",-0.0763567991501595,7.36169375335948
"122666",0.363817690068406,8.96069495909223
"152207",-2.14248195262506,8.42170578862051
"204890",-2.13349879978386,7.46949158745382
"195417",-2.40299338501972,7.64017149143653
"261251",-0.336868231544821,6.45439531639876
"275463",-2.14248195262506,6.1938838840041
"159811",-0.803992179286972,8.28695849600259
"20590",-1.35196450259988,10.8022412915372
"57339",-1.61247593499454,10.1374879812888
"13016",-2.42095969070211,10.9369885841552
"43903",-1.76518953329486,10.3800331080011
"98063",-1.8819705202304,9.40086944831079
"53851",-1.6933243105653,10.2003700511772
"242774",-1.12738568157,6.78677197152299
"227353",-1.25314982134673,7.06524970960004
"243101",-2.65452166457319,6.77778881868179
"93333",0.273986161656454,9.49070097672275
"134930",-1.08246991736402,8.73611613806235
"110535",-1.45976233669422,9.17629062728091
"258563",-2.16044825830745,6.49931108060474
"182483",-2.51079121911406,7.87373346530761
"38916",-1.91790313159518,10.469864636413
"307953",-0.480598677003944,5.60997894932641
"219771",-2.39401023217853,7.19999700221797
"249345",-0.139238869038526,6.66999098458745
"131871",-1.77417268613606,8.79001505510952
"170801",-0.30093562018004,8.08932913349629
"171308",-0.211104091768088,8.0803459806551
"110045",-1.39688026680586,9.18527378012211
"254667",-1.44179603101183,6.5711763033343
"96169",-1.03755415315805,9.43680205967557
"108425",-2.55570698332004,9.21222323864569
"18114",-1.27111612702912,10.8471570557432
"266287",0.256019855974063,6.36456378798681
"175071",-2.12451564694267,8.00848075792553
"97088",-1.71129061624769,9.41883575399318
"178545",-2.16943141114864,7.94559868803717
"11568",-2.03468411853072,10.9639380426788
"160157",-2.16044825830745,8.27797534316139
"284646",-0.0134747292617932,6.03218713286259
"122079",-0.444666065639163,8.96967811193342
"299540",-0.157205174720916,5.76269254762673
"24140",-0.71416065087502,10.7393592216489
"315290",-1.54061071226498,5.47523165670848
"186052",-1.70230746340649,7.81085139541924
"298045",-0.193137786085697,5.78964200615032
"187973",-2.30417870376657,7.77491878405446
"307853",-1.37891396112347,5.60997894932641
"305958",-0.543480746892311,5.64591156069119
"189203",-0.184154633244502,7.75695247837207
"189005",-1.96281889580115,7.75695247837207
"35508",-1.28009927987032,10.5327467063014
"255022",-2.71740373446155,6.5621931504931
"61271",-2.00773466000713,10.0656227585592
"104169",-0.606362816780677,9.29307161421645
"24560",-1.40586341964705,10.7303760688077
"153692",-2.19638086967223,8.39475633009693
"237239",-1.73824007477127,6.88558665277613
"201156",0.0404241877853782,7.54135681018338
"101483",-2.41197653786092,9.33798737842243
"296530",-0.408733454274382,5.8165914646739
"119508",-1.21721720998195,9.0145938761394
"101768",0.148222021879721,9.33798737842243
"148364",-0.947722624746095,8.49357101135008
"292172",0.624329122463067,5.89743984024466
"279714",0.327885078703625,6.12201866127454
"248923",0.534497594051115,6.67897413742864
"248643",-1.98078520148355,6.67897413742864
"163610",-2.39401023217853,8.21509327327302
"168109",-2.16044825830745,8.13424489770227
"100620",-1.23518351566434,9.35595368410482
"206310",-2.77130265150872,7.44254212893024
"289031",-0.803992179286972,5.95133875729183
"14194",-0.768059567922191,10.9190222784728
"121375",-2.30417870376657,8.97866126477462
"178535",-2.2592629395606,7.94559868803717
"316813",-1.25314982134673,5.4482821981849
"183527",-2.0616335770543,7.85576715962522
"61258",-2.12451564694267,10.0656227585592
"326663",-2.0616335770543,5.26861914136099
"223236",-2.51977437195526,7.1371149323296
"215366",-1.78315583897725,7.28084537778872
"234500",0.444666065639163,6.9394855698233
"302552",0.11228941051494,5.70879363057956
"166086",-2.47485860774928,8.17017750906705
"239176",-2.19638086967223,6.84965404141135
"25900",-2.76231949866753,10.7034266102841
"138788",-2.14248195262506,8.66425091533278
"10034",-2.42095969070211,10.9908875012023
"321828",-0.848907943492948,5.35845066977295
"267264",0.103306257673745,6.34659748230442
"99088",-1.60349278215335,9.3829031426284
"229755",-1.99875150716594,7.02033394539406
"260504",-2.58265644184362,6.46337846923996
"258984",-2.84316787423829,6.49032792776354
"312365",-1.02857100031685,5.52913057375565
"179233",-0.453649218480359,7.93661553519597
"169087",-2.30417870376657,8.11627859201988
"117443",-1.90891997875398,9.05052648750418
"115130",-0.363817690068406,9.09544225171016
"38861",-2.41197653786092,10.469864636413
"266773",0.157205174720916,6.35558063514561
"110067",-1.19925090429956,9.18527378012211
"241746",-1.43281287817064,6.80473827720538
"37396",-2.17841456398984,10.4968140949366
"198135",-0.309918773021235,7.59525572723055
"101080",-1.56756017078857,9.34697053126362
"125407",-1.80112214465964,8.90679604204506
"31040",-1.23518351566434,10.6135950818721
"127397",-1.78315583897725,8.87086343068028
"105037",-1.73824007477127,9.27510530853406
"193631",-0.588396511098287,7.67610410280131
"253357",0.184154633244502,6.59812576185789
"184442",-2.77130265150872,7.83780085394283
"183196",-0.570430205415896,7.86475031246641
"146271",-1.89095367307159,8.52950362271486
"258370",0.570430205415896,6.50829423344593
"187678",-0.48958182984514,7.78390193689565
"287129",-0.0314410349441836,5.98727136865661
"109537",-1.495694948059,9.1942569329633
"156167",-2.28621239808418,8.34984056589095
"140477",-0.363817690068406,8.6373014568092
"335092",-2.24129663387821,5.11590554306068
"265048",-1.94485259011876,6.3825300936692
"125074",-0.327885078703626,8.91577919488625
"313926",-0.399750301433187,5.50218111523207
"96020",-2.37604392649613,9.43680205967557
"127446",-1.34298134975868,8.87086343068028
"149880",-0.723143803716215,8.46662155282649
"41882",-2.0616335770543,10.4159657193659
"177023",-2.4479091492257,7.97254814656075
"25629",-0.73212695655741,10.7124097631253
"132899",-1.46874548953542,8.77204874942713
"191416",-2.6275722060496,7.71203671416609
"159718",-1.63942539351813,8.28695849600259
"309874",-1.08246991736402,5.57404633796163
"187972",-2.31316185660777,7.77491878405446
"347533",-2.09756618841908,4.89132672203079
"254163",-1.5046781009002,6.58015945617549
"215128",0.54348074689231,7.28982853062992
"187519",-1.91790313159518,7.78390193689565
"92618",-1.6843411577241,9.49968412956394
"234772",-1.57654332362976,6.93050241698211
"121159",0.220087244609283,8.98764441761581
"215823",-2.14248195262506,7.27186222494753
"18633",-1.07348676452283,10.838173902902
"93641",-1.42382972532944,9.48171782388155
"133313",-2.21434717535462,8.76306559658593
"185461",-2.54672383047884,7.81983454826043
"145283",-1.83705475602442,8.54746992839725
"189443",-2.49282491343167,7.74796932553087
"202480",-1.45976233669422,7.5144073516598
"133895",-1.45077918385303,8.75408244374474
"176309",0.067373646308964,7.99051445224314
"145319",-1.51366125374139,8.54746992839725
"260523",-2.41197653786092,6.46337846923996
"12679",-0.983655236110876,10.9459717369964
"174220",-0.839924790651753,8.02644706360793
"299262",-2.65452166457319,5.76269254762673
"117026",-1.19026775145837,9.05950964034538
"119929",-1.89993682591279,9.0056107232982
"337586",-2.16044825830745,5.0709897788547
"34844",-2.78028580434992,10.5417298591426
"111913",-2.47485860774928,9.14934116875733
"27925",-2.42994284354331,10.6674939989193
"160185",-1.90891997875398,8.27797534316139
"113993",-1.64840854635932,9.11340855739255
"281343",-2.89706679128546,6.08608604990976
"298520",-0.390767148591992,5.78065885330912
"255365",0.363817690068406,6.5621931504931
"252053",-2.60062274752601,6.61609206754028
"34383",-2.45689230206689,10.5507130119838
"193042",-1.41484657248825,7.68508725564251
"207912",-1.77417268613606,7.41559267040665
"167309",-0.417716607115578,8.15221120338466
"103550",-1.70230746340649,9.30205476705765
"183948",-2.74435319298514,7.84678400678402
"130907",-1.5046781009002,8.80798136079191
"103561",-1.60349278215335,9.30205476705765
"80132",-2.23231348103701,9.72426295059382
"310470",-0.193137786085697,5.56506318512044
"251346",-0.0224578821029882,6.63405837322267
"119464",-1.61247593499454,9.0145938761394
"89101",-2.02570096568952,9.56256619945231
"157151",-2.37604392649613,8.33187426020856
"232261",-1.81010529750084,6.97541818118808
"279181",0.00449157642059728,6.13100181411573
"309482",-0.139238869038526,5.58302949080283
"209846",-2.2592629395606,7.37966005904187
"278717",0.30093562018004,6.13998496695693
"107595",-1.08246991736402,9.23018954432808
"321780",-1.28009927987032,5.35845066977295
"247142",-2.0706167298955,6.70592359595223
"299005",-0.498564982686335,5.77167570046793
"31421",-2.27722924524299,10.604611929031
"140825",-1.70230746340649,8.628318303968
"254290",-0.363817690068406,6.58015945617549
"281718",0.471615524162749,6.08608604990976
"13686",-0.866874249175338,10.928005431314
"107544",-1.54061071226498,9.23018954432808
"22621",-0.965688930428486,10.7663086801725
"326706",-1.67535800488291,5.26861914136099
"78626",-2.36706077365494,9.75121240911741
"127473",-1.10043622304641,8.87086343068028
"277666",-0.211104091768088,6.15795127263932
"271539",-1.67535800488291,6.26574910673366
"37986",-1.34298134975868,10.4878309420954
"299313",-2.19638086967223,5.76269254762673
"115570",-0.875857402016534,9.08645909886896
"287503",-1.13636883441119,5.97828821581542
"175546",-2.32214500944896,7.99949760508434
"48507",-0.588396511098287,10.2991847324303
"311270",-1.93586943727757,5.54709687943805
"241696",-1.8819705202304,6.80473827720538
"311903",-0.71416065087502,5.53811372659685
"225261",-2.18739771683104,7.10118232096482
"131864",-1.83705475602442,8.79001505510952
"281612",-0.480598677003944,6.08608604990976
"183218",-0.372800842909601,7.86475031246641
"201879",-2.39401023217853,7.52339050450099
"252305",-0.336868231544821,6.61609206754028
"172308",-0.157205174720916,8.06237967497271
"239145",-2.47485860774928,6.84965404141135
"187677",-0.498564982686335,7.78390193689565
"254362",0.282969314497649,6.58015945617549
"293567",-0.238053550291673,5.87049038172107
"277187",-0.049407340626574,6.16693442548052
"39941",-1.63942539351813,10.4518983307306
"140438",-0.71416065087502,8.6373014568092
"30105",-0.705177498033824,10.6315613875545
"107083",-1.21721720998195,9.23917269716928
"20983",-2.28621239808418,10.7932581386961
"278193",0.0583904934677686,6.14896811979813
"252079",-2.36706077365494,6.61609206754028
"248806",-0.516531288368725,6.67897413742864
"244035",-3.1935108350449,6.7598225129994
"113017",-1.48671179521781,9.13137486307494
"154674",-2.30417870376657,8.37679002441454
"112979",-1.82807160318323,9.13137486307494
"124609",-0.0404241877853786,8.92476234772745
"297577",0.067373646308964,5.79862515899151
"134368",-1.66637485204171,8.74509929090354
"122457",-1.51366125374139,8.96069495909223
"263012",-2.37604392649613,6.41846270503398
"147930",-0.381783995750797,8.50255416419127
"246572",-2.72638688730275,6.71490674879342
"31048",-1.16331829293478,10.6135950818721
"246187",-1.72027376908888,6.72388990163462
"222760",-2.33112816229016,7.14609808517079
"18682",-0.633312275304263,10.838173902902
"138742",-2.55570698332004,8.66425091533278
"288072",-0.48958182984514,5.96930506297422
"302513",-0.238053550291673,5.70879363057956
"254063",-2.40299338501972,6.58015945617549
"115919",-2.20536402251343,9.07747594602776
"102130",-1.06450361168163,9.32900422558123
"218534",-0.11228941051494,7.22694646074155
"127390",-1.84603790886562,8.87086343068028
"330133",-2.14248195262506,5.20573707147263
"176013",-2.59163959468482,7.99051445224314
"267488",-2.34909446797255,6.33761432946322
"286929",-1.82807160318323,5.98727136865661
"17168",-0.839924790651753,10.8651233614256
"130413",-1.47772864237661,8.8169645136331
"239650",-2.40299338501972,6.84067088857016
"258863",0.534497594051115,6.49931108060474
"263624",-1.34298134975868,6.40947955219279
"259547",-2.2502797867194,6.48134477492235
"123942",-1.56756017078857,8.93374550056864
"165344",-0.211104091768088,8.18814381474944
"105783",0.498564982686334,9.26612215569286
"268248",0.0134747292617927,6.32863117662203
"73662",-2.31316185660777,9.84104393752936
"307976",-0.273986161656454,5.60997894932641
"124407",-1.85502106170681,8.92476234772745
"18142",-1.01958784747566,10.8471570557432
"114416",-2.31316185660777,9.10442540455135
"263565",-1.8729873673892,6.40947955219279
"275192",-0.11228941051494,6.2028670368453
"125913",-1.72027376908888,8.89781288920386
"288555",-0.615345969621873,5.96032191013303
"207836",-2.45689230206689,7.41559267040665
"95772",-0.139238869038526,9.44578521251677
"300511",-0.363817690068406,5.74472624194434
"304020",-0.0943231048325499,5.68184417205597
"270957",-2.4389259963845,6.27473225957486
"242233",-1.52264440658259,6.79575512436418
"98070",-1.81908845034203,9.40086944831079
"291602",-0.0314410349441836,5.90642299308585
"89723",-0.902806860540119,9.55358304661111
"109134",-0.651278580986653,9.2032400858045
"33883",-2.48384176059048,10.559696164825
"315836",-1.10043622304641,5.46624850386729
"267237",-0.139238869038526,6.34659748230442
"54743",-2.60960590036721,10.1824037454948
"243429",0.291952467338844,6.77778881868179
"243767",-1.13636883441119,6.76880566584059
"197704",0.282969314497649,7.60423888007175
"264527",-2.16044825830745,6.3915132465104
"90823",0.0494073406265736,9.53561674092872
"107589",-1.13636883441119,9.23018954432808
"95261",-0.265003008815259,9.45476836535796
"341057",-2.23231348103701,5.00810770896633
"209838",-2.33112816229016,7.37966005904187
"296549",-0.238053550291673,5.8165914646739
"125526",-0.73212695655741,8.90679604204506
"276257",0.52551444120992,6.18490073116291
"163677",-1.79213899181845,8.21509327327302
"152215",-2.0706167298955,8.42170578862051
"161147",-2.19638086967223,8.260009037479
"230318",-1.40586341964705,7.01135079255287
"242136",-2.39401023217853,6.79575512436418
"192203",-0.0224578821029882,7.7030535613249
"249726",-1.18128459861717,6.66100783174625
"283120",-0.327885078703626,6.05913659138617
"179207",-0.687211192351434,7.93661553519597
"198444",-1.99875150716594,7.58627257438936
"65731",-2.12451564694267,9.98477438298848
"121477",-1.38789711396466,8.97866126477462
"166142",-1.97180204864235,8.17017750906705
"304993",-0.282969314497649,5.66387786637358
"260008",-2.57367328900243,6.47236162208115
"154795",-1.21721720998195,8.37679002441454
"179255",-0.256019855974064,7.93661553519597
"237173",-2.33112816229016,6.88558665277613
"181234",-0.336868231544821,7.90068292383119
"290084",-0.273986161656454,5.93337245160944
"98002",-2.42994284354331,9.40086944831079
"168153",-1.76518953329486,8.13424489770227
"254188",-1.28009927987032,6.58015945617549
"14225",-0.48958182984514,10.9190222784728
"216345",-1.91790313159518,7.26287907210633
"303818",-1.90891997875398,5.68184417205597
"169060",-2.54672383047884,8.11627859201988
"140540",0.202120938926892,8.6373014568092
"151195",-2.30417870376657,8.4396720943029
"263498",-2.47485860774928,6.40947955219279
"143915",-0.73212695655741,8.57441938692083
"307861",-1.3070487383939,5.60997894932641
"296799",-2.45689230206689,5.80760831183271
"90591",-2.03468411853072,9.53561674092872
"287164",0.282969314497649,5.98727136865661
"143461",-0.345851384386016,8.58340253976203
"176503",-2.65452166457319,7.98153129940195
"90149",-1.54061071226498,9.54459989376992
"50838",-1.97180204864235,10.2542689682243
"342532",-2.37604392649613,4.98115825044275
"164182",-1.72027376908888,8.20611012043183
"20621",-1.07348676452283,10.8022412915372
"169667",-1.55857701794737,8.10729543917868
"22423",-2.74435319298514,10.7663086801725
"122891",-2.07959988273669,8.95171180625103
"278371",-2.80723526287351,6.13998496695693
"271519",-1.85502106170681,6.26574910673366
"263153",-1.10941937588761,6.41846270503398
"40986",-1.18128459861717,10.4339320250482
"148254",-1.93586943727757,8.49357101135008
"225245",-2.33112816229016,7.10118232096482
"296510",-0.588396511098287,5.8165914646739
"117603",-0.471615524162749,9.05052648750418
"21619",-1.03755415315805,10.7842749858549
"225769",-2.08858303557789,7.09219916812362
"113527",-1.36993080828227,9.12239171023374
"247681",-1.6933243105653,6.69694044311103
"61201",-2.6365553588908,10.0656227585592
"167096",-2.33112816229016,8.15221120338466
"269546",-1.72027376908888,6.30168171809844
"12685",-0.929756319063705,10.9459717369964
"242224",-1.60349278215335,6.79575512436418
"22450",-2.50180806627287,10.7663086801725
"219343",-1.77417268613606,7.20898015505916
"305927",-0.821958484969362,5.64591156069119
"61710",-2.52875752479645,10.056639605718
"204599",-0.282969314497649,7.47847474029502
"236360",-0.705177498033824,6.90355295845852
"184453",-2.67248797025558,7.83780085394283
"182583",-1.61247593499454,7.87373346530761
"83591",-2.41197653786092,9.66138088070545
"116422",-2.15146510546625,9.06849279318657
"306919",-0.839924790651753,5.6279452550088
"173593",-2.00773466000713,8.03543021644912
"124402",-1.89993682591279,8.92476234772745
"131467",-0.9387394719049,8.79899820795071
"178042",-2.22333032819582,7.95458184087836
"322208",-1.89993682591279,5.34946751693175
"272962",-2.28621239808418,6.23879964821008
"128900",-1.67535800488291,8.84391397215669
"252727",-1.01060469463446,6.60710891469908
"300016",-0.345851384386016,5.75370939478554
"25098",-1.03755415315805,10.7213929159665
"92672",-1.19925090429956,9.49968412956394
"302546",0.0583904934677686,5.70879363057956
"110161",-0.354834537227211,9.18527378012211
"324762",-1.28009927987032,5.30455175272577
"179744",-0.327885078703626,7.92763238235478
"213341",-2.11553249410147,7.3167779891535
"240725",-1.67535800488291,6.82270458288777
"204855",-2.4479091492257,7.46949158745382
"58866",-1.28908243271151,10.1105385227652
"300533",-0.166188327562112,5.74472624194434
"269071",-1.52264440658259,6.31066487093964
"17097",-1.47772864237661,10.8651233614256
"90670",-1.32501504407629,9.53561674092872
"75609",-2.68147112309677,9.80511132616458
"57208",-2.78926895719111,10.1374879812888
"318292",-1.36094765544108,5.42133273966131
"62704",-2.52875752479645,10.0386733000357
"179529",-2.2592629395606,7.92763238235478
"108522",-1.6843411577241,9.21222323864569
"141919",-0.803992179286972,8.61035199828561
"196732",0.480598677003944,7.62220518575414
"243951",0.516531288368725,6.76880566584059
"261043",-2.20536402251343,6.45439531639876
"123906",-1.89095367307159,8.93374550056864
"110015",-1.66637485204171,9.18527378012211
"182062",-1.82807160318323,7.8827166181488
"251562",-2.54672383047884,6.62507522038147
"246654",-1.98976835432474,6.71490674879342
"106929",-2.60062274752601,9.23917269716928
"351005",-2.16044825830745,4.82844465214243
"101528",-2.00773466000713,9.33798737842243
"86158",-1.67535800488291,9.61646511649948
"157651",-2.34909446797255,8.32289110736737
"224238",-2.4479091492257,7.11914862664721
"135960",-0.759076415080996,8.71814983237996
"138389",-1.26213297418793,8.67323406817398
"161630",-2.32214500944896,8.25102588463781
"166599",-2.33112816229016,8.16119435622585
"302517",-0.202120938926893,5.70879363057956
"43927",-1.54959386510617,10.3800331080011
"249196",-1.47772864237661,6.66999098458745
"127402",-1.73824007477127,8.87086343068028
"207292",-2.87910048560307,7.42457582324785
"231769",-1.76518953329486,6.98440133402928
"25076",-1.23518351566434,10.7213929159665
"149919",-0.372800842909601,8.46662155282649
"232309",-1.37891396112347,6.97541818118808
"127992",-0.902806860540119,8.86188027783908
"190008",-1.8819705202304,7.73898617268968
"115880",-2.55570698332004,9.07747594602776
"154193",-2.16044825830745,8.38577317725573
"222506",-0.148222021879721,7.15508123801199
"25588",-1.10043622304641,10.7124097631253
"143738",-2.32214500944896,8.57441938692083
"186981",-2.28621239808418,7.79288508973685
"326147",-2.23231348103701,5.27760229420219
"39388",-2.14248195262506,10.4608814835718
"101158",-0.866874249175338,9.34697053126362
"12165",-1.13636883441119,10.9549548898376
"260166",-1.15433514009359,6.47236162208115
"144495",0.0134747292617927,8.56543623407964
"62701",-2.55570698332004,10.0386733000357
"174601",-1.8819705202304,8.01746391076673
"121436",-1.75620638045366,8.97866126477462
"299015",-0.408733454274382,5.77167570046793
"183015",-2.19638086967223,7.86475031246641
"97132",-1.3160318912351,9.41883575399318
"115470",-1.77417268613606,9.08645909886896
"189962",-2.29519555092538,7.73898617268968
"140887",-1.14535198725239,8.628318303968
"267266",0.121272563356135,6.34659748230442
"124867",-2.18739771683104,8.91577919488625
"155739",-1.66637485204171,8.35882371873215
"79170",-1.94485259011876,9.74222925627621
"124449",-1.47772864237661,8.92476234772745
"121498",-1.19925090429956,8.97866126477462
"100722",-0.31890192586243,9.35595368410482
"116049",-1.03755415315805,9.07747594602776
"185207",-0.363817690068406,7.82881770110163
"280916",-2.26824609240179,6.09506920275095
"186697",-0.372800842909601,7.80186824257804
"150201",-2.30417870376657,8.4576383999853
"97770",-0.049407340626574,9.40985260115199
"344070",-1.95383574295996,4.95420879191916
"130856",-1.96281889580115,8.80798136079191
"264549",-1.96281889580115,6.3915132465104
"134004",-0.471615524162749,8.75408244374474
"313917",-0.480598677003944,5.50218111523207
"111024",-1.53162755942378,9.16730747443972
"14632",-1.29806558555271,10.9100391256316
"88608",-1.98976835432474,9.5715493522935
"142851",-1.36094765544108,8.59238569260322
"110617",-0.723143803716215,9.17629062728091
"106048",-1.58552647647096,9.25713900285167
"81399",0.220087244609283,9.70629664491143
"81129",-2.20536402251343,9.70629664491143
"112513",-1.54959386510617,9.14035801591613
"238965",0.372800842909601,6.85863719425255
"304400",-1.14535198725239,5.67286101921478
"217759",-2.60960590036721,7.23592961358275
"295557",-0.220087244609283,5.83455777035629
"170575",-2.33112816229016,8.08932913349629
"71696",-2.11553249410147,9.87697654889414
"20509",-2.07959988273669,10.8022412915372
"38379",-2.27722924524299,10.4788477892542
"287670",0.363817690068406,5.97828821581542
"99305",0.345851384386016,9.3829031426284
"341025",-2.51977437195526,5.00810770896633
"241168",-2.16044825830745,6.81372143004657
"346041",-2.10654934126028,4.91827618055438
"288577",-0.417716607115578,5.96032191013303
"17688",-0.633312275304263,10.8561402085844
"180757",-0.157205174720916,7.90966607667239
"239718",-1.79213899181845,6.84067088857016
"170610",-2.01671781284833,8.08932913349629
"180562",-1.90891997875398,7.90966607667239
"284988",-1.40586341964705,6.02320398002139
"110510",-1.6843411577241,9.17629062728091
"157669",-2.18739771683104,8.32289110736737
"128467",-1.10043622304641,8.85289712499788
"297563",-0.058390493467769,5.79862515899151
"273491",-1.99875150716594,6.22981649536888
"318385",-0.52551444120992,5.42133273966131
"260569",-1.99875150716594,6.46337846923996
"239157",-2.36706077365494,6.84965404141135
"97653",-1.10043622304641,9.40985260115199
"186965",-2.42994284354331,7.79288508973685
"185194",-0.480598677003944,7.82881770110163
"102076",-1.54959386510617,9.32900422558123
"196391",-2.58265644184362,7.62220518575414
"101793",0.372800842909601,9.33798737842243
"234763",-1.65739169920052,6.93050241698211
"244137",-2.27722924524299,6.7598225129994
"183217",-0.381783995750797,7.86475031246641
"215812",-2.24129663387821,7.27186222494753
"228709",-2.46587545490809,7.03830025107645
"181564",-1.83705475602442,7.89169977099
"108988",-1.96281889580115,9.2032400858045
"61205",-2.60062274752601,10.0656227585592
"239941",0.211104091768088,6.84067088857016
"270749",0.157205174720916,6.28371541241605
"313393",-0.723143803716215,5.51116426807326
"131440",-1.18128459861717,8.79899820795071
"203027",-1.01060469463446,7.5054241988186
"145919",-0.588396511098287,8.53848677555605
"120022",-1.06450361168163,9.0056107232982
"126952",-1.3160318912351,8.87984658352147
"19927",-2.84316787423829,10.8112244443784
"101505",-2.21434717535462,9.33798737842243
"235924",-0.157205174720916,6.91253611129972
"142855",-1.32501504407629,8.59238569260322
"303505",-0.256019855974064,5.69082732489717
"229929",-0.435682912797968,7.02033394539406
"35507",-1.28908243271151,10.5327467063014
"11641",-1.37891396112347,10.9639380426788
"262103",-1.61247593499454,6.43642901071637
"178481",-2.74435319298514,7.94559868803717
"276954",-2.14248195262506,6.16693442548052
"154342",-0.821958484969362,8.38577317725573
"126568",-0.30093562018004,8.88882973636267
"179546",-2.10654934126028,7.92763238235478
"116158",-0.058390493467769,9.07747594602776
"259470",-2.94198255549143,6.48134477492235
"205867",-2.28621239808418,7.45152528177143
"314375",-0.830941637810557,5.49319796239087
"106013",-1.89993682591279,9.25713900285167
"206842",-2.45689230206689,7.43355897608904
"81109",-2.38502707933733,9.70629664491143
"251598",-2.22333032819582,6.62507522038147
"200329",-2.92401624980904,7.55033996302458
"10571",-2.0616335770543,10.9819043483611
"118651",0.0134747292617927,9.03256018182179
"291787",-2.83418472139709,5.89743984024466
"150219",-2.14248195262506,8.4576383999853
"107532",-1.64840854635932,9.23018954432808
"300907",-1.27111612702912,5.73574308910314
"81362",-0.11228941051494,9.70629664491143
"257152",-1.44179603101183,6.52626053912832
"137012",-0.238053550291673,8.70018352669757
"106673",-0.435682912797968,9.24815585001047
"276251",0.471615524162749,6.18490073116291
"313347",-1.13636883441119,5.51116426807326
"180516",-2.32214500944896,7.90966607667239
"156308",-1.01958784747566,8.34984056589095
"297415",-1.38789711396466,5.79862515899151
"301923",-1.07348676452283,5.71777678342075
"141359",-1.36993080828227,8.61933515112681
"161154",-2.13349879978386,8.260009037479
"226463",-0.31890192586243,7.08321601528243
"96123",-1.45077918385303,9.43680205967557
"223322",-1.74722322761247,7.1371149323296
"207646",0.30093562018004,7.42457582324785
"287107",-0.229070397450478,5.98727136865661
"219271",-2.42095969070211,7.20898015505916
"93112",-1.71129061624769,9.49070097672275
"123917",-1.79213899181845,8.93374550056864
"94535",-2.32214500944896,9.46375151819916
"119919",-1.98976835432474,9.0056107232982
"225484",-0.184154633244502,7.10118232096482
"315328",-1.19925090429956,5.47523165670848
"260112",-1.63942539351813,6.47236162208115
"141752",-2.30417870376657,8.61035199828561
"249221",-1.25314982134673,6.66999098458745
"30527",-1.37891396112347,10.6225782347133
"131546",-0.229070397450478,8.79899820795071
"267233",-0.175171480403307,6.34659748230442
"113196",0.121272563356135,9.13137486307494
"82094",-2.46587545490809,9.68833033922904
"267006",-2.21434717535462,6.34659748230442
"247362",-0.0943231048325499,6.70592359595223
"268999",-2.16943141114864,6.31066487093964
"18526",-2.03468411853072,10.838173902902
"14495",-2.52875752479645,10.9100391256316
"15464",-2.75333634582633,10.8920728199492
"287882",-2.19638086967223,5.96930506297422
"90101",-1.97180204864235,9.54459989376992
"286562",-0.660261733827848,5.99625452149781
"119176",0.265003008815259,9.02357702898059
"277873",-2.8162184157147,6.14896811979813
"299847",-1.86400421454801,5.75370939478554
"98830",0.54348074689231,9.3918862954696
"70249",-1.72027376908888,9.90392600741773
"55316",-1.92688628443637,10.1734205926536
"275749",0.426699759956773,6.1938838840041
"280206",0.282969314497649,6.11303550843334
"123329",-2.60960590036721,8.94272865340984
"139499",-0.220087244609283,8.65526776249159
"87593",-2.17841456398984,9.58951565797589
"156176",-2.20536402251343,8.34984056589095
"346529",-2.18739771683104,4.90929302771319
"244247",-1.28908243271151,6.7598225129994
"260060",-2.10654934126028,6.47236162208115
"264039",-2.07959988273669,6.40049639935159
"163119",-2.34011131513135,8.22407642611422
"298984",-0.687211192351434,5.77167570046793
"223467",-0.444666065639163,7.1371149323296
"298092",0.229070397450478,5.78964200615032
"18488",-2.37604392649613,10.838173902902
"278645",-0.345851384386016,6.13998496695693
"168160",-1.70230746340649,8.13424489770227
"26561",-1.28908243271151,10.6944434574429
"210636",0.372800842909601,7.37067690620067
"266719",-0.327885078703626,6.35558063514561
"49287",-2.51079121911406,10.2812184267479
"11504",-2.60960590036721,10.9639380426788
"95582",-1.84603790886562,9.44578521251677
"193227",0.247036703132868,7.68508725564251
"82667",-1.78315583897725,9.67934718638784
"293075",-0.193137786085697,5.87947353456227
"184105",-1.33399819691749,7.84678400678402
"241619",-2.57367328900243,6.80473827720538
"102540",-1.84603790886562,9.32002107274004
"318885",-0.498564982686335,5.41234958682012
"307461",-0.435682912797968,5.61896210216761
"271700",-0.229070397450478,6.26574910673366
"147721",-2.2592629395606,8.50255416419127
"255066",-2.32214500944896,6.5621931504931
"116445",-1.94485259011876,9.06849279318657
"132032",-0.327885078703626,8.79001505510952
"285617",-0.220087244609283,6.0142208271802
"110032",-1.51366125374139,9.18527378012211
"130939",-1.21721720998195,8.80798136079191
"145441",-0.417716607115578,8.54746992839725
"72662",-2.36706077365494,9.85901024321175
"252575",-2.37604392649613,6.60710891469908
"206586",-0.291952467338845,7.44254212893024
"276220",0.193137786085697,6.18490073116291
"317386",-0.570430205415896,5.4392990453437
"36050",-0.875857402016534,10.5237635534602
"273731",0.157205174720916,6.22981649536888
"272238",0.139238869038526,6.25676595389247
"42970",-1.21721720998195,10.3979994136835
"118448",-1.81010529750084,9.03256018182179
"340553",-2.29519555092538,5.01709086180753
"120582",-0.498564982686335,8.99662757045701
"94606",-1.6843411577241,9.46375151819916
"242638",-2.34909446797255,6.78677197152299
"113043",-1.25314982134673,9.13137486307494
"114616",-0.516531288368725,9.10442540455135
"169135",-1.8729873673892,8.11627859201988
"290836",-2.4479091492257,5.91540614592705
"100024",-2.12451564694267,9.36493683694601
"275977",-1.98976835432474,6.18490073116291
"339561",-2.27722924524299,5.03505716748992
"29569",-1.05552045884044,10.6405445403957
"146501",0.175171480403307,8.52950362271486
"104036",-1.80112214465964,9.29307161421645
"14217",-0.561447052574701,10.9190222784728
"110142",-0.52551444120992,9.18527378012211
"104533",-1.80112214465964,9.28408846137526
"302884",-1.36993080828227,5.69981047773836
"77099",-2.69045427593797,9.77816186764099
"314425",-0.381783995750797,5.49319796239087
"113961",-1.93586943727757,9.11340855739255
"201684",0.31890192586243,7.53237365734219
"141954",-0.48958182984514,8.61035199828561
"37510",-1.15433514009359,10.4968140949366
"79590",-2.6365553588908,9.73324610343502
"166340",-0.193137786085697,8.17017750906705
"213837",-2.12451564694267,7.30779483631231
"270897",-2.97791516685621,6.27473225957486
"112506",-1.61247593499454,9.14035801591613
"140961",-0.480598677003944,8.628318303968
"142451",-0.48958182984514,8.60136884544442
"111018",-1.58552647647096,9.16730747443972
"139792",-2.05265042421311,8.64628460965039
"301498",-0.426699759956773,5.72675993626195
"247038",-3.0048646253798,6.70592359595223
"255065",-2.33112816229016,6.5621931504931
"122879",-2.18739771683104,8.95171180625103
"291565",-0.363817690068406,5.90642299308585
"28547",-1.3070487383939,10.6585108460781
"121415",-1.94485259011876,8.97866126477462
"19965",-2.50180806627287,10.8112244443784
"110534",-1.46874548953542,9.17629062728091
"30862",-2.83418472139709,10.6135950818721
"115455",-1.90891997875398,9.08645909886896
"212297",-2.56469013616123,7.33474429483589
"22683",-0.408733454274382,10.7663086801725
"116515",-1.3160318912351,9.06849279318657
"91727",-0.759076415080996,9.51765043524633
"112019",-1.52264440658259,9.14934116875733
"98622",-1.32501504407629,9.3918862954696
"169601",-2.15146510546625,8.10729543917868
"113452",-2.04366727137191,9.12239171023374
"60743",-2.28621239808418,10.0746059114004
"130993",-0.73212695655741,8.80798136079191
"102576",-1.52264440658259,9.32002107274004
"29482",-1.83705475602442,10.6405445403957
"185002",-2.20536402251343,7.82881770110163
"247712",-1.41484657248825,6.69694044311103
"254037",-2.6365553588908,6.58015945617549
"334119",-2.05265042421311,5.13387184874307
"268109",-1.23518351566434,6.32863117662203
"345039",-2.17841456398984,4.93624248623677
"103146",-0.866874249175338,9.31103791989884
"113494",-1.66637485204171,9.12239171023374
"263040",-2.12451564694267,6.41846270503398
"284894",-2.2502797867194,6.02320398002139
"261586",-1.79213899181845,6.44541216355757
"122897",-2.02570096568952,8.95171180625103
"140467",-0.453649218480359,8.6373014568092
"286432",-1.82807160318323,5.99625452149781
"137501",-0.309918773021235,8.69120037385637
"319302",-1.21721720998195,5.40336643397892
"273265",0.435682912797968,6.23879964821008
"29111",-0.705177498033824,10.6495276932369
"249655",-1.81908845034203,6.66100783174625
"231747",-1.96281889580115,6.98440133402928
"199393",-2.40299338501972,7.56830626870697
"182578",-1.65739169920052,7.87373346530761
"100532",-2.02570096568952,9.35595368410482
"85297",-0.480598677003944,9.63443142218187
"115930",-2.10654934126028,9.07747594602776
"119476",-1.5046781009002,9.0145938761394
"13678",-0.9387394719049,10.928005431314
"22619",-0.983655236110876,10.7663086801725
"174081",-2.08858303557789,8.02644706360793
"15499",-2.4389259963845,10.8920728199492
"269536",-1.81010529750084,6.30168171809844
"20085",-1.42382972532944,10.8112244443784
"31094",-0.750093262239801,10.6135950818721
"133354",-1.84603790886562,8.76306559658593
"290617",0.0494073406265736,5.92438929876824
"242222",-1.62145908783574,6.79575512436418
"302420",-1.07348676452283,5.70879363057956
"108167",-0.408733454274382,9.22120639148689
"123915",-1.81010529750084,8.93374550056864
"252478",-3.24740975209207,6.60710891469908
"290532",-0.71416065087502,5.92438929876824
"172830",0.067373646308964,8.05339652213151
"173035",-2.55570698332004,8.04441336929031
"104291",0.489581829845139,9.29307161421645
"322651",-2.38502707933733,5.34048436409056
"29063",-1.13636883441119,10.6495276932369
"284135",-0.139238869038526,6.04117028570378
"88141",-1.72027376908888,9.5805325051347
"35079",-0.669244886669044,10.5417298591426
"280880",-2.59163959468482,6.09506920275095
"250175",-1.61247593499454,6.65202467890506
"100617",-1.26213297418793,9.35595368410482
"104978",-2.26824609240179,9.27510530853406
"88145",-1.6843411577241,9.5805325051347
"124434",-1.61247593499454,8.92476234772745
"26403",-2.70842058162036,10.6944434574429
"282980",-1.58552647647096,6.05913659138617
"96074",-1.89095367307159,9.43680205967557
"152270",-1.57654332362976,8.42170578862051
"150857",-0.875857402016534,8.4486552471441
"326250",-1.3070487383939,5.27760229420219
"126334",-2.40299338501972,8.88882973636267
"151772",-1.58552647647096,8.43068894146171
"37974",-1.45077918385303,10.4878309420954
"115505",-1.45976233669422,9.08645909886896
"306461",-0.48958182984514,5.63692840785
"123947",-1.52264440658259,8.93374550056864
"277730",0.363817690068406,6.15795127263932
"142278",-2.04366727137191,8.60136884544442
"67226",-2.08858303557789,9.9578249244649
"262317",0.309918773021235,6.43642901071637
"102126",-1.10043622304641,9.32900422558123
"156259",-1.45976233669422,8.34984056589095
"147427",-0.435682912797968,8.51153731703247
"77181",-1.95383574295996,9.77816186764099
"281660",-0.049407340626574,6.08608604990976
"308447",-0.50754813552753,5.60099579648522
"308970",-0.273986161656454,5.59201264364402
"19466",-2.51977437195526,10.8202075972196
"111526",-1.48671179521781,9.15832432159852
"269793",0.498564982686334,6.30168171809844
"329776",-0.884840554857729,5.21472022431382
"255549",-2.4479091492257,6.55320999765191
"248593",-2.42994284354331,6.67897413742864
"256739",-0.687211192351434,6.53524369196952
"14195",-0.759076415080996,10.9190222784728
"33010",-1.39688026680586,10.5776624705074
"259439",-3.22046029356848,6.48134477492235
"133387",-1.54959386510617,8.76306559658593
"87348",0.0853399519913545,9.59849881081709
"327276",-1.01958784747566,5.2596359885198
"115034",-1.22620036282315,9.09544225171016
"283715",0.552463899733505,6.05015343854498
"96188",-0.866874249175338,9.43680205967557
"79181",-1.84603790886562,9.74222925627621
"108907",-2.69045427593797,9.2032400858045
"102623",-1.10043622304641,9.32002107274004
"83127",-2.11553249410147,9.67036403354665
"77675",-1.98078520148355,9.7691787147998
"282651",-0.0763567991501595,6.06811974422737
"140871",-1.28908243271151,8.628318303968
"335071",-2.42994284354331,5.11590554306068
"15196",-0.696194345192629,10.9010559727904
"272535",-1.65739169920052,6.24778280105127
"239151",-2.42095969070211,6.84965404141135
"12034",-2.31316185660777,10.9549548898376
"77602",-2.6365553588908,9.7691787147998
"189030",-1.73824007477127,7.75695247837207
"325255",-1.3160318912351,5.29556859988458
"268285",0.345851384386016,6.32863117662203
"32557",-1.00162154179327,10.5866456233486
"148431",-0.345851384386016,8.49357101135008
"215795",-2.39401023217853,7.27186222494753
"299044",-0.148222021879721,5.77167570046793
"186059",-1.63942539351813,7.81085139541924
"132832",-2.0706167298955,8.77204874942713
"287799",-2.94198255549143,5.96930506297422
"65307",-1.46874548953542,9.99375753582968
"295096",0.103306257673745,5.84354092319749
"308963",-0.336868231544821,5.59201264364402
"146721",-2.31316185660777,8.52052046987366
"264525",-2.17841456398984,6.3915132465104
"100140",-1.08246991736402,9.36493683694601
"20923",-2.8252015685559,10.7932581386961
"241447",0.345851384386016,6.81372143004657
"19606",-1.26213297418793,10.8202075972196
"166601",-2.31316185660777,8.16119435622585
"167128",-2.04366727137191,8.15221120338466
"18169",-0.777042720763386,10.8471570557432
"117488",-1.5046781009002,9.05052648750418
"122915",-1.86400421454801,8.95171180625103
"136262",-2.51079121911406,8.70916667953876
"297020",-0.471615524162749,5.80760831183271
"216735",-2.87910048560307,7.25389591926514
"252719",-1.08246991736402,6.60710891469908
"203099",-0.363817690068406,7.5054241988186
"178012",-2.49282491343167,7.95458184087836
"265771",0.0853399519913545,6.373546940828
"76706",-1.75620638045366,9.78714502048219
"107918",-2.64553851173199,9.22120639148689
"106979",-2.15146510546625,9.23917269716928
"78095",-2.67248797025558,9.7601955619586
"129999",-0.73212695655741,8.8259476664743
"121981",-1.32501504407629,8.96967811193342
"46318",-2.39401023217853,10.3351173437951
"109989",-1.89993682591279,9.18527378012211
"234788",-1.43281287817064,6.93050241698211
"151412",-0.354834537227211,8.4396720943029
"26572",-1.19026775145837,10.6944434574429
"167116",-2.15146510546625,8.15221120338466
"252073",-2.42095969070211,6.61609206754028
"125912",-1.72925692193008,8.89781288920386
"261018",-2.42994284354331,6.45439531639876
"218795",-2.23231348103701,7.21796330790036
"125940",-1.47772864237661,8.89781288920386
"17712",-0.417716607115578,10.8561402085844
"89648",-1.57654332362976,9.55358304661111
"191975",-2.0706167298955,7.7030535613249
"109940",-2.34011131513135,9.18527378012211
"134378",-1.57654332362976,8.74509929090354
"21644",-0.812975332128167,10.7842749858549
"12550",-2.14248195262506,10.9459717369964
"108654",-0.498564982686335,9.21222323864569
"71163",-2.4389259963845,9.88595970173533
"125426",-1.63044224067693,8.90679604204506
"121937",-1.72027376908888,8.96967811193342
"194683",-0.0673736463089645,7.65813779711892
"121453",-1.60349278215335,8.97866126477462
"305323",-1.78315583897725,5.65489471353239
"87675",-1.44179603101183,9.58951565797589
"107269",0.453649218480358,9.23917269716928
"292069",-0.30093562018004,5.89743984024466
"255675",-1.3160318912351,6.55320999765191
"303961",-0.624329122463068,5.68184417205597
"177555",-2.13349879978386,7.96356499371956
"304517",-0.0943231048325499,5.67286101921478
"248854",-0.0853399519913549,6.67897413742864
"272997",-1.97180204864235,6.23879964821008
"247702",-1.5046781009002,6.69694044311103
"16594",-1.53162755942378,10.8741065142668
"25628",-0.741110109398605,10.7124097631253
"112407",-2.50180806627287,9.14035801591613
"316408",-0.426699759956773,5.45726535102609
"93800",0.00449157642059728,9.48171782388155
"256253",-0.588396511098287,6.54422684481071
"97125",-1.37891396112347,9.41883575399318
"102010",-2.14248195262506,9.32900422558123
"104652",-0.73212695655741,9.28408846137526
"58247",-2.38502707933733,10.1195216756064
"254487",-3.05876354242697,6.5711763033343
"234786",-1.45077918385303,6.93050241698211
"78622",-2.40299338501972,9.75121240911741
"189463",-2.31316185660777,7.74796932553087
"76743",-1.42382972532944,9.78714502048219
"210346",-2.23231348103701,7.37067690620067
"249534",-2.90604994412665,6.66100783174625
"277487",-1.81908845034203,6.15795127263932
"324260",-1.32501504407629,5.31353490556697
"124492",-1.09145307020522,8.92476234772745
"31099",-0.705177498033824,10.6135950818721
"225292",-1.90891997875398,7.10118232096482
"130425",-1.36993080828227,8.8169645136331
"136343",-1.78315583897725,8.70916667953876
"283355",-2.68147112309677,6.05015343854498
"27088",-1.01958784747566,10.6854603046017
"174529",-2.52875752479645,8.01746391076673
"106042",-1.63942539351813,9.25713900285167
"130379",-1.78315583897725,8.8169645136331
"109051",-1.39688026680586,9.2032400858045
"292524",-0.678228039510239,5.88845668740346
"95836",0.435682912797968,9.44578521251677
"278675",-0.0763567991501595,6.13998496695693
"138290",-2.15146510546625,8.67323406817398
"347544",-1.99875150716594,4.89132672203079
"297522",-0.426699759956773,5.79862515899151
"123882",-2.10654934126028,8.93374550056864
"288501",-1.10043622304641,5.96032191013303
"115969",-1.75620638045366,9.07747594602776
"261573",-1.90891997875398,6.44541216355757
"152203",-2.17841456398984,8.42170578862051
"111001",-1.73824007477127,9.16730747443972
"309900",-0.848907943492948,5.57404633796163
"168071",-2.50180806627287,8.13424489770227
"253576",-2.31316185660777,6.58914260901669
"126885",-1.91790313159518,8.87984658352147
"258279",-0.247036703132868,6.50829423344593
"219807",-2.0706167298955,7.19999700221797
"40806",-2.79825211003231,10.4339320250482
"252108",-2.10654934126028,6.61609206754028
"119475",-1.51366125374139,9.0145938761394
"138958",-0.615345969621873,8.66425091533278
"106016",-1.8729873673892,9.25713900285167
"102968",-2.46587545490809,9.31103791989884
"106980",-2.14248195262506,9.23917269716928
"117932",-1.98078520148355,9.04154333466298
"176029",-2.4479091492257,7.99051445224314
"117613",-0.381783995750797,9.05052648750418
"263341",0.579413358257091,6.41846270503398
"196379",-2.69045427593797,7.62220518575414
"64225",-2.2592629395606,10.0117238415121
"65246",-2.01671781284833,9.99375753582968
"137444",-0.821958484969362,8.69120037385637
"15647",-1.10941937588761,10.8920728199492
"271504",-1.98976835432474,6.26574910673366
"307009",-0.0314410349441836,5.6279452550088
"167135",-1.98078520148355,8.15221120338466
"294794",-2.60960590036721,5.84354092319749
"34492",-1.47772864237661,10.5507130119838
"139375",-1.33399819691749,8.65526776249159
"31035",-1.28009927987032,10.6135950818721
"192457",-2.20536402251343,7.6940704084837
"201841",-2.73537004014394,7.52339050450099
"304441",-0.777042720763386,5.67286101921478
"283082",-0.669244886669044,6.05913659138617
"303036",-0.00449157642059772,5.69981047773836
"308950",-0.453649218480359,5.59201264364402
"122455",-1.53162755942378,8.96069495909223
"311935",-0.426699759956773,5.53811372659685
"167629",-2.00773466000713,8.14322805054346
"116980",-1.60349278215335,9.05950964034538
"244694",-1.73824007477127,6.7508393601582
"95489",-2.68147112309677,9.44578521251677
"96203",-0.73212695655741,9.43680205967557
"292765",-2.97791516685621,5.87947353456227
"250684",-1.5046781009002,6.64304152606386
"240109",-2.74435319298514,6.83168773572896
"196934",-2.16943141114864,7.61322203291294
"42312",-2.66350481741438,10.4069825665247
"79719",-1.47772864237661,9.73324610343502
"53880",-1.43281287817064,10.2003700511772
"162609",-2.45689230206689,8.23305957895541
"115492",-1.57654332362976,9.08645909886896
"197231",0.498564982686334,7.61322203291294
"105090",-1.26213297418793,9.27510530853406
"64727",-2.21434717535462,10.0027406886709
"19109",-1.26213297418793,10.8291907500608
"45787",-2.69943742877916,10.3441004966363
"226334",-1.47772864237661,7.08321601528243
"195614",-0.633312275304263,7.64017149143653
"110707",0.0853399519913545,9.17629062728091
"234318",-1.19026775145837,6.9394855698233
"240169",-2.20536402251343,6.83168773572896
"311921",-0.552463899733506,5.53811372659685
"103237",-0.049407340626574,9.31103791989884
"293556",-0.336868231544821,5.87049038172107
"298507",-0.50754813552753,5.78065885330912
"265135",-1.16331829293478,6.3825300936692
"153424",-0.139238869038526,8.40373948293812
"106543",-1.60349278215335,9.24815585001047
"273426",-2.58265644184362,6.22981649536888
"70766",-1.54061071226498,9.89494285457653
"264435",-2.98689831969741,6.3915132465104
"184037",-1.94485259011876,7.84678400678402
"151213",-2.14248195262506,8.4396720943029
"96242",-0.381783995750797,9.43680205967557
"63305",-1.59450962931215,10.0296901471945
"248202",-1.47772864237661,6.68795729026984
"42310",-2.68147112309677,10.4069825665247
"166126",-2.11553249410147,8.17017750906705
"335648",-1.71129061624769,5.10692239021948
"113054",-1.15433514009359,9.13137486307494
"21427",-2.76231949866753,10.7842749858549
"228788",-1.75620638045366,7.03830025107645
"313262",-1.89993682591279,5.51116426807326
"177784",-0.0763567991501595,7.96356499371956
"348056",-1.86400421454801,4.8823435691896
"258043",-2.36706077365494,6.50829423344593
"113502",-1.59450962931215,9.12239171023374
"72227",-1.81010529750084,9.86799339605294
"340623",-1.66637485204171,5.01709086180753
"334667",-1.59450962931215,5.12488869590187
"32076",-0.857891096334143,10.5956287761898
"155170",-2.31316185660777,8.36780687157334
"199889",-2.41197653786092,7.55932311586577
"72723",-1.81908845034203,9.85901024321175
"99994",-2.39401023217853,9.36493683694601
"280488",-1.64840854635932,6.10405235559215
"12666",-1.10043622304641,10.9459717369964
"103442",-2.67248797025558,9.30205476705765
"231460",-0.0763567991501595,6.99338448687048
"39836",-2.58265644184362,10.4518983307306
"164716",-1.38789711396466,8.19712696759063
"112974",-1.8729873673892,9.13137486307494
"188177",-0.471615524162749,7.77491878405446
"129398",-1.66637485204171,8.83493081931549
"42832",-2.45689230206689,10.3979994136835
"230696",-2.47485860774928,7.00236763971167
"124824",-2.57367328900243,8.91577919488625
"96154",-1.17230144577598,9.43680205967557
"173039",-2.51977437195526,8.04441336929031
"247119",-2.27722924524299,6.70592359595223
"33345",-2.85215102707948,10.5686793176662
"147735",-2.13349879978386,8.50255416419127
"265770",0.076356799150159,6.373546940828
"160721",-1.55857701794737,8.2689921903202
"149368",-0.857891096334143,8.47560470566768
"171076",-2.29519555092538,8.0803459806551
"204567",-0.570430205415896,7.47847474029502
"13719",-0.570430205415896,10.928005431314
"175999",-2.71740373446155,7.99051445224314
"111052",-1.28009927987032,9.16730747443972
"247097",-2.47485860774928,6.70592359595223
"251301",-0.426699759956773,6.63405837322267
"104026",-1.89095367307159,9.29307161421645
"286487",-1.33399819691749,5.99625452149781
"249502",-3.1935108350449,6.66100783174625
"176520",-2.50180806627287,7.98153129940195
"31447",-2.04366727137191,10.604611929031
"191452",-2.30417870376657,7.71203671416609
"294097",0.0583904934677686,5.86150722887988
"74186",-2.0706167298955,9.83206078468816
"314765",-1.79213899181845,5.48421480954968
"138256",-2.45689230206689,8.67323406817398
"245740",-1.27111612702912,6.73287305447581
"292113",0.0943231048325495,5.89743984024466
"293076",-0.184154633244502,5.87947353456227
"255487",-3.0048646253798,6.55320999765191
"270466",-2.38502707933733,6.28371541241605
"109744",0.363817690068406,9.1942569329633
"100600",-1.41484657248825,9.35595368410482
"203933",-1.80112214465964,7.48745789313621
"80882",0.0404241877853782,9.71527979775263
"182002",-2.36706077365494,7.8827166181488
"297576",0.0583904934677686,5.79862515899151
"102995",-2.22333032819582,9.31103791989884
"55307",-2.00773466000713,10.1734205926536
"263612",-1.45077918385303,6.40947955219279
"171074",-2.31316185660777,8.0803459806551
"11017",-2.51977437195526,10.97292119552
"262784",0.0404241877853782,6.42744585787518
"317810",-1.22620036282315,5.43031589250251
"109004",-1.81908845034203,9.2032400858045
"180606",-1.51366125374139,7.90966607667239
"212813",-2.39401023217853,7.3257611419947
"306894",-1.06450361168163,5.6279452550088
"178069",-1.98078520148355,7.95458184087836
"149404",-0.534497594051115,8.47560470566768
"264478",-2.60062274752601,6.3915132465104
"116546",-1.03755415315805,9.06849279318657
"79135",-2.2592629395606,9.74222925627621
"20629",-1.00162154179327,10.8022412915372
"228302",-1.65739169920052,7.04728340391765
"158662",-2.19638086967223,8.30492480168498
"277940",-2.21434717535462,6.14896811979813
"167075",-2.51977437195526,8.15221120338466
"173132",-1.6843411577241,8.04441336929031
"343553",-2.13349879978386,4.96319194476036
"184674",-0.687211192351434,7.83780085394283
"297045",-0.247036703132868,5.80760831183271
"18970",-2.51079121911406,10.8291907500608
"261825",0.354834537227211,6.44541216355757
"290348",-2.36706077365494,5.92438929876824
"264502",-2.38502707933733,6.3915132465104
"91737",-0.669244886669044,9.51765043524633
"161126",-2.38502707933733,8.260009037479
"177561",-2.07959988273669,7.96356499371956
"115977",-1.6843411577241,9.07747594602776
"182736",-0.238053550291673,7.87373346530761
"57749",-2.39401023217853,10.1285048284476
"135354",-1.73824007477127,8.72713298522115
"131552",-0.175171480403307,8.79899820795071
"111025",-1.52264440658259,9.16730747443972
"193172",-0.247036703132868,7.68508725564251
"160122",-2.47485860774928,8.27797534316139
"48830",-2.15146510546625,10.2902015795891
"260994",-2.64553851173199,6.45439531639876
"27409",-2.60062274752601,10.6764771517605
"186035",-1.85502106170681,7.81085139541924
"294579",-0.0763567991501595,5.85252407603868
"267792",0.381783995750796,6.33761432946322
"275650",-0.462632371321554,6.1938838840041
"129326",-2.31316185660777,8.83493081931549
"197391",-2.52875752479645,7.60423888007175
"252598",-2.16943141114864,6.60710891469908
"201414",-2.10654934126028,7.53237365734219
"117448",-1.86400421454801,9.05052648750418
"33078",-0.786025873604582,10.5776624705074
"147752",-1.98078520148355,8.50255416419127
"239730",-1.6843411577241,6.84067088857016
"244687",-1.80112214465964,6.7508393601582
"351008",-2.13349879978386,4.82844465214243
"209849",-2.23231348103701,7.37966005904187
"324661",-2.18739771683104,5.30455175272577
"33347",-2.83418472139709,10.5686793176662
"20020",-2.00773466000713,10.8112244443784
"281924",-2.14248195262506,6.07710289706856
"308971",-0.265003008815259,5.59201264364402
"178587",-1.79213899181845,7.94559868803717
"227814",-1.57654332362976,7.05626655675884
"168078",-2.4389259963845,8.13424489770227
"48879",-1.71129061624769,10.2902015795891
"135326",-1.98976835432474,8.72713298522115
"102048",-1.80112214465964,9.32900422558123
"259068",-2.08858303557789,6.49032792776354
"313821",-1.34298134975868,5.50218111523207
"96120",-1.47772864237661,9.43680205967557
"93106",-1.76518953329486,9.49070097672275
"302499",-0.363817690068406,5.70879363057956
"304912",-1.01060469463446,5.66387786637358
"111488",-1.82807160318323,9.15832432159852
"130911",-1.46874548953542,8.80798136079191
"210785",-2.75333634582633,7.36169375335948
"19660",-0.777042720763386,10.8202075972196
"178252",-0.336868231544821,7.95458184087836
"16966",-2.65452166457319,10.8651233614256
"230196",-2.50180806627287,7.01135079255287
"226226",-2.4479091492257,7.08321601528243
"92327",0.166188327562111,9.50866728240513
"113461",-1.96281889580115,9.12239171023374
"249644",-1.91790313159518,6.66100783174625
"156865",-0.480598677003944,8.34085741304976
"176061",-2.16044825830745,7.99051445224314
"88664",-1.48671179521781,9.5715493522935
"258131",-1.57654332362976,6.50829423344593
"36375",-2.42095969070211,10.514780400619
"204128",-0.049407340626574,7.48745789313621
"48766",-2.72638688730275,10.2902015795891
"268900",-3.05876354242697,6.31066487093964
"128118",0.229070397450478,8.86188027783908
"186547",-1.72027376908888,7.80186824257804
"149257",-1.85502106170681,8.47560470566768
"247575",-2.64553851173199,6.69694044311103
"34361",-2.65452166457319,10.5507130119838
"245739",-1.28009927987032,6.73287305447581
"157323",-0.830941637810557,8.33187426020856
"140951",-0.570430205415896,8.628318303968
"210358",-2.12451564694267,7.37067690620067
"112492",-1.73824007477127,9.14035801591613
"105545",-1.63942539351813,9.26612215569286
"295559",-0.202120938926893,5.83455777035629
"212318",-2.37604392649613,7.33474429483589
"70275",-1.48671179521781,9.90392600741773
"23935",-2.55570698332004,10.7393592216489
"242732",-1.5046781009002,6.78677197152299
"118979",-1.5046781009002,9.02357702898059
"96626",-1.39688026680586,9.42781890683438
"130370",-1.86400421454801,8.8169645136331
"287804",-2.89706679128546,5.96930506297422
"32907",-2.32214500944896,10.5776624705074
"266200",-0.52551444120992,6.36456378798681
"352519",-1.95383574295996,4.80149519361884
"179730",-0.453649218480359,7.92763238235478
"144916",-0.669244886669044,8.55645308123844
"219525",-0.139238869038526,7.20898015505916
"94614",-1.61247593499454,9.46375151819916
"227946",-0.390767148591992,7.05626655675884
"326099",-2.66350481741438,5.27760229420219
"200935",-1.94485259011876,7.54135681018338
"176540",-2.32214500944896,7.98153129940195
"201404",-2.19638086967223,7.53237365734219
"305946",-0.651278580986653,5.64591156069119
"104266",0.265003008815259,9.29307161421645
"244650",-2.13349879978386,6.7508393601582
"261768",-0.157205174720916,6.44541216355757
"29910",-2.45689230206689,10.6315613875545
"137996",-0.327885078703626,8.68221722101518
"278514",-1.52264440658259,6.13998496695693
"351021",-2.01671781284833,4.82844465214243
"147729",-2.18739771683104,8.50255416419127
"269433",-2.73537004014394,6.30168171809844
"11713",-0.73212695655741,10.9639380426788
"286342",-2.6365553588908,5.99625452149781
"50854",-1.82807160318323,10.2542689682243
"163184",-1.75620638045366,8.22407642611422
"263313",0.327885078703625,6.41846270503398
"98540",-2.0616335770543,9.3918862954696
"172089",-2.12451564694267,8.06237967497271
"292577",-0.202120938926893,5.88845668740346
"147710",-2.35807762081374,8.50255416419127
"223301",-1.93586943727757,7.1371149323296
"272871",-3.10367930663295,6.23879964821008
"146276",-1.84603790886562,8.52950362271486
"168771",-0.678228039510239,8.12526174486107
"254121",-1.8819705202304,6.58015945617549
"196104",-0.696194345192629,7.63118833859533
"145409",-0.705177498033824,8.54746992839725
"234300",-1.35196450259988,6.9394855698233
"108921",-2.56469013616123,9.2032400858045
"128905",-1.63044224067693,8.84391397215669
"244101",-2.60062274752601,6.7598225129994
"308467",-0.327885078703626,5.60099579648522
"172313",-0.11228941051494,8.06237967497271
"185015",-2.08858303557789,7.82881770110163
"158170",-2.15146510546625,8.31390795452617
"126900",-1.78315583897725,8.87984658352147
"92085",-2.00773466000713,9.50866728240513
"83241",-1.09145307020522,9.67036403354665
"232813",-1.3160318912351,6.96643502834689
"271000",-2.05265042421311,6.27473225957486
"111021",-1.55857701794737,9.16730747443972
"125910",-1.74722322761247,8.89781288920386
"304846",-1.60349278215335,5.66387786637358
"200452",-1.81908845034203,7.55033996302458
"268437",-2.75333634582633,6.31964802378083
"252858",0.166188327562111,6.60710891469908
"118001",-1.36094765544108,9.04154333466298
"118424",-2.02570096568952,9.03256018182179
"28410",-2.53774067763765,10.6585108460781
"14107",-1.54959386510617,10.9190222784728
"217366",-1.67535800488291,7.24491276642394
"215029",-0.345851384386016,7.28982853062992
"87538",-2.67248797025558,9.58951565797589
"128532",-0.516531288368725,8.85289712499788
"181235",-0.327885078703626,7.90068292383119
"151322",-1.16331829293478,8.4396720943029
"257333",0.184154633244502,6.52626053912832
"289457",-1.44179603101183,5.94235560445063
"301836",-1.85502106170681,5.71777678342075
"149214",-2.24129663387821,8.47560470566768
"240616",-2.65452166457319,6.82270458288777
"139299",-2.01671781284833,8.65526776249159
"100131",-1.16331829293478,9.36493683694601
"89144",-1.63942539351813,9.56256619945231
"167605",-2.22333032819582,8.14322805054346
"108098",-1.02857100031685,9.22120639148689
"180519",-2.29519555092538,7.90966607667239
"286627",-0.0763567991501595,5.99625452149781
"23435",-2.58265644184362,10.7483423744901
"19580",-1.495694948059,10.8202075972196
"13519",-2.36706077365494,10.928005431314
"12177",-1.02857100031685,10.9549548898376
"104591",-1.28009927987032,9.28408846137526
"127910",-1.63942539351813,8.86188027783908
"39315",-2.79825211003231,10.4608814835718
"148457",-0.11228941051494,8.49357101135008
"130798",-2.48384176059048,8.80798136079191
"195894",-2.58265644184362,7.63118833859533
"227762",-2.04366727137191,7.05626655675884
"24644",-0.651278580986653,10.7303760688077
"225226",-2.50180806627287,7.10118232096482
"128619",0.265003008815259,8.85289712499788
"115503",-1.47772864237661,9.08645909886896
"87128",-1.89095367307159,9.59849881081709
"104111",-1.12738568157,9.29307161421645
"12158",-1.19925090429956,10.9549548898376
"323831",-0.71416065087502,5.32251805840817
"252793",-0.417716607115578,6.60710891469908
"249779",-0.705177498033824,6.66100783174625
"208876",-2.04366727137191,7.39762636472426
"256275",-0.390767148591992,6.54422684481071
"210412",-1.63942539351813,7.37067690620067
"277182",-0.0943231048325499,6.16693442548052
"131589",0.157205174720916,8.79899820795071
"102589",-1.40586341964705,9.32002107274004
"213326",-2.2502797867194,7.3167779891535
"179754",-0.238053550291673,7.92763238235478
"168627",-1.97180204864235,8.12526174486107
"295149",0.579413358257091,5.84354092319749
"134337",-1.94485259011876,8.74509929090354
"189633",-0.786025873604582,7.74796932553087
"197644",-0.256019855974064,7.60423888007175
"163646",-2.0706167298955,8.21509327327302
"232432",-0.273986161656454,6.97541818118808
"14135",-1.29806558555271,10.9190222784728
"156178",-2.18739771683104,8.34984056589095
"27575",-1.10941937588761,10.6764771517605
"136335",-1.85502106170681,8.70916667953876
"77220",-1.60349278215335,9.77816186764099
"186155",-0.777042720763386,7.81085139541924
"76710",-1.72027376908888,9.78714502048219
"247627",-2.17841456398984,6.69694044311103
"276888",-2.73537004014394,6.16693442548052
"15138",-1.21721720998195,10.9010559727904
"111690",-0.0134747292617932,9.15832432159852
"242622",-2.49282491343167,6.78677197152299
"15221",-0.471615524162749,10.9010559727904
"321685",-2.13349879978386,5.35845066977295
"137362",-1.55857701794737,8.69120037385637
"75204",-1.85502106170681,9.81409447900577
"23549",-1.55857701794737,10.7483423744901
"132848",-1.92688628443637,8.77204874942713
"103586",-1.37891396112347,9.30205476705765
"13167",-1.06450361168163,10.9369885841552
"22101",-1.17230144577598,10.7752918330137
"324717",-1.6843411577241,5.30455175272577
"9038",-2.4389259963845,11.0088538068847
"189911",-2.75333634582633,7.73898617268968
"233677",-2.48384176059048,6.9484687226645
"298402",-1.45077918385303,5.78065885330912
"280825",-3.08571300095056,6.09506920275095
"103968",-2.41197653786092,9.29307161421645
"334135",-1.90891997875398,5.13387184874307
"121984",-1.29806558555271,8.96967811193342
"122549",-0.687211192351434,8.96069495909223
"56327",-1.77417268613606,10.1554542869712
"91308",-0.058390493467769,9.52663358808753
"178066",-2.00773466000713,7.95458184087836
"283118",-0.345851384386016,6.05913659138617
"338090",-2.09756618841908,5.0620066260135
"135865",-1.61247593499454,8.71814983237996
"32037",-1.20823405714076,10.5956287761898
"272459",-2.34011131513135,6.24778280105127
"199878",-2.51079121911406,7.55932311586577
"120902",-2.08858303557789,8.98764441761581
"318357",-0.777042720763386,5.42133273966131
"95078",-1.90891997875398,9.45476836535796
"300528",-0.211104091768088,5.74472624194434
"252691",-1.33399819691749,6.60710891469908
"183696",-0.543480746892311,7.85576715962522
"280942",-2.03468411853072,6.09506920275095
"96565",-1.94485259011876,9.42781890683438
"349520",-2.10654934126028,4.85539411066601
"94015",-2.52875752479645,9.47273467104035
"310917",-0.642295428145458,5.55608003227924
"194605",-0.768059567922191,7.65813779711892
"104032",-1.83705475602442,9.29307161421645
"260502",-2.60062274752601,6.46337846923996
"90726",-0.821958484969362,9.53561674092872
"317332",-1.05552045884044,5.4392990453437
"206418",-1.80112214465964,7.44254212893024
"21130",-0.965688930428486,10.7932581386961
"117521",-1.20823405714076,9.05052648750418
"242724",-1.57654332362976,6.78677197152299
"277181",-0.103306257673745,6.16693442548052
"120929",-1.84603790886562,8.98764441761581
"287628",-0.0134747292617932,5.97828821581542
"104612",-1.09145307020522,9.28408846137526
"60236",-2.37604392649613,10.0835890642416
"309810",-1.65739169920052,5.57404633796163
"32948",-1.95383574295996,10.5776624705074
"346533",-2.15146510546625,4.90929302771319
"45866",-1.98976835432474,10.3441004966363
"224518",0.067373646308964,7.11914862664721
"73280",-1.28009927987032,9.85002709037055
"126042",-0.561447052574701,8.89781288920386
"125092",-0.166188327562112,8.91577919488625
"35868",-2.51079121911406,10.5237635534602
"27890",-2.74435319298514,10.6674939989193
"19427",-2.87011733276187,10.8202075972196
"313835",-1.21721720998195,5.50218111523207
"257555",-2.28621239808418,6.51727738628713
"180020",-2.31316185660777,7.91864922951358
"170084",-2.27722924524299,8.09831228633749
"29073",-1.04653730599924,10.6495276932369
"145860",-1.1184025287288,8.53848677555605
"105057",-1.55857701794737,9.27510530853406
"64259",-1.95383574295996,10.0117238415121
"87379",0.363817690068406,9.59849881081709
"323146",-2.40299338501972,5.33150121124936
"307248",-2.34909446797255,5.61896210216761
"11110",-1.6843411577241,10.97292119552
"83851",-0.0763567991501595,9.66138088070545
"292416",-1.64840854635932,5.88845668740346
"305442",-0.71416065087502,5.65489471353239
"263302",0.229070397450478,6.41846270503398
"148896",-0.633312275304263,8.48458785850888
"230810",-1.45077918385303,7.00236763971167
"259620",-1.59450962931215,6.48134477492235
"23131",-0.848907943492948,10.7573255273313
"22561",-1.5046781009002,10.7663086801725
"125828",-2.48384176059048,8.89781288920386
"307458",-0.462632371321554,5.61896210216761
"103534",-1.84603790886562,9.30205476705765
"42326",-2.53774067763765,10.4069825665247
"158142",-2.40299338501972,8.31390795452617
"96329",0.399750301433187,9.43680205967557
"33538",-1.1184025287288,10.5686793176662
"18449",-2.72638688730275,10.838173902902
"54245",-2.61858905320841,10.191386898336
"110478",-1.97180204864235,9.17629062728091
"120435",-1.81908845034203,8.99662757045701
"205609",-0.139238869038526,7.46050843461263
"197069",-0.95670577758729,7.61322203291294
"165585",-2.51079121911406,8.17916066190824
"167641",-1.89993682591279,8.14322805054346
"33055",-0.992638388952071,10.5776624705074
"221029",-0.0224578821029882,7.18203069653558
"251389",0.363817690068406,6.63405837322267
"261207",-0.73212695655741,6.45439531639876
"30546",-1.20823405714076,10.6225782347133
"40004",-1.07348676452283,10.4518983307306
"124979",-1.18128459861717,8.91577919488625
"27534",-1.47772864237661,10.6764771517605
"306270",-2.20536402251343,5.63692840785
"9062",-2.22333032819582,11.0088538068847
"273367",-3.11266245947414,6.22981649536888
"111047",-1.32501504407629,9.16730747443972
"274359",-3.13062876515653,6.21185018968649
"272527",-1.72925692193008,6.24778280105127
"289813",-2.70842058162036,5.93337245160944
"308446",-0.516531288368725,5.60099579648522
"189522",-1.78315583897725,7.74796932553087
"118093",-0.534497594051115,9.04154333466298
"181709",-0.534497594051115,7.89169977099
"150902",-0.471615524162749,8.4486552471441
"238736",-1.6843411577241,6.85863719425255
"149263",-1.80112214465964,8.47560470566768
"156654",-2.37604392649613,8.34085741304976
"258818",0.13025571619733,6.49931108060474
"119416",-2.04366727137191,9.0145938761394
"40950",-1.5046781009002,10.4339320250482
"203190",0.453649218480358,7.5054241988186
"242654",-2.20536402251343,6.78677197152299
"174039",-2.46587545490809,8.02644706360793
"110949",-2.20536402251343,9.16730747443972
"110050",-1.35196450259988,9.18527378012211
"333619",-2.07959988273669,5.14285500158426
"178232",-0.516531288368725,7.95458184087836
"134869",-1.63044224067693,8.73611613806235
"123056",-0.597379663939482,8.95171180625103
"157161",-2.28621239808418,8.33187426020856
"176535",-2.36706077365494,7.98153129940195
"112469",-1.94485259011876,9.14035801591613
"169841",0.00449157642059728,8.10729543917868
"119634",-0.0853399519913549,9.0145938761394
"97592",-1.64840854635932,9.40985260115199
"112877",-2.74435319298514,9.13137486307494
"316367",-0.795009026445777,5.45726535102609
"21576",-1.42382972532944,10.7842749858549
"76177",-2.04366727137191,9.79612817332338
"140994",-0.184154633244502,8.628318303968
"239782",-1.21721720998195,6.84067088857016
"237754",-1.57654332362976,6.87660349993494
"78693",-1.76518953329486,9.75121240911741
"292608",0.076356799150159,5.88845668740346
"28095",-0.902806860540119,10.6674939989193
"38371",-2.34909446797255,10.4788477892542
"106525",-1.76518953329486,9.24815585001047
"256075",-2.18739771683104,6.54422684481071
"316789",-1.46874548953542,5.4482821981849
"192119",-0.777042720763386,7.7030535613249
"278015",-1.54061071226498,6.14896811979813
"224829",-1.60349278215335,7.11016547380601
"313919",-0.462632371321554,5.50218111523207
"252803",-0.327885078703626,6.60710891469908
"77655",-2.16044825830745,9.7691787147998
"187203",-0.291952467338845,7.79288508973685
"120883",-2.2592629395606,8.98764441761581
"186710",-0.256019855974064,7.80186824257804
"94052",-2.19638086967223,9.47273467104035
"150885",-0.624329122463068,8.4486552471441
"113672",-0.0673736463089645,9.12239171023374
"196095",-0.777042720763386,7.63118833859533
"121483",-1.33399819691749,8.97866126477462
"92626",-1.61247593499454,9.49968412956394
"196653",-0.229070397450478,7.62220518575414
"115963",-1.81010529750084,9.07747594602776
"120388",-2.24129663387821,8.99662757045701
"27999",-1.76518953329486,10.6674939989193
"27072",-1.16331829293478,10.6854603046017
"137347",-1.6933243105653,8.69120037385637
"90183",-1.23518351566434,9.54459989376992
"115361",-2.75333634582633,9.08645909886896
"123473",-1.3160318912351,8.94272865340984
"113591",-0.795009026445777,9.12239171023374
"126543",-0.52551444120992,8.88882973636267
"208290",-2.84316787423829,7.40660951756545
"262109",-1.55857701794737,6.43642901071637
"219416",-1.1184025287288,7.20898015505916
"106549",-1.54959386510617,9.24815585001047
"195623",-0.552463899733506,7.64017149143653
"263667",-0.95670577758729,6.40947955219279
"106537",-1.65739169920052,9.24815585001047
"22581",-1.32501504407629,10.7663086801725
"187171",-0.579413358257092,7.79288508973685
"109022",-1.65739169920052,9.2032400858045
"49762",-2.70842058162036,10.2722352739067
"276909",-2.54672383047884,6.16693442548052
"277843",-3.08571300095056,6.14896811979813
"10509",-2.61858905320841,10.9819043483611
"247571",-2.68147112309677,6.69694044311103
"281868",-2.64553851173199,6.07710289706856
"114998",-1.54959386510617,9.09544225171016
"239706",-1.89993682591279,6.84067088857016
"327649",-2.13349879978386,5.2506528356786
"185712",-0.291952467338845,7.81983454826043
"162342",-0.390767148591992,8.24204273179661
"223059",0.354834537227211,7.14609808517079
"247358",-0.130255716197331,6.70592359595223
"90570",-2.22333032819582,9.53561674092872
"95047",-2.18739771683104,9.45476836535796
"310856",-1.19026775145837,5.55608003227924
"224028",0.13025571619733,7.1281317794884
"291099",-0.0853399519913549,5.91540614592705
"250919",0.606362816780677,6.64304152606386
"191489",-1.97180204864235,7.71203671416609
"306471",-0.399750301433187,5.63692840785
"278870",-2.78926895719111,6.13100181411573
"111996",-1.72925692193008,9.14934116875733
"308964",-0.327885078703626,5.59201264364402
"174037",-2.48384176059048,8.02644706360793
"176528",-2.42994284354331,7.98153129940195
"110071",-1.16331829293478,9.18527378012211
"109411",-2.6275722060496,9.1942569329633
"12184",-0.965688930428486,10.9549548898376
"17147",-1.02857100031685,10.8651233614256
"299060",-0.00449157642059772,5.77167570046793
"25922",-2.56469013616123,10.7034266102841
"121911",-1.95383574295996,8.96967811193342
"141842",-1.495694948059,8.61035199828561
"294117",0.238053550291673,5.86150722887988
"23966",-2.27722924524299,10.7393592216489
"149201",-2.35807762081374,8.47560470566768
"45387",-1.82807160318323,10.3530836494775
"292105",0.0224578821029877,5.89743984024466
"258015",-2.61858905320841,6.50829423344593
"130535",-0.381783995750797,8.8169645136331
"83236",-1.13636883441119,9.67036403354665
"187791",0.52551444120992,7.78390193689565
"115128",-0.381783995750797,9.09544225171016
"153250",-1.70230746340649,8.40373948293812
"111128",-0.597379663939482,9.16730747443972
"276531",-1.47772864237661,6.17591757832171
"272098",-1.1184025287288,6.25676595389247
"189961",-2.30417870376657,7.73898617268968
"181526",-2.17841456398984,7.89169977099
"246832",-0.390767148591992,6.71490674879342
"161166",-2.02570096568952,8.260009037479
"41315",-2.69045427593797,10.424948872207
"298127",0.54348074689231,5.78964200615032
"283590",-0.570430205415896,6.05015343854498
"135300",-2.22333032819582,8.72713298522115
"212775",-2.73537004014394,7.3257611419947
"16733",-0.282969314497649,10.8741065142668
"153871",-0.588396511098287,8.39475633009693
"314899",-0.588396511098287,5.48421480954968
"293623",0.265003008815259,5.87049038172107
"105059",-1.54061071226498,9.27510530853406
"243663",-2.0706167298955,6.76880566584059
"256606",-1.8819705202304,6.53524369196952
"235103",-3.06774669526817,6.92151926414091
"109074",-1.19026775145837,9.2032400858045
"339061",-2.30417870376657,5.04404032033111
"271606",-1.07348676452283,6.26574910673366
"133370",-1.70230746340649,8.76306559658593
"257550",-2.33112816229016,6.51727738628713
"141832",-1.58552647647096,8.61035199828561
"292980",-1.04653730599924,5.87947353456227
"177560",-2.08858303557789,7.96356499371956
"30469",-1.89993682591279,10.6225782347133
"267414",-3.01384777822099,6.33761432946322
"165136",-2.07959988273669,8.18814381474944
"188518",-1.8729873673892,7.76593563121326
"106012",-1.90891997875398,9.25713900285167
"143316",-1.64840854635932,8.58340253976203
"201578",-0.633312275304263,7.53237365734219
"243422",0.229070397450478,6.77778881868179
"286824",-2.77130265150872,5.98727136865661
"30054",-1.16331829293478,10.6315613875545
"14527",-2.24129663387821,10.9100391256316
"200864",-2.58265644184362,7.54135681018338
"114965",-1.84603790886562,9.09544225171016
"125397",-1.89095367307159,8.90679604204506
"106698",-0.211104091768088,9.24815585001047
"233487",0.273986161656454,6.95745187550569
"134459",-0.848907943492948,8.74509929090354
"111067",-1.14535198725239,9.16730747443972
"259625",-1.54959386510617,6.48134477492235
"185481",-2.36706077365494,7.81983454826043
"137491",-0.399750301433187,8.69120037385637
"104065",-1.54061071226498,9.29307161421645
"168832",-0.130255716197331,8.12526174486107
"272076",-1.3160318912351,6.25676595389247
"182514",-2.23231348103701,7.87373346530761
"36004",-1.28908243271151,10.5237635534602
"68673",-2.48384176059048,9.93087546594131
"278655",-0.256019855974064,6.13998496695693
"113010",-1.54959386510617,9.13137486307494
"245675",-1.85502106170681,6.73287305447581
"118846",-2.69943742877916,9.02357702898059
"250139",-1.93586943727757,6.65202467890506
"69735",-1.8729873673892,9.91290916025892
"308373",-1.17230144577598,5.60099579648522
"311912",-0.633312275304263,5.53811372659685
"24550",-1.495694948059,10.7303760688077
"223757",-2.30417870376657,7.1281317794884
"120450",-1.6843411577241,8.99662757045701
"117687",0.282969314497649,9.05052648750418
"216561",0.0224578821029877,7.26287907210633
"197385",-2.58265644184362,7.60423888007175
"180104",-1.55857701794737,7.91864922951358
"304501",-0.238053550291673,5.67286101921478
"42453",-1.39688026680586,10.4069825665247
"118456",-1.73824007477127,9.03256018182179
"153170",-2.42095969070211,8.40373948293812
"300021",-0.30093562018004,5.75370939478554
"18165",-0.812975332128167,10.8471570557432
"221303",-2.02570096568952,7.17304754369438
"169621",-1.97180204864235,8.10729543917868
"34066",-0.839924790651753,10.559696164825
"74722",-1.72027376908888,9.82307763184697
"226856",-1.25314982134673,7.07423286244123
"238649",-2.46587545490809,6.85863719425255
"77928",0.291952467338844,9.7691787147998
"117143",-0.139238869038526,9.05950964034538
"130933",-1.27111612702912,8.80798136079191
"188703",-0.211104091768088,7.76593563121326
"176494",-2.73537004014394,7.98153129940195
"311245",-2.16044825830745,5.54709687943805
"73118",-2.73537004014394,9.85002709037055
"294098",0.067373646308964,5.86150722887988
"99063",-1.82807160318323,9.3829031426284
"137328",-1.86400421454801,8.69120037385637
"323808",-0.92077316622251,5.32251805840817
"120172",0.282969314497649,9.0056107232982
"237136",-2.66350481741438,6.88558665277613
"272165",-0.516531288368725,6.25676595389247
"35399",-2.2592629395606,10.5327467063014
"296026",-0.471615524162749,5.8255746175151
"23440",-2.53774067763765,10.7483423744901
"211259",-2.95994886117382,7.35271060051828
"176530",-2.41197653786092,7.98153129940195
"239163",-2.31316185660777,6.84965404141135
"309381",-1.04653730599924,5.58302949080283
"336098",-2.13349879978386,5.09793923737828
"176024",-2.49282491343167,7.99051445224314
"167114",-2.16943141114864,8.15221120338466
"16587",-1.59450962931215,10.8741065142668
"8138",-1.59450962931215,11.0268201125671
"255870",0.435682912797968,6.55320999765191
"25969",-2.14248195262506,10.7034266102841
"227715",-2.46587545490809,7.05626655675884
"126906",-1.72925692193008,8.87984658352147
"224354",-1.40586341964705,7.11914862664721
"137503",-0.291952467338845,8.69120037385637
"165123",-2.19638086967223,8.18814381474944
"105083",-1.32501504407629,9.27510530853406
"272685",-0.309918773021235,6.24778280105127
"79186",-1.80112214465964,9.74222925627621
"157828",-0.759076415080996,8.32289110736737
"115975",-1.70230746340649,9.07747594602776
"107941",-2.4389259963845,9.22120639148689
"120149",0.076356799150159,9.0056107232982
"253883",0.444666065639163,6.58914260901669
"164600",-2.42994284354331,8.19712696759063
"126848",-2.2502797867194,8.87984658352147
"269801",0.570430205415896,6.30168171809844
"99166",-0.902806860540119,9.3829031426284
"174557",-2.27722924524299,8.01746391076673
"162862",-0.184154633244502,8.23305957895541
"305312",-1.8819705202304,5.65489471353239
"109472",-2.07959988273669,9.1942569329633
"303427",-0.95670577758729,5.69082732489717
"209812",-2.56469013616123,7.37966005904187
"251181",-1.5046781009002,6.63405837322267
"305511",-0.0943231048325499,5.65489471353239
"308859",-1.27111612702912,5.59201264364402
"241260",-1.33399819691749,6.81372143004657
"177740",-0.471615524162749,7.96356499371956
"46369",-1.93586943727757,10.3351173437951
"299321",-2.12451564694267,5.76269254762673
"254696",-1.18128459861717,6.5711763033343
"222055",0.265003008815259,7.16406439085318
"123912",-1.83705475602442,8.93374550056864
"263454",-2.87011733276187,6.40947955219279
"279719",0.372800842909601,6.12201866127454
"311439",-0.417716607115578,5.54709687943805
"185260",0.11228941051494,7.82881770110163
"122664",0.345851384386016,8.96069495909223
"124511",-0.92077316622251,8.92476234772745
"127855",-2.13349879978386,8.86188027783908
"277479",-1.89095367307159,6.15795127263932
"177081",-1.92688628443637,7.97254814656075
"173149",-1.53162755942378,8.04441336929031
"106572",-1.34298134975868,9.24815585001047
"154659",-2.4389259963845,8.37679002441454
"261243",-0.408733454274382,6.45439531639876
"325667",-2.07959988273669,5.28658544704338
"273255",0.345851384386016,6.23879964821008
"261974",-2.77130265150872,6.43642901071637
"207330",-2.53774067763765,7.42457582324785
"178037",-2.26824609240179,7.95458184087836
"230780",-1.72027376908888,7.00236763971167
"187970",-2.33112816229016,7.77491878405446
"167259",-0.866874249175338,8.15221120338466
"150705",-2.24129663387821,8.4486552471441
"271452",-2.45689230206689,6.26574910673366
"157209",-1.85502106170681,8.33187426020856
"313438",-0.31890192586243,5.51116426807326
"195952",-2.0616335770543,7.63118833859533
"113016",-1.495694948059,9.13137486307494
"298796",-2.37604392649613,5.77167570046793
"305975",-0.390767148591992,5.64591156069119
"267044",-1.8729873673892,6.34659748230442
"155160",-2.40299338501972,8.36780687157334
"114516",-1.41484657248825,9.10442540455135
"15024",-2.24129663387821,10.9010559727904
"191886",-2.87011733276187,7.7030535613249
"197581",-0.821958484969362,7.60423888007175
"280454",-1.95383574295996,6.10405235559215
"21957",-2.46587545490809,10.7752918330137
"270204",-0.273986161656454,6.29269856525725
"244734",-1.37891396112347,6.7508393601582
"286640",0.0404241877853782,5.99625452149781
"167103",-2.26824609240179,8.15221120338466
"93571",-2.05265042421311,9.48171782388155
"141926",-0.741110109398605,8.61035199828561
"190205",-0.11228941051494,7.73898617268968
"159187",-1.94485259011876,8.29594164884378
"165606",-2.32214500944896,8.17916066190824
"254093",-2.13349879978386,6.58015945617549
"23492",-2.0706167298955,10.7483423744901
"151853",-0.857891096334143,8.43068894146171
"36841",-2.69943742877916,10.5057972477778
"288052",-0.669244886669044,5.96930506297422
"151694",-2.28621239808418,8.43068894146171
"309403",-0.848907943492948,5.58302949080283
"41806",-2.74435319298514,10.4159657193659
"203585",-0.462632371321554,7.49644104597741
"95592",-1.75620638045366,9.44578521251677
"245204",-1.62145908783574,6.74185620731701
"155870",-0.48958182984514,8.35882371873215
"208024",-0.768059567922191,7.41559267040665
"201436",-1.90891997875398,7.53237365734219
"134506",-0.426699759956773,8.74509929090354
"156368",-0.480598677003944,8.34984056589095
"209907",-1.71129061624769,7.37966005904187
"313916",-0.48958182984514,5.50218111523207
"301473",-0.651278580986653,5.72675993626195
"182466",-2.66350481741438,7.87373346530761
"337076",-2.27722924524299,5.07997293169589
"90558",-2.33112816229016,9.53561674092872
"128917",-1.52264440658259,8.84391397215669
"255648",-1.55857701794737,6.55320999765191
"21602",-1.19026775145837,10.7842749858549
"149205",-2.32214500944896,8.47560470566768
"267129",-1.10941937588761,6.34659748230442
"191166",-0.408733454274382,7.72101986700729
"17990",-2.38502707933733,10.8471570557432
"178038",-2.2592629395606,7.95458184087836
"183038",-1.98976835432474,7.86475031246641
"212363",-1.97180204864235,7.33474429483589
"281622",-0.390767148591992,6.08608604990976
"157350",-0.588396511098287,8.33187426020856
"127074",-0.220087244609283,8.87984658352147
"156676",-2.17841456398984,8.34085741304976
"102068",-1.62145908783574,9.32900422558123
"188758",0.282969314497649,7.76593563121326
"209085",-0.166188327562112,7.39762636472426
"305992",-0.238053550291673,5.64591156069119
"98113",-1.43281287817064,9.40086944831079
"92680",-1.12738568157,9.49968412956394
"322730",-1.67535800488291,5.34048436409056
"28094",-0.911790013381315,10.6674939989193
"82639",-2.03468411853072,9.67934718638784
"251233",-1.03755415315805,6.63405837322267
"300449",-0.92077316622251,5.74472624194434
"241629",-2.48384176059048,6.80473827720538
"26563",-1.27111612702912,10.6944434574429
"114986",-1.65739169920052,9.09544225171016
"17577",-1.63044224067693,10.8561402085844
"267502",-2.22333032819582,6.33761432946322
"17629",-1.16331829293478,10.8561402085844
"55331",-1.79213899181845,10.1734205926536
"267014",-2.14248195262506,6.34659748230442
"20447",-2.6365553588908,10.8022412915372
"158822",-0.759076415080996,8.30492480168498
"187929",-2.69943742877916,7.77491878405446
"115481",-1.67535800488291,9.08645909886896
"114630",-0.390767148591992,9.10442540455135
"313302",-1.54061071226498,5.51116426807326
"224775",-2.08858303557789,7.11016547380601
"70671",-2.39401023217853,9.89494285457653
"331128",-2.13349879978386,5.18777076579024
"261563",-1.99875150716594,6.44541216355757
"187201",-0.309918773021235,7.79288508973685
"242189",-1.91790313159518,6.79575512436418
"207799",-2.78926895719111,7.41559267040665
"126432",-1.52264440658259,8.88882973636267
"177581",-1.89993682591279,7.96356499371956
"92523",-2.53774067763765,9.49968412956394
"124453",-1.44179603101183,8.92476234772745
"299890",-1.47772864237661,5.75370939478554
"253648",-1.66637485204171,6.58914260901669
"243287",-0.983655236110876,6.77778881868179
"164113",-2.34011131513135,8.20611012043183
"164666",-1.83705475602442,8.19712696759063
"301984",-0.52551444120992,5.71777678342075
"162154",-2.07959988273669,8.24204273179661
"203867",-2.39401023217853,7.48745789313621
"152676",-2.39401023217853,8.41272263577932
"209369",-2.07959988273669,7.38864321188306
"255021",-2.72638688730275,6.5621931504931
"18631",-1.09145307020522,10.838173902902
"59704",-2.69045427593797,10.0925722170828
"191469",-2.15146510546625,7.71203671416609
"132308",-2.31316185660777,8.78103190226832
"173320",0.00449157642059728,8.04441336929031
"307843",-1.46874548953542,5.60997894932641
"82074",-2.64553851173199,9.68833033922904
"25455",-2.29519555092538,10.7124097631253
"258839",0.31890192586243,6.49931108060474
"131878",-1.71129061624769,8.79001505510952
"292575",-0.220087244609283,5.88845668740346
"119593",-0.453649218480359,9.0145938761394
"189216",-0.0673736463089645,7.75695247837207
"114665",-0.0763567991501595,9.10442540455135
"88168",-1.47772864237661,9.5805325051347
"264441",-2.93299940265024,6.3915132465104
"113617",-0.561447052574701,9.12239171023374
"181202",-0.624329122463068,7.90068292383119
"210169",0.642295428145458,7.37966005904187
"241223",-1.66637485204171,6.81372143004657
"104560",-1.55857701794737,9.28408846137526
"267405",-3.09469615379175,6.33761432946322
"17580",-1.60349278215335,10.8561402085844
"243132",-2.37604392649613,6.77778881868179
"167099",-2.30417870376657,8.15221120338466
"327785",-0.911790013381315,5.2506528356786
"292079",-0.211104091768088,5.89743984024466
"97585",-1.71129061624769,9.40985260115199
"296415",-1.44179603101183,5.8165914646739
"161367",-0.220087244609283,8.260009037479
"164172",-1.81010529750084,8.20611012043183
"252659",-1.62145908783574,6.60710891469908
"324191",-1.94485259011876,5.31353490556697
"133382",-1.59450962931215,8.76306559658593
"28103",-0.830941637810557,10.6674939989193
"269407",-2.96893201401502,6.30168171809844
"325197",-1.83705475602442,5.29556859988458
"279440",-2.13349879978386,6.12201866127454
"270728",-0.0314410349441836,6.28371541241605
"35559",-0.821958484969362,10.5327467063014
"103014",-2.05265042421311,9.31103791989884
"127139",0.363817690068406,8.87984658352147
"228955",-0.256019855974064,7.03830025107645
"180032",-2.20536402251343,7.91864922951358
"75633",-2.46587545490809,9.80511132616458
"112001",-1.6843411577241,9.14934116875733
"197119",-0.50754813552753,7.61322203291294
"216333",-2.02570096568952,7.26287907210633
"89159",-1.5046781009002,9.56256619945231
"107942",-2.42994284354331,9.22120639148689
"173308",-0.103306257673745,8.04441336929031
"183216",-0.390767148591992,7.86475031246641
"263840",0.597379663939482,6.40947955219279
"115463",-1.83705475602442,9.08645909886896
"166337",-0.220087244609283,8.17017750906705
"286172",0.30093562018004,6.005237674339
"122424",-1.81010529750084,8.96069495909223
"117654",-0.0134747292617932,9.05052648750418
"35834",-2.8162184157147,10.5237635534602
"129503",-0.723143803716215,8.83493081931549
"78222",-1.53162755942378,9.7601955619586
"124431",-1.63942539351813,8.92476234772745
"284535",-1.01060469463446,6.03218713286259
"173542",-2.46587545490809,8.03543021644912
"245127",-2.31316185660777,6.74185620731701
"276443",-2.26824609240179,6.17591757832171
"110253",0.471615524162749,9.18527378012211
"56721",-2.69943742877916,10.14647113413
"270035",-1.79213899181845,6.29269856525725
"181466",-2.71740373446155,7.89169977099
"237165",-2.40299338501972,6.88558665277613
"267042",-1.89095367307159,6.34659748230442
"12632",-1.40586341964705,10.9459717369964
"244073",-2.85215102707948,6.7598225129994
"107533",-1.63942539351813,9.23018954432808
"187919",-2.78926895719111,7.77491878405446
"247194",-1.60349278215335,6.70592359595223
"187034",-1.81010529750084,7.79288508973685
"186464",-2.46587545490809,7.80186824257804
"113995",-1.63044224067693,9.11340855739255
"185942",-2.69045427593797,7.81085139541924
"113904",-2.4479091492257,9.11340855739255
"52756",-2.60062274752601,10.2183363568596
"258361",0.489581829845139,6.50829423344593
"98588",-1.63044224067693,9.3918862954696
"186459",-2.51079121911406,7.80186824257804
"348520",-2.16044825830745,4.8733604163484
"147877",-0.857891096334143,8.50255416419127
"114041",-1.21721720998195,9.11340855739255
"234130",-2.87910048560307,6.9394855698233
"248710",-1.37891396112347,6.67897413742864
"169274",-0.624329122463068,8.11627859201988
"235676",-2.38502707933733,6.91253611129972
"194618",-0.651278580986653,7.65813779711892
"307490",-0.175171480403307,5.61896210216761
"172053",-2.4479091492257,8.06237967497271
"11204",-0.839924790651753,10.97292119552
"306513",-0.0224578821029882,5.63692840785
"77881",-0.130255716197331,9.7691787147998
"207431",-1.63044224067693,7.42457582324785
"99013",-2.27722924524299,9.3829031426284
"204378",-2.26824609240179,7.47847474029502
"261925",-3.21147714072729,6.43642901071637
"27046",-1.39688026680586,10.6854603046017
"327254",-1.21721720998195,5.2596359885198
"290308",-2.72638688730275,5.92438929876824
"308418",-0.768059567922191,5.60099579648522
"115427",-2.16044825830745,9.08645909886896
"132302",-2.36706077365494,8.78103190226832
"271051",-1.59450962931215,6.27473225957486
"185180",-0.606362816780677,7.82881770110163
"306993",-0.175171480403307,5.6279452550088
"100755",-0.0224578821029882,9.35595368410482
"170050",-2.58265644184362,8.09831228633749
"295463",-1.06450361168163,5.83455777035629
"114515",-1.42382972532944,9.10442540455135
"228821",-1.45976233669422,7.03830025107645
"291075",-0.30093562018004,5.91540614592705
"207338",-2.46587545490809,7.42457582324785
"324158",-2.24129663387821,5.31353490556697
"221064",0.291952467338844,7.18203069653558
"31542",-1.19026775145837,10.604611929031
"88583",-2.21434717535462,9.5715493522935
"137010",-0.256019855974064,8.70018352669757
"179504",-2.48384176059048,7.92763238235478
"283973",-1.59450962931215,6.04117028570378
"329635",-2.15146510546625,5.21472022431382
"240221",-1.73824007477127,6.83168773572896
"254209",-1.09145307020522,6.58015945617549
"248544",-2.87011733276187,6.67897413742864
"248551",-2.80723526287351,6.67897413742864
"120438",-1.79213899181845,8.99662757045701
"177538",-2.28621239808418,7.96356499371956
"70141",-2.69045427593797,9.90392600741773
"140850",-1.47772864237661,8.628318303968
"255503",-2.86113417992068,6.55320999765191
"78247",-1.3070487383939,9.7601955619586
"316894",-0.52551444120992,5.4482821981849
"187044",-1.72027376908888,7.79288508973685
"200919",-2.08858303557789,7.54135681018338
"261104",-1.65739169920052,6.45439531639876
"325709",-1.70230746340649,5.28658544704338
"112657",-0.256019855974064,9.14035801591613
"92605",-1.80112214465964,9.49968412956394
"319289",-1.33399819691749,5.40336643397892
"36374",-2.42994284354331,10.514780400619
"26470",-2.10654934126028,10.6944434574429
"24955",-2.32214500944896,10.7213929159665
"149416",-0.426699759956773,8.47560470566768
"240733",-1.60349278215335,6.82270458288777
"129406",-1.59450962931215,8.83493081931549
"228698",-2.56469013616123,7.03830025107645
"312370",-0.983655236110876,5.52913057375565
"204891",-2.12451564694267,7.46949158745382
"117956",-1.76518953329486,9.04154333466298
"240133",-2.52875752479645,6.83168773572896
"225269",-2.11553249410147,7.10118232096482
"303002",-0.309918773021235,5.69981047773836
"274482",-2.02570096568952,6.21185018968649
"126436",-1.48671179521781,8.88882973636267
"159317",-0.777042720763386,8.29594164884378
"260023",-2.4389259963845,6.47236162208115
"130929",-1.3070487383939,8.80798136079191
"254846",0.166188327562111,6.5711763033343
"17495",-2.36706077365494,10.8561402085844
"118351",-2.68147112309677,9.03256018182179
"274680",-0.247036703132868,6.21185018968649
"160128",-2.42095969070211,8.27797534316139
"247027",-3.10367930663295,6.70592359595223
"171228",-0.929756319063705,8.0803459806551
"321362",-0.570430205415896,5.36743382261414
"108031",-1.63044224067693,9.22120639148689
"135307",-2.16044825830745,8.72713298522115
"276912",-2.51977437195526,6.16693442548052
"250336",-0.166188327562112,6.65202467890506
"103734",-0.049407340626574,9.30205476705765
"296446",-1.16331829293478,5.8165914646739
"127911",-1.63044224067693,8.86188027783908
"309429",-0.615345969621873,5.58302949080283
"25470",-2.16044825830745,10.7124097631253
"175751",-0.480598677003944,7.99949760508434
"104786",0.471615524162749,9.28408846137526
"68674",-2.47485860774928,9.93087546594131
"243821",-0.651278580986653,6.76880566584059
"130429",-1.33399819691749,8.8169645136331
"136299",-2.17841456398984,8.70916667953876
"113927",-2.24129663387821,9.11340855739255
"131852",-1.94485259011876,8.79001505510952
"211876",-1.8819705202304,7.34372744767709
"11203",-0.848907943492948,10.97292119552
"155230",-1.77417268613606,8.36780687157334
"206316",-2.71740373446155,7.44254212893024
"333076",-2.49282491343167,5.15183815442546
"169624",-1.94485259011876,8.10729543917868
"172109",-1.94485259011876,8.06237967497271
"283335",-2.86113417992068,6.05015343854498
"181055",-1.94485259011876,7.90068292383119
"93628",-1.54061071226498,9.48171782388155
"120464",-1.55857701794737,8.99662757045701
"112005",-1.64840854635932,9.14934116875733
"168611",-2.11553249410147,8.12526174486107
"267134",-1.06450361168163,6.34659748230442
"231160",-2.77130265150872,6.99338448687048
"118468",-1.63044224067693,9.03256018182179
"25397",-2.8162184157147,10.7124097631253
"190500",-1.92688628443637,7.73000301984848
"218016",-0.30093562018004,7.23592961358275
"176035",-2.39401023217853,7.99051445224314
"124393",-1.98078520148355,8.92476234772745
"106039",-1.66637485204171,9.25713900285167
"301391",-1.38789711396466,5.72675993626195
"184045",-1.8729873673892,7.84678400678402
"113457",-1.99875150716594,9.12239171023374
"97644",-1.18128459861717,9.40985260115199
"189506",-1.92688628443637,7.74796932553087
"125917",-1.6843411577241,8.89781288920386
"116908",-2.2502797867194,9.05950964034538
"222569",0.417716607115577,7.15508123801199
"308880",-1.08246991736402,5.59201264364402
"169088",-2.29519555092538,8.11627859201988
"22514",-1.92688628443637,10.7663086801725
"282536",-1.10941937588761,6.06811974422737
"267467",-2.53774067763765,6.33761432946322
"118497",-1.36993080828227,9.03256018182179
"262605",-1.56756017078857,6.42744585787518
"102701",-0.399750301433187,9.32002107274004
"118170",0.157205174720916,9.04154333466298
"114457",-1.94485259011876,9.10442540455135
"90133",-1.6843411577241,9.54459989376992
"271399",-2.93299940265024,6.26574910673366
"342052",-2.22333032819582,4.99014140328394
"250121",-2.09756618841908,6.65202467890506
"189200",-0.211104091768088,7.75695247837207
"166627",-2.07959988273669,8.16119435622585
"42397",-1.89993682591279,10.4069825665247
"95606",-1.63044224067693,9.44578521251677
"52875",-1.53162755942378,10.2183363568596
"84237",-1.07348676452283,9.65239772786426
"150188",-2.42095969070211,8.4576383999853
"269271",0.273986161656454,6.31066487093964
"102049",-1.79213899181845,9.32900422558123
"116503",-1.42382972532944,9.06849279318657
"55319",-1.89993682591279,10.1734205926536
"192757",0.489581829845139,7.6940704084837
"296063",-0.139238869038526,5.8255746175151
"144783",-1.86400421454801,8.55645308123844
"42467",-1.27111612702912,10.4069825665247
"114026",-1.35196450259988,9.11340855739255
"92310",0.0134747292617927,9.50866728240513
"104173",-0.570430205415896,9.29307161421645
"301430",-1.03755415315805,5.72675993626195
"111906",-2.53774067763765,9.14934116875733
"233188",-2.41197653786092,6.95745187550569
"110992",-1.81908845034203,9.16730747443972
"115519",-1.33399819691749,9.08645909886896
"142520",0.13025571619733,8.60136884544442
"173083",-2.12451564694267,8.04441336929031
"129875",-1.84603790886562,8.8259476664743
"140330",-1.6843411577241,8.6373014568092
"182756",-0.058390493467769,7.87373346530761
"17601",-1.41484657248825,10.8561402085844
"133386",-1.55857701794737,8.76306559658593
"121985",-1.28908243271151,8.96967811193342
"216282",-2.48384176059048,7.26287907210633
"258539",-2.37604392649613,6.49931108060474
"247717",-1.36993080828227,6.69694044311103
"89160",-1.495694948059,9.56256619945231
"163606",-2.42994284354331,8.21509327327302
"226834",-1.45077918385303,7.07423286244123
"345567",-1.89993682591279,4.92725933339558
"15966",-2.70842058162036,10.883089667108
"169128",-1.93586943727757,8.11627859201988
"25036",-1.59450962931215,10.7213929159665
"256113",-1.84603790886562,6.54422684481071
"106528",-1.73824007477127,9.24815585001047
"331639",-2.00773466000713,5.17878761294904
"96570",-1.89993682591279,9.42781890683438
"184253",-0.00449157642059772,7.84678400678402
"209435",-1.48671179521781,7.38864321188306
"304011",-0.175171480403307,5.68184417205597
"281326",-3.04978038958578,6.08608604990976
"95127",-1.46874548953542,9.45476836535796
"91820",0.076356799150159,9.51765043524633
"33857",-2.71740373446155,10.559696164825
"175870",0.588396511098286,7.99949760508434
"122046",-0.741110109398605,8.96967811193342
"300071",0.148222021879721,5.75370939478554
"316755",-1.77417268613606,5.4482821981849
"301946",-0.866874249175338,5.71777678342075
"295501",-0.723143803716215,5.83455777035629
"136001",-0.390767148591992,8.71814983237996
"206664",0.408733454274382,7.44254212893024
"99070",-1.76518953329486,9.3829031426284
"125383",-2.01671781284833,8.90679604204506
"247852",-0.157205174720916,6.69694044311103
"29058",-1.18128459861717,10.6495276932369
"103667",-0.651278580986653,9.30205476705765
"274443",-2.37604392649613,6.21185018968649
"94342",0.408733454274382,9.47273467104035
"307845",-1.45077918385303,5.60997894932641
"137820",-1.90891997875398,8.68221722101518
"252490",-3.13961191799773,6.60710891469908
"65200",-2.42994284354331,9.99375753582968
"193928",-2.38502707933733,7.66712094996012
"182968",-2.61858905320841,7.86475031246641
"228457",-0.265003008815259,7.04728340391765
"312198",-2.52875752479645,5.52913057375565
"132881",-1.63044224067693,8.77204874942713
"298027",-0.354834537227211,5.78964200615032
"120057",-0.750093262239801,9.0056107232982
"318879",-0.552463899733506,5.41234958682012
"238271",-1.39688026680586,6.86762034709374
"310383",-0.974672083269681,5.56506318512044
"169371",0.247036703132868,8.11627859201988
"178067",-1.99875150716594,7.95458184087836
"178571",-1.93586943727757,7.94559868803717
"166095",-2.39401023217853,8.17017750906705
"277970",-1.94485259011876,6.14896811979813
"91101",-1.91790313159518,9.52663358808753
"269916",-2.86113417992068,6.29269856525725
"52892",-1.37891396112347,10.2183363568596
"202897",-2.17841456398984,7.5054241988186
"289367",-2.2502797867194,5.94235560445063
"187523",-1.8819705202304,7.78390193689565
"179493",-2.58265644184362,7.92763238235478
"29119",-0.633312275304263,10.6495276932369
"104436",-2.67248797025558,9.28408846137526
"143978",-0.166188327562112,8.57441938692083
"132391",-1.56756017078857,8.78103190226832
"113133",-0.444666065639163,9.13137486307494
"18661",-0.821958484969362,10.838173902902
"89147",-1.61247593499454,9.56256619945231
"18119",-1.22620036282315,10.8471570557432
"97794",0.166188327562111,9.40985260115199
"225336",-1.51366125374139,7.10118232096482
"264248",-0.202120938926893,6.40049639935159
"296023",-0.498564982686335,5.8255746175151
"99606",-1.41484657248825,9.37391998978721
"277046",-1.3160318912351,6.16693442548052
"200603",-0.462632371321554,7.55033996302458
"315260",-1.81010529750084,5.47523165670848
"78200",-1.72925692193008,9.7601955619586
"155183",-2.19638086967223,8.36780687157334
"99055",-1.89993682591279,9.3829031426284
"179222",-0.552463899733506,7.93661553519597
"209844",-2.27722924524299,7.37966005904187
"128071",-0.193137786085697,8.86188027783908
"158632",-2.46587545490809,8.30492480168498
"88742",-0.786025873604582,9.5715493522935
"265985",-2.45689230206689,6.36456378798681
"230265",-1.8819705202304,7.01135079255287
"102057",-1.72027376908888,9.32900422558123
"287948",-1.60349278215335,5.96930506297422
"239185",-2.11553249410147,6.84965404141135
"155209",-1.96281889580115,8.36780687157334
"153181",-2.32214500944896,8.40373948293812
"120665",0.247036703132868,8.99662757045701
"297892",-1.56756017078857,5.78964200615032
"294827",-2.31316185660777,5.84354092319749
"98509",-2.34011131513135,9.3918862954696
"119421",-1.99875150716594,9.0145938761394
"89181",-1.3070487383939,9.56256619945231
"73651",-2.41197653786092,9.84104393752936
"108999",-1.86400421454801,9.2032400858045
"311358",-1.14535198725239,5.54709687943805
"101182",-0.651278580986653,9.34697053126362
"171105",-2.03468411853072,8.0803459806551
"14691",-0.768059567922191,10.9100391256316
"78142",-2.2502797867194,9.7601955619586
"24458",-2.32214500944896,10.7303760688077
"240210",-1.83705475602442,6.83168773572896
"92141",-1.5046781009002,9.50866728240513
"240715",-1.76518953329486,6.82270458288777
"67952",-0.0314410349441836,9.9488417716237
"266139",-1.07348676452283,6.36456378798681
"239728",-1.70230746340649,6.84067088857016
"148930",-0.327885078703626,8.48458785850888
"303760",-2.42994284354331,5.68184417205597
"278933",-2.22333032819582,6.13100181411573
"315880",-0.705177498033824,5.46624850386729
"261072",-1.94485259011876,6.45439531639876
"249506",-3.15757822368012,6.66100783174625
"204116",-0.157205174720916,7.48745789313621
"95114",-1.58552647647096,9.45476836535796
"277230",0.336868231544821,6.16693442548052
"289081",-0.354834537227211,5.95133875729183
"282891",-2.38502707933733,6.05913659138617
"285689",0.426699759956773,6.0142208271802
"307317",-1.72925692193008,5.61896210216761
"295955",-1.10941937588761,5.8255746175151
"28908",-2.52875752479645,10.6495276932369
"332059",-2.69943742877916,5.16980446010785
"69681",-2.35807762081374,9.91290916025892
"87093",-2.20536402251343,9.59849881081709
"169342",-0.0134747292617932,8.11627859201988
"106510",-1.89993682591279,9.24815585001047
"89569",-2.28621239808418,9.55358304661111
"252686",-1.37891396112347,6.60710891469908
"117920",-2.08858303557789,9.04154333466298
"246668",-1.86400421454801,6.71490674879342
"251380",0.282969314497649,6.63405837322267
"214373",-1.77417268613606,7.29881168347111
"188456",-2.42994284354331,7.76593563121326
"314328",-1.25314982134673,5.49319796239087
"208603",-0.0314410349441836,7.40660951756545
"272671",-0.435682912797968,6.24778280105127
"13187",-0.884840554857729,10.9369885841552
"103119",-1.10941937588761,9.31103791989884
"273008",-1.8729873673892,6.23879964821008
"107962",-2.2502797867194,9.22120639148689
"325785",-1.01958784747566,5.28658544704338
"108511",-1.78315583897725,9.21222323864569
"153857",-0.71416065087502,8.39475633009693
"30879",-2.68147112309677,10.6135950818721
"111197",0.0224578821029877,9.16730747443972
"300534",-0.157205174720916,5.74472624194434
"56337",-1.6843411577241,10.1554542869712
"230174",-2.69943742877916,7.01135079255287
"132375",-1.71129061624769,8.78103190226832
"115494",-1.55857701794737,9.08645909886896
"276355",-3.05876354242697,6.17591757832171
"206163",0.372800842909601,7.45152528177143
"188430",-2.66350481741438,7.76593563121326
"233269",-1.6843411577241,6.95745187550569
"213847",-2.03468411853072,7.30779483631231
"54332",-1.83705475602442,10.191386898336
"188964",-2.33112816229016,7.75695247837207
"266313",0.489581829845139,6.36456378798681
"89732",-0.821958484969362,9.55358304661111
"205894",-2.04366727137191,7.45152528177143
"293834",-2.30417870376657,5.86150722887988
"240202",-1.90891997875398,6.83168773572896
"300025",-0.265003008815259,5.75370939478554
"123444",-1.57654332362976,8.94272865340984
"243273",-1.10941937588761,6.77778881868179
"216822",-2.09756618841908,7.25389591926514
"90124",-1.76518953329486,9.54459989376992
"30411",-2.42095969070211,10.6225782347133
"112137",-0.462632371321554,9.14934116875733
"183020",-2.15146510546625,7.86475031246641
"342027",-2.4479091492257,4.99014140328394
"310428",-0.570430205415896,5.56506318512044
"264286",0.139238869038526,6.40049639935159
"14678",-0.884840554857729,10.9100391256316
"111919",-2.42095969070211,9.14934116875733
"163134",-2.20536402251343,8.22407642611422
"252063",-2.51079121911406,6.61609206754028
"256874",0.52551444120992,6.53524369196952
"284837",-2.76231949866753,6.02320398002139
"154220",-1.91790313159518,8.38577317725573
"272148",-0.669244886669044,6.25676595389247
"258531",-2.4479091492257,6.49931108060474
"141248",-2.36706077365494,8.61933515112681
"175347",0.354834537227211,8.00848075792553
"246876",0.00449157642059728,6.71490674879342
"210917",-1.56756017078857,7.36169375335948
"126450",-1.36094765544108,8.88882973636267
"98744",-0.229070397450478,9.3918862954696
"307987",-0.175171480403307,5.60997894932641
"101510",-2.16943141114864,9.33798737842243
"312853",-1.10941937588761,5.52014742091446
"64189",-2.58265644184362,10.0117238415121
"257639",-1.53162755942378,6.51727738628713
"110193",-0.0673736463089645,9.18527378012211
"326744",-1.33399819691749,5.26861914136099
"110995",-1.79213899181845,9.16730747443972
"10999",-2.68147112309677,10.97292119552
"280673",0.0134747292617927,6.10405235559215
"258749",-0.48958182984514,6.49931108060474
"294404",-1.64840854635932,5.85252407603868
"189982",-2.11553249410147,7.73898617268968
"119957",-1.64840854635932,9.0056107232982
"232229",-2.09756618841908,6.97541818118808
"106022",-1.81908845034203,9.25713900285167
"242170",-2.08858303557789,6.79575512436418
"153866",-0.633312275304263,8.39475633009693
"112706",0.184154633244502,9.14035801591613
"123541",-0.705177498033824,8.94272865340984
"98631",-1.24416666850554,9.3918862954696
"289910",-1.83705475602442,5.93337245160944
"120460",-1.59450962931215,8.99662757045701
"276459",-2.12451564694267,6.17591757832171
"303474",-0.534497594051115,5.69082732489717
"244093",-2.67248797025558,6.7598225129994
"305452",-0.624329122463068,5.65489471353239
"244235",-1.39688026680586,6.7598225129994
"254199",-1.18128459861717,6.58015945617549
"134815",-2.11553249410147,8.73611613806235
"215853",-1.8729873673892,7.27186222494753
"245237",-1.32501504407629,6.74185620731701
"332136",-2.00773466000713,5.16980446010785
"169556",-2.55570698332004,8.10729543917868
"112524",-1.45077918385303,9.14035801591613
"258476",-2.94198255549143,6.49931108060474
"214776",-2.61858905320841,7.28982853062992
"179039",-2.19638086967223,7.93661553519597
"196458",-1.98078520148355,7.62220518575414
"316904",-0.435682912797968,5.4482821981849
"279910",-2.37604392649613,6.11303550843334
"288098",-0.256019855974064,5.96930506297422
"248285",-0.73212695655741,6.68795729026984
"34364",-2.6275722060496,10.5507130119838
"254986",-3.04079723674458,6.5621931504931
"240226",-1.6933243105653,6.83168773572896
"112414",-2.4389259963845,9.14035801591613
"302963",-0.660261733827848,5.69981047773836
"289647",0.265003008815259,5.94235560445063
"272020",-1.81908845034203,6.25676595389247
"194959",-2.05265042421311,7.64915464427773
"19505",-2.16943141114864,10.8202075972196
"91752",-0.534497594051115,9.51765043524633
"116003",-1.45077918385303,9.07747594602776
"96604",-1.59450962931215,9.42781890683438
"135953",-0.821958484969362,8.71814983237996
"314701",-2.36706077365494,5.48421480954968
"202404",-2.14248195262506,7.5144073516598
"112991",-1.72027376908888,9.13137486307494
"268571",-1.54959386510617,6.31964802378083
"170076",-2.34909446797255,8.09831228633749
"224795",-1.90891997875398,7.11016547380601
"12210",-0.73212695655741,10.9549548898376
"164120",-2.27722924524299,8.20611012043183
"289465",-1.36993080828227,5.94235560445063
"99581",-1.63942539351813,9.37391998978721
"232265",-1.77417268613606,6.97541818118808
"223836",-1.59450962931215,7.1281317794884
"160642",-2.26824609240179,8.2689921903202
"235668",-2.45689230206689,6.91253611129972
"304928",-0.866874249175338,5.66387786637358
"159650",-2.2502797867194,8.28695849600259
"15994",-2.45689230206689,10.883089667108
"111008",-1.67535800488291,9.16730747443972
"313892",-0.705177498033824,5.50218111523207
"146450",-0.282969314497649,8.52950362271486
"213862",-1.89993682591279,7.30779483631231
"259084",-1.94485259011876,6.49032792776354
"98813",0.390767148591992,9.3918862954696
"344536",-2.23231348103701,4.94522563907797
"122015",-1.01958784747566,8.96967811193342
"347519",-2.22333032819582,4.89132672203079
"106034",-1.71129061624769,9.25713900285167
"251639",-1.85502106170681,6.62507522038147
"216415",-1.28908243271151,7.26287907210633
"105605",-1.10043622304641,9.26612215569286
"118475",-1.56756017078857,9.03256018182179
"157139",-2.48384176059048,8.33187426020856
"291060",-0.435682912797968,5.91540614592705
"149246",-1.95383574295996,8.47560470566768
"94279",-0.157205174720916,9.47273467104035
"261695",-0.812975332128167,6.44541216355757
"120949",-1.66637485204171,8.98764441761581
"182230",-0.31890192586243,7.8827166181488
"261041",-2.22333032819582,6.45439531639876
"175069",-2.14248195262506,8.00848075792553
"256639",-1.58552647647096,6.53524369196952
"325668",-2.0706167298955,5.28658544704338
"291092",-0.148222021879721,5.91540614592705
"206379",-2.15146510546625,7.44254212893024
"44993",-0.902806860540119,10.3620668023187
"263988",-2.53774067763765,6.40049639935159
"307445",-0.579413358257092,5.61896210216761
"245121",-2.36706077365494,6.74185620731701
"302995",-0.372800842909601,5.69981047773836
"153680",-2.30417870376657,8.39475633009693
"255841",0.175171480403307,6.55320999765191
"196587",-0.821958484969362,7.62220518575414
"250137",-1.95383574295996,6.65202467890506
"180507",-2.40299338501972,7.90966607667239
"105534",-1.73824007477127,9.26612215569286
"22060",-1.54061071226498,10.7752918330137
"206895",-1.98078520148355,7.43355897608904
"24051",-1.51366125374139,10.7393592216489
"116512",-1.34298134975868,9.06849279318657
"105067",-1.46874548953542,9.27510530853406
"306974",-0.345851384386016,5.6279452550088
"127436",-1.43281287817064,8.87086343068028
"264779",0.103306257673745,6.3915132465104
"183999",-2.28621239808418,7.84678400678402
"169333",-0.0943231048325499,8.11627859201988
"207407",-1.84603790886562,7.42457582324785
"199850",-2.76231949866753,7.55932311586577
"314706",-2.32214500944896,5.48421480954968
"183490",-2.39401023217853,7.85576715962522
"188735",0.076356799150159,7.76593563121326
"240772",-1.25314982134673,6.82270458288777
"140821",-1.73824007477127,8.628318303968
"315729",-2.0616335770543,5.46624850386729
"153781",-1.39688026680586,8.39475633009693
"109653",-0.453649218480359,9.1942569329633
"245748",-1.19925090429956,6.73287305447581
"204946",-1.63044224067693,7.46949158745382
"53883",-1.40586341964705,10.2003700511772
"180260",-0.157205174720916,7.91864922951358
"129495",-0.795009026445777,8.83493081931549
"137470",-0.588396511098287,8.69120037385637
"147938",-0.309918773021235,8.50255416419127
"183519",-2.13349879978386,7.85576715962522
"173806",-0.0943231048325499,8.03543021644912
"293588",-0.049407340626574,5.87049038172107
"112413",-2.4479091492257,9.14035801591613
"260020",-2.46587545490809,6.47236162208115
"130631",0.480598677003944,8.8169645136331
"303384",-1.34298134975868,5.69082732489717
"203392",-2.19638086967223,7.49644104597741
"102764",0.166188327562111,9.32002107274004
"243193",-1.82807160318323,6.77778881868179
"9135",-1.56756017078857,11.0088538068847
"140319",-1.78315583897725,8.6373014568092
"261568",-1.95383574295996,6.44541216355757
"13110",-1.57654332362976,10.9369885841552
"139253",-2.42994284354331,8.65526776249159
"170548",-2.57367328900243,8.08932913349629
"125515",-0.830941637810557,8.90679604204506
"233438",-0.166188327562112,6.95745187550569
"93681",-1.06450361168163,9.48171782388155
"264483",-2.55570698332004,6.3915132465104
"249176",-1.65739169920052,6.66999098458745
"228255",-2.07959988273669,7.04728340391765
"113629",-0.453649218480359,9.12239171023374
"248231",-1.21721720998195,6.68795729026984
"215879",-1.63942539351813,7.27186222494753
"181073",-1.78315583897725,7.90068292383119
"310929",-0.534497594051115,5.55608003227924
"196457",-1.98976835432474,7.62220518575414
"128323",-2.39401023217853,8.85289712499788
"225726",-2.47485860774928,7.09219916812362
"286625",-0.0943231048325499,5.99625452149781
"46771",-2.78926895719111,10.3261341909539
"125932",-1.54959386510617,8.89781288920386
"254542",-2.56469013616123,6.5711763033343
"241126",-2.53774067763765,6.81372143004657
"31375",-2.69045427593797,10.604611929031
"264235",-0.31890192586243,6.40049639935159
"271926",-2.66350481741438,6.25676595389247
"25908",-2.69045427593797,10.7034266102841
"125424",-1.64840854635932,8.90679604204506
"269757",0.175171480403307,6.30168171809844
"203574",-0.561447052574701,7.49644104597741
"115903",-2.34909446797255,9.07747594602776
"139934",-0.777042720763386,8.64628460965039
"44397",-1.79213899181845,10.3710499551599
"118584",-0.588396511098287,9.03256018182179
"110540",-1.41484657248825,9.17629062728091
"211873",-1.90891997875398,7.34372744767709
"14014",-2.38502707933733,10.9190222784728
"102088",-1.44179603101183,9.32900422558123
"214139",0.588396511098286,7.30779483631231
"270686",-0.408733454274382,6.28371541241605
"272658",-0.552463899733506,6.24778280105127
"205827",-2.64553851173199,7.45152528177143
"48404",-1.51366125374139,10.2991847324303
"199604",-0.50754813552753,7.56830626870697
"267408",-3.06774669526817,6.33761432946322
"158663",-2.18739771683104,8.30492480168498
"100541",-1.94485259011876,9.35595368410482
"292096",-0.058390493467769,5.89743984024466
"228725",-2.32214500944896,7.03830025107645
"285009",-1.21721720998195,6.02320398002139
"93354",0.462632371321554,9.49070097672275
"270606",-1.12738568157,6.28371541241605
"170126",-1.89993682591279,8.09831228633749
"265421",-3.05876354242697,6.373546940828
"99729",-0.309918773021235,9.37391998978721
"19651",-0.857891096334143,10.8202075972196
"165134",-2.09756618841908,8.18814381474944
"261977",-2.74435319298514,6.43642901071637
"92549",-2.30417870376657,9.49968412956394
"307967",-0.354834537227211,5.60997894932641
"301462",-0.750093262239801,5.72675993626195
"96214",-0.633312275304263,9.43680205967557
"101476",-2.47485860774928,9.33798737842243
"277668",-0.193137786085697,6.15795127263932
"267401",-3.13062876515653,6.33761432946322
"121475",-1.40586341964705,8.97866126477462
"255649",-1.54959386510617,6.55320999765191
"80690",-1.6843411577241,9.71527979775263
"272980",-2.12451564694267,6.23879964821008
"325186",-1.93586943727757,5.29556859988458
"264790",0.202120938926892,6.3915132465104
"228218",-2.41197653786092,7.04728340391765
"16503",-2.34909446797255,10.8741065142668
"271999",-2.00773466000713,6.25676595389247
"291069",-0.354834537227211,5.91540614592705
"293819",-2.4389259963845,5.86150722887988
"104702",-0.282969314497649,9.28408846137526
"226321",-1.59450962931215,7.08321601528243
"96535",-2.21434717535462,9.42781890683438
"208406",-1.80112214465964,7.40660951756545
"124894",-1.94485259011876,8.91577919488625
"88700",-1.16331829293478,9.5715493522935
"233316",-1.26213297418793,6.95745187550569
"250624",-2.04366727137191,6.64304152606386
"122465",-1.44179603101183,8.96069495909223
"126379",-1.99875150716594,8.88882973636267
"302407",-1.19026775145837,5.70879363057956
"91633",-1.60349278215335,9.51765043524633
"120191",0.453649218480358,9.0056107232982
"49263",-2.72638688730275,10.2812184267479
"113555",-1.1184025287288,9.12239171023374
"272676",-0.390767148591992,6.24778280105127
"139351",-1.54959386510617,8.65526776249159
"280610",-0.552463899733506,6.10405235559215
"269927",-2.76231949866753,6.29269856525725
"280114",-0.543480746892311,6.11303550843334
"137321",-1.92688628443637,8.69120037385637
"264946",-2.86113417992068,6.3825300936692
"294051",-0.354834537227211,5.86150722887988
"145220",-2.40299338501972,8.54746992839725
"113425",-2.28621239808418,9.12239171023374
"96830",0.435682912797968,9.42781890683438
"87198",-1.26213297418793,9.59849881081709
"44400",-1.76518953329486,10.3710499551599
"21455",-2.51079121911406,10.7842749858549
"279865",-2.78028580434992,6.11303550843334
"129359",-2.01671781284833,8.83493081931549
"172107",-1.96281889580115,8.06237967497271
"201954",-1.72027376908888,7.52339050450099
"257855",0.408733454274382,6.51727738628713
"194919",-2.41197653786092,7.64915464427773
"246555",-2.87910048560307,6.71490674879342
"112182",-0.058390493467769,9.14934116875733
"10014",-2.60062274752601,10.9908875012023
"110035",-1.48671179521781,9.18527378012211
"226227",-2.4389259963845,7.08321601528243
"260050",-2.19638086967223,6.47236162208115
"103578",-1.45077918385303,9.30205476705765
"191235",0.211104091768088,7.72101986700729
"129426",-1.41484657248825,8.83493081931549
"330240",-1.18128459861717,5.20573707147263
"175259",-0.435682912797968,8.00848075792553
"304488",-0.354834537227211,5.67286101921478
"192947",-2.26824609240179,7.68508725564251
"149270",-1.73824007477127,8.47560470566768
"197852",-2.85215102707948,7.59525572723055
"112002",-1.67535800488291,9.14934116875733
"116994",-1.47772864237661,9.05950964034538
"194440",-2.2502797867194,7.65813779711892
"251329",-0.175171480403307,6.63405837322267
"171135",-1.76518953329486,8.0803459806551
"212334",-2.23231348103701,7.33474429483589
"247415",0.381783995750796,6.70592359595223
"140826",-1.6933243105653,8.628318303968
"104538",-1.75620638045366,9.28408846137526
"129133",0.417716607115577,8.84391397215669
"17004",-2.31316185660777,10.8651233614256
"174031",-2.53774067763765,8.02644706360793
"235282",-1.45976233669422,6.92151926414091
"268901",-3.04978038958578,6.31066487093964
"184513",-2.13349879978386,7.83780085394283
"125541",-0.597379663939482,8.90679604204506
"258584",-1.97180204864235,6.49931108060474
"108016",-1.76518953329486,9.22120639148689
"328658",-1.99875150716594,5.23268652999621
"118987",-1.43281287817064,9.02357702898059
"100048",-1.90891997875398,9.36493683694601
"113491",-1.6933243105653,9.12239171023374
"106073",-1.36094765544108,9.25713900285167
"309266",-2.07959988273669,5.58302949080283
"312323",-1.40586341964705,5.52913057375565
"308351",-1.36993080828227,5.60099579648522
"21949",-2.53774067763765,10.7752918330137
"186629",-0.983655236110876,7.80186824257804
"217508",-0.399750301433187,7.24491276642394
"177577",-1.93586943727757,7.96356499371956
"253907",0.660261733827848,6.58914260901669
"198423",-2.18739771683104,7.58627257438936
"202824",-2.83418472139709,7.5054241988186
"299075",0.13025571619733,5.77167570046793
"134473",-0.723143803716215,8.74509929090354
"178722",-0.579413358257092,7.94559868803717
"335663",-1.57654332362976,5.10692239021948
"142421",-0.759076415080996,8.60136884544442
"112717",0.282969314497649,9.14035801591613
"153663",-2.45689230206689,8.39475633009693
"278133",-0.480598677003944,6.14896811979813
"321668",-2.28621239808418,5.35845066977295
"182530",-2.08858303557789,7.87373346530761
"19462",-2.55570698332004,10.8202075972196
"126448",-1.37891396112347,8.88882973636267
"281649",-0.148222021879721,6.08608604990976
"304971",-0.480598677003944,5.66387786637358
"145447",-0.363817690068406,8.54746992839725
"306997",-0.139238869038526,5.6279452550088
"199430",-2.0706167298955,7.56830626870697
"51825",-2.03468411853072,10.2363026625419
"264116",-1.38789711396466,6.40049639935159
"120452",-1.66637485204171,8.99662757045701
"97119",-1.43281287817064,9.41883575399318
"301291",-2.28621239808418,5.72675993626195
"98091",-1.63044224067693,9.40086944831079
"296649",0.660261733827848,5.8165914646739
"83689",-1.53162755942378,9.66138088070545
"261334",0.408733454274382,6.45439531639876
"153247",-1.72925692193008,8.40373948293812
"292455",-1.29806558555271,5.88845668740346
"114906",-2.37604392649613,9.09544225171016
"254903",0.678228039510238,6.5711763033343
"277116",-0.687211192351434,6.16693442548052
"36538",-0.95670577758729,10.514780400619
"124940",-1.53162755942378,8.91577919488625
"218277",-2.42095969070211,7.22694646074155
"270491",-2.16044825830745,6.28371541241605
"292843",-2.27722924524299,5.87947353456227
"229727",-2.2502797867194,7.02033394539406
"104568",-1.48671179521781,9.28408846137526
"258986",-2.8252015685559,6.49032792776354
"73147",-2.47485860774928,9.85002709037055
"127909",-1.64840854635932,8.86188027783908
"197925",-2.19638086967223,7.59525572723055
"297451",-1.06450361168163,5.79862515899151
"343083",-1.89095367307159,4.97217509760155
"300889",-1.43281287817064,5.73574308910314
"262118",-1.47772864237661,6.43642901071637
"191680",-0.256019855974064,7.71203671416609
"94677",-1.04653730599924,9.46375151819916
"210337",-2.31316185660777,7.37067690620067
"137973",-0.534497594051115,8.68221722101518
"48906",-1.46874548953542,10.2902015795891
"248187",-1.61247593499454,6.68795729026984
"237269",-1.46874548953542,6.88558665277613
"117441",-1.92688628443637,9.05052648750418
"92530",-2.47485860774928,9.49968412956394
"102575",-1.53162755942378,9.32002107274004
"256073",-2.20536402251343,6.54422684481071
"17673",-0.768059567922191,10.8561402085844
"197908",-2.34909446797255,7.59525572723055
"214267",-2.72638688730275,7.29881168347111
"44925",-1.51366125374139,10.3620668023187
"208334",-2.4479091492257,7.40660951756545
"12174",-1.05552045884044,10.9549548898376
"294523",-0.579413358257092,5.85252407603868
"251193",-1.39688026680586,6.63405837322267
"176274",-0.247036703132868,7.99051445224314
"112526",-1.43281287817064,9.14035801591613
"18620",-1.19026775145837,10.838173902902
"105063",-1.5046781009002,9.27510530853406
"106090",-1.20823405714076,9.25713900285167
"192887",-2.80723526287351,7.68508725564251
"131372",-1.79213899181845,8.79899820795071
"12579",-1.8819705202304,10.9459717369964
"248394",0.247036703132868,6.68795729026984
"85560",-2.58265644184362,9.62544826934067
"144332",-1.45077918385303,8.56543623407964
"140566",0.435682912797968,8.6373014568092
"295589",0.067373646308964,5.83455777035629
"131965",-0.929756319063705,8.79001505510952
"12553",-2.11553249410147,10.9459717369964
"200415",-2.15146510546625,7.55033996302458
"199419",-2.16943141114864,7.56830626870697
"125446",-1.45077918385303,8.90679604204506
"309915",-0.71416065087502,5.57404633796163
"305866",-1.36993080828227,5.64591156069119
"202368",-2.46587545490809,7.5144073516598
"269241",0.00449157642059728,6.31066487093964
"104531",-1.81908845034203,9.28408846137526
"239351",-0.624329122463068,6.84965404141135
"250676",-1.57654332362976,6.64304152606386
"116989",-1.52264440658259,9.05950964034538
"139557",0.30093562018004,8.65526776249159
"179035",-2.23231348103701,7.93661553519597
"28089",-0.95670577758729,10.6674939989193
"258988",-2.80723526287351,6.49032792776354
"153899",-0.336868231544821,8.39475633009693
"235592",-3.13961191799773,6.91253611129972
"39389",-2.13349879978386,10.4608814835718
"122001",-1.14535198725239,8.96967811193342
"28093",-0.92077316622251,10.6674939989193
"26610",-0.848907943492948,10.6944434574429
"155838",-0.777042720763386,8.35882371873215
"303481",-0.471615524162749,5.69082732489717
"97629",-1.3160318912351,9.40985260115199
"301474",-0.642295428145458,5.72675993626195
"94607",-1.67535800488291,9.46375151819916
"96090",-1.74722322761247,9.43680205967557
"122016",-1.01060469463446,8.96967811193342
"133414",-1.3070487383939,8.76306559658593
"181502",-2.39401023217853,7.89169977099
"111136",-0.52551444120992,9.16730747443972
"57329",-1.70230746340649,10.1374879812888
"172084",-2.16943141114864,8.06237967497271
"185953",-2.59163959468482,7.81085139541924
"128415",-1.56756017078857,8.85289712499788
"92717",-0.795009026445777,9.49968412956394
"328622",-2.32214500944896,5.23268652999621
"258138",-1.51366125374139,6.50829423344593
"283824",-2.93299940265024,6.04117028570378
"186707",-0.282969314497649,7.80186824257804
"278352",-2.97791516685621,6.13998496695693
"100065",-1.75620638045366,9.36493683694601
"188000",-2.0616335770543,7.77491878405446
"131910",-1.42382972532944,8.79001505510952
"34060",-0.893823707698924,10.559696164825
"201966",-1.61247593499454,7.52339050450099
"51280",-2.46587545490809,10.2452858153831
"298799",-2.34909446797255,5.77167570046793
"322845",-0.642295428145458,5.34048436409056
"41824",-2.58265644184362,10.4159657193659
"45901",-1.67535800488291,10.3441004966363
"29412",-2.46587545490809,10.6405445403957
"169661",-1.61247593499454,8.10729543917868
"185524",-1.98078520148355,7.81983454826043
"308952",-0.435682912797968,5.59201264364402
"27596",-0.92077316622251,10.6764771517605
"252529",-2.78926895719111,6.60710891469908
"195423",-2.34909446797255,7.64017149143653
"288476",-1.32501504407629,5.96032191013303
"170599",-2.11553249410147,8.08932913349629
"252135",-1.86400421454801,6.61609206754028
"285151",0.0583904934677686,6.02320398002139
"209436",-1.47772864237661,7.38864321188306
"89656",-1.5046781009002,9.55358304661111
"30884",-2.6365553588908,10.6135950818721
"168139",-1.89095367307159,8.13424489770227
"106459",-2.35807762081374,9.24815585001047
"18610",-1.28009927987032,10.838173902902
"222001",-0.220087244609283,7.16406439085318
"109033",-1.55857701794737,9.2032400858045
"276222",0.211104091768088,6.18490073116291
"190399",-2.83418472139709,7.73000301984848
"10134",-1.52264440658259,10.9908875012023
"151873",-0.678228039510239,8.43068894146171
"291135",0.238053550291673,5.91540614592705
"109258",0.462632371321554,9.2032400858045
"208606",-0.00449157642059772,7.40660951756545
"59705",-2.68147112309677,10.0925722170828
"185455",-2.60062274752601,7.81983454826043
"118940",-1.85502106170681,9.02357702898059
"237751",-1.60349278215335,6.87660349993494
"127947",-1.3070487383939,8.86188027783908
"103035",-1.86400421454801,9.31103791989884
"187702",-0.273986161656454,7.78390193689565
"98666",-0.929756319063705,9.3918862954696
"190169",-0.435682912797968,7.73898617268968
"177615",-1.59450962931215,7.96356499371956
"26942",-2.33112816229016,10.6854603046017
"183994",-2.33112816229016,7.84678400678402
"261840",0.489581829845139,6.44541216355757
"115866",-2.68147112309677,9.07747594602776
"318337",-0.95670577758729,5.42133273966131
"168308",-0.372800842909601,8.13424489770227
"346060",-1.93586943727757,4.91827618055438
"324282",-1.12738568157,5.31353490556697
"123562",-0.516531288368725,8.94272865340984
"223830",-1.64840854635932,7.1281317794884
"310472",-0.175171480403307,5.56506318512044
"266704",-0.462632371321554,6.35558063514561
"306489",-0.238053550291673,5.63692840785
"227273",-1.97180204864235,7.06524970960004
"156863",-0.498564982686335,8.34085741304976
"135887",-1.41484657248825,8.71814983237996
"262662",-1.05552045884044,6.42744585787518
"16659",-0.947722624746095,10.8741065142668
"77222",-1.58552647647096,9.77816186764099
"124912",-1.78315583897725,8.91577919488625
"191652",-0.50754813552753,7.71203671416609
"264510",-2.31316185660777,6.3915132465104
"80154",-2.03468411853072,9.72426295059382
"123969",-1.32501504407629,8.93374550056864
"82700",-1.48671179521781,9.67934718638784
"190929",-2.53774067763765,7.72101986700729
"212326",-2.30417870376657,7.33474429483589
"88654",-1.57654332362976,9.5715493522935
"181059",-1.90891997875398,7.90068292383119
"175125",-1.63942539351813,8.00848075792553
"235745",-1.76518953329486,6.91253611129972
"95588",-1.79213899181845,9.44578521251677
"230962",-0.0853399519913549,7.00236763971167
"38820",-2.78028580434992,10.469864636413
"291969",-1.19925090429956,5.89743984024466
"114996",-1.56756017078857,9.09544225171016
"27427",-2.4389259963845,10.6764771517605
"21486",-2.23231348103701,10.7842749858549
"67166",-2.6275722060496,9.9578249244649
"315236",-2.02570096568952,5.47523165670848
"272248",0.229070397450478,6.25676595389247
"112898",-2.55570698332004,9.13137486307494
"240186",-2.05265042421311,6.83168773572896
"317391",-0.52551444120992,5.4392990453437
"231940",-0.229070397450478,6.98440133402928
"262861",0.73212695655741,6.42744585787518
"12676",-1.01060469463446,10.9459717369964
"66695",-2.39401023217853,9.96680807730609
"248585",-2.50180806627287,6.67897413742864
"153717",-1.97180204864235,8.39475633009693
"130574",-0.0314410349441836,8.8169645136331
"124423",-1.71129061624769,8.92476234772745
"296828",-2.19638086967223,5.80760831183271
"9513",-2.6365553588908,10.9998706540435
"291596",-0.0853399519913549,5.90642299308585
"175554",-2.2502797867194,7.99949760508434
"211847",-2.14248195262506,7.34372744767709
"237128",-2.73537004014394,6.88558665277613
"273720",0.0583904934677686,6.22981649536888
"264461",-2.75333634582633,6.3915132465104
"48776",-2.6365553588908,10.2902015795891
"332641",-1.93586943727757,5.16082130726665
"127571",-0.220087244609283,8.87086343068028
"134937",-1.01958784747566,8.73611613806235
"27553",-1.3070487383939,10.6764771517605
"195178",-0.0853399519913549,7.64915464427773
"201902",-2.18739771683104,7.52339050450099
"245214",-1.53162755942378,6.74185620731701
"117949",-1.82807160318323,9.04154333466298
"28083",-1.01060469463446,10.6674939989193
"297058",-0.130255716197331,5.80760831183271
"112480",-1.84603790886562,9.14035801591613
"285158",0.121272563356135,6.02320398002139
"30935",-2.17841456398984,10.6135950818721
"102795",0.444666065639163,9.32002107274004
"196926",-2.24129663387821,7.61322203291294
"175604",-1.80112214465964,7.99949760508434
"214385",-1.66637485204171,7.29881168347111
"67189",-2.42095969070211,9.9578249244649
"337151",-1.60349278215335,5.07997293169589
"264574",-1.73824007477127,6.3915132465104
"255596",-2.02570096568952,6.55320999765191
"23625",-0.875857402016534,10.7483423744901
"99986",-2.46587545490809,9.36493683694601
"293935",-1.39688026680586,5.86150722887988
"89624",-1.79213899181845,9.55358304661111
"27622",-0.687211192351434,10.6764771517605
"110611",-0.777042720763386,9.17629062728091
"214318",-2.26824609240179,7.29881168347111
"183541",-1.93586943727757,7.85576715962522
"136887",-1.36094765544108,8.70018352669757
"229485",0.0404241877853782,7.02931709823526
"278413",-2.42994284354331,6.13998496695693
"302898",-1.24416666850554,5.69981047773836
"91686",-1.12738568157,9.51765043524633
"170603",-2.07959988273669,8.08932913349629
"257772",-0.336868231544821,6.51727738628713
"265545",-1.94485259011876,6.373546940828
"269435",-2.71740373446155,6.30168171809844
"209825",-2.4479091492257,7.37966005904187
"348015",-2.23231348103701,4.8823435691896
"336637",-1.75620638045366,5.08895608453709
"22444",-2.55570698332004,10.7663086801725
"107541",-1.56756017078857,9.23018954432808
"207899",-1.89095367307159,7.41559267040665
"187983",-2.21434717535462,7.77491878405446
"63742",-2.13349879978386,10.0207069943533
"262469",-2.78926895719111,6.42744585787518
"298531",-0.291952467338845,5.78065885330912
"152668",-2.46587545490809,8.41272263577932
"101984",-2.37604392649613,9.32900422558123
"195101",-0.777042720763386,7.64915464427773
"299827",-2.04366727137191,5.75370939478554
"110011",-1.70230746340649,9.18527378012211
"140447",-0.633312275304263,8.6373014568092
"129914",-1.495694948059,8.8259476664743
"287156",0.211104091768088,5.98727136865661
"25563",-1.32501504407629,10.7124097631253
"196920",-2.29519555092538,7.61322203291294
"303329",-1.83705475602442,5.69082732489717
"247924",0.489581829845139,6.69694044311103
"201842",-2.72638688730275,7.52339050450099
"253864",0.273986161656454,6.58914260901669
"214826",-2.16943141114864,7.28982853062992
"112953",-2.0616335770543,9.13137486307494
"181053",-1.96281889580115,7.90068292383119
"338092",-2.07959988273669,5.0620066260135
"117453",-1.81908845034203,9.05052648750418
"37818",-2.85215102707948,10.4878309420954
"235725",-1.94485259011876,6.91253611129972
"92574",-2.07959988273669,9.49968412956394
"176576",-1.99875150716594,7.98153129940195
"258771",-0.291952467338845,6.49931108060474
"269808",0.633312275304263,6.30168171809844
"106100",-1.1184025287288,9.25713900285167
"238432",0.0494073406265736,6.86762034709374
"276706",0.0943231048325495,6.17591757832171
"227856",-1.19925090429956,7.05626655675884
"38493",-1.25314982134673,10.4788477892542
"247917",0.426699759956773,6.69694044311103
"351999",-2.16044825830745,4.81047834646004
"263219",-0.516531288368725,6.41846270503398
"289112",-0.0763567991501595,5.95133875729183
"133038",-0.220087244609283,8.77204874942713
"198167",-0.0224578821029882,7.59525572723055
"266245",-0.121272563356135,6.36456378798681
"285310",-2.97791516685621,6.0142208271802
"207346",-2.39401023217853,7.42457582324785
"251173",-1.57654332362976,6.63405837322267
"103464",-2.47485860774928,9.30205476705765
"71291",-1.28908243271151,9.88595970173533
"235194",-2.2502797867194,6.92151926414091
"11645",-1.34298134975868,10.9639380426788
"231463",-0.049407340626574,6.99338448687048
"166094",-2.40299338501972,8.17017750906705
"125551",-0.50754813552753,8.90679604204506
"198153",-0.148222021879721,7.59525572723055
"65787",-1.62145908783574,9.98477438298848
"186699",-0.354834537227211,7.80186824257804
"138476",-0.480598677003944,8.67323406817398
"117456",-1.79213899181845,9.05052648750418
"255651",-1.53162755942378,6.55320999765191
"36095",-0.471615524162749,10.5237635534602
"168852",0.0494073406265736,8.12526174486107
"185311",0.570430205415896,7.82881770110163
"90533",-2.55570698332004,9.53561674092872
"259358",0.516531288368725,6.49032792776354
"302534",-0.049407340626574,5.70879363057956
"164819",-0.462632371321554,8.19712696759063
"109037",-1.52264440658259,9.2032400858045
"110987",-1.86400421454801,9.16730747443972
"243168",-2.05265042421311,6.77778881868179
"231804",-1.45077918385303,6.98440133402928
"247855",-0.130255716197331,6.69694044311103
"260501",-2.60960590036721,6.46337846923996
"22162",-0.624329122463068,10.7752918330137
"297452",-1.05552045884044,5.79862515899151
"22024",-1.86400421454801,10.7752918330137
"52269",-2.51079121911406,10.2273195097008
"207378",-2.10654934126028,7.42457582324785
"56256",-2.41197653786092,10.1554542869712
"187698",-0.309918773021235,7.78390193689565
"105550",-1.59450962931215,9.26612215569286
"117464",-1.72027376908888,9.05052648750418
"104539",-1.74722322761247,9.28408846137526
"308468",-0.31890192586243,5.60099579648522
"343049",-2.19638086967223,4.97217509760155
"273525",-1.6933243105653,6.22981649536888
"253863",0.265003008815259,6.58914260901669
"245040",-3.09469615379175,6.74185620731701
"327287",-0.92077316622251,5.2596359885198
"304886",-1.24416666850554,5.66387786637358
"26576",-1.15433514009359,10.6944434574429
"96509",-2.4479091492257,9.42781890683438
"322731",-1.66637485204171,5.34048436409056
"225791",-1.89095367307159,7.09219916812362
"325168",-2.09756618841908,5.29556859988458
"118446",-1.82807160318323,9.03256018182179
"255017",-2.76231949866753,6.5621931504931
"187623",-0.983655236110876,7.78390193689565
"193162",-0.336868231544821,7.68508725564251
"115040",-1.17230144577598,9.09544225171016
"227284",-1.8729873673892,7.06524970960004
"154812",-1.06450361168163,8.37679002441454
"104729",-0.0404241877853786,9.28408846137526
"272432",-2.58265644184362,6.24778280105127
"31402",-2.4479091492257,10.604611929031
"101803",0.462632371321554,9.33798737842243
"318883",-0.516531288368725,5.41234958682012
"19169",-0.723143803716215,10.8291907500608
"175088",-1.97180204864235,8.00848075792553
"136491",-0.453649218480359,8.70916667953876
"214090",0.148222021879721,7.30779483631231
"237257",-1.57654332362976,6.88558665277613
"143999",0.0224578821029877,8.57441938692083
"106944",-2.46587545490809,9.23917269716928
"30406",-2.46587545490809,10.6225782347133
"305481",-0.363817690068406,5.65489471353239
"259174",-1.13636883441119,6.49032792776354
"268416",-2.94198255549143,6.31964802378083
"144387",-0.95670577758729,8.56543623407964
"106045",-1.61247593499454,9.25713900285167
"126956",-1.28009927987032,8.87984658352147
"254985",-3.04978038958578,6.5621931504931
"248896",0.291952467338844,6.67897413742864
"192911",-2.59163959468482,7.68508725564251
"281137",-0.282969314497649,6.09506920275095
"298281",-2.53774067763765,5.78065885330912
"243879",-0.130255716197331,6.76880566584059
"163837",-0.354834537227211,8.21509327327302
"331119",-2.21434717535462,5.18777076579024
"251259",-0.803992179286972,6.63405837322267
"322327",-0.830941637810557,5.34946751693175
"105265",0.309918773021235,9.27510530853406
"85124",-2.03468411853072,9.63443142218187
"160202",-1.75620638045366,8.27797534316139
"140559",0.372800842909601,8.6373014568092
"144746",-2.19638086967223,8.55645308123844
"99522",-2.16943141114864,9.37391998978721
"280414",-2.31316185660777,6.10405235559215
"339086",-2.07959988273669,5.04404032033111
"103062",-1.62145908783574,9.31103791989884
"135771",-2.45689230206689,8.71814983237996
"220293",-2.16943141114864,7.19101384937677
"131035",-0.354834537227211,8.80798136079191
"253203",-1.19925090429956,6.59812576185789
"336529",-2.72638688730275,5.08895608453709
"78224",-1.51366125374139,9.7601955619586
"231200",-2.41197653786092,6.99338448687048
"309976",-0.166188327562112,5.57404633796163
"56218",-2.75333634582633,10.1554542869712
"132483",-0.741110109398605,8.78103190226832
"193891",-2.71740373446155,7.66712094996012
"215540",-0.220087244609283,7.28084537778872
"223020",0.00449157642059728,7.14609808517079
"297083",0.0943231048325495,5.80760831183271
"243616",-2.49282491343167,6.76880566584059
"105486",-2.16943141114864,9.26612215569286
"257119",-1.73824007477127,6.52626053912832
"290933",-1.57654332362976,5.91540614592705
"96137",-1.32501504407629,9.43680205967557
"103089",-1.37891396112347,9.31103791989884
"210105",0.067373646308964,7.37966005904187
"130613",0.31890192586243,8.8169645136331
"107430",-2.56469013616123,9.23018954432808
"104508",-2.02570096568952,9.28408846137526
"13687",-0.857891096334143,10.928005431314
"130506",-0.642295428145458,8.8169645136331
"15654",-1.04653730599924,10.8920728199492
"87556",-2.51079121911406,9.58951565797589
"297443",-1.13636883441119,5.79862515899151
"210391",-1.82807160318323,7.37067690620067
"109032",-1.56756017078857,9.2032400858045
"158198",-1.89993682591279,8.31390795452617
"336074",-2.34909446797255,5.09793923737828
"262748",-0.282969314497649,6.42744585787518
"289042",-0.705177498033824,5.95133875729183
"132478",-0.786025873604582,8.78103190226832
"191898",-2.76231949866753,7.7030535613249
"123890",-2.03468411853072,8.93374550056864
"71681",-2.2502797867194,9.87697654889414
"92138",-1.53162755942378,9.50866728240513
"333151",-1.81908845034203,5.15183815442546
"20103",-1.26213297418793,10.8112244443784
"291116",0.067373646308964,5.91540614592705
"233747",-1.85502106170681,6.9484687226645
"299816",-2.14248195262506,5.75370939478554
"122943",-1.61247593499454,8.95171180625103
"117458",-1.77417268613606,9.05052648750418
"275201",-0.0314410349441836,6.2028670368453
"323226",-1.6843411577241,5.33150121124936
"68157",-2.65452166457319,9.93985861878251
"289122",0.0134747292617927,5.95133875729183
"236268",-1.53162755942378,6.90355295845852
"143833",-1.46874548953542,8.57441938692083
"92664",-1.27111612702912,9.49968412956394
"248679",-1.65739169920052,6.67897413742864
"186674",-0.579413358257092,7.80186824257804
"73885",-0.309918773021235,9.84104393752936
"139256",-2.40299338501972,8.65526776249159
"300440",-1.00162154179327,5.74472624194434
"114105",-0.642295428145458,9.11340855739255
"296618",0.381783995750796,5.8165914646739
"39323",-2.72638688730275,10.4608814835718
"169595",-2.20536402251343,8.10729543917868
"250572",-2.51079121911406,6.64304152606386
"265798",0.327885078703625,6.373546940828
"269889",-3.10367930663295,6.29269856525725
"87207",-1.18128459861717,9.59849881081709
"187977",-2.26824609240179,7.77491878405446
"311430",-0.498564982686335,5.54709687943805
"187003",-2.08858303557789,7.79288508973685
"107526",-1.70230746340649,9.23018954432808
"270403",-2.95096570833263,6.28371541241605
"250682",-1.52264440658259,6.64304152606386
"224294",-1.94485259011876,7.11914862664721
"121938",-1.71129061624769,8.96967811193342
"78113",-2.51079121911406,9.7601955619586
"106945",-2.45689230206689,9.23917269716928
"245558",-2.90604994412665,6.73287305447581
"10031",-2.4479091492257,10.9908875012023
"304516",-0.103306257673745,5.67286101921478
"160370",-0.247036703132868,8.27797534316139
"160874",-0.184154633244502,8.2689921903202
"61219",-2.47485860774928,10.0656227585592
"143940",-0.50754813552753,8.57441938692083
"118899",-2.22333032819582,9.02357702898059
"311791",-1.72027376908888,5.53811372659685
"217745",-2.73537004014394,7.23592961358275
"204432",-1.78315583897725,7.47847474029502
"164126",-2.22333032819582,8.20611012043183
"107562",-1.37891396112347,9.23018954432808
"304989",-0.31890192586243,5.66387786637358
"22908",-2.85215102707948,10.7573255273313
"263138",-1.24416666850554,6.41846270503398
"134576",0.202120938926892,8.74509929090354
"188010",-1.97180204864235,7.77491878405446
"250075",-2.51079121911406,6.65202467890506
"286138",-0.00449157642059772,6.005237674339
"19591",-1.39688026680586,10.8202075972196
"111508",-1.64840854635932,9.15832432159852
"255793",-0.256019855974064,6.55320999765191
"36061",-0.777042720763386,10.5237635534602
"289027",-0.839924790651753,5.95133875729183
"23506",-1.94485259011876,10.7483423744901
"309246",-2.2592629395606,5.58302949080283
"102580",-1.48671179521781,9.32002107274004
"157866",-0.417716607115578,8.32289110736737
"297837",-2.0616335770543,5.78964200615032
"267485",-2.37604392649613,6.33761432946322
"95690",-0.875857402016534,9.44578521251677
"242156",-2.21434717535462,6.79575512436418
"122886",-2.12451564694267,8.95171180625103
"154192",-2.16943141114864,8.38577317725573
"162160",-2.02570096568952,8.24204273179661
"208815",-2.59163959468482,7.39762636472426
"119882",-2.32214500944896,9.0056107232982
"145466",-0.193137786085697,8.54746992839725
"33994",-1.48671179521781,10.559696164825
"109013",-1.73824007477127,9.2032400858045
"191531",-1.59450962931215,7.71203671416609
"104551",-1.63942539351813,9.28408846137526
"303537",0.0314410349441832,5.69082732489717
"113510",-1.52264440658259,9.12239171023374
"281198",0.265003008815259,6.09506920275095
"15992",-2.47485860774928,10.883089667108
"320361",-0.633312275304263,5.38540012829653
"91225",-0.803992179286972,9.52663358808753
"177771",-0.193137786085697,7.96356499371956
"108593",-1.04653730599924,9.21222323864569
"254793",-0.309918773021235,6.5711763033343
"114918",-2.26824609240179,9.09544225171016
"227291",-1.81010529750084,7.06524970960004
"62781",-1.83705475602442,10.0386733000357
"75603",-2.73537004014394,9.80511132616458
"292961",-1.21721720998195,5.87947353456227
"119873",-2.40299338501972,9.0056107232982
"300906",-1.28009927987032,5.73574308910314
"287576",-0.480598677003944,5.97828821581542
"274682",-0.229070397450478,6.21185018968649
"280946",-1.99875150716594,6.09506920275095
"123963",-1.37891396112347,8.93374550056864
"210816",-2.47485860774928,7.36169375335948
"279019",-1.45077918385303,6.13100181411573
"101966",-2.53774067763765,9.32900422558123
"175041",-2.39401023217853,8.00848075792553
"312318",-1.45077918385303,5.52913057375565
"224268",-2.17841456398984,7.11914862664721
"119680",0.327885078703625,9.0145938761394
"16082",-1.66637485204171,10.883089667108
"227238",-2.28621239808418,7.06524970960004
"272907",-2.78028580434992,6.23879964821008
"221805",-1.98078520148355,7.16406439085318
"318300",-1.28908243271151,5.42133273966131
"196433",-2.20536402251343,7.62220518575414
"278962",-1.96281889580115,6.13100181411573
"148917",-0.444666065639163,8.48458785850888
"272982",-2.10654934126028,6.23879964821008
"158665",-2.16943141114864,8.30492480168498
"20661",-0.71416065087502,10.8022412915372
"120688",0.453649218480358,8.99662757045701
"307788",-1.96281889580115,5.60997894932641
"231465",-0.0314410349441836,6.99338448687048
"305470",-0.462632371321554,5.65489471353239
"32873",-2.6275722060496,10.5776624705074
"235138",-2.75333634582633,6.92151926414091
"166652",-1.85502106170681,8.16119435622585
"234627",-2.87910048560307,6.93050241698211
"267418",-2.97791516685621,6.33761432946322
"71667",-2.37604392649613,9.87697654889414
"117946",-1.85502106170681,9.04154333466298
"100788",0.273986161656454,9.35595368410482
"124934",-1.58552647647096,8.91577919488625
"192952",-2.22333032819582,7.68508725564251
"267746",-0.0314410349441836,6.33761432946322
"28133",-0.561447052574701,10.6674939989193
"124614",0.00449157642059728,8.92476234772745
"212264",-2.86113417992068,7.33474429483589
"263105",-1.54061071226498,6.41846270503398
"196733",0.489581829845139,7.62220518575414
"110937",-2.31316185660777,9.16730747443972
"263002",-2.46587545490809,6.41846270503398
"142965",-0.336868231544821,8.59238569260322
"113551",-1.15433514009359,9.12239171023374
"167842",-0.0943231048325499,8.14322805054346
"183748",-0.0763567991501595,7.85576715962522
"285702",0.54348074689231,6.0142208271802
"294759",-2.92401624980904,5.84354092319749
"237733",-1.76518953329486,6.87660349993494
"299799",-2.29519555092538,5.75370939478554
"42458",-1.35196450259988,10.4069825665247
"149893",-0.606362816780677,8.46662155282649
"257858",0.435682912797968,6.51727738628713
"181773",0.0404241877853782,7.89169977099
"291084",-0.220087244609283,5.91540614592705
"21116",-1.09145307020522,10.7932581386961
"139514",-0.0853399519913549,8.65526776249159
"110745",0.426699759956773,9.17629062728091
"68670",-2.51079121911406,9.93087546594131
"309945",-0.444666065639163,5.57404633796163
"163110",-2.42095969070211,8.22407642611422
"15506",-2.37604392649613,10.8920728199492
"302988",-0.435682912797968,5.69981047773836
"201074",-0.696194345192629,7.54135681018338
"217300",-2.26824609240179,7.24491276642394
"117475",-1.62145908783574,9.05052648750418
"141753",-2.29519555092538,8.61035199828561
"126456",-1.3070487383939,8.88882973636267
"137951",-0.73212695655741,8.68221722101518
"105599",-1.15433514009359,9.26612215569286
"22117",-1.02857100031685,10.7752918330137
"277255",0.561447052574701,6.16693442548052
"184218",-0.31890192586243,7.84678400678402
"229295",-1.66637485204171,7.02931709823526
"223512",-0.0404241877853786,7.1371149323296
"219291",-2.24129663387821,7.20898015505916
"197969",-1.80112214465964,7.59525572723055
"44286",-2.78926895719111,10.3710499551599
"23642",-0.723143803716215,10.7483423744901
"116661",-0.00449157642059772,9.06849279318657
"154752",-1.60349278215335,8.37679002441454
"92019",-2.60062274752601,9.50866728240513
"207815",-2.64553851173199,7.41559267040665
"127435",-1.44179603101183,8.87086343068028
"110441",-2.30417870376657,9.17629062728091
"196443",-2.11553249410147,7.62220518575414
"112453",-2.08858303557789,9.14035801591613
"172561",-2.34909446797255,8.05339652213151
"181668",-0.902806860540119,7.89169977099
"303966",-0.579413358257092,5.68184417205597
"283439",-1.92688628443637,6.05015343854498
"243163",-2.09756618841908,6.77778881868179
"29106",-0.750093262239801,10.6495276932369
"86584",-2.31316185660777,9.60748196365828
"31037",-1.26213297418793,10.6135950818721
"276259",0.54348074689231,6.18490073116291
"224292",-1.96281889580115,7.11914862664721
"294956",-1.15433514009359,5.84354092319749
"244057",-2.9958814725386,6.7598225129994
"276684",-0.103306257673745,6.17591757832171
"192958",-2.16943141114864,7.68508725564251
"43386",-1.94485259011876,10.3890162608423
"265478",-2.54672383047884,6.373546940828
"286310",-2.92401624980904,5.99625452149781
"222440",-0.741110109398605,7.15508123801199
"193145",-0.48958182984514,7.68508725564251
"93288",-0.130255716197331,9.49070097672275
"97041",-2.13349879978386,9.41883575399318
"323823",-0.786025873604582,5.32251805840817
"192446",-2.30417870376657,7.6940704084837
"322817",-0.893823707698924,5.34048436409056
"143449",-0.453649218480359,8.58340253976203
"244089",-2.70842058162036,6.7598225129994
"276538",-1.41484657248825,6.17591757832171
"219236",-2.73537004014394,7.20898015505916
"112481",-1.83705475602442,9.14035801591613
"302910",-1.13636883441119,5.69981047773836
"256534",-2.52875752479645,6.53524369196952
"87537",-2.68147112309677,9.58951565797589
"281447",-1.96281889580115,6.08608604990976
"317733",-1.91790313159518,5.43031589250251
"195604",-0.723143803716215,7.64017149143653
"109060",-1.3160318912351,9.2032400858045
"171082",-2.24129663387821,8.0803459806551
"222082",0.50754813552753,7.16406439085318
"260212",-0.741110109398605,6.47236162208115
"305513",-0.0763567991501595,5.65489471353239
"188052",-1.59450962931215,7.77491878405446
"215092",0.220087244609283,7.28982853062992
"285144",-0.00449157642059772,6.02320398002139
"285526",-1.03755415315805,6.0142208271802
"329134",-2.18739771683104,5.22370337715502
"105029",-1.81010529750084,9.27510530853406
"15457",-2.8162184157147,10.8920728199492
"253682",-1.36094765544108,6.58914260901669
"205341",-2.54672383047884,7.46050843461263
"186938",-2.67248797025558,7.79288508973685
"271380",-3.10367930663295,6.26574910673366
"334163",-1.65739169920052,5.13387184874307
"73756",-1.46874548953542,9.84104393752936
"271528",-1.77417268613606,6.26574910673366
"108015",-1.77417268613606,9.22120639148689
"21025",-1.90891997875398,10.7932581386961
"200644",-0.0943231048325499,7.55033996302458
"200923",-2.05265042421311,7.54135681018338
"126917",-1.63044224067693,8.87984658352147
"22153",-0.705177498033824,10.7752918330137
"99098",-1.51366125374139,9.3829031426284
"298779",-2.52875752479645,5.77167570046793
"129936",-1.29806558555271,8.8259476664743
"272481",-2.14248195262506,6.24778280105127
"97219",-0.534497594051115,9.41883575399318
"255493",-2.95096570833263,6.55320999765191
"42877",-2.05265042421311,10.3979994136835
"50769",-2.59163959468482,10.2542689682243
"298009",-0.516531288368725,5.78964200615032
"35840",-2.76231949866753,10.5237635534602
"285143",-0.0134747292617932,6.02320398002139
"279375",-2.71740373446155,6.12201866127454
"95499",-2.59163959468482,9.44578521251677
"110000",-1.80112214465964,9.18527378012211
"114994",-1.58552647647096,9.09544225171016
"124395",-1.96281889580115,8.92476234772745
"276563",-1.19026775145837,6.17591757832171
"238733",-1.71129061624769,6.85863719425255
"196895",-2.51977437195526,7.61322203291294
"240962",0.453649218480358,6.82270458288777
"139456",-0.606362816780677,8.65526776249159
"175070",-2.13349879978386,8.00848075792553
"256154",-1.47772864237661,6.54422684481071
"266505",-2.2502797867194,6.35558063514561
"144758",-2.08858303557789,8.55645308123844
"38347",-2.56469013616123,10.4788477892542
"284876",-2.41197653786092,6.02320398002139
"180567",-1.86400421454801,7.90966607667239
"298001",-0.588396511098287,5.78964200615032
"291074",-0.309918773021235,5.91540614592705
"38490",-1.28009927987032,10.4788477892542
"99477",-2.57367328900243,9.37391998978721
"110974",-1.98078520148355,9.16730747443972
"191019",-1.72925692193008,7.72101986700729
"282489",-1.53162755942378,6.06811974422737
"134010",-0.417716607115578,8.75408244374474
"100668",-0.803992179286972,9.35595368410482
"119935",-1.84603790886562,9.0056107232982
"306382",-1.19925090429956,5.63692840785
"267456",-2.6365553588908,6.33761432946322
"262501",-2.50180806627287,6.42744585787518
"12502",-2.57367328900243,10.9459717369964
"209818",-2.51079121911406,7.37966005904187
"293792",-2.68147112309677,5.86150722887988
"129408",-1.57654332362976,8.83493081931549
"235419",-0.229070397450478,6.92151926414091
"181064",-1.86400421454801,7.90068292383119
"95513",-2.46587545490809,9.44578521251677
"305516",-0.049407340626574,5.65489471353239
"115876",-2.59163959468482,9.07747594602776
"255187",-1.23518351566434,6.5621931504931
"190971",-2.16044825830745,7.72101986700729
"253595",-2.14248195262506,6.58914260901669
"242753",-1.3160318912351,6.78677197152299
"266322",0.570430205415896,6.36456378798681
"16490",-2.46587545490809,10.8741065142668
"213811",-2.35807762081374,7.30779483631231
"213801",-2.4479091492257,7.30779483631231
"66662",-2.69045427593797,9.96680807730609
"86702",-1.25314982134673,9.60748196365828
"335661",-1.59450962931215,5.10692239021948
"75231",-1.61247593499454,9.81409447900577
"251408",0.534497594051115,6.63405837322267
"118959",-1.6843411577241,9.02357702898059
"346565",-1.86400421454801,4.90929302771319
"267255",0.0224578821029877,6.34659748230442
"106080",-1.29806558555271,9.25713900285167
"108202",-0.0943231048325499,9.22120639148689
"173809",-0.0673736463089645,8.03543021644912
"288126",-0.00449157642059772,5.96930506297422
"122911",-1.89993682591279,8.95171180625103
"108190",-0.202120938926893,9.22120639148689
"13682",-0.902806860540119,10.928005431314
"251011",-3.03181408390339,6.63405837322267
"313815",-1.39688026680586,5.50218111523207
"18658",-0.848907943492948,10.838173902902
"129423",-1.44179603101183,8.83493081931549
"130934",-1.26213297418793,8.80798136079191
"276716",0.184154633244502,6.17591757832171
"30041",-1.28009927987032,10.6315613875545
"17617",-1.27111612702912,10.8561402085844
"222060",0.309918773021235,7.16406439085318
"258173",-1.19925090429956,6.50829423344593
"304368",-1.43281287817064,5.67286101921478
"308983",-0.157205174720916,5.59201264364402
"129086",-0.00449157642059772,8.84391397215669
"267708",-0.372800842909601,6.33761432946322
"105519",-1.8729873673892,9.26612215569286
"182074",-1.72027376908888,7.8827166181488
"270446",-2.56469013616123,6.28371541241605
"133415",-1.29806558555271,8.76306559658593
"50362",-1.78315583897725,10.2632521210655
"214785",-2.53774067763765,7.28982853062992
"247722",-1.32501504407629,6.69694044311103
"149900",-0.543480746892311,8.46662155282649
"89520",-2.72638688730275,9.55358304661111
"164125",-2.23231348103701,8.20611012043183
"298528",-0.31890192586243,5.78065885330912
"195392",-2.6275722060496,7.64017149143653
"141350",-1.45077918385303,8.61933515112681
"113026",-1.40586341964705,9.13137486307494
"121472",-1.43281287817064,8.97866126477462
"309965",-0.265003008815259,5.57404633796163
"263258",-0.166188327562112,6.41846270503398
"183025",-2.10654934126028,7.86475031246641
"270732",0.00449157642059728,6.28371541241605
"222938",-0.73212695655741,7.14609808517079
"285357",-2.55570698332004,6.0142208271802
"192016",-1.70230746340649,7.7030535613249
"14533",-2.18739771683104,10.9100391256316
"94106",-1.71129061624769,9.47273467104035
"354504",-1.98078520148355,4.76556258225406
"281666",0.00449157642059728,6.08608604990976
"317892",-0.48958182984514,5.43031589250251
"126377",-2.01671781284833,8.88882973636267
"260639",-1.36993080828227,6.46337846923996
"306239",-2.48384176059048,5.63692840785
"110613",-0.759076415080996,9.17629062728091
"73245",-1.59450962931215,9.85002709037055
"150220",-2.13349879978386,8.4576383999853
"206384",-2.10654934126028,7.44254212893024
"178048",-2.16943141114864,7.95458184087836
"188513",-1.91790313159518,7.76593563121326
"115997",-1.5046781009002,9.07747594602776
"211025",-0.597379663939482,7.36169375335948
"231763",-1.81908845034203,6.98440133402928
"187186",-0.444666065639163,7.79288508973685
"153709",-2.04366727137191,8.39475633009693
"98488",-2.52875752479645,9.3918862954696
"132879",-1.64840854635932,8.77204874942713
"61788",-1.82807160318323,10.056639605718
"277132",-0.543480746892311,6.16693442548052
"126489",-1.01060469463446,8.88882973636267
"195118",-0.624329122463068,7.64915464427773
"236756",-1.61247593499454,6.89456980561733
"152797",-1.3070487383939,8.41272263577932
"188493",-2.09756618841908,7.76593563121326
"244880",-0.0673736463089645,6.7508393601582
"119010",-1.22620036282315,9.02357702898059
"303983",-0.426699759956773,5.68184417205597
"70458",0.157205174720916,9.90392600741773
"150412",-0.408733454274382,8.4576383999853
"183566",-1.71129061624769,7.85576715962522
"272179",-0.390767148591992,6.25676595389247
"211077",-0.130255716197331,7.36169375335948
"148751",-1.93586943727757,8.48458785850888
"22093",-1.24416666850554,10.7752918330137
"95491",-2.66350481741438,9.44578521251677
"314911",-0.480598677003944,5.48421480954968
"309951",-0.390767148591992,5.57404633796163
"185982",-2.33112816229016,7.81085139541924
"282820",-3.02283093106219,6.05913659138617
"126392",-1.8819705202304,8.88882973636267
"113934",-2.17841456398984,9.11340855739255
"202345",-2.67248797025558,7.5144073516598
"296045",-0.30093562018004,5.8255746175151
"234692",-2.29519555092538,6.93050241698211
"337147",-1.63942539351813,5.07997293169589
"302893",-1.28908243271151,5.69981047773836
"97154",-1.1184025287288,9.41883575399318
"46442",-1.28009927987032,10.3351173437951
"102569",-1.58552647647096,9.32002107274004
"173038",-2.52875752479645,8.04441336929031
"126388",-1.91790313159518,8.88882973636267
"29409",-2.49282491343167,10.6405445403957
"72174",-2.28621239808418,9.86799339605294
"176515",-2.54672383047884,7.98153129940195
"177195",-0.902806860540119,7.97254814656075
"261538",-2.22333032819582,6.44541216355757
"84204",-1.36993080828227,9.65239772786426
"270084",-1.35196450259988,6.29269856525725
"174066",-2.22333032819582,8.02644706360793
"19441",-2.74435319298514,10.8202075972196
"109039",-1.5046781009002,9.2032400858045
"188419",-2.76231949866753,7.76593563121326
"305250",-2.4389259963845,5.65489471353239
"178267",-0.202120938926893,7.95458184087836
"167083",-2.4479091492257,8.15221120338466
"270199",-0.31890192586243,6.29269856525725
"264020",-2.2502797867194,6.40049639935159
"13176",-0.983655236110876,10.9369885841552
"334657",-1.6843411577241,5.12488869590187
"189495",-2.02570096568952,7.74796932553087
"333582",-2.41197653786092,5.14285500158426
"169103",-2.16044825830745,8.11627859201988
"240710",-1.81010529750084,6.82270458288777
"198185",0.139238869038526,7.59525572723055
"218357",-1.70230746340649,7.22694646074155
"158685",-1.98976835432474,8.30492480168498
"107483",-2.08858303557789,9.23018954432808
"170060",-2.49282491343167,8.09831228633749
"264516",-2.2592629395606,6.3915132465104
"131340",-2.07959988273669,8.79899820795071
"90235",-0.768059567922191,9.54459989376992
"200942",-1.8819705202304,7.54135681018338
"99096",-1.53162755942378,9.3829031426284
"265090",-1.56756017078857,6.3825300936692
"266199",-0.534497594051115,6.36456378798681
"268466",-2.49282491343167,6.31964802378083
"248072",-2.64553851173199,6.68795729026984
"29889",-2.64553851173199,10.6315613875545
"134896",-1.38789711396466,8.73611613806235
"299517",-0.363817690068406,5.76269254762673
"209328",-2.4479091492257,7.38864321188306
"293258",-3.01384777822099,5.87049038172107
"122650",0.220087244609283,8.96069495909223
"167663",-1.70230746340649,8.14322805054346
"15170",-0.929756319063705,10.9010559727904
"244648",-2.15146510546625,6.7508393601582
"185703",-0.372800842909601,7.81983454826043
"245092",-2.6275722060496,6.74185620731701
"191681",-0.247036703132868,7.71203671416609
"183027",-2.08858303557789,7.86475031246641
"214848",-1.97180204864235,7.28982853062992
"28052",-1.28908243271151,10.6674939989193
"129915",-1.48671179521781,8.8259476664743
"92018",-2.60960590036721,9.50866728240513
"209782",-2.83418472139709,7.37966005904187
"281177",0.076356799150159,6.09506920275095
"290646",0.309918773021235,5.92438929876824
"110489",-1.8729873673892,9.17629062728091
"99656",-0.965688930428486,9.37391998978721
"313350",-1.10941937588761,5.51116426807326
"162619",-2.36706077365494,8.23305957895541
"239222",-1.78315583897725,6.84965404141135
"216530",-0.256019855974064,7.26287907210633
"116492",-1.52264440658259,9.06849279318657
"57221",-2.67248797025558,10.1374879812888
"76224",-1.62145908783574,9.79612817332338
"212834",-2.20536402251343,7.3257611419947
"249072",-2.59163959468482,6.66999098458745
"117527",-1.15433514009359,9.05052648750418
"121962",-1.495694948059,8.96967811193342
"216607",0.435682912797968,7.26287907210633
"205618",-0.058390493467769,7.46050843461263
"116031",-1.19925090429956,9.07747594602776
"131822",-2.21434717535462,8.79001505510952
"94314",0.157205174720916,9.47273467104035
"253690",-1.28908243271151,6.58914260901669
"178292",0.0224578821029877,7.95458184087836
"118371",-2.50180806627287,9.03256018182179
"191119",-0.830941637810557,7.72101986700729
"238739",-1.65739169920052,6.85863719425255
"225068",0.54348074689231,7.11016547380601
"244445",0.489581829845139,6.7598225129994
"107507",-1.8729873673892,9.23018954432808
"92135",-1.55857701794737,9.50866728240513
"115967",-1.77417268613606,9.07747594602776
"218852",-1.72027376908888,7.21796330790036
"100093",-1.5046781009002,9.36493683694601
"87203",-1.21721720998195,9.59849881081709
"256628",-1.6843411577241,6.53524369196952
"218294",-2.26824609240179,7.22694646074155
"270015",-1.97180204864235,6.29269856525725
"150266",-1.72027376908888,8.4576383999853
"106533",-1.6933243105653,9.24815585001047
"122341",-2.55570698332004,8.96069495909223
"47797",-2.50180806627287,10.3081678852715
"152231",-1.92688628443637,8.42170578862051
"228762",-1.98976835432474,7.03830025107645
"173111",-1.8729873673892,8.04441336929031
"265623",-1.24416666850554,6.373546940828
"259086",-1.92688628443637,6.49032792776354
"178591",-1.75620638045366,7.94559868803717
"243450",0.480598677003944,6.77778881868179
"282339",-2.87910048560307,6.06811974422737
"326807",-0.768059567922191,5.26861914136099
"8758",-0.48958182984514,11.0178369597259
"121570",-0.552463899733506,8.97866126477462
"116183",0.166188327562111,9.07747594602776
"60724",-2.45689230206689,10.0746059114004
"31361",-2.8162184157147,10.604611929031
"320645",-2.54672383047884,5.37641697545534
"108249",0.327885078703625,9.22120639148689
"114415",-2.32214500944896,9.10442540455135
"84201",-1.39688026680586,9.65239772786426
"202911",-2.05265042421311,7.5054241988186
"71677",-2.28621239808418,9.87697654889414
"251810",-0.31890192586243,6.62507522038147
"298542",-0.193137786085697,5.78065885330912
"261934",-3.13062876515653,6.43642901071637
"24561",-1.39688026680586,10.7303760688077
"259548",-2.24129663387821,6.48134477492235
"282604",-0.498564982686335,6.06811974422737
"194493",-1.77417268613606,7.65813779711892
"266997",-2.29519555092538,6.34659748230442
"34523",-1.19925090429956,10.5507130119838
"82830",-0.31890192586243,9.67934718638784
"341521",-2.52875752479645,4.99912455612514
"182240",-0.229070397450478,7.8827166181488
"330248",-1.10941937588761,5.20573707147263
"229804",-1.55857701794737,7.02033394539406
"141975",-0.30093562018004,8.61035199828561
"246714",-1.45077918385303,6.71490674879342
"164108",-2.38502707933733,8.20611012043183
"189145",-0.705177498033824,7.75695247837207
"125871",-2.09756618841908,8.89781288920386
"54380",-1.40586341964705,10.191386898336
"109046",-1.44179603101183,9.2032400858045
"179491",-2.60062274752601,7.92763238235478
"273568",-1.3070487383939,6.22981649536888
"287936",-1.71129061624769,5.96930506297422
"319719",-1.93586943727757,5.39438328113773
"187780",0.426699759956773,7.78390193689565
"155212",-1.93586943727757,8.36780687157334
"223046",0.238053550291673,7.14609808517079
"156851",-0.606362816780677,8.34085741304976
"180475",-2.69045427593797,7.90966607667239
"269659",-0.705177498033824,6.30168171809844
"138436",-0.839924790651753,8.67323406817398
"80589",-2.59163959468482,9.71527979775263
"150940",-0.130255716197331,8.4486552471441
"242239",-1.46874548953542,6.79575512436418
"103593",-1.3160318912351,9.30205476705765
"131840",-2.05265042421311,8.79001505510952
"198472",-1.74722322761247,7.58627257438936
"307507",-0.0224578821029882,5.61896210216761
"137892",-1.26213297418793,8.68221722101518
"82577",-2.59163959468482,9.67934718638784
"119569",-0.669244886669044,9.0145938761394
"84381",0.220087244609283,9.65239772786426
"36394",-2.2502797867194,10.514780400619
"100074",-1.67535800488291,9.36493683694601
"194444",-2.21434717535462,7.65813779711892
"189028",-1.75620638045366,7.75695247837207
"36534",-0.992638388952071,10.514780400619
"16629",-1.21721720998195,10.8741065142668
"188993",-2.0706167298955,7.75695247837207
"256100",-1.96281889580115,6.54422684481071
"24599",-1.05552045884044,10.7303760688077
"71647",-2.55570698332004,9.87697654889414
"235250",-1.74722322761247,6.92151926414091
"135473",-0.669244886669044,8.72713298522115
"187684",-0.435682912797968,7.78390193689565
"107029",-1.70230746340649,9.23917269716928
"277398",-2.61858905320841,6.15795127263932
"244253",-1.23518351566434,6.7598225129994
"196141",-0.363817690068406,7.63118833859533
"106529",-1.72925692193008,9.24815585001047
"206893",-1.99875150716594,7.43355897608904
"221802",-2.00773466000713,7.16406439085318
"203926",-1.86400421454801,7.48745789313621
"269252",0.103306257673745,6.31066487093964
"92126",-1.63942539351813,9.50866728240513
"157328",-0.786025873604582,8.33187426020856
"104496",-2.13349879978386,9.28408846137526
"138845",-1.63044224067693,8.66425091533278
"167683",-1.52264440658259,8.14322805054346
"281639",-0.238053550291673,6.08608604990976
"178991",-2.6275722060496,7.93661553519597
"299022",-0.345851384386016,5.77167570046793
"288154",0.247036703132868,5.96930506297422
"309975",-0.175171480403307,5.57404633796163
"155875",-0.444666065639163,8.35882371873215
"263559",-1.92688628443637,6.40947955219279
"122175",0.417716607115577,8.96967811193342
"81625",-2.21434717535462,9.69731349207023
"162641",-2.16943141114864,8.23305957895541
"333578",-2.4479091492257,5.14285500158426
"32572",-0.866874249175338,10.5866456233486
"80130",-2.2502797867194,9.72426295059382
"266083",-1.57654332362976,6.36456378798681
"105033",-1.77417268613606,9.27510530853406
"127843",-2.24129663387821,8.86188027783908
"272261",0.345851384386016,6.25676595389247
"226801",-1.74722322761247,7.07423286244123
"267712",-0.336868231544821,6.33761432946322
"112990",-1.72925692193008,9.13137486307494
"218848",-1.75620638045366,7.21796330790036
"106756",0.309918773021235,9.24815585001047
"300294",-2.31316185660777,5.74472624194434
"160171",-2.03468411853072,8.27797534316139
"93604",-1.75620638045366,9.48171782388155
"109539",-1.47772864237661,9.1942569329633
"116995",-1.46874548953542,9.05950964034538
"132390",-1.57654332362976,8.78103190226832
"288133",0.0583904934677686,5.96930506297422
"23067",-1.42382972532944,10.7573255273313
"178637",-1.34298134975868,7.94559868803717
"166602",-2.30417870376657,8.16119435622585
"344037",-2.2502797867194,4.95420879191916
"190474",-2.16044825830745,7.73000301984848
"172095",-2.0706167298955,8.06237967497271
"237178",-2.28621239808418,6.88558665277613
"350515",-2.09756618841908,4.83742780498362
"189652",-0.615345969621873,7.74796932553087
"208374",-2.08858303557789,7.40660951756545
"181250",-0.193137786085697,7.90068292383119
"261077",-1.89993682591279,6.45439531639876
"78766",-1.10941937588761,9.75121240911741
"307483",-0.238053550291673,5.61896210216761
"245917",0.31890192586243,6.73287305447581
"199669",0.076356799150159,7.56830626870697
"19688",-0.52551444120992,10.8202075972196
"151223",-2.05265042421311,8.4396720943029
"89521",-2.71740373446155,9.55358304661111
"37437",-1.81010529750084,10.4968140949366
"218291",-2.29519555092538,7.22694646074155
"210342",-2.26824609240179,7.37067690620067
"290557",-0.48958182984514,5.92438929876824
"115498",-1.52264440658259,9.08645909886896
"147393",-0.741110109398605,8.51153731703247
"327172",-1.95383574295996,5.2596359885198
"267036",-1.94485259011876,6.34659748230442
"203457",-1.61247593499454,7.49644104597741
"300502",-0.444666065639163,5.74472624194434
"172819",-0.0314410349441836,8.05339652213151
"66243",-1.98976835432474,9.97579123014729
"11154",-1.28908243271151,10.97292119552
"87529",-2.75333634582633,9.58951565797589
"250644",-1.86400421454801,6.64304152606386
"252904",0.579413358257091,6.60710891469908
"194066",-1.14535198725239,7.66712094996012
"241265",-1.28908243271151,6.81372143004657
"149751",-1.8819705202304,8.46662155282649
"128884",-1.81908845034203,8.84391397215669
"259588",-1.8819705202304,6.48134477492235
"227522",0.265003008815259,7.06524970960004
"33526",-1.22620036282315,10.5686793176662
"31374",-2.69943742877916,10.604611929031
"268567",-1.58552647647096,6.31964802378083
"54851",-1.63942539351813,10.1824037454948
"16634",-1.17230144577598,10.8741065142668
"271101",-1.14535198725239,6.27473225957486
"163108",-2.4389259963845,8.22407642611422
"109560",-1.28908243271151,9.1942569329633
"320165",-2.39401023217853,5.38540012829653
"130564",-0.121272563356135,8.8169645136331
"262504",-2.47485860774928,6.42744585787518
"298328",-2.11553249410147,5.78065885330912
"309264",-2.09756618841908,5.58302949080283
"147424",-0.462632371321554,8.51153731703247
"125834",-2.42994284354331,8.89781288920386
"269295",0.489581829845139,6.31066487093964
"231260",-1.8729873673892,6.99338448687048
"218522",-0.220087244609283,7.22694646074155
"245164",-1.98078520148355,6.74185620731701
"181261",-0.0943231048325499,7.90068292383119
"169551",-2.60062274752601,8.10729543917868
"257513",-2.66350481741438,6.51727738628713
"45948",-1.25314982134673,10.3441004966363
"221043",0.103306257673745,7.18203069653558
"128414",-1.57654332362976,8.85289712499788
"238260",-1.495694948059,6.86762034709374
"325263",-1.24416666850554,5.29556859988458
"309295",-1.81908845034203,5.58302949080283
"278649",-0.309918773021235,6.13998496695693
"248617",-2.21434717535462,6.67897413742864
"222994",-0.229070397450478,7.14609808517079
"27418",-2.51977437195526,10.6764771517605
"324697",-1.86400421454801,5.30455175272577
"175812",0.067373646308964,7.99949760508434
"125367",-2.16044825830745,8.90679604204506
"95094",-1.76518953329486,9.45476836535796
"188930",-2.6365553588908,7.75695247837207
"80699",-1.60349278215335,9.71527979775263
"263199",-0.696194345192629,6.41846270503398
"110137",-0.570430205415896,9.18527378012211
"135002",-0.435682912797968,8.73611613806235
"249168",-1.72925692193008,6.66999098458745
"200608",-0.417716607115578,7.55033996302458
"190511",-1.82807160318323,7.73000301984848
"312407",-0.651278580986653,5.52913057375565
"104041",-1.75620638045366,9.29307161421645
"105089",-1.27111612702912,9.27510530853406
"115483",-1.65739169920052,9.08645909886896
"48833",-2.12451564694267,10.2902015795891
"180963",-2.77130265150872,7.90068292383119
"119190",0.390767148591992,9.02357702898059
"272522",-1.77417268613606,6.24778280105127
"338062",-2.34909446797255,5.0620066260135
"17176",-0.768059567922191,10.8651233614256
"128808",-2.50180806627287,8.84391397215669
"122063",-0.588396511098287,8.96967811193342
"126425",-1.58552647647096,8.88882973636267
"226690",-2.74435319298514,7.07423286244123
"252270",-0.651278580986653,6.61609206754028
"306758",-2.28621239808418,5.6279452550088
"190436",-2.50180806627287,7.73000301984848
"240450",0.31890192586243,6.83168773572896
"118995",-1.36094765544108,9.02357702898059
"45470",-1.08246991736402,10.3530836494775
"138903",-1.10941937588761,8.66425091533278
"240457",0.381783995750796,6.83168773572896
"116597",-0.579413358257092,9.06849279318657
"101253",-0.0134747292617932,9.34697053126362
"108521",-1.6933243105653,9.21222323864569
"116472",-1.70230746340649,9.06849279318657
"254008",-2.89706679128546,6.58015945617549
"211367",-1.98976835432474,7.35271060051828
"17122",-1.25314982134673,10.8651233614256
"138569",0.354834537227211,8.67323406817398
"98269",-0.0314410349441836,9.40086944831079
"28610",-0.741110109398605,10.6585108460781
"112394",-2.61858905320841,9.14035801591613
"260971",-2.85215102707948,6.45439531639876
"254118",-1.90891997875398,6.58015945617549
"226260",-2.14248195262506,7.08321601528243
"162294",-0.821958484969362,8.24204273179661
"181519",-2.24129663387821,7.89169977099
"61717",-2.46587545490809,10.056639605718
"144924",-0.597379663939482,8.55645308123844
"184718",-0.291952467338845,7.83780085394283
"154410",-0.211104091768088,8.38577317725573
"85313",-0.336868231544821,9.63443142218187
"163115",-2.37604392649613,8.22407642611422
"305512",-0.0853399519913549,5.65489471353239
"111999",-1.70230746340649,9.14934116875733
"239738",-1.61247593499454,6.84067088857016
"159349",-0.48958182984514,8.29594164884378
"187501",-2.07959988273669,7.78390193689565
"285437",-1.83705475602442,6.0142208271802
"130341",-2.12451564694267,8.8169645136331
"286593",-0.381783995750797,5.99625452149781
"37490",-1.33399819691749,10.4968140949366
"203850",-2.54672383047884,7.48745789313621
"13664",-1.06450361168163,10.928005431314
"167151",-1.83705475602442,8.15221120338466
"51749",-2.71740373446155,10.2363026625419
"318738",-1.81908845034203,5.41234958682012
"124952",-1.42382972532944,8.91577919488625
"62725",-2.34011131513135,10.0386733000357
"147892",-0.723143803716215,8.50255416419127
"110055",-1.3070487383939,9.18527378012211
"300513",-0.345851384386016,5.74472624194434
"131873",-1.75620638045366,8.79001505510952
"188924",-2.69045427593797,7.75695247837207
"277102",-0.812975332128167,6.16693442548052
"177541",-2.2592629395606,7.96356499371956
"46841",-2.16044825830745,10.3261341909539
"222250",-2.4479091492257,7.15508123801199
"304498",-0.265003008815259,5.67286101921478
"311434",-0.462632371321554,5.54709687943805
"136578",0.327885078703625,8.70916667953876
"154165",-2.41197653786092,8.38577317725573
"262255",-0.247036703132868,6.43642901071637
"182018",-2.22333032819582,7.8827166181488
"274431",-2.48384176059048,6.21185018968649
"203912",-1.98976835432474,7.48745789313621
"8560",-2.26824609240179,11.0178369597259
"310909",-0.71416065087502,5.55608003227924
"133373",-1.67535800488291,8.76306559658593
